ISO-10303-21;
HEADER;
/* Generated by software containing ST-Developer
 * from STEP Tools, Inc. (www.steptools.com) 
 */

FILE_DESCRIPTION(
/* description */ ('HOOPS Exchange Step'),
/* implementation_level */ '2;1');

FILE_NAME(
/* name */ 'openGrid snap cover.step',
/* time_stamp */ '2026-08-25T22:48:50+08:00',
/* author */ (''),
/* organization */ (''),
/* preprocessor_version */ 'ST-DEVELOPER v20.1',
/* originating_system */ 'Autodesk Translation Framework v15.8.0.0',
/* authorisation */ '');

FILE_SCHEMA (('AUTOMOTIVE_DESIGN { 1 0 10303 214 3 1 1 }'));
ENDSEC;

DATA;
#10=MECHANICAL_DESIGN_GEOMETRIC_PRESENTATION_REPRESENTATION('',(#58,#59,
#60,#61,#62,#63,#64,#65,#66),#2776);
#11=ITEM_DEFINED_TRANSFORMATION($,$,#1666,#1751);
#12=ITEM_DEFINED_TRANSFORMATION($,$,#1691,#1752);
#13=(
REPRESENTATION_RELATIONSHIP($,$,#2790,#2789)
REPRESENTATION_RELATIONSHIP_WITH_TRANSFORMATION(#11)
SHAPE_REPRESENTATION_RELATIONSHIP()
);
#14=(
REPRESENTATION_RELATIONSHIP($,$,#2791,#2789)
REPRESENTATION_RELATIONSHIP_WITH_TRANSFORMATION(#12)
SHAPE_REPRESENTATION_RELATIONSHIP()
);
#15=CONTEXT_DEPENDENT_SHAPE_REPRESENTATION(#13,#2787);
#16=CONTEXT_DEPENDENT_SHAPE_REPRESENTATION(#14,#2788);
#17=NEXT_ASSEMBLY_USAGE_OCCURRENCE('Side Holders:1','Side Holders:1',
'Side Holders:1',#2793,#2794,'Side Holders:1');
#18=NEXT_ASSEMBLY_USAGE_OCCURRENCE('Snap:1','Snap:1','Snap:1',#2793,#2795,
'Snap:1');
#19=FACE_BOUND('',#235,.T.);
#20=FACE_BOUND('',#237,.T.);
#21=FACE_BOUND('',#239,.T.);
#22=FACE_BOUND('',#242,.T.);
#23=FACE_BOUND('',#245,.T.);
#24=FACE_BOUND('',#248,.T.);
#25=FACE_BOUND('',#252,.T.);
#26=FACE_BOUND('',#254,.T.);
#27=FACE_BOUND('',#256,.T.);
#28=(
BOUNDED_SURFACE()
B_SPLINE_SURFACE(2,1,((#2308,#2309),(#2310,#2311),(#2312,#2313)),
 .UNSPECIFIED.,.F.,.F.,.F.)
B_SPLINE_SURFACE_WITH_KNOTS((3,3),(2,2),(0.,1.),(0.,0.17872795368),
 .UNSPECIFIED.)
GEOMETRIC_REPRESENTATION_ITEM()
RATIONAL_B_SPLINE_SURFACE(((1.,1.),(3.980533307,3.980533307),(1.,1.)))
REPRESENTATION_ITEM('')
SURFACE()
);
#29=(
BOUNDED_SURFACE()
B_SPLINE_SURFACE(2,1,((#2314,#2315),(#2316,#2317),(#2318,#2319)),
 .UNSPECIFIED.,.F.,.F.,.F.)
B_SPLINE_SURFACE_WITH_KNOTS((3,3),(2,2),(0.,1.),(0.,0.17872795368),
 .UNSPECIFIED.)
GEOMETRIC_REPRESENTATION_ITEM()
RATIONAL_B_SPLINE_SURFACE(((1.,1.),(3.980533307,3.980533307),(1.,1.)))
REPRESENTATION_ITEM('')
SURFACE()
);
#30=(
BOUNDED_SURFACE()
B_SPLINE_SURFACE(2,1,((#2392,#2393),(#2394,#2395),(#2396,#2397)),
 .UNSPECIFIED.,.F.,.F.,.F.)
B_SPLINE_SURFACE_WITH_KNOTS((3,3),(2,2),(0.,1.),(0.,0.17872795368),
 .UNSPECIFIED.)
GEOMETRIC_REPRESENTATION_ITEM()
RATIONAL_B_SPLINE_SURFACE(((1.,1.),(3.980533307,3.980533307),(1.,1.)))
REPRESENTATION_ITEM('')
SURFACE()
);
#31=(
BOUNDED_SURFACE()
B_SPLINE_SURFACE(2,1,((#2398,#2399),(#2400,#2401),(#2402,#2403)),
 .UNSPECIFIED.,.F.,.F.,.F.)
B_SPLINE_SURFACE_WITH_KNOTS((3,3),(2,2),(0.,1.),(0.,0.17872795368),
 .UNSPECIFIED.)
GEOMETRIC_REPRESENTATION_ITEM()
RATIONAL_B_SPLINE_SURFACE(((1.,1.),(3.980533307,3.980533307),(1.,1.)))
REPRESENTATION_ITEM('')
SURFACE()
);
#32=(
BOUNDED_SURFACE()
B_SPLINE_SURFACE(2,1,((#2476,#2477),(#2478,#2479),(#2480,#2481)),
 .UNSPECIFIED.,.F.,.F.,.F.)
B_SPLINE_SURFACE_WITH_KNOTS((3,3),(2,2),(0.,1.),(0.,0.17872795368),
 .UNSPECIFIED.)
GEOMETRIC_REPRESENTATION_ITEM()
RATIONAL_B_SPLINE_SURFACE(((1.,1.),(3.980533307,3.980533307),(1.,1.)))
REPRESENTATION_ITEM('')
SURFACE()
);
#33=(
BOUNDED_SURFACE()
B_SPLINE_SURFACE(2,1,((#2482,#2483),(#2484,#2485),(#2486,#2487)),
 .UNSPECIFIED.,.F.,.F.,.F.)
B_SPLINE_SURFACE_WITH_KNOTS((3,3),(2,2),(0.,1.),(0.,0.17872795368),
 .UNSPECIFIED.)
GEOMETRIC_REPRESENTATION_ITEM()
RATIONAL_B_SPLINE_SURFACE(((1.,1.),(3.980533307,3.980533307),(1.,1.)))
REPRESENTATION_ITEM('')
SURFACE()
);
#34=(
BOUNDED_SURFACE()
B_SPLINE_SURFACE(2,1,((#2560,#2561),(#2562,#2563),(#2564,#2565)),
 .UNSPECIFIED.,.F.,.F.,.F.)
B_SPLINE_SURFACE_WITH_KNOTS((3,3),(2,2),(0.,1.),(0.,0.17872795368),
 .UNSPECIFIED.)
GEOMETRIC_REPRESENTATION_ITEM()
RATIONAL_B_SPLINE_SURFACE(((1.,1.),(3.980533307,3.980533307),(1.,1.)))
REPRESENTATION_ITEM('')
SURFACE()
);
#35=(
BOUNDED_SURFACE()
B_SPLINE_SURFACE(2,1,((#2566,#2567),(#2568,#2569),(#2570,#2571)),
 .UNSPECIFIED.,.F.,.F.,.F.)
B_SPLINE_SURFACE_WITH_KNOTS((3,3),(2,2),(0.,1.),(0.,0.17872795368),
 .UNSPECIFIED.)
GEOMETRIC_REPRESENTATION_ITEM()
RATIONAL_B_SPLINE_SURFACE(((1.,1.),(3.980533307,3.980533307),(1.,1.)))
REPRESENTATION_ITEM('')
SURFACE()
);
#36=B_SPLINE_CURVE_WITH_KNOTS('',3,(#2256,#2257,#2258,#2259,#2260,#2261,
#2262,#2263,#2264,#2265),.UNSPECIFIED.,.F.,.F.,(4,2,2,2,4),(0.,0.292657553585833,
0.474367155149948,0.550046565064702,0.647688351748397),.UNSPECIFIED.);
#37=B_SPLINE_CURVE_WITH_KNOTS('',3,(#2269,#2270,#2271,#2272,#2273,#2274,
#2275,#2276,#2277,#2278),.UNSPECIFIED.,.F.,.F.,(4,2,2,2,4),(0.,0.0468454264694536,
0.0831586575830935,0.170238733129918,0.311213576918702),.UNSPECIFIED.);
#38=B_SPLINE_CURVE_WITH_KNOTS('',3,(#2282,#2283,#2284,#2285,#2286,#2287,
#2288,#2289,#2290,#2291),.UNSPECIFIED.,.F.,.F.,(4,2,2,2,4),(0.,0.0468454264686067,
0.083158657581923,0.170238733128078,0.311213576915691),.UNSPECIFIED.);
#39=B_SPLINE_CURVE_WITH_KNOTS('',3,(#2293,#2294,#2295,#2296,#2297,#2298,
#2299,#2300,#2301,#2302),.UNSPECIFIED.,.F.,.F.,(4,2,2,2,4),(0.,0.292657553585793,
0.474367155149793,0.550046565064544,0.647688351748387),.UNSPECIFIED.);
#40=B_SPLINE_CURVE_WITH_KNOTS('',3,(#2340,#2341,#2342,#2343,#2344,#2345,
#2346,#2347,#2348,#2349),.UNSPECIFIED.,.F.,.F.,(4,2,2,2,4),(0.,0.292657553585833,
0.474367155149948,0.550046565064702,0.647688351748397),.UNSPECIFIED.);
#41=B_SPLINE_CURVE_WITH_KNOTS('',3,(#2353,#2354,#2355,#2356,#2357,#2358,
#2359,#2360,#2361,#2362),.UNSPECIFIED.,.F.,.F.,(4,2,2,2,4),(0.,0.0468454264694536,
0.0831586575830935,0.170238733129918,0.311213576918702),.UNSPECIFIED.);
#42=B_SPLINE_CURVE_WITH_KNOTS('',3,(#2366,#2367,#2368,#2369,#2370,#2371,
#2372,#2373,#2374,#2375),.UNSPECIFIED.,.F.,.F.,(4,2,2,2,4),(0.,0.0468454264686067,
0.083158657581923,0.170238733128078,0.311213576915691),.UNSPECIFIED.);
#43=B_SPLINE_CURVE_WITH_KNOTS('',3,(#2377,#2378,#2379,#2380,#2381,#2382,
#2383,#2384,#2385,#2386),.UNSPECIFIED.,.F.,.F.,(4,2,2,2,4),(0.,0.292657553585793,
0.474367155149793,0.550046565064544,0.647688351748387),.UNSPECIFIED.);
#44=B_SPLINE_CURVE_WITH_KNOTS('',3,(#2424,#2425,#2426,#2427,#2428,#2429,
#2430,#2431,#2432,#2433),.UNSPECIFIED.,.F.,.F.,(4,2,2,2,4),(0.,0.292657553585833,
0.474367155149948,0.550046565064702,0.647688351748397),.UNSPECIFIED.);
#45=B_SPLINE_CURVE_WITH_KNOTS('',3,(#2437,#2438,#2439,#2440,#2441,#2442,
#2443,#2444,#2445,#2446),.UNSPECIFIED.,.F.,.F.,(4,2,2,2,4),(0.,0.0468454264694536,
0.0831586575830935,0.170238733129918,0.311213576918702),.UNSPECIFIED.);
#46=B_SPLINE_CURVE_WITH_KNOTS('',3,(#2450,#2451,#2452,#2453,#2454,#2455,
#2456,#2457,#2458,#2459),.UNSPECIFIED.,.F.,.F.,(4,2,2,2,4),(0.,0.0468454264686067,
0.083158657581923,0.170238733128078,0.311213576915691),.UNSPECIFIED.);
#47=B_SPLINE_CURVE_WITH_KNOTS('',3,(#2461,#2462,#2463,#2464,#2465,#2466,
#2467,#2468,#2469,#2470),.UNSPECIFIED.,.F.,.F.,(4,2,2,2,4),(0.,0.292657553585793,
0.474367155149793,0.550046565064544,0.647688351748387),.UNSPECIFIED.);
#48=B_SPLINE_CURVE_WITH_KNOTS('',3,(#2508,#2509,#2510,#2511,#2512,#2513,
#2514,#2515,#2516,#2517),.UNSPECIFIED.,.F.,.F.,(4,2,2,2,4),(0.,0.292657553585833,
0.474367155149948,0.550046565064702,0.647688351748397),.UNSPECIFIED.);
#49=B_SPLINE_CURVE_WITH_KNOTS('',3,(#2521,#2522,#2523,#2524,#2525,#2526,
#2527,#2528,#2529,#2530),.UNSPECIFIED.,.F.,.F.,(4,2,2,2,4),(0.,0.0468454264694536,
0.0831586575830935,0.170238733129918,0.311213576918702),.UNSPECIFIED.);
#50=B_SPLINE_CURVE_WITH_KNOTS('',3,(#2534,#2535,#2536,#2537,#2538,#2539,
#2540,#2541,#2542,#2543),.UNSPECIFIED.,.F.,.F.,(4,2,2,2,4),(0.,0.0468454264686067,
0.083158657581923,0.170238733128078,0.311213576915691),.UNSPECIFIED.);
#51=B_SPLINE_CURVE_WITH_KNOTS('',3,(#2545,#2546,#2547,#2548,#2549,#2550,
#2551,#2552,#2553,#2554),.UNSPECIFIED.,.F.,.F.,(4,2,2,2,4),(0.,0.292657553585793,
0.474367155149793,0.550046565064544,0.647688351748387),.UNSPECIFIED.);
#52=SHAPE_REPRESENTATION_RELATIONSHIP('SRR','None',#2790,#55);
#53=SHAPE_REPRESENTATION_RELATIONSHIP('SRR','None',#2791,#56);
#54=SHAPE_REPRESENTATION_RELATIONSHIP('SRR','None',#2789,#57);
#55=ADVANCED_BREP_SHAPE_REPRESENTATION('',(#67,#68,#69,#70),#2774);
#56=ADVANCED_BREP_SHAPE_REPRESENTATION('',(#71,#72,#73,#74),#2775);
#57=ADVANCED_BREP_SHAPE_REPRESENTATION('',(#75),#2773);
#58=STYLED_ITEM('',(#2809),#67);
#59=STYLED_ITEM('',(#2809),#68);
#60=STYLED_ITEM('',(#2809),#69);
#61=STYLED_ITEM('',(#2809),#70);
#62=STYLED_ITEM('',(#2809),#71);
#63=STYLED_ITEM('',(#2809),#72);
#64=STYLED_ITEM('',(#2809),#73);
#65=STYLED_ITEM('',(#2809),#74);
#66=STYLED_ITEM('',(#2809),#75);
#67=MANIFOLD_SOLID_BREP('Body1',#1633);
#68=MANIFOLD_SOLID_BREP('Body2',#1634);
#69=MANIFOLD_SOLID_BREP('Body3',#1635);
#70=MANIFOLD_SOLID_BREP('Body4',#1636);
#71=MANIFOLD_SOLID_BREP('Body1',#1637);
#72=MANIFOLD_SOLID_BREP('Body2',#1638);
#73=MANIFOLD_SOLID_BREP('Body3',#1639);
#74=MANIFOLD_SOLID_BREP('Body4',#1640);
#75=MANIFOLD_SOLID_BREP('Body1',#1641);
#76=FACE_OUTER_BOUND('',#167,.T.);
#77=FACE_OUTER_BOUND('',#168,.T.);
#78=FACE_OUTER_BOUND('',#169,.T.);
#79=FACE_OUTER_BOUND('',#170,.T.);
#80=FACE_OUTER_BOUND('',#171,.T.);
#81=FACE_OUTER_BOUND('',#172,.T.);
#82=FACE_OUTER_BOUND('',#173,.T.);
#83=FACE_OUTER_BOUND('',#174,.T.);
#84=FACE_OUTER_BOUND('',#175,.T.);
#85=FACE_OUTER_BOUND('',#176,.T.);
#86=FACE_OUTER_BOUND('',#177,.T.);
#87=FACE_OUTER_BOUND('',#178,.T.);
#88=FACE_OUTER_BOUND('',#179,.T.);
#89=FACE_OUTER_BOUND('',#180,.T.);
#90=FACE_OUTER_BOUND('',#181,.T.);
#91=FACE_OUTER_BOUND('',#182,.T.);
#92=FACE_OUTER_BOUND('',#183,.T.);
#93=FACE_OUTER_BOUND('',#184,.T.);
#94=FACE_OUTER_BOUND('',#185,.T.);
#95=FACE_OUTER_BOUND('',#186,.T.);
#96=FACE_OUTER_BOUND('',#187,.T.);
#97=FACE_OUTER_BOUND('',#188,.T.);
#98=FACE_OUTER_BOUND('',#189,.T.);
#99=FACE_OUTER_BOUND('',#190,.T.);
#100=FACE_OUTER_BOUND('',#191,.T.);
#101=FACE_OUTER_BOUND('',#192,.T.);
#102=FACE_OUTER_BOUND('',#193,.T.);
#103=FACE_OUTER_BOUND('',#194,.T.);
#104=FACE_OUTER_BOUND('',#195,.T.);
#105=FACE_OUTER_BOUND('',#196,.T.);
#106=FACE_OUTER_BOUND('',#197,.T.);
#107=FACE_OUTER_BOUND('',#198,.T.);
#108=FACE_OUTER_BOUND('',#199,.T.);
#109=FACE_OUTER_BOUND('',#200,.T.);
#110=FACE_OUTER_BOUND('',#201,.T.);
#111=FACE_OUTER_BOUND('',#202,.T.);
#112=FACE_OUTER_BOUND('',#203,.T.);
#113=FACE_OUTER_BOUND('',#204,.T.);
#114=FACE_OUTER_BOUND('',#205,.T.);
#115=FACE_OUTER_BOUND('',#206,.T.);
#116=FACE_OUTER_BOUND('',#207,.T.);
#117=FACE_OUTER_BOUND('',#208,.T.);
#118=FACE_OUTER_BOUND('',#209,.T.);
#119=FACE_OUTER_BOUND('',#210,.T.);
#120=FACE_OUTER_BOUND('',#211,.T.);
#121=FACE_OUTER_BOUND('',#212,.T.);
#122=FACE_OUTER_BOUND('',#213,.T.);
#123=FACE_OUTER_BOUND('',#214,.T.);
#124=FACE_OUTER_BOUND('',#215,.T.);
#125=FACE_OUTER_BOUND('',#216,.T.);
#126=FACE_OUTER_BOUND('',#217,.T.);
#127=FACE_OUTER_BOUND('',#218,.T.);
#128=FACE_OUTER_BOUND('',#219,.T.);
#129=FACE_OUTER_BOUND('',#220,.T.);
#130=FACE_OUTER_BOUND('',#221,.T.);
#131=FACE_OUTER_BOUND('',#222,.T.);
#132=FACE_OUTER_BOUND('',#223,.T.);
#133=FACE_OUTER_BOUND('',#224,.T.);
#134=FACE_OUTER_BOUND('',#225,.T.);
#135=FACE_OUTER_BOUND('',#226,.T.);
#136=FACE_OUTER_BOUND('',#227,.T.);
#137=FACE_OUTER_BOUND('',#228,.T.);
#138=FACE_OUTER_BOUND('',#229,.T.);
#139=FACE_OUTER_BOUND('',#230,.T.);
#140=FACE_OUTER_BOUND('',#231,.T.);
#141=FACE_OUTER_BOUND('',#232,.T.);
#142=FACE_OUTER_BOUND('',#233,.T.);
#143=FACE_OUTER_BOUND('',#234,.T.);
#144=FACE_OUTER_BOUND('',#236,.T.);
#145=FACE_OUTER_BOUND('',#238,.T.);
#146=FACE_OUTER_BOUND('',#240,.T.);
#147=FACE_OUTER_BOUND('',#241,.T.);
#148=FACE_OUTER_BOUND('',#243,.T.);
#149=FACE_OUTER_BOUND('',#244,.T.);
#150=FACE_OUTER_BOUND('',#246,.T.);
#151=FACE_OUTER_BOUND('',#247,.T.);
#152=FACE_OUTER_BOUND('',#249,.T.);
#153=FACE_OUTER_BOUND('',#250,.T.);
#154=FACE_OUTER_BOUND('',#251,.T.);
#155=FACE_OUTER_BOUND('',#253,.T.);
#156=FACE_OUTER_BOUND('',#255,.T.);
#157=FACE_OUTER_BOUND('',#257,.T.);
#158=FACE_OUTER_BOUND('',#258,.T.);
#159=FACE_OUTER_BOUND('',#259,.T.);
#160=FACE_OUTER_BOUND('',#260,.T.);
#161=FACE_OUTER_BOUND('',#261,.T.);
#162=FACE_OUTER_BOUND('',#262,.T.);
#163=FACE_OUTER_BOUND('',#263,.T.);
#164=FACE_OUTER_BOUND('',#264,.T.);
#165=FACE_OUTER_BOUND('',#265,.T.);
#166=FACE_OUTER_BOUND('',#266,.T.);
#167=EDGE_LOOP('',(#1027,#1028,#1029,#1030));
#168=EDGE_LOOP('',(#1031,#1032,#1033,#1034));
#169=EDGE_LOOP('',(#1035,#1036,#1037,#1038));
#170=EDGE_LOOP('',(#1039,#1040,#1041,#1042));
#171=EDGE_LOOP('',(#1043,#1044,#1045,#1046));
#172=EDGE_LOOP('',(#1047,#1048,#1049,#1050));
#173=EDGE_LOOP('',(#1051,#1052,#1053,#1054));
#174=EDGE_LOOP('',(#1055,#1056,#1057,#1058));
#175=EDGE_LOOP('',(#1059,#1060,#1061,#1062));
#176=EDGE_LOOP('',(#1063,#1064,#1065,#1066));
#177=EDGE_LOOP('',(#1067,#1068,#1069,#1070));
#178=EDGE_LOOP('',(#1071,#1072,#1073,#1074));
#179=EDGE_LOOP('',(#1075,#1076,#1077,#1078));
#180=EDGE_LOOP('',(#1079,#1080,#1081,#1082));
#181=EDGE_LOOP('',(#1083,#1084,#1085,#1086));
#182=EDGE_LOOP('',(#1087,#1088,#1089,#1090));
#183=EDGE_LOOP('',(#1091,#1092,#1093,#1094));
#184=EDGE_LOOP('',(#1095,#1096,#1097,#1098));
#185=EDGE_LOOP('',(#1099,#1100,#1101,#1102));
#186=EDGE_LOOP('',(#1103,#1104,#1105,#1106));
#187=EDGE_LOOP('',(#1107,#1108,#1109,#1110));
#188=EDGE_LOOP('',(#1111,#1112,#1113,#1114));
#189=EDGE_LOOP('',(#1115,#1116,#1117,#1118));
#190=EDGE_LOOP('',(#1119,#1120,#1121,#1122));
#191=EDGE_LOOP('',(#1123,#1124,#1125,#1126));
#192=EDGE_LOOP('',(#1127,#1128,#1129,#1130));
#193=EDGE_LOOP('',(#1131,#1132,#1133,#1134,#1135,#1136));
#194=EDGE_LOOP('',(#1137,#1138,#1139,#1140,#1141,#1142));
#195=EDGE_LOOP('',(#1143,#1144,#1145,#1146));
#196=EDGE_LOOP('',(#1147,#1148,#1149,#1150));
#197=EDGE_LOOP('',(#1151,#1152,#1153,#1154));
#198=EDGE_LOOP('',(#1155,#1156,#1157,#1158));
#199=EDGE_LOOP('',(#1159,#1160,#1161,#1162));
#200=EDGE_LOOP('',(#1163,#1164,#1165,#1166));
#201=EDGE_LOOP('',(#1167,#1168,#1169,#1170,#1171,#1172));
#202=EDGE_LOOP('',(#1173,#1174,#1175,#1176,#1177,#1178));
#203=EDGE_LOOP('',(#1179,#1180,#1181,#1182));
#204=EDGE_LOOP('',(#1183,#1184,#1185,#1186));
#205=EDGE_LOOP('',(#1187,#1188,#1189,#1190));
#206=EDGE_LOOP('',(#1191,#1192,#1193,#1194));
#207=EDGE_LOOP('',(#1195,#1196,#1197,#1198));
#208=EDGE_LOOP('',(#1199,#1200,#1201,#1202));
#209=EDGE_LOOP('',(#1203,#1204,#1205,#1206,#1207,#1208));
#210=EDGE_LOOP('',(#1209,#1210,#1211,#1212,#1213,#1214));
#211=EDGE_LOOP('',(#1215,#1216,#1217,#1218));
#212=EDGE_LOOP('',(#1219,#1220,#1221,#1222));
#213=EDGE_LOOP('',(#1223,#1224,#1225,#1226));
#214=EDGE_LOOP('',(#1227,#1228,#1229,#1230));
#215=EDGE_LOOP('',(#1231,#1232,#1233,#1234));
#216=EDGE_LOOP('',(#1235,#1236,#1237,#1238));
#217=EDGE_LOOP('',(#1239,#1240,#1241,#1242,#1243,#1244));
#218=EDGE_LOOP('',(#1245,#1246,#1247,#1248,#1249,#1250));
#219=EDGE_LOOP('',(#1251,#1252,#1253,#1254));
#220=EDGE_LOOP('',(#1255,#1256,#1257,#1258));
#221=EDGE_LOOP('',(#1259,#1260,#1261,#1262));
#222=EDGE_LOOP('',(#1263,#1264,#1265,#1266));
#223=EDGE_LOOP('',(#1267,#1268,#1269,#1270));
#224=EDGE_LOOP('',(#1271,#1272,#1273,#1274));
#225=EDGE_LOOP('',(#1275,#1276,#1277,#1278));
#226=EDGE_LOOP('',(#1279,#1280,#1281,#1282));
#227=EDGE_LOOP('',(#1283,#1284,#1285,#1286));
#228=EDGE_LOOP('',(#1287,#1288,#1289,#1290));
#229=EDGE_LOOP('',(#1291,#1292,#1293,#1294));
#230=EDGE_LOOP('',(#1295,#1296,#1297,#1298));
#231=EDGE_LOOP('',(#1299,#1300,#1301,#1302));
#232=EDGE_LOOP('',(#1303,#1304,#1305,#1306));
#233=EDGE_LOOP('',(#1307,#1308,#1309,#1310));
#234=EDGE_LOOP('',(#1311,#1312,#1313,#1314));
#235=EDGE_LOOP('',(#1315,#1316,#1317,#1318));
#236=EDGE_LOOP('',(#1319,#1320,#1321,#1322,#1323,#1324,#1325,#1326));
#237=EDGE_LOOP('',(#1327,#1328,#1329,#1330,#1331,#1332,#1333,#1334));
#238=EDGE_LOOP('',(#1335,#1336,#1337,#1338));
#239=EDGE_LOOP('',(#1339,#1340,#1341,#1342));
#240=EDGE_LOOP('',(#1343,#1344,#1345,#1346));
#241=EDGE_LOOP('',(#1347,#1348,#1349,#1350));
#242=EDGE_LOOP('',(#1351,#1352,#1353,#1354));
#243=EDGE_LOOP('',(#1355,#1356,#1357,#1358));
#244=EDGE_LOOP('',(#1359,#1360,#1361,#1362));
#245=EDGE_LOOP('',(#1363,#1364,#1365,#1366));
#246=EDGE_LOOP('',(#1367,#1368,#1369,#1370));
#247=EDGE_LOOP('',(#1371,#1372,#1373,#1374));
#248=EDGE_LOOP('',(#1375,#1376,#1377,#1378));
#249=EDGE_LOOP('',(#1379,#1380,#1381,#1382));
#250=EDGE_LOOP('',(#1383,#1384,#1385,#1386,#1387,#1388,#1389,#1390));
#251=EDGE_LOOP('',(#1391,#1392,#1393,#1394));
#252=EDGE_LOOP('',(#1395,#1396,#1397,#1398));
#253=EDGE_LOOP('',(#1399,#1400,#1401,#1402));
#254=EDGE_LOOP('',(#1403,#1404,#1405,#1406));
#255=EDGE_LOOP('',(#1407,#1408,#1409,#1410));
#256=EDGE_LOOP('',(#1411,#1412,#1413,#1414));
#257=EDGE_LOOP('',(#1415,#1416,#1417,#1418,#1419,#1420,#1421,#1422));
#258=EDGE_LOOP('',(#1423,#1424,#1425,#1426));
#259=EDGE_LOOP('',(#1427,#1428,#1429,#1430));
#260=EDGE_LOOP('',(#1431,#1432,#1433,#1434));
#261=EDGE_LOOP('',(#1435,#1436,#1437,#1438));
#262=EDGE_LOOP('',(#1439,#1440,#1441,#1442));
#263=EDGE_LOOP('',(#1443,#1444,#1445,#1446));
#264=EDGE_LOOP('',(#1447,#1448,#1449,#1450));
#265=EDGE_LOOP('',(#1451,#1452,#1453,#1454));
#266=EDGE_LOOP('',(#1455,#1456,#1457,#1458));
#267=LINE('',#2134,#467);
#268=LINE('',#2136,#468);
#269=LINE('',#2138,#469);
#270=LINE('',#2139,#470);
#271=LINE('',#2142,#471);
#272=LINE('',#2144,#472);
#273=LINE('',#2145,#473);
#274=LINE('',#2148,#474);
#275=LINE('',#2150,#475);
#276=LINE('',#2151,#476);
#277=LINE('',#2153,#477);
#278=LINE('',#2155,#478);
#279=LINE('',#2160,#479);
#280=LINE('',#2162,#480);
#281=LINE('',#2164,#481);
#282=LINE('',#2165,#482);
#283=LINE('',#2168,#483);
#284=LINE('',#2170,#484);
#285=LINE('',#2171,#485);
#286=LINE('',#2174,#486);
#287=LINE('',#2176,#487);
#288=LINE('',#2177,#488);
#289=LINE('',#2179,#489);
#290=LINE('',#2181,#490);
#291=LINE('',#2186,#491);
#292=LINE('',#2188,#492);
#293=LINE('',#2190,#493);
#294=LINE('',#2191,#494);
#295=LINE('',#2194,#495);
#296=LINE('',#2196,#496);
#297=LINE('',#2197,#497);
#298=LINE('',#2200,#498);
#299=LINE('',#2202,#499);
#300=LINE('',#2203,#500);
#301=LINE('',#2205,#501);
#302=LINE('',#2207,#502);
#303=LINE('',#2212,#503);
#304=LINE('',#2214,#504);
#305=LINE('',#2216,#505);
#306=LINE('',#2217,#506);
#307=LINE('',#2220,#507);
#308=LINE('',#2222,#508);
#309=LINE('',#2223,#509);
#310=LINE('',#2226,#510);
#311=LINE('',#2228,#511);
#312=LINE('',#2229,#512);
#313=LINE('',#2231,#513);
#314=LINE('',#2233,#514);
#315=LINE('',#2239,#515);
#316=LINE('',#2241,#516);
#317=LINE('',#2243,#517);
#318=LINE('',#2244,#518);
#319=LINE('',#2248,#519);
#320=LINE('',#2250,#520);
#321=LINE('',#2252,#521);
#322=LINE('',#2253,#522);
#323=LINE('',#2266,#523);
#324=LINE('',#2268,#524);
#325=LINE('',#2281,#525);
#326=LINE('',#2303,#526);
#327=LINE('',#2305,#527);
#328=LINE('',#2307,#528);
#329=LINE('',#2323,#529);
#330=LINE('',#2325,#530);
#331=LINE('',#2327,#531);
#332=LINE('',#2328,#532);
#333=LINE('',#2332,#533);
#334=LINE('',#2334,#534);
#335=LINE('',#2336,#535);
#336=LINE('',#2337,#536);
#337=LINE('',#2350,#537);
#338=LINE('',#2352,#538);
#339=LINE('',#2365,#539);
#340=LINE('',#2387,#540);
#341=LINE('',#2389,#541);
#342=LINE('',#2391,#542);
#343=LINE('',#2407,#543);
#344=LINE('',#2409,#544);
#345=LINE('',#2411,#545);
#346=LINE('',#2412,#546);
#347=LINE('',#2416,#547);
#348=LINE('',#2418,#548);
#349=LINE('',#2420,#549);
#350=LINE('',#2421,#550);
#351=LINE('',#2434,#551);
#352=LINE('',#2436,#552);
#353=LINE('',#2449,#553);
#354=LINE('',#2471,#554);
#355=LINE('',#2473,#555);
#356=LINE('',#2475,#556);
#357=LINE('',#2491,#557);
#358=LINE('',#2493,#558);
#359=LINE('',#2495,#559);
#360=LINE('',#2496,#560);
#361=LINE('',#2500,#561);
#362=LINE('',#2502,#562);
#363=LINE('',#2504,#563);
#364=LINE('',#2505,#564);
#365=LINE('',#2518,#565);
#366=LINE('',#2520,#566);
#367=LINE('',#2533,#567);
#368=LINE('',#2555,#568);
#369=LINE('',#2557,#569);
#370=LINE('',#2559,#570);
#371=LINE('',#2575,#571);
#372=LINE('',#2577,#572);
#373=LINE('',#2579,#573);
#374=LINE('',#2580,#574);
#375=LINE('',#2584,#575);
#376=LINE('',#2586,#576);
#377=LINE('',#2588,#577);
#378=LINE('',#2589,#578);
#379=LINE('',#2593,#579);
#380=LINE('',#2595,#580);
#381=LINE('',#2597,#581);
#382=LINE('',#2598,#582);
#383=LINE('',#2602,#583);
#384=LINE('',#2604,#584);
#385=LINE('',#2606,#585);
#386=LINE('',#2607,#586);
#387=LINE('',#2611,#587);
#388=LINE('',#2613,#588);
#389=LINE('',#2615,#589);
#390=LINE('',#2616,#590);
#391=LINE('',#2620,#591);
#392=LINE('',#2622,#592);
#393=LINE('',#2624,#593);
#394=LINE('',#2625,#594);
#395=LINE('',#2629,#595);
#396=LINE('',#2631,#596);
#397=LINE('',#2633,#597);
#398=LINE('',#2634,#598);
#399=LINE('',#2637,#599);
#400=LINE('',#2639,#600);
#401=LINE('',#2640,#601);
#402=LINE('',#2643,#602);
#403=LINE('',#2645,#603);
#404=LINE('',#2646,#604);
#405=LINE('',#2650,#605);
#406=LINE('',#2652,#606);
#407=LINE('',#2654,#607);
#408=LINE('',#2655,#608);
#409=LINE('',#2658,#609);
#410=LINE('',#2660,#610);
#411=LINE('',#2661,#611);
#412=LINE('',#2663,#612);
#413=LINE('',#2664,#613);
#414=LINE('',#2666,#614);
#415=LINE('',#2667,#615);
#416=LINE('',#2671,#616);
#417=LINE('',#2673,#617);
#418=LINE('',#2675,#618);
#419=LINE('',#2677,#619);
#420=LINE('',#2679,#620);
#421=LINE('',#2681,#621);
#422=LINE('',#2683,#622);
#423=LINE('',#2684,#623);
#424=LINE('',#2685,#624);
#425=LINE('',#2686,#625);
#426=LINE('',#2687,#626);
#427=LINE('',#2690,#627);
#428=LINE('',#2692,#628);
#429=LINE('',#2693,#629);
#430=LINE('',#2695,#630);
#431=LINE('',#2697,#631);
#432=LINE('',#2698,#632);
#433=LINE('',#2701,#633);
#434=LINE('',#2702,#634);
#435=LINE('',#2705,#635);
#436=LINE('',#2706,#636);
#437=LINE('',#2708,#637);
#438=LINE('',#2709,#638);
#439=LINE('',#2712,#639);
#440=LINE('',#2713,#640);
#441=LINE('',#2716,#641);
#442=LINE('',#2717,#642);
#443=LINE('',#2719,#643);
#444=LINE('',#2720,#644);
#445=LINE('',#2723,#645);
#446=LINE('',#2724,#646);
#447=LINE('',#2727,#647);
#448=LINE('',#2728,#648);
#449=LINE('',#2730,#649);
#450=LINE('',#2731,#650);
#451=LINE('',#2733,#651);
#452=LINE('',#2736,#652);
#453=LINE('',#2738,#653);
#454=LINE('',#2739,#654);
#455=LINE('',#2741,#655);
#456=LINE('',#2743,#656);
#457=LINE('',#2744,#657);
#458=LINE('',#2746,#658);
#459=LINE('',#2748,#659);
#460=LINE('',#2750,#660);
#461=LINE('',#2751,#661);
#462=LINE('',#2754,#662);
#463=LINE('',#2757,#663);
#464=LINE('',#2759,#664);
#465=LINE('',#2762,#665);
#466=LINE('',#2765,#666);
#467=VECTOR('',#1759,0.4);
#468=VECTOR('',#1760,4.61421356078269);
#469=VECTOR('',#1761,0.4);
#470=VECTOR('',#1762,4.61421356078269);
#471=VECTOR('',#1765,1.555634919);
#472=VECTOR('',#1766,6.81421356020229);
#473=VECTOR('',#1767,1.555634919);
#474=VECTOR('',#1770,1.5);
#475=VECTOR('',#1771,6.81421356020229);
#476=VECTOR('',#1772,1.5);
#477=VECTOR('',#1775,1.90525588790384);
#478=VECTOR('',#1778,1.90525588790384);
#479=VECTOR('',#1783,0.4);
#480=VECTOR('',#1784,4.61421356078269);
#481=VECTOR('',#1785,0.4);
#482=VECTOR('',#1786,4.61421356078269);
#483=VECTOR('',#1789,1.555634919);
#484=VECTOR('',#1790,6.81421356020229);
#485=VECTOR('',#1791,1.555634919);
#486=VECTOR('',#1794,1.5);
#487=VECTOR('',#1795,6.81421356020229);
#488=VECTOR('',#1796,1.5);
#489=VECTOR('',#1799,1.90525588790384);
#490=VECTOR('',#1802,1.90525588790384);
#491=VECTOR('',#1807,0.4);
#492=VECTOR('',#1808,4.61421356078269);
#493=VECTOR('',#1809,0.4);
#494=VECTOR('',#1810,4.61421356078269);
#495=VECTOR('',#1813,1.555634919);
#496=VECTOR('',#1814,6.81421356020229);
#497=VECTOR('',#1815,1.555634919);
#498=VECTOR('',#1818,1.5);
#499=VECTOR('',#1819,6.81421356020229);
#500=VECTOR('',#1820,1.5);
#501=VECTOR('',#1823,1.90525588790384);
#502=VECTOR('',#1826,1.90525588790384);
#503=VECTOR('',#1831,0.4);
#504=VECTOR('',#1832,4.61421356078269);
#505=VECTOR('',#1833,0.4);
#506=VECTOR('',#1834,4.61421356078269);
#507=VECTOR('',#1837,1.555634919);
#508=VECTOR('',#1838,6.81421356020229);
#509=VECTOR('',#1839,1.555634919);
#510=VECTOR('',#1842,1.5);
#511=VECTOR('',#1843,6.81421356020229);
#512=VECTOR('',#1844,1.5);
#513=VECTOR('',#1847,1.90525588790384);
#514=VECTOR('',#1850,1.90525588790384);
#515=VECTOR('',#1857,3.829414592);
#516=VECTOR('',#1858,0.657142857);
#517=VECTOR('',#1859,3.829414592);
#518=VECTOR('',#1860,0.657142857);
#519=VECTOR('',#1863,1.8);
#520=VECTOR('',#1864,10.8);
#521=VECTOR('',#1865,1.8);
#522=VECTOR('',#1866,10.8);
#523=VECTOR('',#1869,0.575659085144409);
#524=VECTOR('',#1870,0.575659085144409);
#525=VECTOR('',#1873,0.575659085144409);
#526=VECTOR('',#1874,0.575659085144409);
#527=VECTOR('',#1877,1.489399613);
#528=VECTOR('',#1880,1.489399613);
#529=VECTOR('',#1883,3.829414592);
#530=VECTOR('',#1884,0.657142857);
#531=VECTOR('',#1885,3.829414592);
#532=VECTOR('',#1886,0.657142857);
#533=VECTOR('',#1889,1.8);
#534=VECTOR('',#1890,10.8);
#535=VECTOR('',#1891,1.8);
#536=VECTOR('',#1892,10.8);
#537=VECTOR('',#1895,0.575659085144409);
#538=VECTOR('',#1896,0.575659085144409);
#539=VECTOR('',#1899,0.575659085144409);
#540=VECTOR('',#1900,0.575659085144409);
#541=VECTOR('',#1903,1.489399613);
#542=VECTOR('',#1906,1.489399613);
#543=VECTOR('',#1909,3.829414592);
#544=VECTOR('',#1910,0.657142857);
#545=VECTOR('',#1911,3.829414592);
#546=VECTOR('',#1912,0.657142857);
#547=VECTOR('',#1915,1.8);
#548=VECTOR('',#1916,10.8);
#549=VECTOR('',#1917,1.8);
#550=VECTOR('',#1918,10.8);
#551=VECTOR('',#1921,0.575659085144409);
#552=VECTOR('',#1922,0.575659085144409);
#553=VECTOR('',#1925,0.575659085144409);
#554=VECTOR('',#1926,0.575659085144409);
#555=VECTOR('',#1929,1.489399613);
#556=VECTOR('',#1932,1.489399613);
#557=VECTOR('',#1935,3.829414592);
#558=VECTOR('',#1936,0.657142857);
#559=VECTOR('',#1937,3.829414592);
#560=VECTOR('',#1938,0.657142857);
#561=VECTOR('',#1941,1.8);
#562=VECTOR('',#1942,10.8);
#563=VECTOR('',#1943,1.8);
#564=VECTOR('',#1944,10.8);
#565=VECTOR('',#1947,0.575659085144409);
#566=VECTOR('',#1948,0.575659085144409);
#567=VECTOR('',#1951,0.575659085144409);
#568=VECTOR('',#1952,0.575659085144409);
#569=VECTOR('',#1955,1.489399613);
#570=VECTOR('',#1958,1.489399613);
#571=VECTOR('',#1961,10.);
#572=VECTOR('',#1962,10.);
#573=VECTOR('',#1963,10.);
#574=VECTOR('',#1964,10.);
#575=VECTOR('',#1967,10.);
#576=VECTOR('',#1968,10.);
#577=VECTOR('',#1969,10.);
#578=VECTOR('',#1970,10.);
#579=VECTOR('',#1973,10.);
#580=VECTOR('',#1974,10.);
#581=VECTOR('',#1975,10.);
#582=VECTOR('',#1976,10.);
#583=VECTOR('',#1979,10.);
#584=VECTOR('',#1980,10.);
#585=VECTOR('',#1981,10.);
#586=VECTOR('',#1982,10.);
#587=VECTOR('',#1985,10.);
#588=VECTOR('',#1986,0.717157288);
#589=VECTOR('',#1987,0.4);
#590=VECTOR('',#1988,0.717157288);
#591=VECTOR('',#1991,10.);
#592=VECTOR('',#1992,0.717157288);
#593=VECTOR('',#1993,0.4);
#594=VECTOR('',#1994,0.717157288);
#595=VECTOR('',#1997,11.8);
#596=VECTOR('',#1998,0.717157288);
#597=VECTOR('',#1999,12.);
#598=VECTOR('',#2000,0.717157288);
#599=VECTOR('',#2003,10.);
#600=VECTOR('',#2004,0.717157288);
#601=VECTOR('',#2005,0.4);
#602=VECTOR('',#2008,11.8);
#603=VECTOR('',#2009,0.717157288);
#604=VECTOR('',#2010,12.);
#605=VECTOR('',#2013,11.8);
#606=VECTOR('',#2014,0.717157288);
#607=VECTOR('',#2015,12.);
#608=VECTOR('',#2016,0.717157288);
#609=VECTOR('',#2019,10.);
#610=VECTOR('',#2020,0.717157288);
#611=VECTOR('',#2021,0.4);
#612=VECTOR('',#2024,10.);
#613=VECTOR('',#2025,10.);
#614=VECTOR('',#2026,10.);
#615=VECTOR('',#2027,11.8);
#616=VECTOR('',#2030,15.163246763);
#617=VECTOR('',#2031,6.81421356020229);
#618=VECTOR('',#2032,15.163246763);
#619=VECTOR('',#2033,6.81421356020229);
#620=VECTOR('',#2034,15.163246763);
#621=VECTOR('',#2035,6.81421356020229);
#622=VECTOR('',#2036,15.163246763);
#623=VECTOR('',#2037,6.81421356020229);
#624=VECTOR('',#2038,10.);
#625=VECTOR('',#2039,11.8);
#626=VECTOR('',#2040,11.8);
#627=VECTOR('',#2043,3.4);
#628=VECTOR('',#2044,15.163246763);
#629=VECTOR('',#2045,3.4);
#630=VECTOR('',#2046,12.);
#631=VECTOR('',#2047,12.);
#632=VECTOR('',#2048,0.4);
#633=VECTOR('',#2051,3.4);
#634=VECTOR('',#2052,6.81421356020229);
#635=VECTOR('',#2055,3.4);
#636=VECTOR('',#2056,15.163246763);
#637=VECTOR('',#2057,12.);
#638=VECTOR('',#2058,0.4);
#639=VECTOR('',#2061,3.4);
#640=VECTOR('',#2062,6.81421356020229);
#641=VECTOR('',#2065,3.4);
#642=VECTOR('',#2066,15.163246763);
#643=VECTOR('',#2067,12.);
#644=VECTOR('',#2068,0.4);
#645=VECTOR('',#2071,3.4);
#646=VECTOR('',#2072,6.81421356020229);
#647=VECTOR('',#2075,3.4);
#648=VECTOR('',#2076,15.163246763);
#649=VECTOR('',#2077,12.);
#650=VECTOR('',#2078,0.4);
#651=VECTOR('',#2081,6.81421356020229);
#652=VECTOR('',#2086,11.8);
#653=VECTOR('',#2087,11.8);
#654=VECTOR('',#2088,10.);
#655=VECTOR('',#2091,11.8);
#656=VECTOR('',#2092,10.);
#657=VECTOR('',#2093,11.8);
#658=VECTOR('',#2096,10.);
#659=VECTOR('',#2097,11.8);
#660=VECTOR('',#2098,10.);
#661=VECTOR('',#2099,11.8);
#662=VECTOR('',#2104,0.717157288);
#663=VECTOR('',#2109,0.717157288);
#664=VECTOR('',#2112,0.717157288);
#665=VECTOR('',#2117,0.717157288);
#666=VECTOR('',#2122,0.717157288);
#667=VERTEX_POINT('',#2132);
#668=VERTEX_POINT('',#2133);
#669=VERTEX_POINT('',#2135);
#670=VERTEX_POINT('',#2137);
#671=VERTEX_POINT('',#2141);
#672=VERTEX_POINT('',#2143);
#673=VERTEX_POINT('',#2147);
#674=VERTEX_POINT('',#2149);
#675=VERTEX_POINT('',#2158);
#676=VERTEX_POINT('',#2159);
#677=VERTEX_POINT('',#2161);
#678=VERTEX_POINT('',#2163);
#679=VERTEX_POINT('',#2167);
#680=VERTEX_POINT('',#2169);
#681=VERTEX_POINT('',#2173);
#682=VERTEX_POINT('',#2175);
#683=VERTEX_POINT('',#2184);
#684=VERTEX_POINT('',#2185);
#685=VERTEX_POINT('',#2187);
#686=VERTEX_POINT('',#2189);
#687=VERTEX_POINT('',#2193);
#688=VERTEX_POINT('',#2195);
#689=VERTEX_POINT('',#2199);
#690=VERTEX_POINT('',#2201);
#691=VERTEX_POINT('',#2210);
#692=VERTEX_POINT('',#2211);
#693=VERTEX_POINT('',#2213);
#694=VERTEX_POINT('',#2215);
#695=VERTEX_POINT('',#2219);
#696=VERTEX_POINT('',#2221);
#697=VERTEX_POINT('',#2225);
#698=VERTEX_POINT('',#2227);
#699=VERTEX_POINT('',#2237);
#700=VERTEX_POINT('',#2238);
#701=VERTEX_POINT('',#2240);
#702=VERTEX_POINT('',#2242);
#703=VERTEX_POINT('',#2246);
#704=VERTEX_POINT('',#2247);
#705=VERTEX_POINT('',#2249);
#706=VERTEX_POINT('',#2251);
#707=VERTEX_POINT('',#2255);
#708=VERTEX_POINT('',#2267);
#709=VERTEX_POINT('',#2280);
#710=VERTEX_POINT('',#2292);
#711=VERTEX_POINT('',#2321);
#712=VERTEX_POINT('',#2322);
#713=VERTEX_POINT('',#2324);
#714=VERTEX_POINT('',#2326);
#715=VERTEX_POINT('',#2330);
#716=VERTEX_POINT('',#2331);
#717=VERTEX_POINT('',#2333);
#718=VERTEX_POINT('',#2335);
#719=VERTEX_POINT('',#2339);
#720=VERTEX_POINT('',#2351);
#721=VERTEX_POINT('',#2364);
#722=VERTEX_POINT('',#2376);
#723=VERTEX_POINT('',#2405);
#724=VERTEX_POINT('',#2406);
#725=VERTEX_POINT('',#2408);
#726=VERTEX_POINT('',#2410);
#727=VERTEX_POINT('',#2414);
#728=VERTEX_POINT('',#2415);
#729=VERTEX_POINT('',#2417);
#730=VERTEX_POINT('',#2419);
#731=VERTEX_POINT('',#2423);
#732=VERTEX_POINT('',#2435);
#733=VERTEX_POINT('',#2448);
#734=VERTEX_POINT('',#2460);
#735=VERTEX_POINT('',#2489);
#736=VERTEX_POINT('',#2490);
#737=VERTEX_POINT('',#2492);
#738=VERTEX_POINT('',#2494);
#739=VERTEX_POINT('',#2498);
#740=VERTEX_POINT('',#2499);
#741=VERTEX_POINT('',#2501);
#742=VERTEX_POINT('',#2503);
#743=VERTEX_POINT('',#2507);
#744=VERTEX_POINT('',#2519);
#745=VERTEX_POINT('',#2532);
#746=VERTEX_POINT('',#2544);
#747=VERTEX_POINT('',#2573);
#748=VERTEX_POINT('',#2574);
#749=VERTEX_POINT('',#2576);
#750=VERTEX_POINT('',#2578);
#751=VERTEX_POINT('',#2582);
#752=VERTEX_POINT('',#2583);
#753=VERTEX_POINT('',#2585);
#754=VERTEX_POINT('',#2587);
#755=VERTEX_POINT('',#2591);
#756=VERTEX_POINT('',#2592);
#757=VERTEX_POINT('',#2594);
#758=VERTEX_POINT('',#2596);
#759=VERTEX_POINT('',#2600);
#760=VERTEX_POINT('',#2601);
#761=VERTEX_POINT('',#2603);
#762=VERTEX_POINT('',#2605);
#763=VERTEX_POINT('',#2609);
#764=VERTEX_POINT('',#2610);
#765=VERTEX_POINT('',#2612);
#766=VERTEX_POINT('',#2614);
#767=VERTEX_POINT('',#2618);
#768=VERTEX_POINT('',#2619);
#769=VERTEX_POINT('',#2621);
#770=VERTEX_POINT('',#2623);
#771=VERTEX_POINT('',#2627);
#772=VERTEX_POINT('',#2628);
#773=VERTEX_POINT('',#2630);
#774=VERTEX_POINT('',#2632);
#775=VERTEX_POINT('',#2636);
#776=VERTEX_POINT('',#2638);
#777=VERTEX_POINT('',#2642);
#778=VERTEX_POINT('',#2644);
#779=VERTEX_POINT('',#2648);
#780=VERTEX_POINT('',#2649);
#781=VERTEX_POINT('',#2651);
#782=VERTEX_POINT('',#2653);
#783=VERTEX_POINT('',#2657);
#784=VERTEX_POINT('',#2659);
#785=VERTEX_POINT('',#2665);
#786=VERTEX_POINT('',#2669);
#787=VERTEX_POINT('',#2670);
#788=VERTEX_POINT('',#2672);
#789=VERTEX_POINT('',#2674);
#790=VERTEX_POINT('',#2676);
#791=VERTEX_POINT('',#2678);
#792=VERTEX_POINT('',#2680);
#793=VERTEX_POINT('',#2682);
#794=VERTEX_POINT('',#2689);
#795=VERTEX_POINT('',#2691);
#796=VERTEX_POINT('',#2694);
#797=VERTEX_POINT('',#2696);
#798=VERTEX_POINT('',#2700);
#799=VERTEX_POINT('',#2704);
#800=VERTEX_POINT('',#2707);
#801=VERTEX_POINT('',#2711);
#802=VERTEX_POINT('',#2715);
#803=VERTEX_POINT('',#2718);
#804=VERTEX_POINT('',#2722);
#805=VERTEX_POINT('',#2726);
#806=VERTEX_POINT('',#2729);
#807=VERTEX_POINT('',#2737);
#808=VERTEX_POINT('',#2742);
#809=VERTEX_POINT('',#2747);
#810=VERTEX_POINT('',#2749);
#811=EDGE_CURVE('',#667,#668,#267,.T.);
#812=EDGE_CURVE('',#667,#669,#268,.T.);
#813=EDGE_CURVE('',#669,#670,#269,.T.);
#814=EDGE_CURVE('',#668,#670,#270,.T.);
#815=EDGE_CURVE('',#671,#670,#271,.T.);
#816=EDGE_CURVE('',#672,#671,#272,.T.);
#817=EDGE_CURVE('',#672,#668,#273,.T.);
#818=EDGE_CURVE('',#671,#673,#274,.T.);
#819=EDGE_CURVE('',#673,#674,#275,.T.);
#820=EDGE_CURVE('',#674,#672,#276,.T.);
#821=EDGE_CURVE('',#674,#667,#277,.T.);
#822=EDGE_CURVE('',#669,#673,#278,.T.);
#823=EDGE_CURVE('',#675,#676,#279,.T.);
#824=EDGE_CURVE('',#675,#677,#280,.T.);
#825=EDGE_CURVE('',#677,#678,#281,.T.);
#826=EDGE_CURVE('',#676,#678,#282,.T.);
#827=EDGE_CURVE('',#679,#678,#283,.T.);
#828=EDGE_CURVE('',#680,#679,#284,.T.);
#829=EDGE_CURVE('',#680,#676,#285,.T.);
#830=EDGE_CURVE('',#679,#681,#286,.T.);
#831=EDGE_CURVE('',#681,#682,#287,.T.);
#832=EDGE_CURVE('',#682,#680,#288,.T.);
#833=EDGE_CURVE('',#682,#675,#289,.T.);
#834=EDGE_CURVE('',#677,#681,#290,.T.);
#835=EDGE_CURVE('',#683,#684,#291,.T.);
#836=EDGE_CURVE('',#683,#685,#292,.T.);
#837=EDGE_CURVE('',#685,#686,#293,.T.);
#838=EDGE_CURVE('',#684,#686,#294,.T.);
#839=EDGE_CURVE('',#687,#686,#295,.T.);
#840=EDGE_CURVE('',#688,#687,#296,.T.);
#841=EDGE_CURVE('',#688,#684,#297,.T.);
#842=EDGE_CURVE('',#687,#689,#298,.T.);
#843=EDGE_CURVE('',#689,#690,#299,.T.);
#844=EDGE_CURVE('',#690,#688,#300,.T.);
#845=EDGE_CURVE('',#690,#683,#301,.T.);
#846=EDGE_CURVE('',#685,#689,#302,.T.);
#847=EDGE_CURVE('',#691,#692,#303,.T.);
#848=EDGE_CURVE('',#691,#693,#304,.T.);
#849=EDGE_CURVE('',#693,#694,#305,.T.);
#850=EDGE_CURVE('',#692,#694,#306,.T.);
#851=EDGE_CURVE('',#695,#694,#307,.T.);
#852=EDGE_CURVE('',#696,#695,#308,.T.);
#853=EDGE_CURVE('',#696,#692,#309,.T.);
#854=EDGE_CURVE('',#695,#697,#310,.T.);
#855=EDGE_CURVE('',#697,#698,#311,.T.);
#856=EDGE_CURVE('',#698,#696,#312,.T.);
#857=EDGE_CURVE('',#698,#691,#313,.T.);
#858=EDGE_CURVE('',#693,#697,#314,.T.);
#859=EDGE_CURVE('',#699,#700,#315,.T.);
#860=EDGE_CURVE('',#700,#701,#316,.T.);
#861=EDGE_CURVE('',#701,#702,#317,.T.);
#862=EDGE_CURVE('',#702,#699,#318,.T.);
#863=EDGE_CURVE('',#703,#704,#319,.T.);
#864=EDGE_CURVE('',#704,#705,#320,.T.);
#865=EDGE_CURVE('',#705,#706,#321,.T.);
#866=EDGE_CURVE('',#706,#703,#322,.T.);
#867=EDGE_CURVE('',#701,#707,#36,.T.);
#868=EDGE_CURVE('',#707,#705,#323,.T.);
#869=EDGE_CURVE('',#704,#708,#324,.T.);
#870=EDGE_CURVE('',#708,#702,#37,.T.);
#871=EDGE_CURVE('',#706,#709,#325,.T.);
#872=EDGE_CURVE('',#709,#700,#38,.T.);
#873=EDGE_CURVE('',#699,#710,#39,.T.);
#874=EDGE_CURVE('',#710,#703,#326,.T.);
#875=EDGE_CURVE('',#710,#708,#327,.T.);
#876=EDGE_CURVE('',#707,#709,#328,.T.);
#877=EDGE_CURVE('',#711,#712,#329,.T.);
#878=EDGE_CURVE('',#712,#713,#330,.T.);
#879=EDGE_CURVE('',#713,#714,#331,.T.);
#880=EDGE_CURVE('',#714,#711,#332,.T.);
#881=EDGE_CURVE('',#715,#716,#333,.T.);
#882=EDGE_CURVE('',#716,#717,#334,.T.);
#883=EDGE_CURVE('',#717,#718,#335,.T.);
#884=EDGE_CURVE('',#718,#715,#336,.T.);
#885=EDGE_CURVE('',#713,#719,#40,.T.);
#886=EDGE_CURVE('',#719,#717,#337,.T.);
#887=EDGE_CURVE('',#716,#720,#338,.T.);
#888=EDGE_CURVE('',#720,#714,#41,.T.);
#889=EDGE_CURVE('',#718,#721,#339,.T.);
#890=EDGE_CURVE('',#721,#712,#42,.T.);
#891=EDGE_CURVE('',#711,#722,#43,.T.);
#892=EDGE_CURVE('',#722,#715,#340,.T.);
#893=EDGE_CURVE('',#722,#720,#341,.T.);
#894=EDGE_CURVE('',#719,#721,#342,.T.);
#895=EDGE_CURVE('',#723,#724,#343,.T.);
#896=EDGE_CURVE('',#724,#725,#344,.T.);
#897=EDGE_CURVE('',#725,#726,#345,.T.);
#898=EDGE_CURVE('',#726,#723,#346,.T.);
#899=EDGE_CURVE('',#727,#728,#347,.T.);
#900=EDGE_CURVE('',#728,#729,#348,.T.);
#901=EDGE_CURVE('',#729,#730,#349,.T.);
#902=EDGE_CURVE('',#730,#727,#350,.T.);
#903=EDGE_CURVE('',#725,#731,#44,.T.);
#904=EDGE_CURVE('',#731,#729,#351,.T.);
#905=EDGE_CURVE('',#728,#732,#352,.T.);
#906=EDGE_CURVE('',#732,#726,#45,.T.);
#907=EDGE_CURVE('',#730,#733,#353,.T.);
#908=EDGE_CURVE('',#733,#724,#46,.T.);
#909=EDGE_CURVE('',#723,#734,#47,.T.);
#910=EDGE_CURVE('',#734,#727,#354,.T.);
#911=EDGE_CURVE('',#734,#732,#355,.T.);
#912=EDGE_CURVE('',#731,#733,#356,.T.);
#913=EDGE_CURVE('',#735,#736,#357,.T.);
#914=EDGE_CURVE('',#736,#737,#358,.T.);
#915=EDGE_CURVE('',#737,#738,#359,.T.);
#916=EDGE_CURVE('',#738,#735,#360,.T.);
#917=EDGE_CURVE('',#739,#740,#361,.T.);
#918=EDGE_CURVE('',#740,#741,#362,.T.);
#919=EDGE_CURVE('',#741,#742,#363,.T.);
#920=EDGE_CURVE('',#742,#739,#364,.T.);
#921=EDGE_CURVE('',#737,#743,#48,.T.);
#922=EDGE_CURVE('',#743,#741,#365,.T.);
#923=EDGE_CURVE('',#740,#744,#366,.T.);
#924=EDGE_CURVE('',#744,#738,#49,.T.);
#925=EDGE_CURVE('',#742,#745,#367,.T.);
#926=EDGE_CURVE('',#745,#736,#50,.T.);
#927=EDGE_CURVE('',#735,#746,#51,.T.);
#928=EDGE_CURVE('',#746,#739,#368,.T.);
#929=EDGE_CURVE('',#746,#744,#369,.T.);
#930=EDGE_CURVE('',#743,#745,#370,.T.);
#931=EDGE_CURVE('',#747,#748,#371,.F.);
#932=EDGE_CURVE('',#749,#747,#372,.T.);
#933=EDGE_CURVE('',#750,#749,#373,.T.);
#934=EDGE_CURVE('',#750,#748,#374,.T.);
#935=EDGE_CURVE('',#751,#752,#375,.F.);
#936=EDGE_CURVE('',#753,#751,#376,.T.);
#937=EDGE_CURVE('',#754,#753,#377,.T.);
#938=EDGE_CURVE('',#754,#752,#378,.T.);
#939=EDGE_CURVE('',#755,#756,#379,.F.);
#940=EDGE_CURVE('',#757,#755,#380,.T.);
#941=EDGE_CURVE('',#758,#757,#381,.T.);
#942=EDGE_CURVE('',#758,#756,#382,.T.);
#943=EDGE_CURVE('',#759,#760,#383,.F.);
#944=EDGE_CURVE('',#761,#759,#384,.T.);
#945=EDGE_CURVE('',#762,#761,#385,.T.);
#946=EDGE_CURVE('',#762,#760,#386,.T.);
#947=EDGE_CURVE('',#763,#764,#387,.T.);
#948=EDGE_CURVE('',#764,#765,#388,.T.);
#949=EDGE_CURVE('',#765,#766,#389,.T.);
#950=EDGE_CURVE('',#763,#766,#390,.T.);
#951=EDGE_CURVE('',#767,#768,#391,.T.);
#952=EDGE_CURVE('',#768,#769,#392,.T.);
#953=EDGE_CURVE('',#769,#770,#393,.T.);
#954=EDGE_CURVE('',#767,#770,#394,.T.);
#955=EDGE_CURVE('',#771,#772,#395,.T.);
#956=EDGE_CURVE('',#772,#773,#396,.T.);
#957=EDGE_CURVE('',#773,#774,#397,.T.);
#958=EDGE_CURVE('',#771,#774,#398,.T.);
#959=EDGE_CURVE('',#772,#775,#399,.T.);
#960=EDGE_CURVE('',#775,#776,#400,.T.);
#961=EDGE_CURVE('',#776,#773,#401,.T.);
#962=EDGE_CURVE('',#768,#777,#402,.T.);
#963=EDGE_CURVE('',#777,#778,#403,.T.);
#964=EDGE_CURVE('',#778,#769,#404,.T.);
#965=EDGE_CURVE('',#779,#780,#405,.T.);
#966=EDGE_CURVE('',#779,#781,#406,.T.);
#967=EDGE_CURVE('',#781,#782,#407,.T.);
#968=EDGE_CURVE('',#780,#782,#408,.T.);
#969=EDGE_CURVE('',#779,#783,#409,.T.);
#970=EDGE_CURVE('',#783,#784,#410,.T.);
#971=EDGE_CURVE('',#784,#781,#411,.T.);
#972=EDGE_CURVE('',#749,#762,#412,.T.);
#973=EDGE_CURVE('',#760,#747,#413,.F.);
#974=EDGE_CURVE('',#785,#780,#414,.T.);
#975=EDGE_CURVE('',#785,#783,#415,.T.);
#976=EDGE_CURVE('',#786,#787,#416,.T.);
#977=EDGE_CURVE('',#788,#786,#417,.T.);
#978=EDGE_CURVE('',#789,#788,#418,.T.);
#979=EDGE_CURVE('',#790,#789,#419,.T.);
#980=EDGE_CURVE('',#791,#790,#420,.T.);
#981=EDGE_CURVE('',#792,#791,#421,.T.);
#982=EDGE_CURVE('',#793,#792,#422,.T.);
#983=EDGE_CURVE('',#787,#793,#423,.T.);
#984=EDGE_CURVE('',#757,#754,#424,.T.);
#985=EDGE_CURVE('',#753,#750,#425,.T.);
#986=EDGE_CURVE('',#761,#758,#426,.T.);
#987=EDGE_CURVE('',#794,#787,#427,.T.);
#988=EDGE_CURVE('',#795,#794,#428,.T.);
#989=EDGE_CURVE('',#795,#786,#429,.T.);
#990=EDGE_CURVE('',#766,#796,#430,.T.);
#991=EDGE_CURVE('',#797,#765,#431,.T.);
#992=EDGE_CURVE('',#796,#797,#432,.T.);
#993=EDGE_CURVE('',#798,#793,#433,.T.);
#994=EDGE_CURVE('',#794,#798,#434,.T.);
#995=EDGE_CURVE('',#799,#792,#435,.T.);
#996=EDGE_CURVE('',#798,#799,#436,.T.);
#997=EDGE_CURVE('',#800,#776,#437,.T.);
#998=EDGE_CURVE('',#774,#800,#438,.T.);
#999=EDGE_CURVE('',#801,#791,#439,.T.);
#1000=EDGE_CURVE('',#799,#801,#440,.T.);
#1001=EDGE_CURVE('',#802,#790,#441,.T.);
#1002=EDGE_CURVE('',#801,#802,#442,.T.);
#1003=EDGE_CURVE('',#803,#784,#443,.T.);
#1004=EDGE_CURVE('',#782,#803,#444,.T.);
#1005=EDGE_CURVE('',#804,#789,#445,.T.);
#1006=EDGE_CURVE('',#802,#804,#446,.T.);
#1007=EDGE_CURVE('',#805,#788,#447,.T.);
#1008=EDGE_CURVE('',#804,#805,#448,.T.);
#1009=EDGE_CURVE('',#770,#806,#449,.T.);
#1010=EDGE_CURVE('',#806,#778,#450,.T.);
#1011=EDGE_CURVE('',#805,#795,#451,.T.);
#1012=EDGE_CURVE('',#759,#756,#452,.T.);
#1013=EDGE_CURVE('',#807,#767,#453,.T.);
#1014=EDGE_CURVE('',#777,#807,#454,.T.);
#1015=EDGE_CURVE('',#751,#748,#455,.T.);
#1016=EDGE_CURVE('',#808,#771,#456,.T.);
#1017=EDGE_CURVE('',#775,#808,#457,.T.);
#1018=EDGE_CURVE('',#752,#755,#458,.F.);
#1019=EDGE_CURVE('',#763,#809,#459,.T.);
#1020=EDGE_CURVE('',#810,#809,#460,.T.);
#1021=EDGE_CURVE('',#810,#764,#461,.T.);
#1022=EDGE_CURVE('',#807,#806,#462,.T.);
#1023=EDGE_CURVE('',#810,#797,#463,.T.);
#1024=EDGE_CURVE('',#809,#796,#464,.T.);
#1025=EDGE_CURVE('',#808,#800,#465,.T.);
#1026=EDGE_CURVE('',#785,#803,#466,.T.);
#1027=ORIENTED_EDGE('',*,*,#811,.F.);
#1028=ORIENTED_EDGE('',*,*,#812,.T.);
#1029=ORIENTED_EDGE('',*,*,#813,.T.);
#1030=ORIENTED_EDGE('',*,*,#814,.F.);
#1031=ORIENTED_EDGE('',*,*,#815,.F.);
#1032=ORIENTED_EDGE('',*,*,#816,.F.);
#1033=ORIENTED_EDGE('',*,*,#817,.T.);
#1034=ORIENTED_EDGE('',*,*,#814,.T.);
#1035=ORIENTED_EDGE('',*,*,#818,.T.);
#1036=ORIENTED_EDGE('',*,*,#819,.T.);
#1037=ORIENTED_EDGE('',*,*,#820,.T.);
#1038=ORIENTED_EDGE('',*,*,#816,.T.);
#1039=ORIENTED_EDGE('',*,*,#820,.F.);
#1040=ORIENTED_EDGE('',*,*,#821,.T.);
#1041=ORIENTED_EDGE('',*,*,#811,.T.);
#1042=ORIENTED_EDGE('',*,*,#817,.F.);
#1043=ORIENTED_EDGE('',*,*,#813,.F.);
#1044=ORIENTED_EDGE('',*,*,#822,.T.);
#1045=ORIENTED_EDGE('',*,*,#818,.F.);
#1046=ORIENTED_EDGE('',*,*,#815,.T.);
#1047=ORIENTED_EDGE('',*,*,#822,.F.);
#1048=ORIENTED_EDGE('',*,*,#812,.F.);
#1049=ORIENTED_EDGE('',*,*,#821,.F.);
#1050=ORIENTED_EDGE('',*,*,#819,.F.);
#1051=ORIENTED_EDGE('',*,*,#823,.F.);
#1052=ORIENTED_EDGE('',*,*,#824,.T.);
#1053=ORIENTED_EDGE('',*,*,#825,.T.);
#1054=ORIENTED_EDGE('',*,*,#826,.F.);
#1055=ORIENTED_EDGE('',*,*,#827,.F.);
#1056=ORIENTED_EDGE('',*,*,#828,.F.);
#1057=ORIENTED_EDGE('',*,*,#829,.T.);
#1058=ORIENTED_EDGE('',*,*,#826,.T.);
#1059=ORIENTED_EDGE('',*,*,#830,.T.);
#1060=ORIENTED_EDGE('',*,*,#831,.T.);
#1061=ORIENTED_EDGE('',*,*,#832,.T.);
#1062=ORIENTED_EDGE('',*,*,#828,.T.);
#1063=ORIENTED_EDGE('',*,*,#832,.F.);
#1064=ORIENTED_EDGE('',*,*,#833,.T.);
#1065=ORIENTED_EDGE('',*,*,#823,.T.);
#1066=ORIENTED_EDGE('',*,*,#829,.F.);
#1067=ORIENTED_EDGE('',*,*,#825,.F.);
#1068=ORIENTED_EDGE('',*,*,#834,.T.);
#1069=ORIENTED_EDGE('',*,*,#830,.F.);
#1070=ORIENTED_EDGE('',*,*,#827,.T.);
#1071=ORIENTED_EDGE('',*,*,#834,.F.);
#1072=ORIENTED_EDGE('',*,*,#824,.F.);
#1073=ORIENTED_EDGE('',*,*,#833,.F.);
#1074=ORIENTED_EDGE('',*,*,#831,.F.);
#1075=ORIENTED_EDGE('',*,*,#835,.F.);
#1076=ORIENTED_EDGE('',*,*,#836,.T.);
#1077=ORIENTED_EDGE('',*,*,#837,.T.);
#1078=ORIENTED_EDGE('',*,*,#838,.F.);
#1079=ORIENTED_EDGE('',*,*,#839,.F.);
#1080=ORIENTED_EDGE('',*,*,#840,.F.);
#1081=ORIENTED_EDGE('',*,*,#841,.T.);
#1082=ORIENTED_EDGE('',*,*,#838,.T.);
#1083=ORIENTED_EDGE('',*,*,#842,.T.);
#1084=ORIENTED_EDGE('',*,*,#843,.T.);
#1085=ORIENTED_EDGE('',*,*,#844,.T.);
#1086=ORIENTED_EDGE('',*,*,#840,.T.);
#1087=ORIENTED_EDGE('',*,*,#844,.F.);
#1088=ORIENTED_EDGE('',*,*,#845,.T.);
#1089=ORIENTED_EDGE('',*,*,#835,.T.);
#1090=ORIENTED_EDGE('',*,*,#841,.F.);
#1091=ORIENTED_EDGE('',*,*,#837,.F.);
#1092=ORIENTED_EDGE('',*,*,#846,.T.);
#1093=ORIENTED_EDGE('',*,*,#842,.F.);
#1094=ORIENTED_EDGE('',*,*,#839,.T.);
#1095=ORIENTED_EDGE('',*,*,#846,.F.);
#1096=ORIENTED_EDGE('',*,*,#836,.F.);
#1097=ORIENTED_EDGE('',*,*,#845,.F.);
#1098=ORIENTED_EDGE('',*,*,#843,.F.);
#1099=ORIENTED_EDGE('',*,*,#847,.F.);
#1100=ORIENTED_EDGE('',*,*,#848,.T.);
#1101=ORIENTED_EDGE('',*,*,#849,.T.);
#1102=ORIENTED_EDGE('',*,*,#850,.F.);
#1103=ORIENTED_EDGE('',*,*,#851,.F.);
#1104=ORIENTED_EDGE('',*,*,#852,.F.);
#1105=ORIENTED_EDGE('',*,*,#853,.T.);
#1106=ORIENTED_EDGE('',*,*,#850,.T.);
#1107=ORIENTED_EDGE('',*,*,#854,.T.);
#1108=ORIENTED_EDGE('',*,*,#855,.T.);
#1109=ORIENTED_EDGE('',*,*,#856,.T.);
#1110=ORIENTED_EDGE('',*,*,#852,.T.);
#1111=ORIENTED_EDGE('',*,*,#856,.F.);
#1112=ORIENTED_EDGE('',*,*,#857,.T.);
#1113=ORIENTED_EDGE('',*,*,#847,.T.);
#1114=ORIENTED_EDGE('',*,*,#853,.F.);
#1115=ORIENTED_EDGE('',*,*,#849,.F.);
#1116=ORIENTED_EDGE('',*,*,#858,.T.);
#1117=ORIENTED_EDGE('',*,*,#854,.F.);
#1118=ORIENTED_EDGE('',*,*,#851,.T.);
#1119=ORIENTED_EDGE('',*,*,#858,.F.);
#1120=ORIENTED_EDGE('',*,*,#848,.F.);
#1121=ORIENTED_EDGE('',*,*,#857,.F.);
#1122=ORIENTED_EDGE('',*,*,#855,.F.);
#1123=ORIENTED_EDGE('',*,*,#859,.T.);
#1124=ORIENTED_EDGE('',*,*,#860,.T.);
#1125=ORIENTED_EDGE('',*,*,#861,.T.);
#1126=ORIENTED_EDGE('',*,*,#862,.T.);
#1127=ORIENTED_EDGE('',*,*,#863,.T.);
#1128=ORIENTED_EDGE('',*,*,#864,.T.);
#1129=ORIENTED_EDGE('',*,*,#865,.T.);
#1130=ORIENTED_EDGE('',*,*,#866,.T.);
#1131=ORIENTED_EDGE('',*,*,#861,.F.);
#1132=ORIENTED_EDGE('',*,*,#867,.T.);
#1133=ORIENTED_EDGE('',*,*,#868,.T.);
#1134=ORIENTED_EDGE('',*,*,#864,.F.);
#1135=ORIENTED_EDGE('',*,*,#869,.T.);
#1136=ORIENTED_EDGE('',*,*,#870,.T.);
#1137=ORIENTED_EDGE('',*,*,#871,.T.);
#1138=ORIENTED_EDGE('',*,*,#872,.T.);
#1139=ORIENTED_EDGE('',*,*,#859,.F.);
#1140=ORIENTED_EDGE('',*,*,#873,.T.);
#1141=ORIENTED_EDGE('',*,*,#874,.T.);
#1142=ORIENTED_EDGE('',*,*,#866,.F.);
#1143=ORIENTED_EDGE('',*,*,#874,.F.);
#1144=ORIENTED_EDGE('',*,*,#875,.T.);
#1145=ORIENTED_EDGE('',*,*,#869,.F.);
#1146=ORIENTED_EDGE('',*,*,#863,.F.);
#1147=ORIENTED_EDGE('',*,*,#868,.F.);
#1148=ORIENTED_EDGE('',*,*,#876,.T.);
#1149=ORIENTED_EDGE('',*,*,#871,.F.);
#1150=ORIENTED_EDGE('',*,*,#865,.F.);
#1151=ORIENTED_EDGE('',*,*,#872,.F.);
#1152=ORIENTED_EDGE('',*,*,#876,.F.);
#1153=ORIENTED_EDGE('',*,*,#867,.F.);
#1154=ORIENTED_EDGE('',*,*,#860,.F.);
#1155=ORIENTED_EDGE('',*,*,#870,.F.);
#1156=ORIENTED_EDGE('',*,*,#875,.F.);
#1157=ORIENTED_EDGE('',*,*,#873,.F.);
#1158=ORIENTED_EDGE('',*,*,#862,.F.);
#1159=ORIENTED_EDGE('',*,*,#877,.T.);
#1160=ORIENTED_EDGE('',*,*,#878,.T.);
#1161=ORIENTED_EDGE('',*,*,#879,.T.);
#1162=ORIENTED_EDGE('',*,*,#880,.T.);
#1163=ORIENTED_EDGE('',*,*,#881,.T.);
#1164=ORIENTED_EDGE('',*,*,#882,.T.);
#1165=ORIENTED_EDGE('',*,*,#883,.T.);
#1166=ORIENTED_EDGE('',*,*,#884,.T.);
#1167=ORIENTED_EDGE('',*,*,#879,.F.);
#1168=ORIENTED_EDGE('',*,*,#885,.T.);
#1169=ORIENTED_EDGE('',*,*,#886,.T.);
#1170=ORIENTED_EDGE('',*,*,#882,.F.);
#1171=ORIENTED_EDGE('',*,*,#887,.T.);
#1172=ORIENTED_EDGE('',*,*,#888,.T.);
#1173=ORIENTED_EDGE('',*,*,#889,.T.);
#1174=ORIENTED_EDGE('',*,*,#890,.T.);
#1175=ORIENTED_EDGE('',*,*,#877,.F.);
#1176=ORIENTED_EDGE('',*,*,#891,.T.);
#1177=ORIENTED_EDGE('',*,*,#892,.T.);
#1178=ORIENTED_EDGE('',*,*,#884,.F.);
#1179=ORIENTED_EDGE('',*,*,#892,.F.);
#1180=ORIENTED_EDGE('',*,*,#893,.T.);
#1181=ORIENTED_EDGE('',*,*,#887,.F.);
#1182=ORIENTED_EDGE('',*,*,#881,.F.);
#1183=ORIENTED_EDGE('',*,*,#886,.F.);
#1184=ORIENTED_EDGE('',*,*,#894,.T.);
#1185=ORIENTED_EDGE('',*,*,#889,.F.);
#1186=ORIENTED_EDGE('',*,*,#883,.F.);
#1187=ORIENTED_EDGE('',*,*,#890,.F.);
#1188=ORIENTED_EDGE('',*,*,#894,.F.);
#1189=ORIENTED_EDGE('',*,*,#885,.F.);
#1190=ORIENTED_EDGE('',*,*,#878,.F.);
#1191=ORIENTED_EDGE('',*,*,#888,.F.);
#1192=ORIENTED_EDGE('',*,*,#893,.F.);
#1193=ORIENTED_EDGE('',*,*,#891,.F.);
#1194=ORIENTED_EDGE('',*,*,#880,.F.);
#1195=ORIENTED_EDGE('',*,*,#895,.T.);
#1196=ORIENTED_EDGE('',*,*,#896,.T.);
#1197=ORIENTED_EDGE('',*,*,#897,.T.);
#1198=ORIENTED_EDGE('',*,*,#898,.T.);
#1199=ORIENTED_EDGE('',*,*,#899,.T.);
#1200=ORIENTED_EDGE('',*,*,#900,.T.);
#1201=ORIENTED_EDGE('',*,*,#901,.T.);
#1202=ORIENTED_EDGE('',*,*,#902,.T.);
#1203=ORIENTED_EDGE('',*,*,#897,.F.);
#1204=ORIENTED_EDGE('',*,*,#903,.T.);
#1205=ORIENTED_EDGE('',*,*,#904,.T.);
#1206=ORIENTED_EDGE('',*,*,#900,.F.);
#1207=ORIENTED_EDGE('',*,*,#905,.T.);
#1208=ORIENTED_EDGE('',*,*,#906,.T.);
#1209=ORIENTED_EDGE('',*,*,#907,.T.);
#1210=ORIENTED_EDGE('',*,*,#908,.T.);
#1211=ORIENTED_EDGE('',*,*,#895,.F.);
#1212=ORIENTED_EDGE('',*,*,#909,.T.);
#1213=ORIENTED_EDGE('',*,*,#910,.T.);
#1214=ORIENTED_EDGE('',*,*,#902,.F.);
#1215=ORIENTED_EDGE('',*,*,#910,.F.);
#1216=ORIENTED_EDGE('',*,*,#911,.T.);
#1217=ORIENTED_EDGE('',*,*,#905,.F.);
#1218=ORIENTED_EDGE('',*,*,#899,.F.);
#1219=ORIENTED_EDGE('',*,*,#904,.F.);
#1220=ORIENTED_EDGE('',*,*,#912,.T.);
#1221=ORIENTED_EDGE('',*,*,#907,.F.);
#1222=ORIENTED_EDGE('',*,*,#901,.F.);
#1223=ORIENTED_EDGE('',*,*,#908,.F.);
#1224=ORIENTED_EDGE('',*,*,#912,.F.);
#1225=ORIENTED_EDGE('',*,*,#903,.F.);
#1226=ORIENTED_EDGE('',*,*,#896,.F.);
#1227=ORIENTED_EDGE('',*,*,#906,.F.);
#1228=ORIENTED_EDGE('',*,*,#911,.F.);
#1229=ORIENTED_EDGE('',*,*,#909,.F.);
#1230=ORIENTED_EDGE('',*,*,#898,.F.);
#1231=ORIENTED_EDGE('',*,*,#913,.T.);
#1232=ORIENTED_EDGE('',*,*,#914,.T.);
#1233=ORIENTED_EDGE('',*,*,#915,.T.);
#1234=ORIENTED_EDGE('',*,*,#916,.T.);
#1235=ORIENTED_EDGE('',*,*,#917,.T.);
#1236=ORIENTED_EDGE('',*,*,#918,.T.);
#1237=ORIENTED_EDGE('',*,*,#919,.T.);
#1238=ORIENTED_EDGE('',*,*,#920,.T.);
#1239=ORIENTED_EDGE('',*,*,#915,.F.);
#1240=ORIENTED_EDGE('',*,*,#921,.T.);
#1241=ORIENTED_EDGE('',*,*,#922,.T.);
#1242=ORIENTED_EDGE('',*,*,#918,.F.);
#1243=ORIENTED_EDGE('',*,*,#923,.T.);
#1244=ORIENTED_EDGE('',*,*,#924,.T.);
#1245=ORIENTED_EDGE('',*,*,#925,.T.);
#1246=ORIENTED_EDGE('',*,*,#926,.T.);
#1247=ORIENTED_EDGE('',*,*,#913,.F.);
#1248=ORIENTED_EDGE('',*,*,#927,.T.);
#1249=ORIENTED_EDGE('',*,*,#928,.T.);
#1250=ORIENTED_EDGE('',*,*,#920,.F.);
#1251=ORIENTED_EDGE('',*,*,#928,.F.);
#1252=ORIENTED_EDGE('',*,*,#929,.T.);
#1253=ORIENTED_EDGE('',*,*,#923,.F.);
#1254=ORIENTED_EDGE('',*,*,#917,.F.);
#1255=ORIENTED_EDGE('',*,*,#922,.F.);
#1256=ORIENTED_EDGE('',*,*,#930,.T.);
#1257=ORIENTED_EDGE('',*,*,#925,.F.);
#1258=ORIENTED_EDGE('',*,*,#919,.F.);
#1259=ORIENTED_EDGE('',*,*,#926,.F.);
#1260=ORIENTED_EDGE('',*,*,#930,.F.);
#1261=ORIENTED_EDGE('',*,*,#921,.F.);
#1262=ORIENTED_EDGE('',*,*,#914,.F.);
#1263=ORIENTED_EDGE('',*,*,#924,.F.);
#1264=ORIENTED_EDGE('',*,*,#929,.F.);
#1265=ORIENTED_EDGE('',*,*,#927,.F.);
#1266=ORIENTED_EDGE('',*,*,#916,.F.);
#1267=ORIENTED_EDGE('',*,*,#931,.F.);
#1268=ORIENTED_EDGE('',*,*,#932,.F.);
#1269=ORIENTED_EDGE('',*,*,#933,.F.);
#1270=ORIENTED_EDGE('',*,*,#934,.T.);
#1271=ORIENTED_EDGE('',*,*,#935,.F.);
#1272=ORIENTED_EDGE('',*,*,#936,.F.);
#1273=ORIENTED_EDGE('',*,*,#937,.F.);
#1274=ORIENTED_EDGE('',*,*,#938,.T.);
#1275=ORIENTED_EDGE('',*,*,#939,.F.);
#1276=ORIENTED_EDGE('',*,*,#940,.F.);
#1277=ORIENTED_EDGE('',*,*,#941,.F.);
#1278=ORIENTED_EDGE('',*,*,#942,.T.);
#1279=ORIENTED_EDGE('',*,*,#943,.F.);
#1280=ORIENTED_EDGE('',*,*,#944,.F.);
#1281=ORIENTED_EDGE('',*,*,#945,.F.);
#1282=ORIENTED_EDGE('',*,*,#946,.T.);
#1283=ORIENTED_EDGE('',*,*,#947,.T.);
#1284=ORIENTED_EDGE('',*,*,#948,.T.);
#1285=ORIENTED_EDGE('',*,*,#949,.T.);
#1286=ORIENTED_EDGE('',*,*,#950,.F.);
#1287=ORIENTED_EDGE('',*,*,#951,.T.);
#1288=ORIENTED_EDGE('',*,*,#952,.T.);
#1289=ORIENTED_EDGE('',*,*,#953,.T.);
#1290=ORIENTED_EDGE('',*,*,#954,.F.);
#1291=ORIENTED_EDGE('',*,*,#955,.T.);
#1292=ORIENTED_EDGE('',*,*,#956,.T.);
#1293=ORIENTED_EDGE('',*,*,#957,.T.);
#1294=ORIENTED_EDGE('',*,*,#958,.F.);
#1295=ORIENTED_EDGE('',*,*,#959,.T.);
#1296=ORIENTED_EDGE('',*,*,#960,.T.);
#1297=ORIENTED_EDGE('',*,*,#961,.T.);
#1298=ORIENTED_EDGE('',*,*,#956,.F.);
#1299=ORIENTED_EDGE('',*,*,#962,.T.);
#1300=ORIENTED_EDGE('',*,*,#963,.T.);
#1301=ORIENTED_EDGE('',*,*,#964,.T.);
#1302=ORIENTED_EDGE('',*,*,#952,.F.);
#1303=ORIENTED_EDGE('',*,*,#965,.F.);
#1304=ORIENTED_EDGE('',*,*,#966,.T.);
#1305=ORIENTED_EDGE('',*,*,#967,.T.);
#1306=ORIENTED_EDGE('',*,*,#968,.F.);
#1307=ORIENTED_EDGE('',*,*,#969,.T.);
#1308=ORIENTED_EDGE('',*,*,#970,.T.);
#1309=ORIENTED_EDGE('',*,*,#971,.T.);
#1310=ORIENTED_EDGE('',*,*,#966,.F.);
#1311=ORIENTED_EDGE('',*,*,#972,.F.);
#1312=ORIENTED_EDGE('',*,*,#932,.T.);
#1313=ORIENTED_EDGE('',*,*,#973,.F.);
#1314=ORIENTED_EDGE('',*,*,#946,.F.);
#1315=ORIENTED_EDGE('',*,*,#965,.T.);
#1316=ORIENTED_EDGE('',*,*,#974,.F.);
#1317=ORIENTED_EDGE('',*,*,#975,.T.);
#1318=ORIENTED_EDGE('',*,*,#969,.F.);
#1319=ORIENTED_EDGE('',*,*,#976,.F.);
#1320=ORIENTED_EDGE('',*,*,#977,.F.);
#1321=ORIENTED_EDGE('',*,*,#978,.F.);
#1322=ORIENTED_EDGE('',*,*,#979,.F.);
#1323=ORIENTED_EDGE('',*,*,#980,.F.);
#1324=ORIENTED_EDGE('',*,*,#981,.F.);
#1325=ORIENTED_EDGE('',*,*,#982,.F.);
#1326=ORIENTED_EDGE('',*,*,#983,.F.);
#1327=ORIENTED_EDGE('',*,*,#984,.T.);
#1328=ORIENTED_EDGE('',*,*,#937,.T.);
#1329=ORIENTED_EDGE('',*,*,#985,.T.);
#1330=ORIENTED_EDGE('',*,*,#933,.T.);
#1331=ORIENTED_EDGE('',*,*,#972,.T.);
#1332=ORIENTED_EDGE('',*,*,#945,.T.);
#1333=ORIENTED_EDGE('',*,*,#986,.T.);
#1334=ORIENTED_EDGE('',*,*,#941,.T.);
#1335=ORIENTED_EDGE('',*,*,#976,.T.);
#1336=ORIENTED_EDGE('',*,*,#987,.F.);
#1337=ORIENTED_EDGE('',*,*,#988,.F.);
#1338=ORIENTED_EDGE('',*,*,#989,.T.);
#1339=ORIENTED_EDGE('',*,*,#990,.F.);
#1340=ORIENTED_EDGE('',*,*,#949,.F.);
#1341=ORIENTED_EDGE('',*,*,#991,.F.);
#1342=ORIENTED_EDGE('',*,*,#992,.F.);
#1343=ORIENTED_EDGE('',*,*,#983,.T.);
#1344=ORIENTED_EDGE('',*,*,#993,.F.);
#1345=ORIENTED_EDGE('',*,*,#994,.F.);
#1346=ORIENTED_EDGE('',*,*,#987,.T.);
#1347=ORIENTED_EDGE('',*,*,#982,.T.);
#1348=ORIENTED_EDGE('',*,*,#995,.F.);
#1349=ORIENTED_EDGE('',*,*,#996,.F.);
#1350=ORIENTED_EDGE('',*,*,#993,.T.);
#1351=ORIENTED_EDGE('',*,*,#957,.F.);
#1352=ORIENTED_EDGE('',*,*,#961,.F.);
#1353=ORIENTED_EDGE('',*,*,#997,.F.);
#1354=ORIENTED_EDGE('',*,*,#998,.F.);
#1355=ORIENTED_EDGE('',*,*,#981,.T.);
#1356=ORIENTED_EDGE('',*,*,#999,.F.);
#1357=ORIENTED_EDGE('',*,*,#1000,.F.);
#1358=ORIENTED_EDGE('',*,*,#995,.T.);
#1359=ORIENTED_EDGE('',*,*,#980,.T.);
#1360=ORIENTED_EDGE('',*,*,#1001,.F.);
#1361=ORIENTED_EDGE('',*,*,#1002,.F.);
#1362=ORIENTED_EDGE('',*,*,#999,.T.);
#1363=ORIENTED_EDGE('',*,*,#1003,.F.);
#1364=ORIENTED_EDGE('',*,*,#1004,.F.);
#1365=ORIENTED_EDGE('',*,*,#967,.F.);
#1366=ORIENTED_EDGE('',*,*,#971,.F.);
#1367=ORIENTED_EDGE('',*,*,#979,.T.);
#1368=ORIENTED_EDGE('',*,*,#1005,.F.);
#1369=ORIENTED_EDGE('',*,*,#1006,.F.);
#1370=ORIENTED_EDGE('',*,*,#1001,.T.);
#1371=ORIENTED_EDGE('',*,*,#978,.T.);
#1372=ORIENTED_EDGE('',*,*,#1007,.F.);
#1373=ORIENTED_EDGE('',*,*,#1008,.F.);
#1374=ORIENTED_EDGE('',*,*,#1005,.T.);
#1375=ORIENTED_EDGE('',*,*,#1009,.F.);
#1376=ORIENTED_EDGE('',*,*,#953,.F.);
#1377=ORIENTED_EDGE('',*,*,#964,.F.);
#1378=ORIENTED_EDGE('',*,*,#1010,.F.);
#1379=ORIENTED_EDGE('',*,*,#977,.T.);
#1380=ORIENTED_EDGE('',*,*,#989,.F.);
#1381=ORIENTED_EDGE('',*,*,#1011,.F.);
#1382=ORIENTED_EDGE('',*,*,#1007,.T.);
#1383=ORIENTED_EDGE('',*,*,#988,.T.);
#1384=ORIENTED_EDGE('',*,*,#994,.T.);
#1385=ORIENTED_EDGE('',*,*,#996,.T.);
#1386=ORIENTED_EDGE('',*,*,#1000,.T.);
#1387=ORIENTED_EDGE('',*,*,#1002,.T.);
#1388=ORIENTED_EDGE('',*,*,#1006,.T.);
#1389=ORIENTED_EDGE('',*,*,#1008,.T.);
#1390=ORIENTED_EDGE('',*,*,#1011,.T.);
#1391=ORIENTED_EDGE('',*,*,#1012,.T.);
#1392=ORIENTED_EDGE('',*,*,#942,.F.);
#1393=ORIENTED_EDGE('',*,*,#986,.F.);
#1394=ORIENTED_EDGE('',*,*,#944,.T.);
#1395=ORIENTED_EDGE('',*,*,#1013,.F.);
#1396=ORIENTED_EDGE('',*,*,#1014,.F.);
#1397=ORIENTED_EDGE('',*,*,#962,.F.);
#1398=ORIENTED_EDGE('',*,*,#951,.F.);
#1399=ORIENTED_EDGE('',*,*,#1015,.T.);
#1400=ORIENTED_EDGE('',*,*,#934,.F.);
#1401=ORIENTED_EDGE('',*,*,#985,.F.);
#1402=ORIENTED_EDGE('',*,*,#936,.T.);
#1403=ORIENTED_EDGE('',*,*,#955,.F.);
#1404=ORIENTED_EDGE('',*,*,#1016,.F.);
#1405=ORIENTED_EDGE('',*,*,#1017,.F.);
#1406=ORIENTED_EDGE('',*,*,#959,.F.);
#1407=ORIENTED_EDGE('',*,*,#1018,.F.);
#1408=ORIENTED_EDGE('',*,*,#938,.F.);
#1409=ORIENTED_EDGE('',*,*,#984,.F.);
#1410=ORIENTED_EDGE('',*,*,#940,.T.);
#1411=ORIENTED_EDGE('',*,*,#1019,.T.);
#1412=ORIENTED_EDGE('',*,*,#1020,.F.);
#1413=ORIENTED_EDGE('',*,*,#1021,.T.);
#1414=ORIENTED_EDGE('',*,*,#947,.F.);
#1415=ORIENTED_EDGE('',*,*,#1018,.T.);
#1416=ORIENTED_EDGE('',*,*,#939,.T.);
#1417=ORIENTED_EDGE('',*,*,#1012,.F.);
#1418=ORIENTED_EDGE('',*,*,#943,.T.);
#1419=ORIENTED_EDGE('',*,*,#973,.T.);
#1420=ORIENTED_EDGE('',*,*,#931,.T.);
#1421=ORIENTED_EDGE('',*,*,#1015,.F.);
#1422=ORIENTED_EDGE('',*,*,#935,.T.);
#1423=ORIENTED_EDGE('',*,*,#1014,.T.);
#1424=ORIENTED_EDGE('',*,*,#1022,.T.);
#1425=ORIENTED_EDGE('',*,*,#1010,.T.);
#1426=ORIENTED_EDGE('',*,*,#963,.F.);
#1427=ORIENTED_EDGE('',*,*,#1013,.T.);
#1428=ORIENTED_EDGE('',*,*,#954,.T.);
#1429=ORIENTED_EDGE('',*,*,#1009,.T.);
#1430=ORIENTED_EDGE('',*,*,#1022,.F.);
#1431=ORIENTED_EDGE('',*,*,#1021,.F.);
#1432=ORIENTED_EDGE('',*,*,#1023,.T.);
#1433=ORIENTED_EDGE('',*,*,#991,.T.);
#1434=ORIENTED_EDGE('',*,*,#948,.F.);
#1435=ORIENTED_EDGE('',*,*,#1019,.F.);
#1436=ORIENTED_EDGE('',*,*,#950,.T.);
#1437=ORIENTED_EDGE('',*,*,#990,.T.);
#1438=ORIENTED_EDGE('',*,*,#1024,.F.);
#1439=ORIENTED_EDGE('',*,*,#1020,.T.);
#1440=ORIENTED_EDGE('',*,*,#1024,.T.);
#1441=ORIENTED_EDGE('',*,*,#992,.T.);
#1442=ORIENTED_EDGE('',*,*,#1023,.F.);
#1443=ORIENTED_EDGE('',*,*,#1017,.T.);
#1444=ORIENTED_EDGE('',*,*,#1025,.T.);
#1445=ORIENTED_EDGE('',*,*,#997,.T.);
#1446=ORIENTED_EDGE('',*,*,#960,.F.);
#1447=ORIENTED_EDGE('',*,*,#1016,.T.);
#1448=ORIENTED_EDGE('',*,*,#958,.T.);
#1449=ORIENTED_EDGE('',*,*,#998,.T.);
#1450=ORIENTED_EDGE('',*,*,#1025,.F.);
#1451=ORIENTED_EDGE('',*,*,#974,.T.);
#1452=ORIENTED_EDGE('',*,*,#968,.T.);
#1453=ORIENTED_EDGE('',*,*,#1004,.T.);
#1454=ORIENTED_EDGE('',*,*,#1026,.F.);
#1455=ORIENTED_EDGE('',*,*,#975,.F.);
#1456=ORIENTED_EDGE('',*,*,#1026,.T.);
#1457=ORIENTED_EDGE('',*,*,#1003,.T.);
#1458=ORIENTED_EDGE('',*,*,#970,.F.);
#1459=PLANE('',#1667);
#1460=PLANE('',#1668);
#1461=PLANE('',#1669);
#1462=PLANE('',#1670);
#1463=PLANE('',#1671);
#1464=PLANE('',#1672);
#1465=PLANE('',#1673);
#1466=PLANE('',#1674);
#1467=PLANE('',#1675);
#1468=PLANE('',#1676);
#1469=PLANE('',#1677);
#1470=PLANE('',#1678);
#1471=PLANE('',#1679);
#1472=PLANE('',#1680);
#1473=PLANE('',#1681);
#1474=PLANE('',#1682);
#1475=PLANE('',#1683);
#1476=PLANE('',#1684);
#1477=PLANE('',#1685);
#1478=PLANE('',#1686);
#1479=PLANE('',#1687);
#1480=PLANE('',#1688);
#1481=PLANE('',#1689);
#1482=PLANE('',#1690);
#1483=PLANE('',#1692);
#1484=PLANE('',#1693);
#1485=PLANE('',#1694);
#1486=PLANE('',#1695);
#1487=PLANE('',#1696);
#1488=PLANE('',#1697);
#1489=PLANE('',#1698);
#1490=PLANE('',#1699);
#1491=PLANE('',#1700);
#1492=PLANE('',#1701);
#1493=PLANE('',#1702);
#1494=PLANE('',#1703);
#1495=PLANE('',#1704);
#1496=PLANE('',#1705);
#1497=PLANE('',#1706);
#1498=PLANE('',#1707);
#1499=PLANE('',#1708);
#1500=PLANE('',#1709);
#1501=PLANE('',#1710);
#1502=PLANE('',#1711);
#1503=PLANE('',#1712);
#1504=PLANE('',#1713);
#1505=PLANE('',#1714);
#1506=PLANE('',#1715);
#1507=PLANE('',#1716);
#1508=PLANE('',#1717);
#1509=PLANE('',#1718);
#1510=PLANE('',#1719);
#1511=PLANE('',#1720);
#1512=PLANE('',#1721);
#1513=PLANE('',#1722);
#1514=PLANE('',#1723);
#1515=PLANE('',#1724);
#1516=PLANE('',#1725);
#1517=PLANE('',#1726);
#1518=PLANE('',#1727);
#1519=PLANE('',#1728);
#1520=PLANE('',#1729);
#1521=PLANE('',#1730);
#1522=PLANE('',#1731);
#1523=PLANE('',#1732);
#1524=PLANE('',#1733);
#1525=PLANE('',#1734);
#1526=PLANE('',#1735);
#1527=PLANE('',#1736);
#1528=PLANE('',#1737);
#1529=PLANE('',#1738);
#1530=PLANE('',#1739);
#1531=PLANE('',#1740);
#1532=PLANE('',#1741);
#1533=PLANE('',#1742);
#1534=PLANE('',#1743);
#1535=PLANE('',#1744);
#1536=PLANE('',#1745);
#1537=PLANE('',#1746);
#1538=PLANE('',#1747);
#1539=PLANE('',#1748);
#1540=PLANE('',#1749);
#1541=PLANE('',#1750);
#1542=ADVANCED_FACE('',(#76),#1459,.T.);
#1543=ADVANCED_FACE('',(#77),#1460,.T.);
#1544=ADVANCED_FACE('',(#78),#1461,.F.);
#1545=ADVANCED_FACE('',(#79),#1462,.T.);
#1546=ADVANCED_FACE('',(#80),#1463,.F.);
#1547=ADVANCED_FACE('',(#81),#1464,.F.);
#1548=ADVANCED_FACE('',(#82),#1465,.T.);
#1549=ADVANCED_FACE('',(#83),#1466,.T.);
#1550=ADVANCED_FACE('',(#84),#1467,.F.);
#1551=ADVANCED_FACE('',(#85),#1468,.T.);
#1552=ADVANCED_FACE('',(#86),#1469,.F.);
#1553=ADVANCED_FACE('',(#87),#1470,.F.);
#1554=ADVANCED_FACE('',(#88),#1471,.T.);
#1555=ADVANCED_FACE('',(#89),#1472,.T.);
#1556=ADVANCED_FACE('',(#90),#1473,.F.);
#1557=ADVANCED_FACE('',(#91),#1474,.T.);
#1558=ADVANCED_FACE('',(#92),#1475,.F.);
#1559=ADVANCED_FACE('',(#93),#1476,.F.);
#1560=ADVANCED_FACE('',(#94),#1477,.T.);
#1561=ADVANCED_FACE('',(#95),#1478,.T.);
#1562=ADVANCED_FACE('',(#96),#1479,.F.);
#1563=ADVANCED_FACE('',(#97),#1480,.T.);
#1564=ADVANCED_FACE('',(#98),#1481,.F.);
#1565=ADVANCED_FACE('',(#99),#1482,.F.);
#1566=ADVANCED_FACE('',(#100),#1483,.T.);
#1567=ADVANCED_FACE('',(#101),#1484,.F.);
#1568=ADVANCED_FACE('',(#102),#1485,.F.);
#1569=ADVANCED_FACE('',(#103),#1486,.F.);
#1570=ADVANCED_FACE('',(#104),#1487,.F.);
#1571=ADVANCED_FACE('',(#105),#1488,.F.);
#1572=ADVANCED_FACE('',(#106),#28,.T.);
#1573=ADVANCED_FACE('',(#107),#29,.T.);
#1574=ADVANCED_FACE('',(#108),#1489,.T.);
#1575=ADVANCED_FACE('',(#109),#1490,.F.);
#1576=ADVANCED_FACE('',(#110),#1491,.F.);
#1577=ADVANCED_FACE('',(#111),#1492,.F.);
#1578=ADVANCED_FACE('',(#112),#1493,.F.);
#1579=ADVANCED_FACE('',(#113),#1494,.F.);
#1580=ADVANCED_FACE('',(#114),#30,.T.);
#1581=ADVANCED_FACE('',(#115),#31,.T.);
#1582=ADVANCED_FACE('',(#116),#1495,.T.);
#1583=ADVANCED_FACE('',(#117),#1496,.F.);
#1584=ADVANCED_FACE('',(#118),#1497,.F.);
#1585=ADVANCED_FACE('',(#119),#1498,.F.);
#1586=ADVANCED_FACE('',(#120),#1499,.F.);
#1587=ADVANCED_FACE('',(#121),#1500,.F.);
#1588=ADVANCED_FACE('',(#122),#32,.T.);
#1589=ADVANCED_FACE('',(#123),#33,.T.);
#1590=ADVANCED_FACE('',(#124),#1501,.T.);
#1591=ADVANCED_FACE('',(#125),#1502,.F.);
#1592=ADVANCED_FACE('',(#126),#1503,.F.);
#1593=ADVANCED_FACE('',(#127),#1504,.F.);
#1594=ADVANCED_FACE('',(#128),#1505,.F.);
#1595=ADVANCED_FACE('',(#129),#1506,.F.);
#1596=ADVANCED_FACE('',(#130),#34,.T.);
#1597=ADVANCED_FACE('',(#131),#35,.T.);
#1598=ADVANCED_FACE('',(#132),#1507,.F.);
#1599=ADVANCED_FACE('',(#133),#1508,.F.);
#1600=ADVANCED_FACE('',(#134),#1509,.F.);
#1601=ADVANCED_FACE('',(#135),#1510,.F.);
#1602=ADVANCED_FACE('',(#136),#1511,.F.);
#1603=ADVANCED_FACE('',(#137),#1512,.F.);
#1604=ADVANCED_FACE('',(#138),#1513,.F.);
#1605=ADVANCED_FACE('',(#139),#1514,.F.);
#1606=ADVANCED_FACE('',(#140),#1515,.F.);
#1607=ADVANCED_FACE('',(#141),#1516,.F.);
#1608=ADVANCED_FACE('',(#142),#1517,.F.);
#1609=ADVANCED_FACE('',(#143,#19),#1518,.F.);
#1610=ADVANCED_FACE('',(#144,#20),#1519,.F.);
#1611=ADVANCED_FACE('',(#145,#21),#1520,.F.);
#1612=ADVANCED_FACE('',(#146),#1521,.F.);
#1613=ADVANCED_FACE('',(#147,#22),#1522,.F.);
#1614=ADVANCED_FACE('',(#148),#1523,.F.);
#1615=ADVANCED_FACE('',(#149,#23),#1524,.F.);
#1616=ADVANCED_FACE('',(#150),#1525,.F.);
#1617=ADVANCED_FACE('',(#151,#24),#1526,.F.);
#1618=ADVANCED_FACE('',(#152),#1527,.F.);
#1619=ADVANCED_FACE('',(#153),#1528,.T.);
#1620=ADVANCED_FACE('',(#154,#25),#1529,.T.);
#1621=ADVANCED_FACE('',(#155,#26),#1530,.T.);
#1622=ADVANCED_FACE('',(#156,#27),#1531,.F.);
#1623=ADVANCED_FACE('',(#157),#1532,.T.);
#1624=ADVANCED_FACE('',(#158),#1533,.F.);
#1625=ADVANCED_FACE('',(#159),#1534,.F.);
#1626=ADVANCED_FACE('',(#160),#1535,.F.);
#1627=ADVANCED_FACE('',(#161),#1536,.F.);
#1628=ADVANCED_FACE('',(#162),#1537,.F.);
#1629=ADVANCED_FACE('',(#163),#1538,.F.);
#1630=ADVANCED_FACE('',(#164),#1539,.F.);
#1631=ADVANCED_FACE('',(#165),#1540,.F.);
#1632=ADVANCED_FACE('',(#166),#1541,.F.);
#1633=CLOSED_SHELL('',(#1542,#1543,#1544,#1545,#1546,#1547));
#1634=CLOSED_SHELL('',(#1548,#1549,#1550,#1551,#1552,#1553));
#1635=CLOSED_SHELL('',(#1554,#1555,#1556,#1557,#1558,#1559));
#1636=CLOSED_SHELL('',(#1560,#1561,#1562,#1563,#1564,#1565));
#1637=CLOSED_SHELL('',(#1566,#1567,#1568,#1569,#1570,#1571,#1572,#1573));
#1638=CLOSED_SHELL('',(#1574,#1575,#1576,#1577,#1578,#1579,#1580,#1581));
#1639=CLOSED_SHELL('',(#1582,#1583,#1584,#1585,#1586,#1587,#1588,#1589));
#1640=CLOSED_SHELL('',(#1590,#1591,#1592,#1593,#1594,#1595,#1596,#1597));
#1641=CLOSED_SHELL('',(#1598,#1599,#1600,#1601,#1602,#1603,#1604,#1605,
#1606,#1607,#1608,#1609,#1610,#1611,#1612,#1613,#1614,#1615,#1616,#1617,
#1618,#1619,#1620,#1621,#1622,#1623,#1624,#1625,#1626,#1627,#1628,#1629,
#1630,#1631,#1632));
#1642=DERIVED_UNIT_ELEMENT(#1646,1.);
#1643=DERIVED_UNIT_ELEMENT(#2778,-3.);
#1644=DERIVED_UNIT_ELEMENT(#1646,1.);
#1645=DERIVED_UNIT_ELEMENT(#2778,-3.);
#1646=(
MASS_UNIT()
NAMED_UNIT(*)
SI_UNIT(.KILO.,.GRAM.)
);
#1647=DERIVED_UNIT((#1642,#1643));
#1648=DERIVED_UNIT((#1644,#1645));
#1649=MEASURE_REPRESENTATION_ITEM('density measure',
POSITIVE_RATIO_MEASURE(7850.),#1647);
#1650=MEASURE_REPRESENTATION_ITEM('density measure',
POSITIVE_RATIO_MEASURE(7850.),#1648);
#1651=PROPERTY_DEFINITION_REPRESENTATION(#1661,#1655);
#1652=PROPERTY_DEFINITION_REPRESENTATION(#1662,#1656);
#1653=PROPERTY_DEFINITION_REPRESENTATION(#1663,#1657);
#1654=PROPERTY_DEFINITION_REPRESENTATION(#1664,#1658);
#1655=REPRESENTATION('material name',(#1659),#2774);
#1656=REPRESENTATION('density',(#1649),#2774);
#1657=REPRESENTATION('material name',(#1660),#2775);
#1658=REPRESENTATION('density',(#1650),#2775);
#1659=DESCRIPTIVE_REPRESENTATION_ITEM('Steel','Steel');
#1660=DESCRIPTIVE_REPRESENTATION_ITEM('Steel','Steel');
#1661=PROPERTY_DEFINITION('material property','material name',#2794);
#1662=PROPERTY_DEFINITION('material property','density of part',#2794);
#1663=PROPERTY_DEFINITION('material property','material name',#2795);
#1664=PROPERTY_DEFINITION('material property','density of part',#2795);
#1665=AXIS2_PLACEMENT_3D('',#2129,#1753,#1754);
#1666=AXIS2_PLACEMENT_3D('',#2130,#1755,#1756);
#1667=AXIS2_PLACEMENT_3D('',#2131,#1757,#1758);
#1668=AXIS2_PLACEMENT_3D('',#2140,#1763,#1764);
#1669=AXIS2_PLACEMENT_3D('',#2146,#1768,#1769);
#1670=AXIS2_PLACEMENT_3D('',#2152,#1773,#1774);
#1671=AXIS2_PLACEMENT_3D('',#2154,#1776,#1777);
#1672=AXIS2_PLACEMENT_3D('',#2156,#1779,#1780);
#1673=AXIS2_PLACEMENT_3D('',#2157,#1781,#1782);
#1674=AXIS2_PLACEMENT_3D('',#2166,#1787,#1788);
#1675=AXIS2_PLACEMENT_3D('',#2172,#1792,#1793);
#1676=AXIS2_PLACEMENT_3D('',#2178,#1797,#1798);
#1677=AXIS2_PLACEMENT_3D('',#2180,#1800,#1801);
#1678=AXIS2_PLACEMENT_3D('',#2182,#1803,#1804);
#1679=AXIS2_PLACEMENT_3D('',#2183,#1805,#1806);
#1680=AXIS2_PLACEMENT_3D('',#2192,#1811,#1812);
#1681=AXIS2_PLACEMENT_3D('',#2198,#1816,#1817);
#1682=AXIS2_PLACEMENT_3D('',#2204,#1821,#1822);
#1683=AXIS2_PLACEMENT_3D('',#2206,#1824,#1825);
#1684=AXIS2_PLACEMENT_3D('',#2208,#1827,#1828);
#1685=AXIS2_PLACEMENT_3D('',#2209,#1829,#1830);
#1686=AXIS2_PLACEMENT_3D('',#2218,#1835,#1836);
#1687=AXIS2_PLACEMENT_3D('',#2224,#1840,#1841);
#1688=AXIS2_PLACEMENT_3D('',#2230,#1845,#1846);
#1689=AXIS2_PLACEMENT_3D('',#2232,#1848,#1849);
#1690=AXIS2_PLACEMENT_3D('',#2234,#1851,#1852);
#1691=AXIS2_PLACEMENT_3D('',#2235,#1853,#1854);
#1692=AXIS2_PLACEMENT_3D('',#2236,#1855,#1856);
#1693=AXIS2_PLACEMENT_3D('',#2245,#1861,#1862);
#1694=AXIS2_PLACEMENT_3D('',#2254,#1867,#1868);
#1695=AXIS2_PLACEMENT_3D('',#2279,#1871,#1872);
#1696=AXIS2_PLACEMENT_3D('',#2304,#1875,#1876);
#1697=AXIS2_PLACEMENT_3D('',#2306,#1878,#1879);
#1698=AXIS2_PLACEMENT_3D('',#2320,#1881,#1882);
#1699=AXIS2_PLACEMENT_3D('',#2329,#1887,#1888);
#1700=AXIS2_PLACEMENT_3D('',#2338,#1893,#1894);
#1701=AXIS2_PLACEMENT_3D('',#2363,#1897,#1898);
#1702=AXIS2_PLACEMENT_3D('',#2388,#1901,#1902);
#1703=AXIS2_PLACEMENT_3D('',#2390,#1904,#1905);
#1704=AXIS2_PLACEMENT_3D('',#2404,#1907,#1908);
#1705=AXIS2_PLACEMENT_3D('',#2413,#1913,#1914);
#1706=AXIS2_PLACEMENT_3D('',#2422,#1919,#1920);
#1707=AXIS2_PLACEMENT_3D('',#2447,#1923,#1924);
#1708=AXIS2_PLACEMENT_3D('',#2472,#1927,#1928);
#1709=AXIS2_PLACEMENT_3D('',#2474,#1930,#1931);
#1710=AXIS2_PLACEMENT_3D('',#2488,#1933,#1934);
#1711=AXIS2_PLACEMENT_3D('',#2497,#1939,#1940);
#1712=AXIS2_PLACEMENT_3D('',#2506,#1945,#1946);
#1713=AXIS2_PLACEMENT_3D('',#2531,#1949,#1950);
#1714=AXIS2_PLACEMENT_3D('',#2556,#1953,#1954);
#1715=AXIS2_PLACEMENT_3D('',#2558,#1956,#1957);
#1716=AXIS2_PLACEMENT_3D('',#2572,#1959,#1960);
#1717=AXIS2_PLACEMENT_3D('',#2581,#1965,#1966);
#1718=AXIS2_PLACEMENT_3D('',#2590,#1971,#1972);
#1719=AXIS2_PLACEMENT_3D('',#2599,#1977,#1978);
#1720=AXIS2_PLACEMENT_3D('',#2608,#1983,#1984);
#1721=AXIS2_PLACEMENT_3D('',#2617,#1989,#1990);
#1722=AXIS2_PLACEMENT_3D('',#2626,#1995,#1996);
#1723=AXIS2_PLACEMENT_3D('',#2635,#2001,#2002);
#1724=AXIS2_PLACEMENT_3D('',#2641,#2006,#2007);
#1725=AXIS2_PLACEMENT_3D('',#2647,#2011,#2012);
#1726=AXIS2_PLACEMENT_3D('',#2656,#2017,#2018);
#1727=AXIS2_PLACEMENT_3D('',#2662,#2022,#2023);
#1728=AXIS2_PLACEMENT_3D('',#2668,#2028,#2029);
#1729=AXIS2_PLACEMENT_3D('',#2688,#2041,#2042);
#1730=AXIS2_PLACEMENT_3D('',#2699,#2049,#2050);
#1731=AXIS2_PLACEMENT_3D('',#2703,#2053,#2054);
#1732=AXIS2_PLACEMENT_3D('',#2710,#2059,#2060);
#1733=AXIS2_PLACEMENT_3D('',#2714,#2063,#2064);
#1734=AXIS2_PLACEMENT_3D('',#2721,#2069,#2070);
#1735=AXIS2_PLACEMENT_3D('',#2725,#2073,#2074);
#1736=AXIS2_PLACEMENT_3D('',#2732,#2079,#2080);
#1737=AXIS2_PLACEMENT_3D('',#2734,#2082,#2083);
#1738=AXIS2_PLACEMENT_3D('',#2735,#2084,#2085);
#1739=AXIS2_PLACEMENT_3D('',#2740,#2089,#2090);
#1740=AXIS2_PLACEMENT_3D('',#2745,#2094,#2095);
#1741=AXIS2_PLACEMENT_3D('',#2752,#2100,#2101);
#1742=AXIS2_PLACEMENT_3D('',#2753,#2102,#2103);
#1743=AXIS2_PLACEMENT_3D('',#2755,#2105,#2106);
#1744=AXIS2_PLACEMENT_3D('',#2756,#2107,#2108);
#1745=AXIS2_PLACEMENT_3D('',#2758,#2110,#2111);
#1746=AXIS2_PLACEMENT_3D('',#2760,#2113,#2114);
#1747=AXIS2_PLACEMENT_3D('',#2761,#2115,#2116);
#1748=AXIS2_PLACEMENT_3D('',#2763,#2118,#2119);
#1749=AXIS2_PLACEMENT_3D('',#2764,#2120,#2121);
#1750=AXIS2_PLACEMENT_3D('',#2766,#2123,#2124);
#1751=AXIS2_PLACEMENT_3D('',#2767,#2125,#2126);
#1752=AXIS2_PLACEMENT_3D('',#2768,#2127,#2128);
#1753=DIRECTION('axis',(0.,0.,1.));
#1754=DIRECTION('refdir',(1.,0.,0.));
#1755=DIRECTION('axis',(0.,0.,1.));
#1756=DIRECTION('refdir',(1.,0.,0.));
#1757=DIRECTION('center_axis',(-0.707106781186548,0.707106781186548,0.));
#1758=DIRECTION('ref_axis',(-0.707106781186548,-0.707106781186548,0.));
#1759=DIRECTION('',(0.,0.,1.));
#1760=DIRECTION('',(-0.707106781186548,-0.707106781186548,0.));
#1761=DIRECTION('',(0.,0.,1.));
#1762=DIRECTION('',(-0.707106781186548,-0.707106781186548,0.));
#1763=DIRECTION('center_axis',(0.,0.,1.));
#1764=DIRECTION('ref_axis',(-1.,0.,0.));
#1765=DIRECTION('',(0.,1.,0.));
#1766=DIRECTION('',(-0.707106781186548,-0.707106781186548,0.));
#1767=DIRECTION('',(-1.,0.,0.));
#1768=DIRECTION('center_axis',(-0.707106781186548,0.707106781186548,0.));
#1769=DIRECTION('ref_axis',(-0.707106781186548,-0.707106781186548,0.));
#1770=DIRECTION('',(0.,0.,-1.));
#1771=DIRECTION('',(0.707106781186548,0.707106781186548,0.));
#1772=DIRECTION('',(0.,0.,1.));
#1773=DIRECTION('center_axis',(0.,1.,0.));
#1774=DIRECTION('ref_axis',(0.,0.,1.));
#1775=DIRECTION('',(-0.816496581041208,0.,0.577350269029138));
#1776=DIRECTION('center_axis',(1.,0.,0.));
#1777=DIRECTION('ref_axis',(0.,0.,1.));
#1778=DIRECTION('',(0.,-0.816496581041208,-0.577350269029138));
#1779=DIRECTION('center_axis',(0.500000000065955,-0.500000000065955,0.707106781093274));
#1780=DIRECTION('ref_axis',(0.707106781186547,0.707106781186548,-1.30500069633948E-20));
#1781=DIRECTION('center_axis',(0.707106781186548,0.707106781186548,0.));
#1782=DIRECTION('ref_axis',(-0.707106781186548,0.707106781186548,0.));
#1783=DIRECTION('',(0.,0.,1.));
#1784=DIRECTION('',(-0.707106781186548,0.707106781186548,0.));
#1785=DIRECTION('',(0.,0.,1.));
#1786=DIRECTION('',(-0.707106781186548,0.707106781186548,0.));
#1787=DIRECTION('center_axis',(0.,0.,1.));
#1788=DIRECTION('ref_axis',(0.,1.,0.));
#1789=DIRECTION('',(1.,0.,0.));
#1790=DIRECTION('',(-0.707106781186548,0.707106781186548,0.));
#1791=DIRECTION('',(0.,1.,0.));
#1792=DIRECTION('center_axis',(0.707106781186548,0.707106781186548,0.));
#1793=DIRECTION('ref_axis',(-0.707106781186548,0.707106781186548,0.));
#1794=DIRECTION('',(0.,0.,-1.));
#1795=DIRECTION('',(0.707106781186548,-0.707106781186548,0.));
#1796=DIRECTION('',(0.,0.,1.));
#1797=DIRECTION('center_axis',(1.,0.,0.));
#1798=DIRECTION('ref_axis',(0.,0.,1.));
#1799=DIRECTION('',(0.,0.816496581041208,0.577350269029138));
#1800=DIRECTION('center_axis',(0.,-1.,0.));
#1801=DIRECTION('ref_axis',(0.,0.,1.));
#1802=DIRECTION('',(-0.816496581041208,0.,-0.577350269029138));
#1803=DIRECTION('center_axis',(-0.500000000065955,-0.500000000065955,0.707106781093274));
#1804=DIRECTION('ref_axis',(0.707106781186547,-0.707106781186548,1.30500069633948E-20));
#1805=DIRECTION('center_axis',(0.707106781186548,-0.707106781186548,0.));
#1806=DIRECTION('ref_axis',(0.707106781186548,0.707106781186548,0.));
#1807=DIRECTION('',(0.,0.,1.));
#1808=DIRECTION('',(0.707106781186548,0.707106781186548,0.));
#1809=DIRECTION('',(0.,0.,1.));
#1810=DIRECTION('',(0.707106781186548,0.707106781186548,0.));
#1811=DIRECTION('center_axis',(0.,0.,1.));
#1812=DIRECTION('ref_axis',(1.,0.,0.));
#1813=DIRECTION('',(0.,-1.,0.));
#1814=DIRECTION('',(0.707106781186548,0.707106781186548,0.));
#1815=DIRECTION('',(1.,0.,0.));
#1816=DIRECTION('center_axis',(0.707106781186548,-0.707106781186548,0.));
#1817=DIRECTION('ref_axis',(0.707106781186548,0.707106781186548,0.));
#1818=DIRECTION('',(0.,0.,-1.));
#1819=DIRECTION('',(-0.707106781186548,-0.707106781186548,0.));
#1820=DIRECTION('',(0.,0.,1.));
#1821=DIRECTION('center_axis',(0.,-1.,0.));
#1822=DIRECTION('ref_axis',(0.,0.,1.));
#1823=DIRECTION('',(0.816496581041208,0.,0.577350269029138));
#1824=DIRECTION('center_axis',(-1.,0.,0.));
#1825=DIRECTION('ref_axis',(0.,0.,1.));
#1826=DIRECTION('',(0.,0.816496581041208,-0.577350269029138));
#1827=DIRECTION('center_axis',(-0.500000000065955,0.500000000065955,0.707106781093274));
#1828=DIRECTION('ref_axis',(-0.707106781186547,-0.707106781186548,-1.30500069633948E-20));
#1829=DIRECTION('center_axis',(-0.707106781186548,-0.707106781186548,0.));
#1830=DIRECTION('ref_axis',(0.707106781186548,-0.707106781186548,0.));
#1831=DIRECTION('',(0.,0.,1.));
#1832=DIRECTION('',(0.707106781186548,-0.707106781186548,0.));
#1833=DIRECTION('',(0.,0.,1.));
#1834=DIRECTION('',(0.707106781186548,-0.707106781186548,0.));
#1835=DIRECTION('center_axis',(0.,0.,1.));
#1836=DIRECTION('ref_axis',(0.,-1.,0.));
#1837=DIRECTION('',(-1.,0.,0.));
#1838=DIRECTION('',(0.707106781186548,-0.707106781186548,0.));
#1839=DIRECTION('',(0.,-1.,0.));
#1840=DIRECTION('center_axis',(-0.707106781186548,-0.707106781186548,0.));
#1841=DIRECTION('ref_axis',(0.707106781186548,-0.707106781186548,0.));
#1842=DIRECTION('',(0.,0.,-1.));
#1843=DIRECTION('',(-0.707106781186548,0.707106781186548,0.));
#1844=DIRECTION('',(0.,0.,1.));
#1845=DIRECTION('center_axis',(-1.,0.,0.));
#1846=DIRECTION('ref_axis',(0.,0.,1.));
#1847=DIRECTION('',(0.,-0.816496581041208,0.577350269029138));
#1848=DIRECTION('center_axis',(0.,1.,0.));
#1849=DIRECTION('ref_axis',(0.,0.,1.));
#1850=DIRECTION('',(0.816496581041208,0.,-0.577350269029138));
#1851=DIRECTION('center_axis',(0.500000000065955,0.500000000065955,0.707106781093274));
#1852=DIRECTION('ref_axis',(-0.707106781186547,0.707106781186548,1.30500069633948E-20));
#1853=DIRECTION('axis',(0.,0.,1.));
#1854=DIRECTION('refdir',(1.,0.,0.));
#1855=DIRECTION('center_axis',(0.,1.,0.));
#1856=DIRECTION('ref_axis',(-1.,0.,0.));
#1857=DIRECTION('',(1.,0.,0.));
#1858=DIRECTION('',(0.,0.,-1.));
#1859=DIRECTION('',(-1.,0.,0.));
#1860=DIRECTION('',(0.,0.,1.));
#1861=DIRECTION('center_axis',(0.,1.,0.));
#1862=DIRECTION('ref_axis',(-1.,0.,0.));
#1863=DIRECTION('',(0.,0.,-1.));
#1864=DIRECTION('',(1.,0.,0.));
#1865=DIRECTION('',(0.,0.,1.));
#1866=DIRECTION('',(-1.,0.,0.));
#1867=DIRECTION('center_axis',(0.,-0.8192319208479,0.57346234389353));
#1868=DIRECTION('ref_axis',(1.,0.,0.));
#1869=DIRECTION('',(0.944223223763133,-0.188844644952627,-0.269778063932324));
#1870=DIRECTION('',(0.944223223763133,0.188844644952627,0.269778063932324));
#1871=DIRECTION('center_axis',(0.,-0.8192319208479,-0.57346234389353));
#1872=DIRECTION('ref_axis',(-1.,0.,0.));
#1873=DIRECTION('',(-0.944223223763133,0.188844644952627,-0.269778063932324));
#1874=DIRECTION('',(-0.944223223763133,-0.188844644952627,0.269778063932324));
#1875=DIRECTION('center_axis',(0.196116134945876,-0.980580675729382,0.));
#1876=DIRECTION('ref_axis',(0.,0.,-1.));
#1877=DIRECTION('',(0.,0.,-1.));
#1878=DIRECTION('center_axis',(-0.196116134945876,-0.980580675729382,0.));
#1879=DIRECTION('ref_axis',(0.,0.,1.));
#1880=DIRECTION('',(0.,0.,1.));
#1881=DIRECTION('center_axis',(1.,0.,0.));
#1882=DIRECTION('ref_axis',(0.,1.,0.));
#1883=DIRECTION('',(0.,-1.,0.));
#1884=DIRECTION('',(0.,0.,-1.));
#1885=DIRECTION('',(0.,1.,0.));
#1886=DIRECTION('',(0.,0.,1.));
#1887=DIRECTION('center_axis',(1.,0.,0.));
#1888=DIRECTION('ref_axis',(0.,1.,0.));
#1889=DIRECTION('',(0.,0.,-1.));
#1890=DIRECTION('',(0.,-1.,0.));
#1891=DIRECTION('',(0.,0.,1.));
#1892=DIRECTION('',(0.,1.,0.));
#1893=DIRECTION('center_axis',(-0.8192319208479,0.,0.57346234389353));
#1894=DIRECTION('ref_axis',(0.,-1.,0.));
#1895=DIRECTION('',(-0.188844644952627,-0.944223223763133,-0.269778063932324));
#1896=DIRECTION('',(0.188844644952627,-0.944223223763133,0.269778063932324));
#1897=DIRECTION('center_axis',(-0.8192319208479,0.,-0.57346234389353));
#1898=DIRECTION('ref_axis',(0.,1.,0.));
#1899=DIRECTION('',(0.188844644952627,0.944223223763133,-0.269778063932324));
#1900=DIRECTION('',(-0.188844644952627,0.944223223763133,0.269778063932324));
#1901=DIRECTION('center_axis',(-0.980580675729382,-0.196116134945876,0.));
#1902=DIRECTION('ref_axis',(0.,0.,-1.));
#1903=DIRECTION('',(0.,0.,-1.));
#1904=DIRECTION('center_axis',(-0.980580675729382,0.196116134945876,0.));
#1905=DIRECTION('ref_axis',(0.,0.,1.));
#1906=DIRECTION('',(0.,0.,1.));
#1907=DIRECTION('center_axis',(0.,-1.,0.));
#1908=DIRECTION('ref_axis',(1.,0.,0.));
#1909=DIRECTION('',(-1.,0.,0.));
#1910=DIRECTION('',(0.,0.,-1.));
#1911=DIRECTION('',(1.,0.,0.));
#1912=DIRECTION('',(0.,0.,1.));
#1913=DIRECTION('center_axis',(0.,-1.,0.));
#1914=DIRECTION('ref_axis',(1.,0.,0.));
#1915=DIRECTION('',(0.,0.,-1.));
#1916=DIRECTION('',(-1.,0.,0.));
#1917=DIRECTION('',(0.,0.,1.));
#1918=DIRECTION('',(1.,0.,0.));
#1919=DIRECTION('center_axis',(0.,0.8192319208479,0.57346234389353));
#1920=DIRECTION('ref_axis',(-1.,0.,0.));
#1921=DIRECTION('',(-0.944223223763133,0.188844644952627,-0.269778063932324));
#1922=DIRECTION('',(-0.944223223763133,-0.188844644952627,0.269778063932324));
#1923=DIRECTION('center_axis',(0.,0.8192319208479,-0.57346234389353));
#1924=DIRECTION('ref_axis',(1.,0.,0.));
#1925=DIRECTION('',(0.944223223763133,-0.188844644952627,-0.269778063932324));
#1926=DIRECTION('',(0.944223223763133,0.188844644952627,0.269778063932324));
#1927=DIRECTION('center_axis',(-0.196116134945876,0.980580675729382,0.));
#1928=DIRECTION('ref_axis',(0.,0.,-1.));
#1929=DIRECTION('',(0.,0.,-1.));
#1930=DIRECTION('center_axis',(0.196116134945876,0.980580675729382,0.));
#1931=DIRECTION('ref_axis',(0.,0.,1.));
#1932=DIRECTION('',(0.,0.,1.));
#1933=DIRECTION('center_axis',(-1.,0.,0.));
#1934=DIRECTION('ref_axis',(0.,-1.,0.));
#1935=DIRECTION('',(0.,1.,0.));
#1936=DIRECTION('',(0.,0.,-1.));
#1937=DIRECTION('',(0.,-1.,0.));
#1938=DIRECTION('',(0.,0.,1.));
#1939=DIRECTION('center_axis',(-1.,0.,0.));
#1940=DIRECTION('ref_axis',(0.,-1.,0.));
#1941=DIRECTION('',(0.,0.,-1.));
#1942=DIRECTION('',(0.,1.,0.));
#1943=DIRECTION('',(0.,0.,1.));
#1944=DIRECTION('',(0.,-1.,0.));
#1945=DIRECTION('center_axis',(0.8192319208479,0.,0.57346234389353));
#1946=DIRECTION('ref_axis',(0.,1.,0.));
#1947=DIRECTION('',(0.188844644952627,0.944223223763133,-0.269778063932324));
#1948=DIRECTION('',(-0.188844644952627,0.944223223763133,0.269778063932324));
#1949=DIRECTION('center_axis',(0.8192319208479,0.,-0.57346234389353));
#1950=DIRECTION('ref_axis',(0.,-1.,0.));
#1951=DIRECTION('',(-0.188844644952627,-0.944223223763133,-0.269778063932324));
#1952=DIRECTION('',(0.188844644952627,-0.944223223763133,0.269778063932324));
#1953=DIRECTION('center_axis',(0.980580675729382,0.196116134945876,0.));
#1954=DIRECTION('ref_axis',(0.,0.,-1.));
#1955=DIRECTION('',(0.,0.,-1.));
#1956=DIRECTION('center_axis',(0.980580675729382,-0.196116134945876,0.));
#1957=DIRECTION('ref_axis',(0.,0.,1.));
#1958=DIRECTION('',(0.,0.,1.));
#1959=DIRECTION('center_axis',(0.707106781186548,0.707106781186548,0.));
#1960=DIRECTION('ref_axis',(-0.707106781186548,0.707106781186548,0.));
#1961=DIRECTION('',(-0.707106781186548,0.707106781186548,0.));
#1962=DIRECTION('',(0.,0.,1.));
#1963=DIRECTION('',(-0.707106781186548,0.707106781186548,0.));
#1964=DIRECTION('',(0.,0.,1.));
#1965=DIRECTION('center_axis',(0.707106781186548,-0.707106781186548,0.));
#1966=DIRECTION('ref_axis',(0.707106781186548,0.707106781186548,0.));
#1967=DIRECTION('',(0.707106781186548,0.707106781186548,0.));
#1968=DIRECTION('',(0.,0.,1.));
#1969=DIRECTION('',(0.707106781186548,0.707106781186548,0.));
#1970=DIRECTION('',(0.,0.,1.));
#1971=DIRECTION('center_axis',(-0.707106781186548,-0.707106781186548,0.));
#1972=DIRECTION('ref_axis',(0.707106781186548,-0.707106781186548,0.));
#1973=DIRECTION('',(0.707106781186548,-0.707106781186548,0.));
#1974=DIRECTION('',(0.,0.,1.));
#1975=DIRECTION('',(0.707106781186548,-0.707106781186548,0.));
#1976=DIRECTION('',(0.,0.,1.));
#1977=DIRECTION('center_axis',(-0.707106781186548,0.707106781186548,0.));
#1978=DIRECTION('ref_axis',(-0.707106781186548,-0.707106781186548,0.));
#1979=DIRECTION('',(-0.707106781186548,-0.707106781186548,0.));
#1980=DIRECTION('',(0.,0.,1.));
#1981=DIRECTION('',(-0.707106781186548,-0.707106781186548,0.));
#1982=DIRECTION('',(0.,0.,1.));
#1983=DIRECTION('center_axis',(1.,0.,0.));
#1984=DIRECTION('ref_axis',(0.,0.,-1.));
#1985=DIRECTION('',(0.,0.,-1.));
#1986=DIRECTION('',(0.,-1.,0.));
#1987=DIRECTION('',(0.,0.,1.));
#1988=DIRECTION('',(0.,-1.,0.));
#1989=DIRECTION('center_axis',(0.,-1.,0.));
#1990=DIRECTION('ref_axis',(0.,0.,-1.));
#1991=DIRECTION('',(0.,0.,-1.));
#1992=DIRECTION('',(-1.,0.,0.));
#1993=DIRECTION('',(0.,0.,1.));
#1994=DIRECTION('',(-1.,0.,0.));
#1995=DIRECTION('center_axis',(0.,0.,1.));
#1996=DIRECTION('ref_axis',(-1.,0.,0.));
#1997=DIRECTION('',(0.,1.,0.));
#1998=DIRECTION('',(1.,0.,0.));
#1999=DIRECTION('',(0.,-1.,0.));
#2000=DIRECTION('',(1.,0.,0.));
#2001=DIRECTION('center_axis',(0.,1.,0.));
#2002=DIRECTION('ref_axis',(0.,0.,-1.));
#2003=DIRECTION('',(0.,0.,-1.));
#2004=DIRECTION('',(1.,0.,0.));
#2005=DIRECTION('',(0.,0.,1.));
#2006=DIRECTION('center_axis',(0.,0.,-1.));
#2007=DIRECTION('ref_axis',(-1.,0.,0.));
#2008=DIRECTION('',(0.,1.,0.));
#2009=DIRECTION('',(-1.,0.,0.));
#2010=DIRECTION('',(0.,-1.,0.));
#2011=DIRECTION('center_axis',(0.,0.,-1.));
#2012=DIRECTION('ref_axis',(0.,1.,0.));
#2013=DIRECTION('',(-1.,0.,0.));
#2014=DIRECTION('',(0.,1.,0.));
#2015=DIRECTION('',(-1.,0.,0.));
#2016=DIRECTION('',(0.,1.,0.));
#2017=DIRECTION('center_axis',(1.,0.,0.));
#2018=DIRECTION('ref_axis',(0.,0.,1.));
#2019=DIRECTION('',(0.,0.,1.));
#2020=DIRECTION('',(0.,1.,0.));
#2021=DIRECTION('',(0.,0.,-1.));
#2022=DIRECTION('center_axis',(0.,1.,0.));
#2023=DIRECTION('ref_axis',(-1.,0.,0.));
#2024=DIRECTION('',(-1.,0.,0.));
#2025=DIRECTION('',(-1.,0.,0.));
#2026=DIRECTION('',(0.,0.,-1.));
#2027=DIRECTION('',(1.,0.,0.));
#2028=DIRECTION('center_axis',(0.,0.,1.));
#2029=DIRECTION('ref_axis',(1.,0.,0.));
#2030=DIRECTION('',(1.,0.,0.));
#2031=DIRECTION('',(0.707106781186548,-0.707106781186548,0.));
#2032=DIRECTION('',(0.,-1.,0.));
#2033=DIRECTION('',(-0.707106781186548,-0.707106781186548,0.));
#2034=DIRECTION('',(-1.,0.,0.));
#2035=DIRECTION('',(-0.707106781186548,0.707106781186548,0.));
#2036=DIRECTION('',(0.,1.,0.));
#2037=DIRECTION('',(0.707106781186548,0.707106781186548,0.));
#2038=DIRECTION('',(1.,0.,0.));
#2039=DIRECTION('',(0.,1.,0.));
#2040=DIRECTION('',(0.,-1.,0.));
#2041=DIRECTION('center_axis',(0.,1.,0.));
#2042=DIRECTION('ref_axis',(0.,0.,1.));
#2043=DIRECTION('',(0.,0.,-1.));
#2044=DIRECTION('',(1.,0.,0.));
#2045=DIRECTION('',(0.,0.,-1.));
#2046=DIRECTION('',(-1.,0.,0.));
#2047=DIRECTION('',(1.,0.,0.));
#2048=DIRECTION('',(0.,0.,-1.));
#2049=DIRECTION('center_axis',(-0.707106781186548,0.707106781186548,0.));
#2050=DIRECTION('ref_axis',(-0.707106781186548,-0.707106781186548,0.));
#2051=DIRECTION('',(0.,0.,-1.));
#2052=DIRECTION('',(0.707106781186548,0.707106781186548,0.));
#2053=DIRECTION('center_axis',(-1.,0.,0.));
#2054=DIRECTION('ref_axis',(0.,0.,1.));
#2055=DIRECTION('',(0.,0.,-1.));
#2056=DIRECTION('',(0.,1.,0.));
#2057=DIRECTION('',(0.,1.,0.));
#2058=DIRECTION('',(0.,0.,-1.));
#2059=DIRECTION('center_axis',(-0.707106781186548,-0.707106781186548,0.));
#2060=DIRECTION('ref_axis',(0.707106781186548,-0.707106781186548,0.));
#2061=DIRECTION('',(0.,0.,-1.));
#2062=DIRECTION('',(-0.707106781186548,0.707106781186548,0.));
#2063=DIRECTION('center_axis',(0.,-1.,0.));
#2064=DIRECTION('ref_axis',(0.,0.,-1.));
#2065=DIRECTION('',(0.,0.,-1.));
#2066=DIRECTION('',(-1.,0.,0.));
#2067=DIRECTION('',(1.,0.,0.));
#2068=DIRECTION('',(0.,0.,1.));
#2069=DIRECTION('center_axis',(0.707106781186548,-0.707106781186548,0.));
#2070=DIRECTION('ref_axis',(0.707106781186548,0.707106781186548,0.));
#2071=DIRECTION('',(0.,0.,-1.));
#2072=DIRECTION('',(-0.707106781186548,-0.707106781186548,0.));
#2073=DIRECTION('center_axis',(1.,0.,0.));
#2074=DIRECTION('ref_axis',(0.,0.,-1.));
#2075=DIRECTION('',(0.,0.,-1.));
#2076=DIRECTION('',(0.,-1.,0.));
#2077=DIRECTION('',(0.,1.,0.));
#2078=DIRECTION('',(0.,0.,-1.));
#2079=DIRECTION('center_axis',(0.707106781186548,0.707106781186548,0.));
#2080=DIRECTION('ref_axis',(-0.707106781186548,0.707106781186548,0.));
#2081=DIRECTION('',(0.707106781186548,-0.707106781186548,0.));
#2082=DIRECTION('center_axis',(0.,0.,1.));
#2083=DIRECTION('ref_axis',(1.,0.,0.));
#2084=DIRECTION('center_axis',(1.,0.,0.));
#2085=DIRECTION('ref_axis',(0.,0.,-1.));
#2086=DIRECTION('',(0.,-1.,0.));
#2087=DIRECTION('',(0.,-1.,0.));
#2088=DIRECTION('',(0.,0.,1.));
#2089=DIRECTION('center_axis',(-1.,0.,0.));
#2090=DIRECTION('ref_axis',(0.,-1.,0.));
#2091=DIRECTION('',(0.,1.,0.));
#2092=DIRECTION('',(0.,0.,1.));
#2093=DIRECTION('',(0.,-1.,0.));
#2094=DIRECTION('center_axis',(0.,-1.,0.));
#2095=DIRECTION('ref_axis',(1.,0.,0.));
#2096=DIRECTION('',(1.,0.,0.));
#2097=DIRECTION('',(-1.,0.,0.));
#2098=DIRECTION('',(0.,0.,1.));
#2099=DIRECTION('',(1.,0.,0.));
#2100=DIRECTION('center_axis',(0.,0.,-1.));
#2101=DIRECTION('ref_axis',(-1.,0.,0.));
#2102=DIRECTION('center_axis',(0.,1.,0.));
#2103=DIRECTION('ref_axis',(0.,0.,1.));
#2104=DIRECTION('',(-1.,0.,0.));
#2105=DIRECTION('center_axis',(0.,0.,1.));
#2106=DIRECTION('ref_axis',(1.,0.,0.));
#2107=DIRECTION('center_axis',(0.,0.,-1.));
#2108=DIRECTION('ref_axis',(0.,-1.,0.));
#2109=DIRECTION('',(0.,-1.,0.));
#2110=DIRECTION('center_axis',(0.,0.,1.));
#2111=DIRECTION('ref_axis',(0.,1.,0.));
#2112=DIRECTION('',(0.,-1.,0.));
#2113=DIRECTION('center_axis',(-1.,0.,0.));
#2114=DIRECTION('ref_axis',(0.,0.,1.));
#2115=DIRECTION('center_axis',(0.,0.,-1.));
#2116=DIRECTION('ref_axis',(1.,0.,0.));
#2117=DIRECTION('',(1.,0.,0.));
#2118=DIRECTION('center_axis',(0.,-1.,0.));
#2119=DIRECTION('ref_axis',(0.,0.,1.));
#2120=DIRECTION('center_axis',(-1.,0.,0.));
#2121=DIRECTION('ref_axis',(0.,0.,-1.));
#2122=DIRECTION('',(0.,1.,0.));
#2123=DIRECTION('center_axis',(0.,0.,1.));
#2124=DIRECTION('ref_axis',(0.,-1.,0.));
#2125=DIRECTION('',(0.,0.,1.));
#2126=DIRECTION('',(1.,0.,0.));
#2127=DIRECTION('',(0.,0.,1.));
#2128=DIRECTION('',(1.,0.,0.));
#2129=CARTESIAN_POINT('',(0.,0.,0.));
#2130=CARTESIAN_POINT('',(0.,0.,0.));
#2131=CARTESIAN_POINT('Origin',(-10.76862915,10.76862915,0.));
#2132=CARTESIAN_POINT('',(-9.1372583,12.4,3.));
#2133=CARTESIAN_POINT('',(-9.1372583,12.4,3.4));
#2134=CARTESIAN_POINT('',(-9.1372583,12.4,3.));
#2135=CARTESIAN_POINT('',(-12.4,9.1372583,3.));
#2136=CARTESIAN_POINT('',(-9.1372583,12.4,3.));
#2137=CARTESIAN_POINT('',(-12.4,9.1372583,3.4));
#2138=CARTESIAN_POINT('',(-12.4,9.1372583,3.));
#2139=CARTESIAN_POINT('',(-9.1372583,12.4,3.4));
#2140=CARTESIAN_POINT('Origin',(-10.76862915,10.76862915,3.4));
#2141=CARTESIAN_POINT('',(-12.4,7.581623382,3.4));
#2142=CARTESIAN_POINT('',(-12.4,7.581623382,3.4));
#2143=CARTESIAN_POINT('',(-7.581623382,12.4,3.4));
#2144=CARTESIAN_POINT('',(-7.581623382,12.4,3.4));
#2145=CARTESIAN_POINT('',(-7.581623382,12.4,3.4));
#2146=CARTESIAN_POINT('Origin',(-9.990811691,9.990811691,0.));
#2147=CARTESIAN_POINT('',(-12.4,7.581623382,1.9));
#2148=CARTESIAN_POINT('',(-12.4,7.581623382,3.4));
#2149=CARTESIAN_POINT('',(-7.581623382,12.4,1.9));
#2150=CARTESIAN_POINT('',(-12.4,7.581623382,1.9));
#2151=CARTESIAN_POINT('',(-7.581623382,12.4,1.9));
#2152=CARTESIAN_POINT('Origin',(-8.359440841,12.4,1.898));
#2153=CARTESIAN_POINT('',(-7.581623382,12.4,1.9));
#2154=CARTESIAN_POINT('Origin',(-12.4,8.359440841,1.898));
#2155=CARTESIAN_POINT('',(-12.4,9.1372583,3.));
#2156=CARTESIAN_POINT('Origin',(-9.990811691,9.990811691,1.9));
#2157=CARTESIAN_POINT('Origin',(10.76862915,10.76862915,0.));
#2158=CARTESIAN_POINT('',(12.4,9.1372583,3.));
#2159=CARTESIAN_POINT('',(12.4,9.1372583,3.4));
#2160=CARTESIAN_POINT('',(12.4,9.1372583,3.));
#2161=CARTESIAN_POINT('',(9.1372583,12.4,3.));
#2162=CARTESIAN_POINT('',(12.4,9.1372583,3.));
#2163=CARTESIAN_POINT('',(9.1372583,12.4,3.4));
#2164=CARTESIAN_POINT('',(9.1372583,12.4,3.));
#2165=CARTESIAN_POINT('',(12.4,9.1372583,3.4));
#2166=CARTESIAN_POINT('Origin',(10.76862915,10.76862915,3.4));
#2167=CARTESIAN_POINT('',(7.581623382,12.4,3.4));
#2168=CARTESIAN_POINT('',(7.581623382,12.4,3.4));
#2169=CARTESIAN_POINT('',(12.4,7.581623382,3.4));
#2170=CARTESIAN_POINT('',(12.4,7.581623382,3.4));
#2171=CARTESIAN_POINT('',(12.4,7.581623382,3.4));
#2172=CARTESIAN_POINT('Origin',(9.990811691,9.990811691,0.));
#2173=CARTESIAN_POINT('',(7.581623382,12.4,1.9));
#2174=CARTESIAN_POINT('',(7.581623382,12.4,3.4));
#2175=CARTESIAN_POINT('',(12.4,7.581623382,1.9));
#2176=CARTESIAN_POINT('',(7.581623382,12.4,1.9));
#2177=CARTESIAN_POINT('',(12.4,7.581623382,1.9));
#2178=CARTESIAN_POINT('Origin',(12.4,8.359440841,1.898));
#2179=CARTESIAN_POINT('',(12.4,7.581623382,1.9));
#2180=CARTESIAN_POINT('Origin',(8.359440841,12.4,1.898));
#2181=CARTESIAN_POINT('',(9.1372583,12.4,3.));
#2182=CARTESIAN_POINT('Origin',(9.990811691,9.990811691,1.9));
#2183=CARTESIAN_POINT('Origin',(10.76862915,-10.76862915,0.));
#2184=CARTESIAN_POINT('',(9.1372583,-12.4,3.));
#2185=CARTESIAN_POINT('',(9.1372583,-12.4,3.4));
#2186=CARTESIAN_POINT('',(9.1372583,-12.4,3.));
#2187=CARTESIAN_POINT('',(12.4,-9.1372583,3.));
#2188=CARTESIAN_POINT('',(9.1372583,-12.4,3.));
#2189=CARTESIAN_POINT('',(12.4,-9.1372583,3.4));
#2190=CARTESIAN_POINT('',(12.4,-9.1372583,3.));
#2191=CARTESIAN_POINT('',(9.1372583,-12.4,3.4));
#2192=CARTESIAN_POINT('Origin',(10.76862915,-10.76862915,3.4));
#2193=CARTESIAN_POINT('',(12.4,-7.581623382,3.4));
#2194=CARTESIAN_POINT('',(12.4,-7.581623382,3.4));
#2195=CARTESIAN_POINT('',(7.581623382,-12.4,3.4));
#2196=CARTESIAN_POINT('',(7.581623382,-12.4,3.4));
#2197=CARTESIAN_POINT('',(7.581623382,-12.4,3.4));
#2198=CARTESIAN_POINT('Origin',(9.990811691,-9.990811691,0.));
#2199=CARTESIAN_POINT('',(12.4,-7.581623382,1.9));
#2200=CARTESIAN_POINT('',(12.4,-7.581623382,3.4));
#2201=CARTESIAN_POINT('',(7.581623382,-12.4,1.9));
#2202=CARTESIAN_POINT('',(12.4,-7.581623382,1.9));
#2203=CARTESIAN_POINT('',(7.581623382,-12.4,1.9));
#2204=CARTESIAN_POINT('Origin',(8.359440841,-12.4,1.898));
#2205=CARTESIAN_POINT('',(7.581623382,-12.4,1.9));
#2206=CARTESIAN_POINT('Origin',(12.4,-8.359440841,1.898));
#2207=CARTESIAN_POINT('',(12.4,-9.1372583,3.));
#2208=CARTESIAN_POINT('Origin',(9.990811691,-9.990811691,1.9));
#2209=CARTESIAN_POINT('Origin',(-10.76862915,-10.76862915,0.));
#2210=CARTESIAN_POINT('',(-12.4,-9.1372583,3.));
#2211=CARTESIAN_POINT('',(-12.4,-9.1372583,3.4));
#2212=CARTESIAN_POINT('',(-12.4,-9.1372583,3.));
#2213=CARTESIAN_POINT('',(-9.1372583,-12.4,3.));
#2214=CARTESIAN_POINT('',(-12.4,-9.1372583,3.));
#2215=CARTESIAN_POINT('',(-9.1372583,-12.4,3.4));
#2216=CARTESIAN_POINT('',(-9.1372583,-12.4,3.));
#2217=CARTESIAN_POINT('',(-12.4,-9.1372583,3.4));
#2218=CARTESIAN_POINT('Origin',(-10.76862915,-10.76862915,3.4));
#2219=CARTESIAN_POINT('',(-7.581623382,-12.4,3.4));
#2220=CARTESIAN_POINT('',(-7.581623382,-12.4,3.4));
#2221=CARTESIAN_POINT('',(-12.4,-7.581623382,3.4));
#2222=CARTESIAN_POINT('',(-12.4,-7.581623382,3.4));
#2223=CARTESIAN_POINT('',(-12.4,-7.581623382,3.4));
#2224=CARTESIAN_POINT('Origin',(-9.990811691,-9.990811691,0.));
#2225=CARTESIAN_POINT('',(-7.581623382,-12.4,1.9));
#2226=CARTESIAN_POINT('',(-7.581623382,-12.4,3.4));
#2227=CARTESIAN_POINT('',(-12.4,-7.581623382,1.9));
#2228=CARTESIAN_POINT('',(-7.581623382,-12.4,1.9));
#2229=CARTESIAN_POINT('',(-12.4,-7.581623382,1.9));
#2230=CARTESIAN_POINT('Origin',(-12.4,-8.359440841,1.898));
#2231=CARTESIAN_POINT('',(-12.4,-7.581623382,1.9));
#2232=CARTESIAN_POINT('Origin',(-8.359440841,-12.4,1.898));
#2233=CARTESIAN_POINT('',(-9.1372583,-12.4,3.));
#2234=CARTESIAN_POINT('Origin',(-9.990811691,-9.990811691,1.9));
#2235=CARTESIAN_POINT('',(0.,0.,0.));
#2236=CARTESIAN_POINT('Origin',(0.,12.8,0.));
#2237=CARTESIAN_POINT('',(-1.914707296,12.8,1.42857142862464));
#2238=CARTESIAN_POINT('',(1.914707296,12.8,1.42857142862464));
#2239=CARTESIAN_POINT('',(-1.914707296,12.8,1.428571429));
#2240=CARTESIAN_POINT('',(1.914707296,12.8,0.771428571375364));
#2241=CARTESIAN_POINT('',(1.914707296,12.8,1.428571429));
#2242=CARTESIAN_POINT('',(-1.914707296,12.8,0.771428571375363));
#2243=CARTESIAN_POINT('',(1.914707296,12.8,0.771428571));
#2244=CARTESIAN_POINT('',(-1.914707296,12.8,0.771428571));
#2245=CARTESIAN_POINT('Origin',(0.,12.4,0.));
#2246=CARTESIAN_POINT('',(-5.4,12.4,2.));
#2247=CARTESIAN_POINT('',(-5.4,12.4,0.2));
#2248=CARTESIAN_POINT('',(-5.4,12.4,2.));
#2249=CARTESIAN_POINT('',(5.4,12.4,0.2));
#2250=CARTESIAN_POINT('',(-5.4,12.4,0.2));
#2251=CARTESIAN_POINT('',(5.4,12.4,2.));
#2252=CARTESIAN_POINT('',(5.4,12.4,0.2));
#2253=CARTESIAN_POINT('',(5.4,12.4,2.));
#2254=CARTESIAN_POINT('Origin',(2.5,12.4,0.2));
#2255=CARTESIAN_POINT('',(4.856449323,12.508710135,0.355300193));
#2256=CARTESIAN_POINT('Ctrl Pts',(1.914707296,12.8,0.771428572126093));
#2257=CARTESIAN_POINT('Ctrl Pts',(2.89023247461945,12.8,0.77142857212609));
#2258=CARTESIAN_POINT('Ctrl Pts',(3.17517431501325,12.7940522367863,0.762931768937167));
#2259=CARTESIAN_POINT('Ctrl Pts',(3.56893327119962,12.7528267086698,0.704038157270324));
#2260=CARTESIAN_POINT('Ctrl Pts',(3.73614230629167,12.7261429388431,0.66591848463339));
#2261=CARTESIAN_POINT('Ctrl Pts',(4.14412608869223,12.6493744653477,0.55624923664897));
#2262=CARTESIAN_POINT('Ctrl Pts',(4.27728720500443,12.6234634499122,0.519233500264249));
#2263=CARTESIAN_POINT('Ctrl Pts',(4.54421647879642,12.5710123710817,0.444303387557824));
#2264=CARTESIAN_POINT('Ctrl Pts',(4.7088896980131,12.5382220600379,0.397460086009474));
#2265=CARTESIAN_POINT('Ctrl Pts',(4.85644932301059,12.5087101349979,0.355300193043682));
#2266=CARTESIAN_POINT('',(4.856449323,12.508710135,0.355300193));
#2267=CARTESIAN_POINT('',(-4.856449323,12.508710135,0.355300193));
#2268=CARTESIAN_POINT('',(-5.4,12.4,0.2));
#2269=CARTESIAN_POINT('Ctrl Pts',(-4.85644932300798,12.5087101349984,0.355300193044428));
#2270=CARTESIAN_POINT('Ctrl Pts',(-4.70900752437232,12.538198494766,0.397426421335323));
#2271=CARTESIAN_POINT('Ctrl Pts',(-4.54450869198189,12.5709541588569,0.444220227236485));
#2272=CARTESIAN_POINT('Ctrl Pts',(-4.27779405940404,12.6233644666833,0.519092095651288));
#2273=CARTESIAN_POINT('Ctrl Pts',(-4.14478752512351,12.6492464631981,0.556066376434917));
#2274=CARTESIAN_POINT('Ctrl Pts',(-3.73751735612943,12.7258926589136,0.665560941876481));
#2275=CARTESIAN_POINT('Ctrl Pts',(-3.57040723701523,12.7525934637722,0.703704948860849));
#2276=CARTESIAN_POINT('Ctrl Pts',(-3.17659487239319,12.7940299594503,0.762899942758947));
#2277=CARTESIAN_POINT('Ctrl Pts',(-2.89205781976931,12.8,0.771428572126088));
#2278=CARTESIAN_POINT('Ctrl Pts',(-1.914707296,12.8,0.771428572126089));
#2279=CARTESIAN_POINT('Origin',(-2.7,12.4,2.));
#2280=CARTESIAN_POINT('',(4.856449323,12.508710135,1.844699807));
#2281=CARTESIAN_POINT('',(5.4,12.4,2.));
#2282=CARTESIAN_POINT('Ctrl Pts',(4.85644932300799,12.5087101349984,1.84469980695557));
#2283=CARTESIAN_POINT('Ctrl Pts',(4.70900752437499,12.5381984947655,1.80257357866544));
#2284=CARTESIAN_POINT('Ctrl Pts',(4.54450869198239,12.5709541588568,1.75577977276365));
#2285=CARTESIAN_POINT('Ctrl Pts',(4.27779405940262,12.6233644666835,1.68090790434831));
#2286=CARTESIAN_POINT('Ctrl Pts',(4.14478752512329,12.6492464631981,1.64393362356502));
#2287=CARTESIAN_POINT('Ctrl Pts',(3.73751735612967,12.7258926589135,1.53443905812359));
#2288=CARTESIAN_POINT('Ctrl Pts',(3.57040723701534,12.7525934637722,1.49629505113917));
#2289=CARTESIAN_POINT('Ctrl Pts',(3.17659487239315,12.7940299594503,1.43710005724105));
#2290=CARTESIAN_POINT('Ctrl Pts',(2.89205781976922,12.8,1.42857142787391));
#2291=CARTESIAN_POINT('Ctrl Pts',(1.914707296,12.8,1.42857142787391));
#2292=CARTESIAN_POINT('',(-4.856449323,12.508710135,1.844699807));
#2293=CARTESIAN_POINT('Ctrl Pts',(-1.914707296,12.8,1.42857142787391));
#2294=CARTESIAN_POINT('Ctrl Pts',(-2.89023247461931,12.8,1.42857142787391));
#2295=CARTESIAN_POINT('Ctrl Pts',(-3.17517431501319,12.7940522367863,1.43706823106283));
#2296=CARTESIAN_POINT('Ctrl Pts',(-3.56893327119957,12.7528267086698,1.49596184272967));
#2297=CARTESIAN_POINT('Ctrl Pts',(-3.73614230629155,12.7261429388431,1.53408151536658));
#2298=CARTESIAN_POINT('Ctrl Pts',(-4.14412608869233,12.6493744653477,1.64375076335106));
#2299=CARTESIAN_POINT('Ctrl Pts',(-4.27728720500489,12.6234634499121,1.68076649973588));
#2300=CARTESIAN_POINT('Ctrl Pts',(-4.54421647879602,12.5710123710818,1.75569661244207));
#2301=CARTESIAN_POINT('Ctrl Pts',(-4.70888969801139,12.5382220600383,1.80253991399004));
#2302=CARTESIAN_POINT('Ctrl Pts',(-4.85644932301059,12.5087101349979,1.84469980695632));
#2303=CARTESIAN_POINT('',(-4.856449323,12.508710135,1.844699807));
#2304=CARTESIAN_POINT('Origin',(-5.4,12.4,1.1));
#2305=CARTESIAN_POINT('',(-4.856449323,12.508710135,1.844699807));
#2306=CARTESIAN_POINT('Origin',(5.4,12.4,1.1));
#2307=CARTESIAN_POINT('',(4.856449323,12.508710135,0.355300193));
#2308=CARTESIAN_POINT('Ctrl Pts',(4.856449323,12.508710135,0.355300193));
#2309=CARTESIAN_POINT('Ctrl Pts',(4.856449323,12.508710135,2.1425797298));
#2310=CARTESIAN_POINT('Ctrl Pts',(3.4,12.8,0.355300193));
#2311=CARTESIAN_POINT('Ctrl Pts',(3.4,12.8,2.1425797298));
#2312=CARTESIAN_POINT('Ctrl Pts',(1.914707296,12.8,0.355300193));
#2313=CARTESIAN_POINT('Ctrl Pts',(1.914707296,12.8,2.1425797298));
#2314=CARTESIAN_POINT('Ctrl Pts',(-4.856449323,12.508710135,1.844699807));
#2315=CARTESIAN_POINT('Ctrl Pts',(-4.856449323,12.508710135,0.0574202701999998));
#2316=CARTESIAN_POINT('Ctrl Pts',(-3.4,12.8,1.844699807));
#2317=CARTESIAN_POINT('Ctrl Pts',(-3.4,12.8,0.0574202701999998));
#2318=CARTESIAN_POINT('Ctrl Pts',(-1.914707296,12.8,1.844699807));
#2319=CARTESIAN_POINT('Ctrl Pts',(-1.914707296,12.8,0.0574202701999998));
#2320=CARTESIAN_POINT('Origin',(12.8,0.,0.));
#2321=CARTESIAN_POINT('',(12.8,1.914707296,1.42857142862464));
#2322=CARTESIAN_POINT('',(12.8,-1.914707296,1.42857142862464));
#2323=CARTESIAN_POINT('',(12.8,1.914707296,1.428571429));
#2324=CARTESIAN_POINT('',(12.8,-1.914707296,0.771428571375364));
#2325=CARTESIAN_POINT('',(12.8,-1.914707296,1.428571429));
#2326=CARTESIAN_POINT('',(12.8,1.914707296,0.771428571375363));
#2327=CARTESIAN_POINT('',(12.8,-1.914707296,0.771428571));
#2328=CARTESIAN_POINT('',(12.8,1.914707296,0.771428571));
#2329=CARTESIAN_POINT('Origin',(12.4,0.,0.));
#2330=CARTESIAN_POINT('',(12.4,5.4,2.));
#2331=CARTESIAN_POINT('',(12.4,5.4,0.2));
#2332=CARTESIAN_POINT('',(12.4,5.4,2.));
#2333=CARTESIAN_POINT('',(12.4,-5.4,0.2));
#2334=CARTESIAN_POINT('',(12.4,5.4,0.2));
#2335=CARTESIAN_POINT('',(12.4,-5.4,2.));
#2336=CARTESIAN_POINT('',(12.4,-5.4,0.2));
#2337=CARTESIAN_POINT('',(12.4,-5.4,2.));
#2338=CARTESIAN_POINT('Origin',(12.4,-2.5,0.2));
#2339=CARTESIAN_POINT('',(12.508710135,-4.856449323,0.355300193));
#2340=CARTESIAN_POINT('Ctrl Pts',(12.8,-1.914707296,0.771428572126093));
#2341=CARTESIAN_POINT('Ctrl Pts',(12.8,-2.89023247461945,0.77142857212609));
#2342=CARTESIAN_POINT('Ctrl Pts',(12.7940522367863,-3.17517431501325,0.762931768937167));
#2343=CARTESIAN_POINT('Ctrl Pts',(12.7528267086698,-3.56893327119962,0.704038157270324));
#2344=CARTESIAN_POINT('Ctrl Pts',(12.7261429388431,-3.73614230629167,0.66591848463339));
#2345=CARTESIAN_POINT('Ctrl Pts',(12.6493744653477,-4.14412608869223,0.55624923664897));
#2346=CARTESIAN_POINT('Ctrl Pts',(12.6234634499122,-4.27728720500443,0.519233500264249));
#2347=CARTESIAN_POINT('Ctrl Pts',(12.5710123710817,-4.54421647879642,0.444303387557824));
#2348=CARTESIAN_POINT('Ctrl Pts',(12.5382220600379,-4.7088896980131,0.397460086009474));
#2349=CARTESIAN_POINT('Ctrl Pts',(12.5087101349979,-4.85644932301059,0.355300193043682));
#2350=CARTESIAN_POINT('',(12.508710135,-4.856449323,0.355300193));
#2351=CARTESIAN_POINT('',(12.508710135,4.856449323,0.355300193));
#2352=CARTESIAN_POINT('',(12.4,5.4,0.2));
#2353=CARTESIAN_POINT('Ctrl Pts',(12.5087101349984,4.85644932300798,0.355300193044428));
#2354=CARTESIAN_POINT('Ctrl Pts',(12.538198494766,4.70900752437232,0.397426421335323));
#2355=CARTESIAN_POINT('Ctrl Pts',(12.5709541588569,4.54450869198189,0.444220227236485));
#2356=CARTESIAN_POINT('Ctrl Pts',(12.6233644666833,4.27779405940404,0.519092095651288));
#2357=CARTESIAN_POINT('Ctrl Pts',(12.6492464631981,4.14478752512351,0.556066376434917));
#2358=CARTESIAN_POINT('Ctrl Pts',(12.7258926589136,3.73751735612943,0.665560941876481));
#2359=CARTESIAN_POINT('Ctrl Pts',(12.7525934637722,3.57040723701523,0.703704948860849));
#2360=CARTESIAN_POINT('Ctrl Pts',(12.7940299594503,3.17659487239319,0.762899942758947));
#2361=CARTESIAN_POINT('Ctrl Pts',(12.8,2.89205781976931,0.771428572126088));
#2362=CARTESIAN_POINT('Ctrl Pts',(12.8,1.914707296,0.771428572126089));
#2363=CARTESIAN_POINT('Origin',(12.4,2.7,2.));
#2364=CARTESIAN_POINT('',(12.508710135,-4.856449323,1.844699807));
#2365=CARTESIAN_POINT('',(12.4,-5.4,2.));
#2366=CARTESIAN_POINT('Ctrl Pts',(12.5087101349984,-4.85644932300799,1.84469980695557));
#2367=CARTESIAN_POINT('Ctrl Pts',(12.5381984947655,-4.70900752437499,1.80257357866544));
#2368=CARTESIAN_POINT('Ctrl Pts',(12.5709541588568,-4.54450869198239,1.75577977276365));
#2369=CARTESIAN_POINT('Ctrl Pts',(12.6233644666835,-4.27779405940262,1.68090790434831));
#2370=CARTESIAN_POINT('Ctrl Pts',(12.6492464631981,-4.14478752512329,1.64393362356502));
#2371=CARTESIAN_POINT('Ctrl Pts',(12.7258926589135,-3.73751735612967,1.53443905812359));
#2372=CARTESIAN_POINT('Ctrl Pts',(12.7525934637722,-3.57040723701534,1.49629505113917));
#2373=CARTESIAN_POINT('Ctrl Pts',(12.7940299594503,-3.17659487239315,1.43710005724105));
#2374=CARTESIAN_POINT('Ctrl Pts',(12.8,-2.89205781976922,1.42857142787391));
#2375=CARTESIAN_POINT('Ctrl Pts',(12.8,-1.914707296,1.42857142787391));
#2376=CARTESIAN_POINT('',(12.508710135,4.856449323,1.844699807));
#2377=CARTESIAN_POINT('Ctrl Pts',(12.8,1.914707296,1.42857142787391));
#2378=CARTESIAN_POINT('Ctrl Pts',(12.8,2.89023247461931,1.42857142787391));
#2379=CARTESIAN_POINT('Ctrl Pts',(12.7940522367863,3.17517431501319,1.43706823106283));
#2380=CARTESIAN_POINT('Ctrl Pts',(12.7528267086698,3.56893327119957,1.49596184272967));
#2381=CARTESIAN_POINT('Ctrl Pts',(12.7261429388431,3.73614230629155,1.53408151536658));
#2382=CARTESIAN_POINT('Ctrl Pts',(12.6493744653477,4.14412608869233,1.64375076335106));
#2383=CARTESIAN_POINT('Ctrl Pts',(12.6234634499121,4.27728720500489,1.68076649973588));
#2384=CARTESIAN_POINT('Ctrl Pts',(12.5710123710818,4.54421647879602,1.75569661244207));
#2385=CARTESIAN_POINT('Ctrl Pts',(12.5382220600383,4.70888969801139,1.80253991399004));
#2386=CARTESIAN_POINT('Ctrl Pts',(12.5087101349979,4.85644932301059,1.84469980695632));
#2387=CARTESIAN_POINT('',(12.508710135,4.856449323,1.844699807));
#2388=CARTESIAN_POINT('Origin',(12.4,5.4,1.1));
#2389=CARTESIAN_POINT('',(12.508710135,4.856449323,1.844699807));
#2390=CARTESIAN_POINT('Origin',(12.4,-5.4,1.1));
#2391=CARTESIAN_POINT('',(12.508710135,-4.856449323,0.355300193));
#2392=CARTESIAN_POINT('Ctrl Pts',(12.508710135,-4.856449323,0.355300193));
#2393=CARTESIAN_POINT('Ctrl Pts',(12.508710135,-4.856449323,2.1425797298));
#2394=CARTESIAN_POINT('Ctrl Pts',(12.8,-3.4,0.355300193));
#2395=CARTESIAN_POINT('Ctrl Pts',(12.8,-3.4,2.1425797298));
#2396=CARTESIAN_POINT('Ctrl Pts',(12.8,-1.914707296,0.355300193));
#2397=CARTESIAN_POINT('Ctrl Pts',(12.8,-1.914707296,2.1425797298));
#2398=CARTESIAN_POINT('Ctrl Pts',(12.508710135,4.856449323,1.844699807));
#2399=CARTESIAN_POINT('Ctrl Pts',(12.508710135,4.856449323,0.0574202701999998));
#2400=CARTESIAN_POINT('Ctrl Pts',(12.8,3.4,1.844699807));
#2401=CARTESIAN_POINT('Ctrl Pts',(12.8,3.4,0.0574202701999998));
#2402=CARTESIAN_POINT('Ctrl Pts',(12.8,1.914707296,1.844699807));
#2403=CARTESIAN_POINT('Ctrl Pts',(12.8,1.914707296,0.0574202701999998));
#2404=CARTESIAN_POINT('Origin',(0.,-12.8,0.));
#2405=CARTESIAN_POINT('',(1.914707296,-12.8,1.42857142862464));
#2406=CARTESIAN_POINT('',(-1.914707296,-12.8,1.42857142862464));
#2407=CARTESIAN_POINT('',(1.914707296,-12.8,1.428571429));
#2408=CARTESIAN_POINT('',(-1.914707296,-12.8,0.771428571375364));
#2409=CARTESIAN_POINT('',(-1.914707296,-12.8,1.428571429));
#2410=CARTESIAN_POINT('',(1.914707296,-12.8,0.771428571375363));
#2411=CARTESIAN_POINT('',(-1.914707296,-12.8,0.771428571));
#2412=CARTESIAN_POINT('',(1.914707296,-12.8,0.771428571));
#2413=CARTESIAN_POINT('Origin',(0.,-12.4,0.));
#2414=CARTESIAN_POINT('',(5.4,-12.4,2.));
#2415=CARTESIAN_POINT('',(5.4,-12.4,0.2));
#2416=CARTESIAN_POINT('',(5.4,-12.4,2.));
#2417=CARTESIAN_POINT('',(-5.4,-12.4,0.2));
#2418=CARTESIAN_POINT('',(5.4,-12.4,0.2));
#2419=CARTESIAN_POINT('',(-5.4,-12.4,2.));
#2420=CARTESIAN_POINT('',(-5.4,-12.4,0.2));
#2421=CARTESIAN_POINT('',(-5.4,-12.4,2.));
#2422=CARTESIAN_POINT('Origin',(-2.5,-12.4,0.2));
#2423=CARTESIAN_POINT('',(-4.856449323,-12.508710135,0.355300193));
#2424=CARTESIAN_POINT('Ctrl Pts',(-1.914707296,-12.8,0.771428572126093));
#2425=CARTESIAN_POINT('Ctrl Pts',(-2.89023247461945,-12.8,0.77142857212609));
#2426=CARTESIAN_POINT('Ctrl Pts',(-3.17517431501325,-12.7940522367863,0.762931768937167));
#2427=CARTESIAN_POINT('Ctrl Pts',(-3.56893327119962,-12.7528267086698,0.704038157270324));
#2428=CARTESIAN_POINT('Ctrl Pts',(-3.73614230629167,-12.7261429388431,0.66591848463339));
#2429=CARTESIAN_POINT('Ctrl Pts',(-4.14412608869223,-12.6493744653477,0.55624923664897));
#2430=CARTESIAN_POINT('Ctrl Pts',(-4.27728720500443,-12.6234634499122,0.519233500264249));
#2431=CARTESIAN_POINT('Ctrl Pts',(-4.54421647879642,-12.5710123710817,0.444303387557824));
#2432=CARTESIAN_POINT('Ctrl Pts',(-4.7088896980131,-12.5382220600379,0.397460086009474));
#2433=CARTESIAN_POINT('Ctrl Pts',(-4.85644932301059,-12.5087101349979,0.355300193043682));
#2434=CARTESIAN_POINT('',(-4.856449323,-12.508710135,0.355300193));
#2435=CARTESIAN_POINT('',(4.856449323,-12.508710135,0.355300193));
#2436=CARTESIAN_POINT('',(5.4,-12.4,0.2));
#2437=CARTESIAN_POINT('Ctrl Pts',(4.85644932300798,-12.5087101349984,0.355300193044428));
#2438=CARTESIAN_POINT('Ctrl Pts',(4.70900752437232,-12.538198494766,0.397426421335323));
#2439=CARTESIAN_POINT('Ctrl Pts',(4.54450869198189,-12.5709541588569,0.444220227236485));
#2440=CARTESIAN_POINT('Ctrl Pts',(4.27779405940404,-12.6233644666833,0.519092095651288));
#2441=CARTESIAN_POINT('Ctrl Pts',(4.14478752512351,-12.6492464631981,0.556066376434917));
#2442=CARTESIAN_POINT('Ctrl Pts',(3.73751735612943,-12.7258926589136,0.665560941876481));
#2443=CARTESIAN_POINT('Ctrl Pts',(3.57040723701523,-12.7525934637722,0.703704948860849));
#2444=CARTESIAN_POINT('Ctrl Pts',(3.17659487239319,-12.7940299594503,0.762899942758947));
#2445=CARTESIAN_POINT('Ctrl Pts',(2.89205781976931,-12.8,0.771428572126088));
#2446=CARTESIAN_POINT('Ctrl Pts',(1.914707296,-12.8,0.771428572126089));
#2447=CARTESIAN_POINT('Origin',(2.7,-12.4,2.));
#2448=CARTESIAN_POINT('',(-4.856449323,-12.508710135,1.844699807));
#2449=CARTESIAN_POINT('',(-5.4,-12.4,2.));
#2450=CARTESIAN_POINT('Ctrl Pts',(-4.85644932300799,-12.5087101349984,1.84469980695557));
#2451=CARTESIAN_POINT('Ctrl Pts',(-4.70900752437499,-12.5381984947655,1.80257357866544));
#2452=CARTESIAN_POINT('Ctrl Pts',(-4.54450869198239,-12.5709541588568,1.75577977276365));
#2453=CARTESIAN_POINT('Ctrl Pts',(-4.27779405940262,-12.6233644666835,1.68090790434831));
#2454=CARTESIAN_POINT('Ctrl Pts',(-4.14478752512329,-12.6492464631981,1.64393362356502));
#2455=CARTESIAN_POINT('Ctrl Pts',(-3.73751735612967,-12.7258926589135,1.53443905812359));
#2456=CARTESIAN_POINT('Ctrl Pts',(-3.57040723701534,-12.7525934637722,1.49629505113917));
#2457=CARTESIAN_POINT('Ctrl Pts',(-3.17659487239315,-12.7940299594503,1.43710005724105));
#2458=CARTESIAN_POINT('Ctrl Pts',(-2.89205781976922,-12.8,1.42857142787391));
#2459=CARTESIAN_POINT('Ctrl Pts',(-1.914707296,-12.8,1.42857142787391));
#2460=CARTESIAN_POINT('',(4.856449323,-12.508710135,1.844699807));
#2461=CARTESIAN_POINT('Ctrl Pts',(1.914707296,-12.8,1.42857142787391));
#2462=CARTESIAN_POINT('Ctrl Pts',(2.89023247461931,-12.8,1.42857142787391));
#2463=CARTESIAN_POINT('Ctrl Pts',(3.17517431501319,-12.7940522367863,1.43706823106283));
#2464=CARTESIAN_POINT('Ctrl Pts',(3.56893327119957,-12.7528267086698,1.49596184272967));
#2465=CARTESIAN_POINT('Ctrl Pts',(3.73614230629155,-12.7261429388431,1.53408151536658));
#2466=CARTESIAN_POINT('Ctrl Pts',(4.14412608869233,-12.6493744653477,1.64375076335106));
#2467=CARTESIAN_POINT('Ctrl Pts',(4.27728720500489,-12.6234634499121,1.68076649973588));
#2468=CARTESIAN_POINT('Ctrl Pts',(4.54421647879602,-12.5710123710818,1.75569661244207));
#2469=CARTESIAN_POINT('Ctrl Pts',(4.70888969801139,-12.5382220600383,1.80253991399004));
#2470=CARTESIAN_POINT('Ctrl Pts',(4.85644932301059,-12.5087101349979,1.84469980695632));
#2471=CARTESIAN_POINT('',(4.856449323,-12.508710135,1.844699807));
#2472=CARTESIAN_POINT('Origin',(5.4,-12.4,1.1));
#2473=CARTESIAN_POINT('',(4.856449323,-12.508710135,1.844699807));
#2474=CARTESIAN_POINT('Origin',(-5.4,-12.4,1.1));
#2475=CARTESIAN_POINT('',(-4.856449323,-12.508710135,0.355300193));
#2476=CARTESIAN_POINT('Ctrl Pts',(-4.856449323,-12.508710135,0.355300193));
#2477=CARTESIAN_POINT('Ctrl Pts',(-4.856449323,-12.508710135,2.1425797298));
#2478=CARTESIAN_POINT('Ctrl Pts',(-3.4,-12.8,0.355300193));
#2479=CARTESIAN_POINT('Ctrl Pts',(-3.4,-12.8,2.1425797298));
#2480=CARTESIAN_POINT('Ctrl Pts',(-1.914707296,-12.8,0.355300193));
#2481=CARTESIAN_POINT('Ctrl Pts',(-1.914707296,-12.8,2.1425797298));
#2482=CARTESIAN_POINT('Ctrl Pts',(4.856449323,-12.508710135,1.844699807));
#2483=CARTESIAN_POINT('Ctrl Pts',(4.856449323,-12.508710135,0.0574202701999998));
#2484=CARTESIAN_POINT('Ctrl Pts',(3.4,-12.8,1.844699807));
#2485=CARTESIAN_POINT('Ctrl Pts',(3.4,-12.8,0.0574202701999998));
#2486=CARTESIAN_POINT('Ctrl Pts',(1.914707296,-12.8,1.844699807));
#2487=CARTESIAN_POINT('Ctrl Pts',(1.914707296,-12.8,0.0574202701999998));
#2488=CARTESIAN_POINT('Origin',(-12.8,0.,0.));
#2489=CARTESIAN_POINT('',(-12.8,-1.914707296,1.42857142862464));
#2490=CARTESIAN_POINT('',(-12.8,1.914707296,1.42857142862464));
#2491=CARTESIAN_POINT('',(-12.8,-1.914707296,1.428571429));
#2492=CARTESIAN_POINT('',(-12.8,1.914707296,0.771428571375364));
#2493=CARTESIAN_POINT('',(-12.8,1.914707296,1.428571429));
#2494=CARTESIAN_POINT('',(-12.8,-1.914707296,0.771428571375363));
#2495=CARTESIAN_POINT('',(-12.8,1.914707296,0.771428571));
#2496=CARTESIAN_POINT('',(-12.8,-1.914707296,0.771428571));
#2497=CARTESIAN_POINT('Origin',(-12.4,0.,0.));
#2498=CARTESIAN_POINT('',(-12.4,-5.4,2.));
#2499=CARTESIAN_POINT('',(-12.4,-5.4,0.2));
#2500=CARTESIAN_POINT('',(-12.4,-5.4,2.));
#2501=CARTESIAN_POINT('',(-12.4,5.4,0.2));
#2502=CARTESIAN_POINT('',(-12.4,-5.4,0.2));
#2503=CARTESIAN_POINT('',(-12.4,5.4,2.));
#2504=CARTESIAN_POINT('',(-12.4,5.4,0.2));
#2505=CARTESIAN_POINT('',(-12.4,5.4,2.));
#2506=CARTESIAN_POINT('Origin',(-12.4,2.5,0.2));
#2507=CARTESIAN_POINT('',(-12.508710135,4.856449323,0.355300193));
#2508=CARTESIAN_POINT('Ctrl Pts',(-12.8,1.914707296,0.771428572126093));
#2509=CARTESIAN_POINT('Ctrl Pts',(-12.8,2.89023247461945,0.77142857212609));
#2510=CARTESIAN_POINT('Ctrl Pts',(-12.7940522367863,3.17517431501325,0.762931768937167));
#2511=CARTESIAN_POINT('Ctrl Pts',(-12.7528267086698,3.56893327119962,0.704038157270324));
#2512=CARTESIAN_POINT('Ctrl Pts',(-12.7261429388431,3.73614230629167,0.66591848463339));
#2513=CARTESIAN_POINT('Ctrl Pts',(-12.6493744653477,4.14412608869223,0.55624923664897));
#2514=CARTESIAN_POINT('Ctrl Pts',(-12.6234634499122,4.27728720500443,0.519233500264249));
#2515=CARTESIAN_POINT('Ctrl Pts',(-12.5710123710817,4.54421647879642,0.444303387557824));
#2516=CARTESIAN_POINT('Ctrl Pts',(-12.5382220600379,4.7088896980131,0.397460086009474));
#2517=CARTESIAN_POINT('Ctrl Pts',(-12.5087101349979,4.85644932301059,0.355300193043682));
#2518=CARTESIAN_POINT('',(-12.508710135,4.856449323,0.355300193));
#2519=CARTESIAN_POINT('',(-12.508710135,-4.856449323,0.355300193));
#2520=CARTESIAN_POINT('',(-12.4,-5.4,0.2));
#2521=CARTESIAN_POINT('Ctrl Pts',(-12.5087101349984,-4.85644932300798,0.355300193044428));
#2522=CARTESIAN_POINT('Ctrl Pts',(-12.538198494766,-4.70900752437232,0.397426421335323));
#2523=CARTESIAN_POINT('Ctrl Pts',(-12.5709541588569,-4.54450869198189,0.444220227236485));
#2524=CARTESIAN_POINT('Ctrl Pts',(-12.6233644666833,-4.27779405940404,0.519092095651288));
#2525=CARTESIAN_POINT('Ctrl Pts',(-12.6492464631981,-4.14478752512351,0.556066376434917));
#2526=CARTESIAN_POINT('Ctrl Pts',(-12.7258926589136,-3.73751735612943,0.665560941876481));
#2527=CARTESIAN_POINT('Ctrl Pts',(-12.7525934637722,-3.57040723701523,0.703704948860849));
#2528=CARTESIAN_POINT('Ctrl Pts',(-12.7940299594503,-3.17659487239319,0.762899942758947));
#2529=CARTESIAN_POINT('Ctrl Pts',(-12.8,-2.89205781976931,0.771428572126088));
#2530=CARTESIAN_POINT('Ctrl Pts',(-12.8,-1.914707296,0.771428572126089));
#2531=CARTESIAN_POINT('Origin',(-12.4,-2.7,2.));
#2532=CARTESIAN_POINT('',(-12.508710135,4.856449323,1.844699807));
#2533=CARTESIAN_POINT('',(-12.4,5.4,2.));
#2534=CARTESIAN_POINT('Ctrl Pts',(-12.5087101349984,4.85644932300799,1.84469980695557));
#2535=CARTESIAN_POINT('Ctrl Pts',(-12.5381984947655,4.70900752437499,1.80257357866544));
#2536=CARTESIAN_POINT('Ctrl Pts',(-12.5709541588568,4.54450869198239,1.75577977276365));
#2537=CARTESIAN_POINT('Ctrl Pts',(-12.6233644666835,4.27779405940262,1.68090790434831));
#2538=CARTESIAN_POINT('Ctrl Pts',(-12.6492464631981,4.14478752512329,1.64393362356502));
#2539=CARTESIAN_POINT('Ctrl Pts',(-12.7258926589135,3.73751735612967,1.53443905812359));
#2540=CARTESIAN_POINT('Ctrl Pts',(-12.7525934637722,3.57040723701534,1.49629505113917));
#2541=CARTESIAN_POINT('Ctrl Pts',(-12.7940299594503,3.17659487239315,1.43710005724105));
#2542=CARTESIAN_POINT('Ctrl Pts',(-12.8,2.89205781976922,1.42857142787391));
#2543=CARTESIAN_POINT('Ctrl Pts',(-12.8,1.914707296,1.42857142787391));
#2544=CARTESIAN_POINT('',(-12.508710135,-4.856449323,1.844699807));
#2545=CARTESIAN_POINT('Ctrl Pts',(-12.8,-1.914707296,1.42857142787391));
#2546=CARTESIAN_POINT('Ctrl Pts',(-12.8,-2.89023247461931,1.42857142787391));
#2547=CARTESIAN_POINT('Ctrl Pts',(-12.7940522367863,-3.17517431501319,1.43706823106283));
#2548=CARTESIAN_POINT('Ctrl Pts',(-12.7528267086698,-3.56893327119957,1.49596184272967));
#2549=CARTESIAN_POINT('Ctrl Pts',(-12.7261429388431,-3.73614230629155,1.53408151536658));
#2550=CARTESIAN_POINT('Ctrl Pts',(-12.6493744653477,-4.14412608869233,1.64375076335106));
#2551=CARTESIAN_POINT('Ctrl Pts',(-12.6234634499121,-4.27728720500489,1.68076649973588));
#2552=CARTESIAN_POINT('Ctrl Pts',(-12.5710123710818,-4.54421647879602,1.75569661244207));
#2553=CARTESIAN_POINT('Ctrl Pts',(-12.5382220600383,-4.70888969801139,1.80253991399004));
#2554=CARTESIAN_POINT('Ctrl Pts',(-12.5087101349979,-4.85644932301059,1.84469980695632));
#2555=CARTESIAN_POINT('',(-12.508710135,-4.856449323,1.844699807));
#2556=CARTESIAN_POINT('Origin',(-12.4,-5.4,1.1));
#2557=CARTESIAN_POINT('',(-12.508710135,-4.856449323,1.844699807));
#2558=CARTESIAN_POINT('Origin',(-12.4,5.4,1.1));
#2559=CARTESIAN_POINT('',(-12.508710135,4.856449323,0.355300193));
#2560=CARTESIAN_POINT('Ctrl Pts',(-12.508710135,4.856449323,0.355300193));
#2561=CARTESIAN_POINT('Ctrl Pts',(-12.508710135,4.856449323,2.1425797298));
#2562=CARTESIAN_POINT('Ctrl Pts',(-12.8,3.4,0.355300193));
#2563=CARTESIAN_POINT('Ctrl Pts',(-12.8,3.4,2.1425797298));
#2564=CARTESIAN_POINT('Ctrl Pts',(-12.8,1.914707296,0.355300193));
#2565=CARTESIAN_POINT('Ctrl Pts',(-12.8,1.914707296,2.1425797298));
#2566=CARTESIAN_POINT('Ctrl Pts',(-12.508710135,-4.856449323,1.844699807));
#2567=CARTESIAN_POINT('Ctrl Pts',(-12.508710135,-4.856449323,0.0574202701999998));
#2568=CARTESIAN_POINT('Ctrl Pts',(-12.8,-3.4,1.844699807));
#2569=CARTESIAN_POINT('Ctrl Pts',(-12.8,-3.4,0.0574202701999998));
#2570=CARTESIAN_POINT('Ctrl Pts',(-12.8,-1.914707296,1.844699807));
#2571=CARTESIAN_POINT('Ctrl Pts',(-12.8,-1.914707296,0.0574202701999998));
#2572=CARTESIAN_POINT('Origin',(11.7,7.29167388833883,0.));
#2573=CARTESIAN_POINT('',(7.29167388833883,11.7,2.8));
#2574=CARTESIAN_POINT('',(11.7,7.29167388833883,2.8));
#2575=CARTESIAN_POINT('',(10.5979184720847,8.39375541625413,2.8));
#2576=CARTESIAN_POINT('',(7.29167388833883,11.7,0.));
#2577=CARTESIAN_POINT('',(7.29167388833883,11.7,0.));
#2578=CARTESIAN_POINT('',(11.7,7.29167388833883,0.));
#2579=CARTESIAN_POINT('',(10.5979184720847,8.39375541625413,0.));
#2580=CARTESIAN_POINT('',(11.7,7.29167388833883,0.));
#2581=CARTESIAN_POINT('Origin',(7.29167388833883,-11.7,0.));
#2582=CARTESIAN_POINT('',(11.7,-7.29167388833883,2.8));
#2583=CARTESIAN_POINT('',(7.29167388833883,-11.7,2.8));
#2584=CARTESIAN_POINT('',(8.39375541625413,-10.5979184720847,2.8));
#2585=CARTESIAN_POINT('',(11.7,-7.29167388833883,0.));
#2586=CARTESIAN_POINT('',(11.7,-7.29167388833883,0.));
#2587=CARTESIAN_POINT('',(7.29167388833883,-11.7,0.));
#2588=CARTESIAN_POINT('',(8.39375541625413,-10.5979184720847,0.));
#2589=CARTESIAN_POINT('',(7.29167388833883,-11.7,0.));
#2590=CARTESIAN_POINT('Origin',(-11.7,-7.29167388833883,0.));
#2591=CARTESIAN_POINT('',(-7.29167388833883,-11.7,2.8));
#2592=CARTESIAN_POINT('',(-11.7,-7.29167388833883,2.8));
#2593=CARTESIAN_POINT('',(-10.5979184720847,-8.39375541625413,2.8));
#2594=CARTESIAN_POINT('',(-7.29167388833883,-11.7,0.));
#2595=CARTESIAN_POINT('',(-7.29167388833883,-11.7,0.));
#2596=CARTESIAN_POINT('',(-11.7,-7.29167388833883,0.));
#2597=CARTESIAN_POINT('',(-10.5979184720847,-8.39375541625413,0.));
#2598=CARTESIAN_POINT('',(-11.7,-7.29167388833883,0.));
#2599=CARTESIAN_POINT('Origin',(-7.29167388833883,11.7,0.));
#2600=CARTESIAN_POINT('',(-11.7,7.29167388833883,2.8));
#2601=CARTESIAN_POINT('',(-7.29167388833883,11.7,2.8));
#2602=CARTESIAN_POINT('',(-8.39375541625413,10.5979184720847,2.8));
#2603=CARTESIAN_POINT('',(-11.7,7.29167388833883,0.));
#2604=CARTESIAN_POINT('',(-11.7,7.29167388833883,0.));
#2605=CARTESIAN_POINT('',(-7.29167388833883,11.7,0.));
#2606=CARTESIAN_POINT('',(-8.39375541625413,10.5979184720847,0.));
#2607=CARTESIAN_POINT('',(-7.29167388833883,11.7,0.));
#2608=CARTESIAN_POINT('Origin',(6.,-11.698,2.4));
#2609=CARTESIAN_POINT('',(6.,-11.7,2.6));
#2610=CARTESIAN_POINT('',(6.,-11.7,2.2));
#2611=CARTESIAN_POINT('',(6.,-11.7,1.2));
#2612=CARTESIAN_POINT('',(6.,-12.4,2.2));
#2613=CARTESIAN_POINT('',(6.,-11.682842712,2.2));
#2614=CARTESIAN_POINT('',(6.,-12.4,2.6));
#2615=CARTESIAN_POINT('',(6.,-12.4,2.2));
#2616=CARTESIAN_POINT('',(6.,-11.682842712,2.6));
#2617=CARTESIAN_POINT('Origin',(-11.698,-6.,2.4));
#2618=CARTESIAN_POINT('',(-11.7,-6.,2.6));
#2619=CARTESIAN_POINT('',(-11.7,-6.,2.2));
#2620=CARTESIAN_POINT('',(-11.7,-6.,1.2));
#2621=CARTESIAN_POINT('',(-12.4,-6.,2.2));
#2622=CARTESIAN_POINT('',(-11.682842712,-6.,2.2));
#2623=CARTESIAN_POINT('',(-12.4,-6.,2.6));
#2624=CARTESIAN_POINT('',(-12.4,-6.,2.2));
#2625=CARTESIAN_POINT('',(-11.682842712,-6.,2.6));
#2626=CARTESIAN_POINT('Origin',(11.698,0.,2.6));
#2627=CARTESIAN_POINT('',(11.7,-6.,2.6));
#2628=CARTESIAN_POINT('',(11.7,6.,2.6));
#2629=CARTESIAN_POINT('',(11.7,-5.9,2.6));
#2630=CARTESIAN_POINT('',(12.4,6.,2.6));
#2631=CARTESIAN_POINT('',(11.682842712,6.,2.6));
#2632=CARTESIAN_POINT('',(12.4,-6.,2.6));
#2633=CARTESIAN_POINT('',(12.4,6.,2.6));
#2634=CARTESIAN_POINT('',(11.682842712,-6.,2.6));
#2635=CARTESIAN_POINT('Origin',(11.698,6.,2.4));
#2636=CARTESIAN_POINT('',(11.7,6.,2.2));
#2637=CARTESIAN_POINT('',(11.7,6.,1.2));
#2638=CARTESIAN_POINT('',(12.4,6.,2.2));
#2639=CARTESIAN_POINT('',(11.682842712,6.,2.2));
#2640=CARTESIAN_POINT('',(12.4,6.,2.2));
#2641=CARTESIAN_POINT('Origin',(-11.698,-3.,2.2));
#2642=CARTESIAN_POINT('',(-11.7,6.,2.2));
#2643=CARTESIAN_POINT('',(-11.7,-5.9,2.2));
#2644=CARTESIAN_POINT('',(-12.4,6.,2.2));
#2645=CARTESIAN_POINT('',(-11.682842712,6.,2.2));
#2646=CARTESIAN_POINT('',(-12.4,6.,2.2));
#2647=CARTESIAN_POINT('Origin',(-3.,11.698,2.2));
#2648=CARTESIAN_POINT('',(6.,11.7,2.2));
#2649=CARTESIAN_POINT('',(-6.,11.7,2.2));
#2650=CARTESIAN_POINT('',(5.9,11.7,2.2));
#2651=CARTESIAN_POINT('',(6.,12.4,2.2));
#2652=CARTESIAN_POINT('',(6.,11.682842712,2.2));
#2653=CARTESIAN_POINT('',(-6.,12.4,2.2));
#2654=CARTESIAN_POINT('',(6.,12.4,2.2));
#2655=CARTESIAN_POINT('',(-6.,11.682842712,2.2));
#2656=CARTESIAN_POINT('Origin',(6.,11.698,2.4));
#2657=CARTESIAN_POINT('',(6.,11.7,2.6));
#2658=CARTESIAN_POINT('',(6.,11.7,1.2));
#2659=CARTESIAN_POINT('',(6.,12.4,2.6));
#2660=CARTESIAN_POINT('',(6.,11.682842712,2.6));
#2661=CARTESIAN_POINT('',(6.,12.4,2.6));
#2662=CARTESIAN_POINT('Origin',(0.,11.7,2.8));
#2663=CARTESIAN_POINT('',(3.64583694416942,11.7,0.));
#2664=CARTESIAN_POINT('',(-2.95,11.7,2.8));
#2665=CARTESIAN_POINT('',(-6.,11.7,2.6));
#2666=CARTESIAN_POINT('',(-6.,11.7,1.2));
#2667=CARTESIAN_POINT('',(-5.9,11.7,2.6));
#2668=CARTESIAN_POINT('Origin',(0.,0.,0.));
#2669=CARTESIAN_POINT('',(-7.581623382,-12.4,0.));
#2670=CARTESIAN_POINT('',(7.581623382,-12.4,0.));
#2671=CARTESIAN_POINT('',(-7.581623382,-12.4,0.));
#2672=CARTESIAN_POINT('',(-12.4,-7.581623382,0.));
#2673=CARTESIAN_POINT('',(-12.4,-7.581623382,0.));
#2674=CARTESIAN_POINT('',(-12.4,7.581623382,0.));
#2675=CARTESIAN_POINT('',(-12.4,7.581623382,0.));
#2676=CARTESIAN_POINT('',(-7.581623382,12.4,0.));
#2677=CARTESIAN_POINT('',(-7.581623382,12.4,0.));
#2678=CARTESIAN_POINT('',(7.581623382,12.4,0.));
#2679=CARTESIAN_POINT('',(7.581623382,12.4,0.));
#2680=CARTESIAN_POINT('',(12.4,7.581623382,0.));
#2681=CARTESIAN_POINT('',(12.4,7.581623382,0.));
#2682=CARTESIAN_POINT('',(12.4,-7.581623382,0.));
#2683=CARTESIAN_POINT('',(12.4,-7.581623382,0.));
#2684=CARTESIAN_POINT('',(7.581623382,-12.4,0.));
#2685=CARTESIAN_POINT('',(-3.64583694416942,-11.7,0.));
#2686=CARTESIAN_POINT('',(11.7,-5.9,0.));
#2687=CARTESIAN_POINT('',(-11.7,5.9,0.));
#2688=CARTESIAN_POINT('Origin',(0.,-12.4,3.4));
#2689=CARTESIAN_POINT('',(7.581623382,-12.4,3.4));
#2690=CARTESIAN_POINT('',(7.581623382,-12.4,3.4));
#2691=CARTESIAN_POINT('',(-7.581623382,-12.4,3.4));
#2692=CARTESIAN_POINT('',(-7.581623382,-12.4,3.4));
#2693=CARTESIAN_POINT('',(-7.581623382,-12.4,3.4));
#2694=CARTESIAN_POINT('',(-6.,-12.4,2.6));
#2695=CARTESIAN_POINT('',(6.,-12.4,2.6));
#2696=CARTESIAN_POINT('',(-6.,-12.4,2.2));
#2697=CARTESIAN_POINT('',(-6.,-12.4,2.2));
#2698=CARTESIAN_POINT('',(-6.,-12.4,2.6));
#2699=CARTESIAN_POINT('Origin',(9.990811691,-9.990811691,3.4));
#2700=CARTESIAN_POINT('',(12.4,-7.581623382,3.4));
#2701=CARTESIAN_POINT('',(12.4,-7.581623382,3.4));
#2702=CARTESIAN_POINT('',(7.581623382,-12.4,3.4));
#2703=CARTESIAN_POINT('Origin',(12.4,0.,3.4));
#2704=CARTESIAN_POINT('',(12.4,7.581623382,3.4));
#2705=CARTESIAN_POINT('',(12.4,7.581623382,3.4));
#2706=CARTESIAN_POINT('',(12.4,-7.581623382,3.4));
#2707=CARTESIAN_POINT('',(12.4,-6.,2.2));
#2708=CARTESIAN_POINT('',(12.4,-6.,2.2));
#2709=CARTESIAN_POINT('',(12.4,-6.,2.6));
#2710=CARTESIAN_POINT('Origin',(9.990811691,9.990811691,3.4));
#2711=CARTESIAN_POINT('',(7.581623382,12.4,3.4));
#2712=CARTESIAN_POINT('',(7.581623382,12.4,3.4));
#2713=CARTESIAN_POINT('',(12.4,7.581623382,3.4));
#2714=CARTESIAN_POINT('Origin',(0.,12.4,3.4));
#2715=CARTESIAN_POINT('',(-7.581623382,12.4,3.4));
#2716=CARTESIAN_POINT('',(-7.581623382,12.4,3.4));
#2717=CARTESIAN_POINT('',(7.581623382,12.4,3.4));
#2718=CARTESIAN_POINT('',(-6.,12.4,2.6));
#2719=CARTESIAN_POINT('',(-6.,12.4,2.6));
#2720=CARTESIAN_POINT('',(-6.,12.4,2.2));
#2721=CARTESIAN_POINT('Origin',(-9.990811691,9.990811691,3.4));
#2722=CARTESIAN_POINT('',(-12.4,7.581623382,3.4));
#2723=CARTESIAN_POINT('',(-12.4,7.581623382,3.4));
#2724=CARTESIAN_POINT('',(-7.581623382,12.4,3.4));
#2725=CARTESIAN_POINT('Origin',(-12.4,0.,3.4));
#2726=CARTESIAN_POINT('',(-12.4,-7.581623382,3.4));
#2727=CARTESIAN_POINT('',(-12.4,-7.581623382,3.4));
#2728=CARTESIAN_POINT('',(-12.4,7.581623382,3.4));
#2729=CARTESIAN_POINT('',(-12.4,6.,2.6));
#2730=CARTESIAN_POINT('',(-12.4,-6.,2.6));
#2731=CARTESIAN_POINT('',(-12.4,6.,2.6));
#2732=CARTESIAN_POINT('Origin',(-9.990811691,-9.990811691,3.4));
#2733=CARTESIAN_POINT('',(-12.4,-7.581623382,3.4));
#2734=CARTESIAN_POINT('Origin',(0.,0.,3.4));
#2735=CARTESIAN_POINT('Origin',(-11.7,0.,2.8));
#2736=CARTESIAN_POINT('',(-11.7,5.9,2.8));
#2737=CARTESIAN_POINT('',(-11.7,6.,2.6));
#2738=CARTESIAN_POINT('',(-11.7,5.9,2.6));
#2739=CARTESIAN_POINT('',(-11.7,6.,1.2));
#2740=CARTESIAN_POINT('Origin',(11.7,0.,2.8));
#2741=CARTESIAN_POINT('',(11.7,-5.9,2.8));
#2742=CARTESIAN_POINT('',(11.7,-6.,2.2));
#2743=CARTESIAN_POINT('',(11.7,-6.,1.2));
#2744=CARTESIAN_POINT('',(11.7,5.9,2.2));
#2745=CARTESIAN_POINT('Origin',(0.,-11.7,2.8));
#2746=CARTESIAN_POINT('',(2.95,-11.7,2.8));
#2747=CARTESIAN_POINT('',(-6.,-11.7,2.6));
#2748=CARTESIAN_POINT('',(5.9,-11.7,2.6));
#2749=CARTESIAN_POINT('',(-6.,-11.7,2.2));
#2750=CARTESIAN_POINT('',(-6.,-11.7,1.2));
#2751=CARTESIAN_POINT('',(-5.9,-11.7,2.2));
#2752=CARTESIAN_POINT('Origin',(0.,0.,2.8));
#2753=CARTESIAN_POINT('Origin',(-11.698,6.,2.4));
#2754=CARTESIAN_POINT('',(-11.682842712,6.,2.6));
#2755=CARTESIAN_POINT('Origin',(-11.698,0.,2.6));
#2756=CARTESIAN_POINT('Origin',(3.,-11.698,2.2));
#2757=CARTESIAN_POINT('',(-6.,-11.682842712,2.2));
#2758=CARTESIAN_POINT('Origin',(0.,-11.698,2.6));
#2759=CARTESIAN_POINT('',(-6.,-11.682842712,2.6));
#2760=CARTESIAN_POINT('Origin',(-6.,-11.698,2.4));
#2761=CARTESIAN_POINT('Origin',(11.698,3.,2.2));
#2762=CARTESIAN_POINT('',(11.682842712,-6.,2.2));
#2763=CARTESIAN_POINT('Origin',(11.698,-6.,2.4));
#2764=CARTESIAN_POINT('Origin',(-6.,11.698,2.4));
#2765=CARTESIAN_POINT('',(-6.,11.682842712,2.6));
#2766=CARTESIAN_POINT('Origin',(0.,11.698,2.6));
#2767=CARTESIAN_POINT('',(0.,0.,0.));
#2768=CARTESIAN_POINT('',(0.,0.,0.));
#2769=UNCERTAINTY_MEASURE_WITH_UNIT(LENGTH_MEASURE(0.01),#2777,
'DISTANCE_ACCURACY_VALUE',
'Maximum model space distance between geometric entities at asserted c
onnectivities');
#2770=UNCERTAINTY_MEASURE_WITH_UNIT(LENGTH_MEASURE(0.01),#2777,
'DISTANCE_ACCURACY_VALUE',
'Maximum model space distance between geometric entities at asserted c
onnectivities');
#2771=UNCERTAINTY_MEASURE_WITH_UNIT(LENGTH_MEASURE(0.01),#2777,
'DISTANCE_ACCURACY_VALUE',
'Maximum model space distance between geometric entities at asserted c
onnectivities');
#2772=UNCERTAINTY_MEASURE_WITH_UNIT(LENGTH_MEASURE(0.01),#2777,
'DISTANCE_ACCURACY_VALUE',
'Maximum model space distance between geometric entities at asserted c
onnectivities');
#2773=(
GEOMETRIC_REPRESENTATION_CONTEXT(3)
GLOBAL_UNCERTAINTY_ASSIGNED_CONTEXT((#2769))
GLOBAL_UNIT_ASSIGNED_CONTEXT((#2777,#2779,#2780))
REPRESENTATION_CONTEXT('','3D')
);
#2774=(
GEOMETRIC_REPRESENTATION_CONTEXT(3)
GLOBAL_UNCERTAINTY_ASSIGNED_CONTEXT((#2770))
GLOBAL_UNIT_ASSIGNED_CONTEXT((#2777,#2779,#2780))
REPRESENTATION_CONTEXT('','3D')
);
#2775=(
GEOMETRIC_REPRESENTATION_CONTEXT(3)
GLOBAL_UNCERTAINTY_ASSIGNED_CONTEXT((#2771))
GLOBAL_UNIT_ASSIGNED_CONTEXT((#2777,#2779,#2780))
REPRESENTATION_CONTEXT('','3D')
);
#2776=(
GEOMETRIC_REPRESENTATION_CONTEXT(3)
GLOBAL_UNCERTAINTY_ASSIGNED_CONTEXT((#2772))
GLOBAL_UNIT_ASSIGNED_CONTEXT((#2777,#2779,#2780))
REPRESENTATION_CONTEXT('','3D')
);
#2777=(
LENGTH_UNIT()
NAMED_UNIT(*)
SI_UNIT(.MILLI.,.METRE.)
);
#2778=(
LENGTH_UNIT()
NAMED_UNIT(*)
SI_UNIT($,.METRE.)
);
#2779=(
NAMED_UNIT(*)
PLANE_ANGLE_UNIT()
SI_UNIT($,.RADIAN.)
);
#2780=(
NAMED_UNIT(*)
SI_UNIT($,.STERADIAN.)
SOLID_ANGLE_UNIT()
);
#2781=SHAPE_DEFINITION_REPRESENTATION(#2784,#2789);
#2782=SHAPE_DEFINITION_REPRESENTATION(#2785,#2790);
#2783=SHAPE_DEFINITION_REPRESENTATION(#2786,#2791);
#2784=PRODUCT_DEFINITION_SHAPE('',$,#2793);
#2785=PRODUCT_DEFINITION_SHAPE('',$,#2794);
#2786=PRODUCT_DEFINITION_SHAPE('',$,#2795);
#2787=PRODUCT_DEFINITION_SHAPE($,$,#17);
#2788=PRODUCT_DEFINITION_SHAPE($,$,#18);
#2789=SHAPE_REPRESENTATION('',(#1665,#1751,#1752),#2773);
#2790=SHAPE_REPRESENTATION('',(#1666),#2774);
#2791=SHAPE_REPRESENTATION('',(#1691),#2775);
#2792=PRODUCT_DEFINITION_CONTEXT('part definition',#2803,'design');
#2793=PRODUCT_DEFINITION('openGrid Bare Lite Snap',
'openGrid snap cover v1',#2796,#2792);
#2794=PRODUCT_DEFINITION('Side Holders','Side Holders',#2797,#2792);
#2795=PRODUCT_DEFINITION('Snap','Snap',#2798,#2792);
#2796=PRODUCT_DEFINITION_FORMATION('',$,#2805);
#2797=PRODUCT_DEFINITION_FORMATION('',$,#2806);
#2798=PRODUCT_DEFINITION_FORMATION('',$,#2807);
#2799=PRODUCT_RELATED_PRODUCT_CATEGORY('openGrid snap cover v1',
'openGrid snap cover v1',(#2805));
#2800=PRODUCT_RELATED_PRODUCT_CATEGORY('Side Holders','Side Holders',(#2806));
#2801=PRODUCT_RELATED_PRODUCT_CATEGORY('Snap','Snap',(#2807));
#2802=APPLICATION_PROTOCOL_DEFINITION('international standard',
'automotive_design',2009,#2803);
#2803=APPLICATION_CONTEXT(
'Core Data for Automotive Mechanical Design Process');
#2804=PRODUCT_CONTEXT('part definition',#2803,'mechanical');
#2805=PRODUCT('openGrid Bare Lite Snap','openGrid snap cover v1',
'HOOPS Exchange Step',(#2804));
#2806=PRODUCT('Side Holders','Side Holders',$,(#2804));
#2807=PRODUCT('Snap','Snap',$,(#2804));
#2808=PRESENTATION_STYLE_ASSIGNMENT((#2810));
#2809=PRESENTATION_STYLE_ASSIGNMENT((#2811));
#2810=SURFACE_STYLE_USAGE(.BOTH.,#2812);
#2811=SURFACE_STYLE_USAGE(.BOTH.,#2813);
#2812=SURFACE_SIDE_STYLE('',(#2814));
#2813=SURFACE_SIDE_STYLE('',(#2815));
#2814=SURFACE_STYLE_FILL_AREA(#2816);
#2815=SURFACE_STYLE_FILL_AREA(#2817);
#2816=FILL_AREA_STYLE('Steel - Satin',(#2818));
#2817=FILL_AREA_STYLE('Opaque(126,126,134)',(#2819));
#2818=FILL_AREA_STYLE_COLOUR('Steel - Satin',#2820);
#2819=FILL_AREA_STYLE_COLOUR('Opaque(126,126,134)',#2821);
#2820=COLOUR_RGB('Steel - Satin',0.627450980392157,0.627450980392157,0.627450980392157);
#2821=COLOUR_RGB('Opaque(126,126,134)',0.494117647058824,0.494117647058824,
0.525490196078431);
ENDSEC;
END-ISO-10303-21;
