ISO-10303-21;
HEADER;
/* Generated by software containing ST-Developer
 * from STEP Tools, Inc. (www.steptools.com)
 */

FILE_DESCRIPTION(
/* description */ ('HOOPS Exchange Step'),
/* implementation_level */ '2;1');

FILE_NAME(
/* name */ 'openGrid hole Snap.step',
/* time_stamp */ '2026-08-09T14:03:23+08:00',
/* author */ (''),
/* organization */ (''),
/* preprocessor_version */ 'ST-DEVELOPER v20.1',
/* originating_system */ 'Autodesk Translation Framework v15.8.0.0',
/* authorisation */ '');

FILE_SCHEMA (('AUTOMOTIVE_DESIGN { 1 0 10303 214 3 1 1 }'));
ENDSEC;

DATA;
#10=MECHANICAL_DESIGN_GEOMETRIC_PRESENTATION_REPRESENTATION('',(#132,#133,
#134,#135,#136,#137,#138,#139,#140),#4264);
#11=ITEM_DEFINED_TRANSFORMATION($,$,#2530,#2711);
#12=ITEM_DEFINED_TRANSFORMATION($,$,#2555,#2712);
#13=(
REPRESENTATION_RELATIONSHIP($,$,#4278,#4277)
REPRESENTATION_RELATIONSHIP_WITH_TRANSFORMATION(#11)
SHAPE_REPRESENTATION_RELATIONSHIP()
);
#14=(
REPRESENTATION_RELATIONSHIP($,$,#4279,#4277)
REPRESENTATION_RELATIONSHIP_WITH_TRANSFORMATION(#12)
SHAPE_REPRESENTATION_RELATIONSHIP()
);
#15=CONTEXT_DEPENDENT_SHAPE_REPRESENTATION(#13,#4275);
#16=CONTEXT_DEPENDENT_SHAPE_REPRESENTATION(#14,#4276);
#17=NEXT_ASSEMBLY_USAGE_OCCURRENCE('Side Holders:1','Side Holders:1',
'Side Holders:1',#4281,#4282,'Side Holders:1');
#18=NEXT_ASSEMBLY_USAGE_OCCURRENCE('Snap:1','Snap:1','Snap:1',#4281,#4283,
'Snap:1');
#19=FACE_BOUND('',#352,.T.);
#20=FACE_BOUND('',#368,.T.);
#21=FACE_BOUND('',#369,.T.);
#22=FACE_BOUND('',#370,.T.);
#23=FACE_BOUND('',#371,.T.);
#24=FACE_BOUND('',#372,.T.);
#25=FACE_BOUND('',#374,.T.);
#26=FACE_BOUND('',#377,.T.);
#27=FACE_BOUND('',#380,.T.);
#28=FACE_BOUND('',#383,.T.);
#29=FACE_BOUND('',#386,.T.);
#30=FACE_BOUND('',#387,.T.);
#31=FACE_BOUND('',#388,.T.);
#32=FACE_BOUND('',#389,.T.);
#33=FACE_BOUND('',#390,.T.);
#34=CYLINDRICAL_SURFACE('',#2602,2.5);
#35=CYLINDRICAL_SURFACE('',#2607,2.5);
#36=CYLINDRICAL_SURFACE('',#2614,2.5);
#37=CYLINDRICAL_SURFACE('',#2626,2.5);
#38=CYLINDRICAL_SURFACE('',#2671,0.3);
#39=CYLINDRICAL_SURFACE('',#2674,0.3);
#40=CYLINDRICAL_SURFACE('',#2677,0.3);
#41=CYLINDRICAL_SURFACE('',#2680,0.3);
#42=CYLINDRICAL_SURFACE('',#2683,0.3);
#43=CYLINDRICAL_SURFACE('',#2686,0.3);
#44=CYLINDRICAL_SURFACE('',#2689,0.3);
#45=CYLINDRICAL_SURFACE('',#2692,0.3);
#46=CIRCLE('',#2583,2.5);
#47=CIRCLE('',#2584,2.5);
#48=CIRCLE('',#2588,2.5);
#49=CIRCLE('',#2589,2.5);
#50=CIRCLE('',#2590,2.5);
#51=CIRCLE('',#2594,2.5);
#52=CIRCLE('',#2595,2.5);
#53=CIRCLE('',#2599,2.5);
#54=CIRCLE('',#2600,2.5);
#55=CIRCLE('',#2601,2.5);
#56=CIRCLE('',#2603,2.5);
#57=CIRCLE('',#2604,2.5);
#58=CIRCLE('',#2605,2.5);
#59=CIRCLE('',#2606,2.5);
#60=CIRCLE('',#2608,2.5);
#61=CIRCLE('',#2609,2.5);
#62=CIRCLE('',#2610,2.5);
#63=CIRCLE('',#2612,2.5);
#64=CIRCLE('',#2613,2.5);
#65=CIRCLE('',#2615,2.5);
#66=CIRCLE('',#2616,2.5);
#67=CIRCLE('',#2617,2.5);
#68=CIRCLE('',#2627,2.5);
#69=CIRCLE('',#2628,2.5);
#70=CIRCLE('',#2634,0.3);
#71=CIRCLE('',#2635,0.3);
#72=CIRCLE('',#2636,0.3);
#73=CIRCLE('',#2637,0.3);
#74=CIRCLE('',#2638,0.3);
#75=CIRCLE('',#2639,0.3);
#76=CIRCLE('',#2640,0.3);
#77=CIRCLE('',#2641,0.3);
#78=CIRCLE('',#2654,0.3);
#79=CIRCLE('',#2655,0.3);
#80=CIRCLE('',#2659,0.3);
#81=CIRCLE('',#2660,0.3);
#82=CIRCLE('',#2664,0.3);
#83=CIRCLE('',#2665,0.3);
#84=CIRCLE('',#2669,0.3);
#85=CIRCLE('',#2670,0.3);
#86=CIRCLE('',#2672,0.3);
#87=CIRCLE('',#2673,0.3);
#88=CIRCLE('',#2675,0.3);
#89=CIRCLE('',#2676,0.3);
#90=CIRCLE('',#2678,0.3);
#91=CIRCLE('',#2679,0.3);
#92=CIRCLE('',#2681,0.3);
#93=CIRCLE('',#2682,0.3);
#94=CIRCLE('',#2684,0.3);
#95=CIRCLE('',#2685,0.3);
#96=CIRCLE('',#2687,0.3);
#97=CIRCLE('',#2688,0.3);
#98=CIRCLE('',#2690,0.3);
#99=CIRCLE('',#2691,0.3);
#100=CIRCLE('',#2693,0.3);
#101=CIRCLE('',#2694,0.3);
#102=(
BOUNDED_SURFACE()
B_SPLINE_SURFACE(2,1,((#3536,#3537),(#3538,#3539),(#3540,#3541)),
 .UNSPECIFIED.,.F.,.F.,.F.)
B_SPLINE_SURFACE_WITH_KNOTS((3,3),(2,2),(0.,1.),(0.,0.20272795368),
 .UNSPECIFIED.)
GEOMETRIC_REPRESENTATION_ITEM()
RATIONAL_B_SPLINE_SURFACE(((1.,1.),(3.980533307,3.980533307),(1.,1.)))
REPRESENTATION_ITEM('')
SURFACE()
);
#103=(
BOUNDED_SURFACE()
B_SPLINE_SURFACE(2,1,((#3542,#3543),(#3544,#3545),(#3546,#3547)),
 .UNSPECIFIED.,.F.,.F.,.F.)
B_SPLINE_SURFACE_WITH_KNOTS((3,3),(2,2),(0.,1.),(0.,0.20272795368),
 .UNSPECIFIED.)
GEOMETRIC_REPRESENTATION_ITEM()
RATIONAL_B_SPLINE_SURFACE(((1.,1.),(3.980533307,3.980533307),(1.,1.)))
REPRESENTATION_ITEM('')
SURFACE()
);
#104=(
BOUNDED_SURFACE()
B_SPLINE_SURFACE(2,1,((#3620,#3621),(#3622,#3623),(#3624,#3625)),
 .UNSPECIFIED.,.F.,.F.,.F.)
B_SPLINE_SURFACE_WITH_KNOTS((3,3),(2,2),(0.,1.),(0.,0.20272795368),
 .UNSPECIFIED.)
GEOMETRIC_REPRESENTATION_ITEM()
RATIONAL_B_SPLINE_SURFACE(((1.,1.),(3.980533307,3.980533307),(1.,1.)))
REPRESENTATION_ITEM('')
SURFACE()
);
#105=(
BOUNDED_SURFACE()
B_SPLINE_SURFACE(2,1,((#3626,#3627),(#3628,#3629),(#3630,#3631)),
 .UNSPECIFIED.,.F.,.F.,.F.)
B_SPLINE_SURFACE_WITH_KNOTS((3,3),(2,2),(0.,1.),(0.,0.20272795368),
 .UNSPECIFIED.)
GEOMETRIC_REPRESENTATION_ITEM()
RATIONAL_B_SPLINE_SURFACE(((1.,1.),(3.980533307,3.980533307),(1.,1.)))
REPRESENTATION_ITEM('')
SURFACE()
);
#106=(
BOUNDED_SURFACE()
B_SPLINE_SURFACE(2,1,((#3704,#3705),(#3706,#3707),(#3708,#3709)),
 .UNSPECIFIED.,.F.,.F.,.F.)
B_SPLINE_SURFACE_WITH_KNOTS((3,3),(2,2),(0.,1.),(0.,0.20272795368),
 .UNSPECIFIED.)
GEOMETRIC_REPRESENTATION_ITEM()
RATIONAL_B_SPLINE_SURFACE(((1.,1.),(3.980533307,3.980533307),(1.,1.)))
REPRESENTATION_ITEM('')
SURFACE()
);
#107=(
BOUNDED_SURFACE()
B_SPLINE_SURFACE(2,1,((#3710,#3711),(#3712,#3713),(#3714,#3715)),
 .UNSPECIFIED.,.F.,.F.,.F.)
B_SPLINE_SURFACE_WITH_KNOTS((3,3),(2,2),(0.,1.),(0.,0.20272795368),
 .UNSPECIFIED.)
GEOMETRIC_REPRESENTATION_ITEM()
RATIONAL_B_SPLINE_SURFACE(((1.,1.),(3.980533307,3.980533307),(1.,1.)))
REPRESENTATION_ITEM('')
SURFACE()
);
#108=(
BOUNDED_SURFACE()
B_SPLINE_SURFACE(2,1,((#3788,#3789),(#3790,#3791),(#3792,#3793)),
 .UNSPECIFIED.,.F.,.F.,.F.)
B_SPLINE_SURFACE_WITH_KNOTS((3,3),(2,2),(0.,1.),(0.,0.20272795368),
 .UNSPECIFIED.)
GEOMETRIC_REPRESENTATION_ITEM()
RATIONAL_B_SPLINE_SURFACE(((1.,1.),(3.980533307,3.980533307),(1.,1.)))
REPRESENTATION_ITEM('')
SURFACE()
);
#109=(
BOUNDED_SURFACE()
B_SPLINE_SURFACE(2,1,((#3794,#3795),(#3796,#3797),(#3798,#3799)),
 .UNSPECIFIED.,.F.,.F.,.F.)
B_SPLINE_SURFACE_WITH_KNOTS((3,3),(2,2),(0.,1.),(0.,0.20272795368),
 .UNSPECIFIED.)
GEOMETRIC_REPRESENTATION_ITEM()
RATIONAL_B_SPLINE_SURFACE(((1.,1.),(3.980533307,3.980533307),(1.,1.)))
REPRESENTATION_ITEM('')
SURFACE()
);
#110=B_SPLINE_CURVE_WITH_KNOTS('',3,(#3485,#3486,#3487,#3488,#3489,#3490,
#3491,#3492,#3493,#3494),.UNSPECIFIED.,.F.,.F.,(4,2,2,2,4),(0.,0.0456807459030219,
0.0822581577275985,0.17182076845697,0.313705285473128),.UNSPECIFIED.);
#111=B_SPLINE_CURVE_WITH_KNOTS('',3,(#3496,#3497,#3498,#3499,#3500,#3501,
#3502,#3503,#3504,#3505),.UNSPECIFIED.,.F.,.F.,(4,2,2,2,4),(0.,0.292881746817809,
0.477554213168098,0.552990064663866,0.647198106912012),.UNSPECIFIED.);
#112=B_SPLINE_CURVE_WITH_KNOTS('',3,(#3509,#3510,#3511,#3512,#3513,#3514,
#3515,#3516,#3517,#3518),.UNSPECIFIED.,.F.,.F.,(4,2,2,2,4),(0.,0.292881746817826,
0.477554213168125,0.552990064663953,0.647198106912296),.UNSPECIFIED.);
#113=B_SPLINE_CURVE_WITH_KNOTS('',3,(#3522,#3523,#3524,#3525,#3526,#3527,
#3528,#3529,#3530,#3531),.UNSPECIFIED.,.F.,.F.,(4,2,2,2,4),(0.,0.0456807459030497,
0.0822581577280116,0.171820768458533,0.313705285476618),.UNSPECIFIED.);
#114=B_SPLINE_CURVE_WITH_KNOTS('',3,(#3569,#3570,#3571,#3572,#3573,#3574,
#3575,#3576,#3577,#3578),.UNSPECIFIED.,.F.,.F.,(4,2,2,2,4),(0.,0.0456807459030219,
0.0822581577275985,0.17182076845697,0.313705285473128),.UNSPECIFIED.);
#115=B_SPLINE_CURVE_WITH_KNOTS('',3,(#3580,#3581,#3582,#3583,#3584,#3585,
#3586,#3587,#3588,#3589),.UNSPECIFIED.,.F.,.F.,(4,2,2,2,4),(0.,0.292881746817809,
0.477554213168098,0.552990064663866,0.647198106912012),.UNSPECIFIED.);
#116=B_SPLINE_CURVE_WITH_KNOTS('',3,(#3593,#3594,#3595,#3596,#3597,#3598,
#3599,#3600,#3601,#3602),.UNSPECIFIED.,.F.,.F.,(4,2,2,2,4),(0.,0.292881746817826,
0.477554213168125,0.552990064663953,0.647198106912296),.UNSPECIFIED.);
#117=B_SPLINE_CURVE_WITH_KNOTS('',3,(#3606,#3607,#3608,#3609,#3610,#3611,
#3612,#3613,#3614,#3615),.UNSPECIFIED.,.F.,.F.,(4,2,2,2,4),(0.,0.0456807459030497,
0.0822581577280116,0.171820768458533,0.313705285476618),.UNSPECIFIED.);
#118=B_SPLINE_CURVE_WITH_KNOTS('',3,(#3653,#3654,#3655,#3656,#3657,#3658,
#3659,#3660,#3661,#3662),.UNSPECIFIED.,.F.,.F.,(4,2,2,2,4),(0.,0.0456807459030219,
0.0822581577275985,0.17182076845697,0.313705285473128),.UNSPECIFIED.);
#119=B_SPLINE_CURVE_WITH_KNOTS('',3,(#3664,#3665,#3666,#3667,#3668,#3669,
#3670,#3671,#3672,#3673),.UNSPECIFIED.,.F.,.F.,(4,2,2,2,4),(0.,0.292881746817809,
0.477554213168098,0.552990064663866,0.647198106912012),.UNSPECIFIED.);
#120=B_SPLINE_CURVE_WITH_KNOTS('',3,(#3677,#3678,#3679,#3680,#3681,#3682,
#3683,#3684,#3685,#3686),.UNSPECIFIED.,.F.,.F.,(4,2,2,2,4),(0.,0.292881746817826,
0.477554213168125,0.552990064663953,0.647198106912296),.UNSPECIFIED.);
#121=B_SPLINE_CURVE_WITH_KNOTS('',3,(#3690,#3691,#3692,#3693,#3694,#3695,
#3696,#3697,#3698,#3699),.UNSPECIFIED.,.F.,.F.,(4,2,2,2,4),(0.,0.0456807459030497,
0.0822581577280116,0.171820768458533,0.313705285476618),.UNSPECIFIED.);
#122=B_SPLINE_CURVE_WITH_KNOTS('',3,(#3737,#3738,#3739,#3740,#3741,#3742,
#3743,#3744,#3745,#3746),.UNSPECIFIED.,.F.,.F.,(4,2,2,2,4),(0.,0.0456807459030219,
0.0822581577275985,0.17182076845697,0.313705285473128),.UNSPECIFIED.);
#123=B_SPLINE_CURVE_WITH_KNOTS('',3,(#3748,#3749,#3750,#3751,#3752,#3753,
#3754,#3755,#3756,#3757),.UNSPECIFIED.,.F.,.F.,(4,2,2,2,4),(0.,0.292881746817809,
0.477554213168098,0.552990064663866,0.647198106912012),.UNSPECIFIED.);
#124=B_SPLINE_CURVE_WITH_KNOTS('',3,(#3761,#3762,#3763,#3764,#3765,#3766,
#3767,#3768,#3769,#3770),.UNSPECIFIED.,.F.,.F.,(4,2,2,2,4),(0.,0.292881746817826,
0.477554213168125,0.552990064663953,0.647198106912296),.UNSPECIFIED.);
#125=B_SPLINE_CURVE_WITH_KNOTS('',3,(#3774,#3775,#3776,#3777,#3778,#3779,
#3780,#3781,#3782,#3783),.UNSPECIFIED.,.F.,.F.,(4,2,2,2,4),(0.,0.0456807459030497,
0.0822581577280116,0.171820768458533,0.313705285476618),.UNSPECIFIED.);
#126=SHAPE_REPRESENTATION_RELATIONSHIP('SRR','None',#4278,#129);
#127=SHAPE_REPRESENTATION_RELATIONSHIP('SRR','None',#4279,#130);
#128=SHAPE_REPRESENTATION_RELATIONSHIP('SRR','None',#4277,#131);
#129=ADVANCED_BREP_SHAPE_REPRESENTATION('',(#141,#142,#143,#144),#4262);
#130=ADVANCED_BREP_SHAPE_REPRESENTATION('',(#145,#146,#147,#148),#4263);
#131=ADVANCED_BREP_SHAPE_REPRESENTATION('',(#149),#4261);
#132=STYLED_ITEM('',(#4297),#141);
#133=STYLED_ITEM('',(#4297),#142);
#134=STYLED_ITEM('',(#4297),#143);
#135=STYLED_ITEM('',(#4297),#144);
#136=STYLED_ITEM('',(#4297),#145);
#137=STYLED_ITEM('',(#4297),#146);
#138=STYLED_ITEM('',(#4297),#147);
#139=STYLED_ITEM('',(#4297),#148);
#140=STYLED_ITEM('',(#4297),#149);
#141=MANIFOLD_SOLID_BREP('Body1',#2497);
#142=MANIFOLD_SOLID_BREP('Body2',#2498);
#143=MANIFOLD_SOLID_BREP('Body3',#2499);
#144=MANIFOLD_SOLID_BREP('Body4',#2500);
#145=MANIFOLD_SOLID_BREP('Body1',#2501);
#146=MANIFOLD_SOLID_BREP('Body2',#2502);
#147=MANIFOLD_SOLID_BREP('Body3',#2503);
#148=MANIFOLD_SOLID_BREP('Body4',#2504);
#149=MANIFOLD_SOLID_BREP('Body1',#2505);
#150=FACE_OUTER_BOUND('',#281,.T.);
#151=FACE_OUTER_BOUND('',#282,.T.);
#152=FACE_OUTER_BOUND('',#283,.T.);
#153=FACE_OUTER_BOUND('',#284,.T.);
#154=FACE_OUTER_BOUND('',#285,.T.);
#155=FACE_OUTER_BOUND('',#286,.T.);
#156=FACE_OUTER_BOUND('',#287,.T.);
#157=FACE_OUTER_BOUND('',#288,.T.);
#158=FACE_OUTER_BOUND('',#289,.T.);
#159=FACE_OUTER_BOUND('',#290,.T.);
#160=FACE_OUTER_BOUND('',#291,.T.);
#161=FACE_OUTER_BOUND('',#292,.T.);
#162=FACE_OUTER_BOUND('',#293,.T.);
#163=FACE_OUTER_BOUND('',#294,.T.);
#164=FACE_OUTER_BOUND('',#295,.T.);
#165=FACE_OUTER_BOUND('',#296,.T.);
#166=FACE_OUTER_BOUND('',#297,.T.);
#167=FACE_OUTER_BOUND('',#298,.T.);
#168=FACE_OUTER_BOUND('',#299,.T.);
#169=FACE_OUTER_BOUND('',#300,.T.);
#170=FACE_OUTER_BOUND('',#301,.T.);
#171=FACE_OUTER_BOUND('',#302,.T.);
#172=FACE_OUTER_BOUND('',#303,.T.);
#173=FACE_OUTER_BOUND('',#304,.T.);
#174=FACE_OUTER_BOUND('',#305,.T.);
#175=FACE_OUTER_BOUND('',#306,.T.);
#176=FACE_OUTER_BOUND('',#307,.T.);
#177=FACE_OUTER_BOUND('',#308,.T.);
#178=FACE_OUTER_BOUND('',#309,.T.);
#179=FACE_OUTER_BOUND('',#310,.T.);
#180=FACE_OUTER_BOUND('',#311,.T.);
#181=FACE_OUTER_BOUND('',#312,.T.);
#182=FACE_OUTER_BOUND('',#313,.T.);
#183=FACE_OUTER_BOUND('',#314,.T.);
#184=FACE_OUTER_BOUND('',#315,.T.);
#185=FACE_OUTER_BOUND('',#316,.T.);
#186=FACE_OUTER_BOUND('',#317,.T.);
#187=FACE_OUTER_BOUND('',#318,.T.);
#188=FACE_OUTER_BOUND('',#319,.T.);
#189=FACE_OUTER_BOUND('',#320,.T.);
#190=FACE_OUTER_BOUND('',#321,.T.);
#191=FACE_OUTER_BOUND('',#322,.T.);
#192=FACE_OUTER_BOUND('',#323,.T.);
#193=FACE_OUTER_BOUND('',#324,.T.);
#194=FACE_OUTER_BOUND('',#325,.T.);
#195=FACE_OUTER_BOUND('',#326,.T.);
#196=FACE_OUTER_BOUND('',#327,.T.);
#197=FACE_OUTER_BOUND('',#328,.T.);
#198=FACE_OUTER_BOUND('',#329,.T.);
#199=FACE_OUTER_BOUND('',#330,.T.);
#200=FACE_OUTER_BOUND('',#331,.T.);
#201=FACE_OUTER_BOUND('',#332,.T.);
#202=FACE_OUTER_BOUND('',#333,.T.);
#203=FACE_OUTER_BOUND('',#334,.T.);
#204=FACE_OUTER_BOUND('',#335,.T.);
#205=FACE_OUTER_BOUND('',#336,.T.);
#206=FACE_OUTER_BOUND('',#337,.T.);
#207=FACE_OUTER_BOUND('',#338,.T.);
#208=FACE_OUTER_BOUND('',#339,.T.);
#209=FACE_OUTER_BOUND('',#340,.T.);
#210=FACE_OUTER_BOUND('',#341,.T.);
#211=FACE_OUTER_BOUND('',#342,.T.);
#212=FACE_OUTER_BOUND('',#343,.T.);
#213=FACE_OUTER_BOUND('',#344,.T.);
#214=FACE_OUTER_BOUND('',#345,.T.);
#215=FACE_OUTER_BOUND('',#346,.T.);
#216=FACE_OUTER_BOUND('',#347,.T.);
#217=FACE_OUTER_BOUND('',#348,.T.);
#218=FACE_OUTER_BOUND('',#349,.T.);
#219=FACE_OUTER_BOUND('',#350,.T.);
#220=FACE_OUTER_BOUND('',#351,.T.);
#221=FACE_OUTER_BOUND('',#353,.T.);
#222=FACE_OUTER_BOUND('',#354,.T.);
#223=FACE_OUTER_BOUND('',#355,.T.);
#224=FACE_OUTER_BOUND('',#356,.T.);
#225=FACE_OUTER_BOUND('',#357,.T.);
#226=FACE_OUTER_BOUND('',#358,.T.);
#227=FACE_OUTER_BOUND('',#359,.T.);
#228=FACE_OUTER_BOUND('',#360,.T.);
#229=FACE_OUTER_BOUND('',#361,.T.);
#230=FACE_OUTER_BOUND('',#362,.T.);
#231=FACE_OUTER_BOUND('',#363,.T.);
#232=FACE_OUTER_BOUND('',#364,.T.);
#233=FACE_OUTER_BOUND('',#365,.T.);
#234=FACE_OUTER_BOUND('',#366,.T.);
#235=FACE_OUTER_BOUND('',#367,.T.);
#236=FACE_OUTER_BOUND('',#373,.T.);
#237=FACE_OUTER_BOUND('',#375,.T.);
#238=FACE_OUTER_BOUND('',#376,.T.);
#239=FACE_OUTER_BOUND('',#378,.T.);
#240=FACE_OUTER_BOUND('',#379,.T.);
#241=FACE_OUTER_BOUND('',#381,.T.);
#242=FACE_OUTER_BOUND('',#382,.T.);
#243=FACE_OUTER_BOUND('',#384,.T.);
#244=FACE_OUTER_BOUND('',#385,.T.);
#245=FACE_OUTER_BOUND('',#391,.T.);
#246=FACE_OUTER_BOUND('',#392,.T.);
#247=FACE_OUTER_BOUND('',#393,.T.);
#248=FACE_OUTER_BOUND('',#394,.T.);
#249=FACE_OUTER_BOUND('',#395,.T.);
#250=FACE_OUTER_BOUND('',#396,.T.);
#251=FACE_OUTER_BOUND('',#397,.T.);
#252=FACE_OUTER_BOUND('',#398,.T.);
#253=FACE_OUTER_BOUND('',#399,.T.);
#254=FACE_OUTER_BOUND('',#400,.T.);
#255=FACE_OUTER_BOUND('',#401,.T.);
#256=FACE_OUTER_BOUND('',#402,.T.);
#257=FACE_OUTER_BOUND('',#403,.T.);
#258=FACE_OUTER_BOUND('',#404,.T.);
#259=FACE_OUTER_BOUND('',#405,.T.);
#260=FACE_OUTER_BOUND('',#406,.T.);
#261=FACE_OUTER_BOUND('',#407,.T.);
#262=FACE_OUTER_BOUND('',#408,.T.);
#263=FACE_OUTER_BOUND('',#409,.T.);
#264=FACE_OUTER_BOUND('',#410,.T.);
#265=FACE_OUTER_BOUND('',#411,.T.);
#266=FACE_OUTER_BOUND('',#412,.T.);
#267=FACE_OUTER_BOUND('',#413,.T.);
#268=FACE_OUTER_BOUND('',#414,.T.);
#269=FACE_OUTER_BOUND('',#415,.T.);
#270=FACE_OUTER_BOUND('',#416,.T.);
#271=FACE_OUTER_BOUND('',#417,.T.);
#272=FACE_OUTER_BOUND('',#418,.T.);
#273=FACE_OUTER_BOUND('',#419,.T.);
#274=FACE_OUTER_BOUND('',#420,.T.);
#275=FACE_OUTER_BOUND('',#421,.T.);
#276=FACE_OUTER_BOUND('',#422,.T.);
#277=FACE_OUTER_BOUND('',#423,.T.);
#278=FACE_OUTER_BOUND('',#424,.T.);
#279=FACE_OUTER_BOUND('',#425,.T.);
#280=FACE_OUTER_BOUND('',#426,.T.);
#281=EDGE_LOOP('',(#1559,#1560,#1561,#1562));
#282=EDGE_LOOP('',(#1563,#1564,#1565,#1566));
#283=EDGE_LOOP('',(#1567,#1568,#1569,#1570));
#284=EDGE_LOOP('',(#1571,#1572,#1573,#1574));
#285=EDGE_LOOP('',(#1575,#1576,#1577,#1578));
#286=EDGE_LOOP('',(#1579,#1580,#1581,#1582));
#287=EDGE_LOOP('',(#1583,#1584,#1585,#1586));
#288=EDGE_LOOP('',(#1587,#1588,#1589,#1590));
#289=EDGE_LOOP('',(#1591,#1592,#1593,#1594));
#290=EDGE_LOOP('',(#1595,#1596,#1597,#1598));
#291=EDGE_LOOP('',(#1599,#1600,#1601,#1602));
#292=EDGE_LOOP('',(#1603,#1604,#1605,#1606));
#293=EDGE_LOOP('',(#1607,#1608,#1609,#1610));
#294=EDGE_LOOP('',(#1611,#1612,#1613,#1614));
#295=EDGE_LOOP('',(#1615,#1616,#1617,#1618));
#296=EDGE_LOOP('',(#1619,#1620,#1621,#1622));
#297=EDGE_LOOP('',(#1623,#1624,#1625,#1626));
#298=EDGE_LOOP('',(#1627,#1628,#1629,#1630));
#299=EDGE_LOOP('',(#1631,#1632,#1633,#1634));
#300=EDGE_LOOP('',(#1635,#1636,#1637,#1638));
#301=EDGE_LOOP('',(#1639,#1640,#1641,#1642));
#302=EDGE_LOOP('',(#1643,#1644,#1645,#1646));
#303=EDGE_LOOP('',(#1647,#1648,#1649,#1650));
#304=EDGE_LOOP('',(#1651,#1652,#1653,#1654));
#305=EDGE_LOOP('',(#1655,#1656,#1657,#1658));
#306=EDGE_LOOP('',(#1659,#1660,#1661,#1662));
#307=EDGE_LOOP('',(#1663,#1664,#1665,#1666,#1667,#1668));
#308=EDGE_LOOP('',(#1669,#1670,#1671,#1672,#1673,#1674));
#309=EDGE_LOOP('',(#1675,#1676,#1677,#1678));
#310=EDGE_LOOP('',(#1679,#1680,#1681,#1682));
#311=EDGE_LOOP('',(#1683,#1684,#1685,#1686));
#312=EDGE_LOOP('',(#1687,#1688,#1689,#1690));
#313=EDGE_LOOP('',(#1691,#1692,#1693,#1694));
#314=EDGE_LOOP('',(#1695,#1696,#1697,#1698));
#315=EDGE_LOOP('',(#1699,#1700,#1701,#1702,#1703,#1704));
#316=EDGE_LOOP('',(#1705,#1706,#1707,#1708,#1709,#1710));
#317=EDGE_LOOP('',(#1711,#1712,#1713,#1714));
#318=EDGE_LOOP('',(#1715,#1716,#1717,#1718));
#319=EDGE_LOOP('',(#1719,#1720,#1721,#1722));
#320=EDGE_LOOP('',(#1723,#1724,#1725,#1726));
#321=EDGE_LOOP('',(#1727,#1728,#1729,#1730));
#322=EDGE_LOOP('',(#1731,#1732,#1733,#1734));
#323=EDGE_LOOP('',(#1735,#1736,#1737,#1738,#1739,#1740));
#324=EDGE_LOOP('',(#1741,#1742,#1743,#1744,#1745,#1746));
#325=EDGE_LOOP('',(#1747,#1748,#1749,#1750));
#326=EDGE_LOOP('',(#1751,#1752,#1753,#1754));
#327=EDGE_LOOP('',(#1755,#1756,#1757,#1758));
#328=EDGE_LOOP('',(#1759,#1760,#1761,#1762));
#329=EDGE_LOOP('',(#1763,#1764,#1765,#1766));
#330=EDGE_LOOP('',(#1767,#1768,#1769,#1770));
#331=EDGE_LOOP('',(#1771,#1772,#1773,#1774,#1775,#1776));
#332=EDGE_LOOP('',(#1777,#1778,#1779,#1780,#1781,#1782));
#333=EDGE_LOOP('',(#1783,#1784,#1785,#1786));
#334=EDGE_LOOP('',(#1787,#1788,#1789,#1790));
#335=EDGE_LOOP('',(#1791,#1792,#1793,#1794));
#336=EDGE_LOOP('',(#1795,#1796,#1797,#1798));
#337=EDGE_LOOP('',(#1799,#1800,#1801,#1802));
#338=EDGE_LOOP('',(#1803,#1804,#1805,#1806));
#339=EDGE_LOOP('',(#1807,#1808,#1809,#1810));
#340=EDGE_LOOP('',(#1811,#1812,#1813,#1814));
#341=EDGE_LOOP('',(#1815,#1816,#1817,#1818));
#342=EDGE_LOOP('',(#1819,#1820,#1821,#1822,#1823));
#343=EDGE_LOOP('',(#1824,#1825,#1826,#1827));
#344=EDGE_LOOP('',(#1828,#1829,#1830,#1831));
#345=EDGE_LOOP('',(#1832,#1833,#1834,#1835));
#346=EDGE_LOOP('',(#1836,#1837,#1838,#1839));
#347=EDGE_LOOP('',(#1840,#1841,#1842,#1843));
#348=EDGE_LOOP('',(#1844,#1845,#1846,#1847,#1848));
#349=EDGE_LOOP('',(#1849,#1850,#1851,#1852,#1853,#1854,#1855,#1856,#1857,
#1858,#1859,#1860));
#350=EDGE_LOOP('',(#1861,#1862,#1863,#1864,#1865,#1866,#1867,#1868,#1869,
#1870,#1871,#1872));
#351=EDGE_LOOP('',(#1873,#1874,#1875,#1876,#1877,#1878,#1879,#1880));
#352=EDGE_LOOP('',(#1881,#1882,#1883,#1884));
#353=EDGE_LOOP('',(#1885,#1886,#1887,#1888,#1889,#1890,#1891,#1892,#1893,
#1894,#1895,#1896));
#354=EDGE_LOOP('',(#1897,#1898,#1899,#1900));
#355=EDGE_LOOP('',(#1901,#1902,#1903,#1904));
#356=EDGE_LOOP('',(#1905,#1906,#1907,#1908));
#357=EDGE_LOOP('',(#1909,#1910,#1911,#1912));
#358=EDGE_LOOP('',(#1913,#1914,#1915,#1916));
#359=EDGE_LOOP('',(#1917,#1918,#1919,#1920,#1921,#1922,#1923,#1924));
#360=EDGE_LOOP('',(#1925,#1926,#1927,#1928));
#361=EDGE_LOOP('',(#1929,#1930,#1931,#1932,#1933,#1934,#1935,#1936));
#362=EDGE_LOOP('',(#1937,#1938,#1939,#1940,#1941,#1942,#1943,#1944,#1945,
#1946,#1947,#1948));
#363=EDGE_LOOP('',(#1949,#1950,#1951,#1952));
#364=EDGE_LOOP('',(#1953,#1954,#1955,#1956));
#365=EDGE_LOOP('',(#1957,#1958,#1959,#1960));
#366=EDGE_LOOP('',(#1961,#1962,#1963,#1964));
#367=EDGE_LOOP('',(#1965,#1966,#1967,#1968,#1969,#1970,#1971,#1972));
#368=EDGE_LOOP('',(#1973,#1974,#1975,#1976));
#369=EDGE_LOOP('',(#1977,#1978,#1979,#1980));
#370=EDGE_LOOP('',(#1981,#1982,#1983,#1984));
#371=EDGE_LOOP('',(#1985,#1986,#1987,#1988));
#372=EDGE_LOOP('',(#1989,#1990,#1991,#1992,#1993,#1994,#1995,#1996,#1997,
#1998));
#373=EDGE_LOOP('',(#1999,#2000,#2001,#2002));
#374=EDGE_LOOP('',(#2003,#2004,#2005,#2006));
#375=EDGE_LOOP('',(#2007,#2008,#2009,#2010));
#376=EDGE_LOOP('',(#2011,#2012,#2013,#2014));
#377=EDGE_LOOP('',(#2015,#2016,#2017,#2018));
#378=EDGE_LOOP('',(#2019,#2020,#2021,#2022));
#379=EDGE_LOOP('',(#2023,#2024,#2025,#2026));
#380=EDGE_LOOP('',(#2027,#2028,#2029,#2030));
#381=EDGE_LOOP('',(#2031,#2032,#2033,#2034));
#382=EDGE_LOOP('',(#2035,#2036,#2037,#2038));
#383=EDGE_LOOP('',(#2039,#2040,#2041,#2042));
#384=EDGE_LOOP('',(#2043,#2044,#2045,#2046));
#385=EDGE_LOOP('',(#2047,#2048,#2049,#2050,#2051,#2052,#2053,#2054));
#386=EDGE_LOOP('',(#2055,#2056,#2057,#2058));
#387=EDGE_LOOP('',(#2059));
#388=EDGE_LOOP('',(#2060));
#389=EDGE_LOOP('',(#2061));
#390=EDGE_LOOP('',(#2062));
#391=EDGE_LOOP('',(#2063,#2064,#2065,#2066));
#392=EDGE_LOOP('',(#2067,#2068,#2069,#2070));
#393=EDGE_LOOP('',(#2071,#2072,#2073,#2074));
#394=EDGE_LOOP('',(#2075,#2076,#2077,#2078));
#395=EDGE_LOOP('',(#2079,#2080,#2081,#2082));
#396=EDGE_LOOP('',(#2083,#2084,#2085,#2086));
#397=EDGE_LOOP('',(#2087,#2088,#2089,#2090));
#398=EDGE_LOOP('',(#2091,#2092,#2093,#2094));
#399=EDGE_LOOP('',(#2095,#2096,#2097,#2098));
#400=EDGE_LOOP('',(#2099,#2100,#2101,#2102));
#401=EDGE_LOOP('',(#2103,#2104,#2105,#2106));
#402=EDGE_LOOP('',(#2107,#2108,#2109,#2110));
#403=EDGE_LOOP('',(#2111,#2112,#2113,#2114,#2115,#2116,#2117,#2118));
#404=EDGE_LOOP('',(#2119,#2120,#2121,#2122,#2123,#2124,#2125,#2126));
#405=EDGE_LOOP('',(#2127,#2128,#2129,#2130,#2131,#2132,#2133,#2134));
#406=EDGE_LOOP('',(#2135,#2136,#2137,#2138,#2139,#2140,#2141,#2142));
#407=EDGE_LOOP('',(#2143,#2144,#2145,#2146,#2147,#2148,#2149,#2150));
#408=EDGE_LOOP('',(#2151,#2152,#2153,#2154,#2155,#2156,#2157,#2158));
#409=EDGE_LOOP('',(#2159,#2160,#2161,#2162,#2163,#2164,#2165,#2166));
#410=EDGE_LOOP('',(#2167,#2168,#2169,#2170,#2171,#2172,#2173,#2174));
#411=EDGE_LOOP('',(#2175,#2176,#2177,#2178));
#412=EDGE_LOOP('',(#2179,#2180,#2181,#2182));
#413=EDGE_LOOP('',(#2183,#2184,#2185,#2186,#2187,#2188));
#414=EDGE_LOOP('',(#2189,#2190,#2191,#2192,#2193,#2194));
#415=EDGE_LOOP('',(#2195,#2196,#2197,#2198));
#416=EDGE_LOOP('',(#2199,#2200,#2201,#2202));
#417=EDGE_LOOP('',(#2203,#2204,#2205,#2206,#2207,#2208));
#418=EDGE_LOOP('',(#2209,#2210,#2211,#2212,#2213,#2214));
#419=EDGE_LOOP('',(#2215,#2216,#2217,#2218));
#420=EDGE_LOOP('',(#2219,#2220,#2221,#2222,#2223,#2224));
#421=EDGE_LOOP('',(#2225,#2226,#2227,#2228,#2229,#2230));
#422=EDGE_LOOP('',(#2231,#2232,#2233,#2234));
#423=EDGE_LOOP('',(#2235,#2236,#2237,#2238));
#424=EDGE_LOOP('',(#2239,#2240,#2241,#2242,#2243,#2244));
#425=EDGE_LOOP('',(#2245,#2246,#2247,#2248,#2249,#2250));
#426=EDGE_LOOP('',(#2251,#2252,#2253,#2254));
#427=LINE('',#3362,#703);
#428=LINE('',#3364,#704);
#429=LINE('',#3366,#705);
#430=LINE('',#3367,#706);
#431=LINE('',#3370,#707);
#432=LINE('',#3372,#708);
#433=LINE('',#3373,#709);
#434=LINE('',#3376,#710);
#435=LINE('',#3378,#711);
#436=LINE('',#3379,#712);
#437=LINE('',#3381,#713);
#438=LINE('',#3383,#714);
#439=LINE('',#3388,#715);
#440=LINE('',#3390,#716);
#441=LINE('',#3392,#717);
#442=LINE('',#3393,#718);
#443=LINE('',#3396,#719);
#444=LINE('',#3398,#720);
#445=LINE('',#3399,#721);
#446=LINE('',#3402,#722);
#447=LINE('',#3404,#723);
#448=LINE('',#3405,#724);
#449=LINE('',#3407,#725);
#450=LINE('',#3409,#726);
#451=LINE('',#3414,#727);
#452=LINE('',#3416,#728);
#453=LINE('',#3418,#729);
#454=LINE('',#3419,#730);
#455=LINE('',#3422,#731);
#456=LINE('',#3424,#732);
#457=LINE('',#3425,#733);
#458=LINE('',#3428,#734);
#459=LINE('',#3430,#735);
#460=LINE('',#3431,#736);
#461=LINE('',#3433,#737);
#462=LINE('',#3435,#738);
#463=LINE('',#3440,#739);
#464=LINE('',#3442,#740);
#465=LINE('',#3444,#741);
#466=LINE('',#3445,#742);
#467=LINE('',#3448,#743);
#468=LINE('',#3450,#744);
#469=LINE('',#3451,#745);
#470=LINE('',#3454,#746);
#471=LINE('',#3456,#747);
#472=LINE('',#3457,#748);
#473=LINE('',#3459,#749);
#474=LINE('',#3461,#750);
#475=LINE('',#3467,#751);
#476=LINE('',#3469,#752);
#477=LINE('',#3471,#753);
#478=LINE('',#3472,#754);
#479=LINE('',#3476,#755);
#480=LINE('',#3478,#756);
#481=LINE('',#3480,#757);
#482=LINE('',#3481,#758);
#483=LINE('',#3484,#759);
#484=LINE('',#3506,#760);
#485=LINE('',#3519,#761);
#486=LINE('',#3521,#762);
#487=LINE('',#3533,#763);
#488=LINE('',#3535,#764);
#489=LINE('',#3551,#765);
#490=LINE('',#3553,#766);
#491=LINE('',#3555,#767);
#492=LINE('',#3556,#768);
#493=LINE('',#3560,#769);
#494=LINE('',#3562,#770);
#495=LINE('',#3564,#771);
#496=LINE('',#3565,#772);
#497=LINE('',#3568,#773);
#498=LINE('',#3590,#774);
#499=LINE('',#3603,#775);
#500=LINE('',#3605,#776);
#501=LINE('',#3617,#777);
#502=LINE('',#3619,#778);
#503=LINE('',#3635,#779);
#504=LINE('',#3637,#780);
#505=LINE('',#3639,#781);
#506=LINE('',#3640,#782);
#507=LINE('',#3644,#783);
#508=LINE('',#3646,#784);
#509=LINE('',#3648,#785);
#510=LINE('',#3649,#786);
#511=LINE('',#3652,#787);
#512=LINE('',#3674,#788);
#513=LINE('',#3687,#789);
#514=LINE('',#3689,#790);
#515=LINE('',#3701,#791);
#516=LINE('',#3703,#792);
#517=LINE('',#3719,#793);
#518=LINE('',#3721,#794);
#519=LINE('',#3723,#795);
#520=LINE('',#3724,#796);
#521=LINE('',#3728,#797);
#522=LINE('',#3730,#798);
#523=LINE('',#3732,#799);
#524=LINE('',#3733,#800);
#525=LINE('',#3736,#801);
#526=LINE('',#3758,#802);
#527=LINE('',#3771,#803);
#528=LINE('',#3773,#804);
#529=LINE('',#3785,#805);
#530=LINE('',#3787,#806);
#531=LINE('',#3803,#807);
#532=LINE('',#3805,#808);
#533=LINE('',#3807,#809);
#534=LINE('',#3808,#810);
#535=LINE('',#3812,#811);
#536=LINE('',#3814,#812);
#537=LINE('',#3816,#813);
#538=LINE('',#3817,#814);
#539=LINE('',#3824,#815);
#540=LINE('',#3826,#816);
#541=LINE('',#3828,#817);
#542=LINE('',#3829,#818);
#543=LINE('',#3833,#819);
#544=LINE('',#3835,#820);
#545=LINE('',#3837,#821);
#546=LINE('',#3838,#822);
#547=LINE('',#3847,#823);
#548=LINE('',#3849,#824);
#549=LINE('',#3851,#825);
#550=LINE('',#3852,#826);
#551=LINE('',#3856,#827);
#552=LINE('',#3858,#828);
#553=LINE('',#3860,#829);
#554=LINE('',#3861,#830);
#555=LINE('',#3868,#831);
#556=LINE('',#3870,#832);
#557=LINE('',#3872,#833);
#558=LINE('',#3873,#834);
#559=LINE('',#3877,#835);
#560=LINE('',#3879,#836);
#561=LINE('',#3881,#837);
#562=LINE('',#3882,#838);
#563=LINE('',#3892,#839);
#564=LINE('',#3899,#840);
#565=LINE('',#3907,#841);
#566=LINE('',#3909,#842);
#567=LINE('',#3911,#843);
#568=LINE('',#3912,#844);
#569=LINE('',#3917,#845);
#570=LINE('',#3923,#846);
#571=LINE('',#3924,#847);
#572=LINE('',#3925,#848);
#573=LINE('',#3928,#849);
#574=LINE('',#3930,#850);
#575=LINE('',#3931,#851);
#576=LINE('',#3935,#852);
#577=LINE('',#3936,#853);
#578=LINE('',#3937,#854);
#579=LINE('',#3940,#855);
#580=LINE('',#3942,#856);
#581=LINE('',#3943,#857);
#582=LINE('',#3946,#858);
#583=LINE('',#3948,#859);
#584=LINE('',#3949,#860);
#585=LINE('',#3952,#861);
#586=LINE('',#3953,#862);
#587=LINE('',#3956,#863);
#588=LINE('',#3957,#864);
#589=LINE('',#3959,#865);
#590=LINE('',#3963,#866);
#591=LINE('',#3968,#867);
#592=LINE('',#3970,#868);
#593=LINE('',#3972,#869);
#594=LINE('',#3973,#870);
#595=LINE('',#3977,#871);
#596=LINE('',#3979,#872);
#597=LINE('',#3981,#873);
#598=LINE('',#3982,#874);
#599=LINE('',#3986,#875);
#600=LINE('',#3988,#876);
#601=LINE('',#3990,#877);
#602=LINE('',#3991,#878);
#603=LINE('',#3995,#879);
#604=LINE('',#3997,#880);
#605=LINE('',#3999,#881);
#606=LINE('',#4000,#882);
#607=LINE('',#4004,#883);
#608=LINE('',#4006,#884);
#609=LINE('',#4008,#885);
#610=LINE('',#4010,#886);
#611=LINE('',#4012,#887);
#612=LINE('',#4014,#888);
#613=LINE('',#4016,#889);
#614=LINE('',#4017,#890);
#615=LINE('',#4021,#891);
#616=LINE('',#4026,#892);
#617=LINE('',#4031,#893);
#618=LINE('',#4036,#894);
#619=LINE('',#4040,#895);
#620=LINE('',#4042,#896);
#621=LINE('',#4043,#897);
#622=LINE('',#4046,#898);
#623=LINE('',#4048,#899);
#624=LINE('',#4050,#900);
#625=LINE('',#4051,#901);
#626=LINE('',#4054,#902);
#627=LINE('',#4055,#903);
#628=LINE('',#4058,#904);
#629=LINE('',#4059,#905);
#630=LINE('',#4062,#906);
#631=LINE('',#4064,#907);
#632=LINE('',#4066,#908);
#633=LINE('',#4067,#909);
#634=LINE('',#4070,#910);
#635=LINE('',#4071,#911);
#636=LINE('',#4074,#912);
#637=LINE('',#4075,#913);
#638=LINE('',#4078,#914);
#639=LINE('',#4080,#915);
#640=LINE('',#4082,#916);
#641=LINE('',#4083,#917);
#642=LINE('',#4086,#918);
#643=LINE('',#4087,#919);
#644=LINE('',#4090,#920);
#645=LINE('',#4091,#921);
#646=LINE('',#4094,#922);
#647=LINE('',#4096,#923);
#648=LINE('',#4098,#924);
#649=LINE('',#4099,#925);
#650=LINE('',#4101,#926);
#651=LINE('',#4106,#927);
#652=LINE('',#4107,#928);
#653=LINE('',#4108,#929);
#654=LINE('',#4112,#930);
#655=LINE('',#4114,#931);
#656=LINE('',#4116,#932);
#657=LINE('',#4117,#933);
#658=LINE('',#4123,#934);
#659=LINE('',#4125,#935);
#660=LINE('',#4126,#936);
#661=LINE('',#4130,#937);
#662=LINE('',#4132,#938);
#663=LINE('',#4134,#939);
#664=LINE('',#4135,#940);
#665=LINE('',#4141,#941);
#666=LINE('',#4143,#942);
#667=LINE('',#4144,#943);
#668=LINE('',#4148,#944);
#669=LINE('',#4150,#945);
#670=LINE('',#4152,#946);
#671=LINE('',#4153,#947);
#672=LINE('',#4160,#948);
#673=LINE('',#4161,#949);
#674=LINE('',#4162,#950);
#675=LINE('',#4166,#951);
#676=LINE('',#4168,#952);
#677=LINE('',#4170,#953);
#678=LINE('',#4171,#954);
#679=LINE('',#4179,#955);
#680=LINE('',#4185,#956);
#681=LINE('',#4190,#957);
#682=LINE('',#4197,#958);
#683=LINE('',#4202,#959);
#684=LINE('',#4209,#960);
#685=LINE('',#4215,#961);
#686=LINE('',#4221,#962);
#687=LINE('',#4224,#963);
#688=LINE('',#4225,#964);
#689=LINE('',#4227,#965);
#690=LINE('',#4228,#966);
#691=LINE('',#4232,#967);
#692=LINE('',#4233,#968);
#693=LINE('',#4235,#969);
#694=LINE('',#4236,#970);
#695=LINE('',#4240,#971);
#696=LINE('',#4241,#972);
#697=LINE('',#4243,#973);
#698=LINE('',#4245,#974);
#699=LINE('',#4248,#975);
#700=LINE('',#4249,#976);
#701=LINE('',#4251,#977);
#702=LINE('',#4253,#978);
#703=VECTOR('',#2719,0.4);
#704=VECTOR('',#2720,4.61421356078269);
#705=VECTOR('',#2721,0.4);
#706=VECTOR('',#2722,4.61421356078269);
#707=VECTOR('',#2725,1.555634919);
#708=VECTOR('',#2726,6.81421356020229);
#709=VECTOR('',#2727,1.555634919);
#710=VECTOR('',#2730,1.5);
#711=VECTOR('',#2731,6.81421356020229);
#712=VECTOR('',#2732,1.5);
#713=VECTOR('',#2735,1.90525588790384);
#714=VECTOR('',#2738,1.90525588790384);
#715=VECTOR('',#2743,0.4);
#716=VECTOR('',#2744,4.61421356078269);
#717=VECTOR('',#2745,0.4);
#718=VECTOR('',#2746,4.61421356078269);
#719=VECTOR('',#2749,1.555634919);
#720=VECTOR('',#2750,6.81421356020229);
#721=VECTOR('',#2751,1.555634919);
#722=VECTOR('',#2754,1.5);
#723=VECTOR('',#2755,6.81421356020229);
#724=VECTOR('',#2756,1.5);
#725=VECTOR('',#2759,1.90525588790384);
#726=VECTOR('',#2762,1.90525588790384);
#727=VECTOR('',#2767,0.4);
#728=VECTOR('',#2768,4.61421356078269);
#729=VECTOR('',#2769,0.4);
#730=VECTOR('',#2770,4.61421356078269);
#731=VECTOR('',#2773,1.555634919);
#732=VECTOR('',#2774,6.81421356020229);
#733=VECTOR('',#2775,1.555634919);
#734=VECTOR('',#2778,1.5);
#735=VECTOR('',#2779,6.81421356020229);
#736=VECTOR('',#2780,1.5);
#737=VECTOR('',#2783,1.90525588790384);
#738=VECTOR('',#2786,1.90525588790384);
#739=VECTOR('',#2791,0.4);
#740=VECTOR('',#2792,4.61421356078269);
#741=VECTOR('',#2793,0.4);
#742=VECTOR('',#2794,4.61421356078269);
#743=VECTOR('',#2797,1.555634919);
#744=VECTOR('',#2798,6.81421356020229);
#745=VECTOR('',#2799,1.555634919);
#746=VECTOR('',#2802,1.5);
#747=VECTOR('',#2803,6.81421356020229);
#748=VECTOR('',#2804,1.5);
#749=VECTOR('',#2807,1.90525588790384);
#750=VECTOR('',#2810,1.90525588790384);
#751=VECTOR('',#2817,3.829414592);
#752=VECTOR('',#2818,0.857142857);
#753=VECTOR('',#2819,3.829414592);
#754=VECTOR('',#2820,0.857142857);
#755=VECTOR('',#2823,2.);
#756=VECTOR('',#2824,10.8);
#757=VECTOR('',#2825,2.);
#758=VECTOR('',#2826,10.8);
#759=VECTOR('',#2829,0.575659085144409);
#760=VECTOR('',#2830,0.575659085144409);
#761=VECTOR('',#2833,0.575659085144409);
#762=VECTOR('',#2834,0.575659085144409);
#763=VECTOR('',#2837,1.689399613);
#764=VECTOR('',#2840,1.689399613);
#765=VECTOR('',#2843,3.829414592);
#766=VECTOR('',#2844,0.857142857);
#767=VECTOR('',#2845,3.829414592);
#768=VECTOR('',#2846,0.857142857);
#769=VECTOR('',#2849,2.);
#770=VECTOR('',#2850,10.8);
#771=VECTOR('',#2851,2.);
#772=VECTOR('',#2852,10.8);
#773=VECTOR('',#2855,0.575659085144409);
#774=VECTOR('',#2856,0.575659085144409);
#775=VECTOR('',#2859,0.575659085144409);
#776=VECTOR('',#2860,0.575659085144409);
#777=VECTOR('',#2863,1.689399613);
#778=VECTOR('',#2866,1.689399613);
#779=VECTOR('',#2869,3.829414592);
#780=VECTOR('',#2870,0.857142857);
#781=VECTOR('',#2871,3.829414592);
#782=VECTOR('',#2872,0.857142857);
#783=VECTOR('',#2875,2.);
#784=VECTOR('',#2876,10.8);
#785=VECTOR('',#2877,2.);
#786=VECTOR('',#2878,10.8);
#787=VECTOR('',#2881,0.575659085144409);
#788=VECTOR('',#2882,0.575659085144409);
#789=VECTOR('',#2885,0.575659085144409);
#790=VECTOR('',#2886,0.575659085144409);
#791=VECTOR('',#2889,1.689399613);
#792=VECTOR('',#2892,1.689399613);
#793=VECTOR('',#2895,3.829414592);
#794=VECTOR('',#2896,0.857142857);
#795=VECTOR('',#2897,3.829414592);
#796=VECTOR('',#2898,0.857142857);
#797=VECTOR('',#2901,2.);
#798=VECTOR('',#2902,10.8);
#799=VECTOR('',#2903,2.);
#800=VECTOR('',#2904,10.8);
#801=VECTOR('',#2907,0.575659085144409);
#802=VECTOR('',#2908,0.575659085144409);
#803=VECTOR('',#2911,0.575659085144409);
#804=VECTOR('',#2912,0.575659085144409);
#805=VECTOR('',#2915,1.689399613);
#806=VECTOR('',#2918,1.689399613);
#807=VECTOR('',#2921,10.);
#808=VECTOR('',#2922,10.);
#809=VECTOR('',#2923,10.);
#810=VECTOR('',#2924,10.);
#811=VECTOR('',#2927,10.);
#812=VECTOR('',#2928,10.);
#813=VECTOR('',#2929,10.);
#814=VECTOR('',#2930,10.);
#815=VECTOR('',#2939,10.);
#816=VECTOR('',#2940,10.);
#817=VECTOR('',#2941,10.);
#818=VECTOR('',#2942,10.);
#819=VECTOR('',#2945,10.);
#820=VECTOR('',#2946,10.);
#821=VECTOR('',#2947,10.);
#822=VECTOR('',#2948,10.);
#823=VECTOR('',#2959,10.);
#824=VECTOR('',#2960,10.);
#825=VECTOR('',#2961,10.);
#826=VECTOR('',#2962,10.);
#827=VECTOR('',#2965,10.);
#828=VECTOR('',#2966,10.);
#829=VECTOR('',#2967,10.);
#830=VECTOR('',#2968,10.);
#831=VECTOR('',#2977,10.);
#832=VECTOR('',#2978,10.);
#833=VECTOR('',#2979,10.);
#834=VECTOR('',#2980,10.);
#835=VECTOR('',#2983,10.);
#836=VECTOR('',#2984,10.);
#837=VECTOR('',#2985,10.);
#838=VECTOR('',#2986,10.);
#839=VECTOR('',#2999,2.5);
#840=VECTOR('',#3010,2.5);
#841=VECTOR('',#3021,10.);
#842=VECTOR('',#3022,10.);
#843=VECTOR('',#3023,10.);
#844=VECTOR('',#3024,10.);
#845=VECTOR('',#3029,2.5);
#846=VECTOR('',#3036,10.);
#847=VECTOR('',#3037,10.);
#848=VECTOR('',#3038,10.);
#849=VECTOR('',#3041,10.);
#850=VECTOR('',#3042,10.);
#851=VECTOR('',#3043,10.);
#852=VECTOR('',#3046,10.);
#853=VECTOR('',#3047,10.);
#854=VECTOR('',#3048,10.);
#855=VECTOR('',#3051,10.);
#856=VECTOR('',#3052,10.);
#857=VECTOR('',#3053,10.);
#858=VECTOR('',#3056,10.);
#859=VECTOR('',#3057,10.);
#860=VECTOR('',#3058,10.);
#861=VECTOR('',#3061,10.);
#862=VECTOR('',#3062,10.);
#863=VECTOR('',#3065,10.);
#864=VECTOR('',#3066,10.);
#865=VECTOR('',#3069,10.);
#866=VECTOR('',#3074,2.5);
#867=VECTOR('',#3079,5.6);
#868=VECTOR('',#3080,11.8);
#869=VECTOR('',#3081,5.6);
#870=VECTOR('',#3082,11.8);
#871=VECTOR('',#3085,11.8);
#872=VECTOR('',#3086,5.6);
#873=VECTOR('',#3087,11.8);
#874=VECTOR('',#3088,5.6);
#875=VECTOR('',#3091,5.6);
#876=VECTOR('',#3092,11.8);
#877=VECTOR('',#3093,5.6);
#878=VECTOR('',#3094,11.8);
#879=VECTOR('',#3097,11.8);
#880=VECTOR('',#3098,5.6);
#881=VECTOR('',#3099,11.8);
#882=VECTOR('',#3100,5.6);
#883=VECTOR('',#3103,15.163246763);
#884=VECTOR('',#3104,6.81421356020229);
#885=VECTOR('',#3105,15.163246763);
#886=VECTOR('',#3106,6.81421356020229);
#887=VECTOR('',#3107,15.163246763);
#888=VECTOR('',#3108,6.81421356020229);
#889=VECTOR('',#3109,15.163246763);
#890=VECTOR('',#3110,6.81421356020229);
#891=VECTOR('',#3113,11.8);
#892=VECTOR('',#3118,11.8);
#893=VECTOR('',#3123,11.8);
#894=VECTOR('',#3128,11.8);
#895=VECTOR('',#3133,6.8);
#896=VECTOR('',#3134,15.163246763);
#897=VECTOR('',#3135,6.8);
#898=VECTOR('',#3136,12.);
#899=VECTOR('',#3137,0.4);
#900=VECTOR('',#3138,12.);
#901=VECTOR('',#3139,0.4);
#902=VECTOR('',#3142,6.8);
#903=VECTOR('',#3143,6.81421356020229);
#904=VECTOR('',#3146,6.8);
#905=VECTOR('',#3147,15.163246763);
#906=VECTOR('',#3148,12.);
#907=VECTOR('',#3149,0.4);
#908=VECTOR('',#3150,12.);
#909=VECTOR('',#3151,0.4);
#910=VECTOR('',#3154,6.8);
#911=VECTOR('',#3155,6.81421356020229);
#912=VECTOR('',#3158,6.8);
#913=VECTOR('',#3159,15.163246763);
#914=VECTOR('',#3160,12.);
#915=VECTOR('',#3161,0.4);
#916=VECTOR('',#3162,12.);
#917=VECTOR('',#3163,0.4);
#918=VECTOR('',#3166,6.8);
#919=VECTOR('',#3167,6.81421356020229);
#920=VECTOR('',#3170,6.8);
#921=VECTOR('',#3171,15.163246763);
#922=VECTOR('',#3172,12.);
#923=VECTOR('',#3173,0.4);
#924=VECTOR('',#3174,12.);
#925=VECTOR('',#3175,0.4);
#926=VECTOR('',#3178,6.81421356020229);
#927=VECTOR('',#3183,11.8);
#928=VECTOR('',#3184,6.2);
#929=VECTOR('',#3185,6.2);
#930=VECTOR('',#3188,0.2);
#931=VECTOR('',#3189,11.8);
#932=VECTOR('',#3190,0.2);
#933=VECTOR('',#3191,11.8);
#934=VECTOR('',#3200,6.2);
#935=VECTOR('',#3201,11.8);
#936=VECTOR('',#3202,6.2);
#937=VECTOR('',#3205,11.8);
#938=VECTOR('',#3206,0.2);
#939=VECTOR('',#3207,11.8);
#940=VECTOR('',#3208,0.2);
#941=VECTOR('',#3217,6.2);
#942=VECTOR('',#3218,11.8);
#943=VECTOR('',#3219,6.2);
#944=VECTOR('',#3222,11.8);
#945=VECTOR('',#3223,0.2);
#946=VECTOR('',#3224,11.8);
#947=VECTOR('',#3225,0.2);
#948=VECTOR('',#3234,11.8);
#949=VECTOR('',#3235,6.2);
#950=VECTOR('',#3236,6.2);
#951=VECTOR('',#3239,0.2);
#952=VECTOR('',#3240,11.8);
#953=VECTOR('',#3241,0.2);
#954=VECTOR('',#3242,11.8);
#955=VECTOR('',#3253,0.4);
#956=VECTOR('',#3260,0.4);
#957=VECTOR('',#3265,0.4);
#958=VECTOR('',#3274,0.4);
#959=VECTOR('',#3279,0.4);
#960=VECTOR('',#3288,0.4);
#961=VECTOR('',#3295,0.4);
#962=VECTOR('',#3302,0.4);
#963=VECTOR('',#3307,0.717157288);
#964=VECTOR('',#3308,0.717157288);
#965=VECTOR('',#3311,0.717157288);
#966=VECTOR('',#3312,0.717157288);
#967=VECTOR('',#3319,0.717157288);
#968=VECTOR('',#3320,0.717157288);
#969=VECTOR('',#3323,0.717157288);
#970=VECTOR('',#3324,0.717157288);
#971=VECTOR('',#3331,0.717157288);
#972=VECTOR('',#3332,0.717157288);
#973=VECTOR('',#3335,0.717157288);
#974=VECTOR('',#3338,0.717157288);
#975=VECTOR('',#3343,0.717157288);
#976=VECTOR('',#3344,0.717157288);
#977=VECTOR('',#3347,0.717157288);
#978=VECTOR('',#3350,0.717157288);
#979=VERTEX_POINT('',#3360);
#980=VERTEX_POINT('',#3361);
#981=VERTEX_POINT('',#3363);
#982=VERTEX_POINT('',#3365);
#983=VERTEX_POINT('',#3369);
#984=VERTEX_POINT('',#3371);
#985=VERTEX_POINT('',#3375);
#986=VERTEX_POINT('',#3377);
#987=VERTEX_POINT('',#3386);
#988=VERTEX_POINT('',#3387);
#989=VERTEX_POINT('',#3389);
#990=VERTEX_POINT('',#3391);
#991=VERTEX_POINT('',#3395);
#992=VERTEX_POINT('',#3397);
#993=VERTEX_POINT('',#3401);
#994=VERTEX_POINT('',#3403);
#995=VERTEX_POINT('',#3412);
#996=VERTEX_POINT('',#3413);
#997=VERTEX_POINT('',#3415);
#998=VERTEX_POINT('',#3417);
#999=VERTEX_POINT('',#3421);
#1000=VERTEX_POINT('',#3423);
#1001=VERTEX_POINT('',#3427);
#1002=VERTEX_POINT('',#3429);
#1003=VERTEX_POINT('',#3438);
#1004=VERTEX_POINT('',#3439);
#1005=VERTEX_POINT('',#3441);
#1006=VERTEX_POINT('',#3443);
#1007=VERTEX_POINT('',#3447);
#1008=VERTEX_POINT('',#3449);
#1009=VERTEX_POINT('',#3453);
#1010=VERTEX_POINT('',#3455);
#1011=VERTEX_POINT('',#3465);
#1012=VERTEX_POINT('',#3466);
#1013=VERTEX_POINT('',#3468);
#1014=VERTEX_POINT('',#3470);
#1015=VERTEX_POINT('',#3474);
#1016=VERTEX_POINT('',#3475);
#1017=VERTEX_POINT('',#3477);
#1018=VERTEX_POINT('',#3479);
#1019=VERTEX_POINT('',#3483);
#1020=VERTEX_POINT('',#3495);
#1021=VERTEX_POINT('',#3508);
#1022=VERTEX_POINT('',#3520);
#1023=VERTEX_POINT('',#3549);
#1024=VERTEX_POINT('',#3550);
#1025=VERTEX_POINT('',#3552);
#1026=VERTEX_POINT('',#3554);
#1027=VERTEX_POINT('',#3558);
#1028=VERTEX_POINT('',#3559);
#1029=VERTEX_POINT('',#3561);
#1030=VERTEX_POINT('',#3563);
#1031=VERTEX_POINT('',#3567);
#1032=VERTEX_POINT('',#3579);
#1033=VERTEX_POINT('',#3592);
#1034=VERTEX_POINT('',#3604);
#1035=VERTEX_POINT('',#3633);
#1036=VERTEX_POINT('',#3634);
#1037=VERTEX_POINT('',#3636);
#1038=VERTEX_POINT('',#3638);
#1039=VERTEX_POINT('',#3642);
#1040=VERTEX_POINT('',#3643);
#1041=VERTEX_POINT('',#3645);
#1042=VERTEX_POINT('',#3647);
#1043=VERTEX_POINT('',#3651);
#1044=VERTEX_POINT('',#3663);
#1045=VERTEX_POINT('',#3676);
#1046=VERTEX_POINT('',#3688);
#1047=VERTEX_POINT('',#3717);
#1048=VERTEX_POINT('',#3718);
#1049=VERTEX_POINT('',#3720);
#1050=VERTEX_POINT('',#3722);
#1051=VERTEX_POINT('',#3726);
#1052=VERTEX_POINT('',#3727);
#1053=VERTEX_POINT('',#3729);
#1054=VERTEX_POINT('',#3731);
#1055=VERTEX_POINT('',#3735);
#1056=VERTEX_POINT('',#3747);
#1057=VERTEX_POINT('',#3760);
#1058=VERTEX_POINT('',#3772);
#1059=VERTEX_POINT('',#3801);
#1060=VERTEX_POINT('',#3802);
#1061=VERTEX_POINT('',#3804);
#1062=VERTEX_POINT('',#3806);
#1063=VERTEX_POINT('',#3810);
#1064=VERTEX_POINT('',#3811);
#1065=VERTEX_POINT('',#3813);
#1066=VERTEX_POINT('',#3815);
#1067=VERTEX_POINT('',#3822);
#1068=VERTEX_POINT('',#3823);
#1069=VERTEX_POINT('',#3825);
#1070=VERTEX_POINT('',#3827);
#1071=VERTEX_POINT('',#3831);
#1072=VERTEX_POINT('',#3832);
#1073=VERTEX_POINT('',#3834);
#1074=VERTEX_POINT('',#3836);
#1075=VERTEX_POINT('',#3841);
#1076=VERTEX_POINT('',#3845);
#1077=VERTEX_POINT('',#3846);
#1078=VERTEX_POINT('',#3848);
#1079=VERTEX_POINT('',#3850);
#1080=VERTEX_POINT('',#3854);
#1081=VERTEX_POINT('',#3855);
#1082=VERTEX_POINT('',#3857);
#1083=VERTEX_POINT('',#3859);
#1084=VERTEX_POINT('',#3866);
#1085=VERTEX_POINT('',#3867);
#1086=VERTEX_POINT('',#3869);
#1087=VERTEX_POINT('',#3871);
#1088=VERTEX_POINT('',#3875);
#1089=VERTEX_POINT('',#3876);
#1090=VERTEX_POINT('',#3878);
#1091=VERTEX_POINT('',#3880);
#1092=VERTEX_POINT('',#3885);
#1093=VERTEX_POINT('',#3889);
#1094=VERTEX_POINT('',#3891);
#1095=VERTEX_POINT('',#3897);
#1096=VERTEX_POINT('',#3905);
#1097=VERTEX_POINT('',#3906);
#1098=VERTEX_POINT('',#3908);
#1099=VERTEX_POINT('',#3910);
#1100=VERTEX_POINT('',#3914);
#1101=VERTEX_POINT('',#3916);
#1102=VERTEX_POINT('',#3921);
#1103=VERTEX_POINT('',#3922);
#1104=VERTEX_POINT('',#3927);
#1105=VERTEX_POINT('',#3929);
#1106=VERTEX_POINT('',#3933);
#1107=VERTEX_POINT('',#3934);
#1108=VERTEX_POINT('',#3939);
#1109=VERTEX_POINT('',#3941);
#1110=VERTEX_POINT('',#3945);
#1111=VERTEX_POINT('',#3947);
#1112=VERTEX_POINT('',#3951);
#1113=VERTEX_POINT('',#3955);
#1114=VERTEX_POINT('',#3961);
#1115=VERTEX_POINT('',#3966);
#1116=VERTEX_POINT('',#3967);
#1117=VERTEX_POINT('',#3969);
#1118=VERTEX_POINT('',#3971);
#1119=VERTEX_POINT('',#3975);
#1120=VERTEX_POINT('',#3976);
#1121=VERTEX_POINT('',#3978);
#1122=VERTEX_POINT('',#3980);
#1123=VERTEX_POINT('',#3984);
#1124=VERTEX_POINT('',#3985);
#1125=VERTEX_POINT('',#3987);
#1126=VERTEX_POINT('',#3989);
#1127=VERTEX_POINT('',#3993);
#1128=VERTEX_POINT('',#3994);
#1129=VERTEX_POINT('',#3996);
#1130=VERTEX_POINT('',#3998);
#1131=VERTEX_POINT('',#4002);
#1132=VERTEX_POINT('',#4003);
#1133=VERTEX_POINT('',#4005);
#1134=VERTEX_POINT('',#4007);
#1135=VERTEX_POINT('',#4009);
#1136=VERTEX_POINT('',#4011);
#1137=VERTEX_POINT('',#4013);
#1138=VERTEX_POINT('',#4015);
#1139=VERTEX_POINT('',#4018);
#1140=VERTEX_POINT('',#4020);
#1141=VERTEX_POINT('',#4023);
#1142=VERTEX_POINT('',#4025);
#1143=VERTEX_POINT('',#4028);
#1144=VERTEX_POINT('',#4030);
#1145=VERTEX_POINT('',#4033);
#1146=VERTEX_POINT('',#4035);
#1147=VERTEX_POINT('',#4039);
#1148=VERTEX_POINT('',#4041);
#1149=VERTEX_POINT('',#4044);
#1150=VERTEX_POINT('',#4045);
#1151=VERTEX_POINT('',#4047);
#1152=VERTEX_POINT('',#4049);
#1153=VERTEX_POINT('',#4053);
#1154=VERTEX_POINT('',#4057);
#1155=VERTEX_POINT('',#4060);
#1156=VERTEX_POINT('',#4061);
#1157=VERTEX_POINT('',#4063);
#1158=VERTEX_POINT('',#4065);
#1159=VERTEX_POINT('',#4069);
#1160=VERTEX_POINT('',#4073);
#1161=VERTEX_POINT('',#4076);
#1162=VERTEX_POINT('',#4077);
#1163=VERTEX_POINT('',#4079);
#1164=VERTEX_POINT('',#4081);
#1165=VERTEX_POINT('',#4085);
#1166=VERTEX_POINT('',#4089);
#1167=VERTEX_POINT('',#4092);
#1168=VERTEX_POINT('',#4093);
#1169=VERTEX_POINT('',#4095);
#1170=VERTEX_POINT('',#4097);
#1171=VERTEX_POINT('',#4104);
#1172=VERTEX_POINT('',#4105);
#1173=VERTEX_POINT('',#4110);
#1174=VERTEX_POINT('',#4111);
#1175=VERTEX_POINT('',#4113);
#1176=VERTEX_POINT('',#4115);
#1177=VERTEX_POINT('',#4122);
#1178=VERTEX_POINT('',#4124);
#1179=VERTEX_POINT('',#4128);
#1180=VERTEX_POINT('',#4129);
#1181=VERTEX_POINT('',#4131);
#1182=VERTEX_POINT('',#4133);
#1183=VERTEX_POINT('',#4140);
#1184=VERTEX_POINT('',#4142);
#1185=VERTEX_POINT('',#4146);
#1186=VERTEX_POINT('',#4147);
#1187=VERTEX_POINT('',#4149);
#1188=VERTEX_POINT('',#4151);
#1189=VERTEX_POINT('',#4158);
#1190=VERTEX_POINT('',#4159);
#1191=VERTEX_POINT('',#4164);
#1192=VERTEX_POINT('',#4165);
#1193=VERTEX_POINT('',#4167);
#1194=VERTEX_POINT('',#4169);
#1195=VERTEX_POINT('',#4176);
#1196=VERTEX_POINT('',#4178);
#1197=VERTEX_POINT('',#4182);
#1198=VERTEX_POINT('',#4184);
#1199=VERTEX_POINT('',#4188);
#1200=VERTEX_POINT('',#4189);
#1201=VERTEX_POINT('',#4194);
#1202=VERTEX_POINT('',#4196);
#1203=VERTEX_POINT('',#4200);
#1204=VERTEX_POINT('',#4201);
#1205=VERTEX_POINT('',#4206);
#1206=VERTEX_POINT('',#4208);
#1207=VERTEX_POINT('',#4212);
#1208=VERTEX_POINT('',#4214);
#1209=VERTEX_POINT('',#4218);
#1210=VERTEX_POINT('',#4220);
#1211=EDGE_CURVE('',#979,#980,#427,.T.);
#1212=EDGE_CURVE('',#979,#981,#428,.T.);
#1213=EDGE_CURVE('',#981,#982,#429,.T.);
#1214=EDGE_CURVE('',#980,#982,#430,.T.);
#1215=EDGE_CURVE('',#983,#982,#431,.T.);
#1216=EDGE_CURVE('',#984,#983,#432,.T.);
#1217=EDGE_CURVE('',#984,#980,#433,.T.);
#1218=EDGE_CURVE('',#983,#985,#434,.T.);
#1219=EDGE_CURVE('',#985,#986,#435,.T.);
#1220=EDGE_CURVE('',#986,#984,#436,.T.);
#1221=EDGE_CURVE('',#986,#979,#437,.T.);
#1222=EDGE_CURVE('',#981,#985,#438,.T.);
#1223=EDGE_CURVE('',#987,#988,#439,.T.);
#1224=EDGE_CURVE('',#987,#989,#440,.T.);
#1225=EDGE_CURVE('',#989,#990,#441,.T.);
#1226=EDGE_CURVE('',#988,#990,#442,.T.);
#1227=EDGE_CURVE('',#991,#990,#443,.T.);
#1228=EDGE_CURVE('',#992,#991,#444,.T.);
#1229=EDGE_CURVE('',#992,#988,#445,.T.);
#1230=EDGE_CURVE('',#991,#993,#446,.T.);
#1231=EDGE_CURVE('',#993,#994,#447,.T.);
#1232=EDGE_CURVE('',#994,#992,#448,.T.);
#1233=EDGE_CURVE('',#994,#987,#449,.T.);
#1234=EDGE_CURVE('',#989,#993,#450,.T.);
#1235=EDGE_CURVE('',#995,#996,#451,.T.);
#1236=EDGE_CURVE('',#995,#997,#452,.T.);
#1237=EDGE_CURVE('',#997,#998,#453,.T.);
#1238=EDGE_CURVE('',#996,#998,#454,.T.);
#1239=EDGE_CURVE('',#999,#998,#455,.T.);
#1240=EDGE_CURVE('',#1000,#999,#456,.T.);
#1241=EDGE_CURVE('',#1000,#996,#457,.T.);
#1242=EDGE_CURVE('',#999,#1001,#458,.T.);
#1243=EDGE_CURVE('',#1001,#1002,#459,.T.);
#1244=EDGE_CURVE('',#1002,#1000,#460,.T.);
#1245=EDGE_CURVE('',#1002,#995,#461,.T.);
#1246=EDGE_CURVE('',#997,#1001,#462,.T.);
#1247=EDGE_CURVE('',#1003,#1004,#463,.T.);
#1248=EDGE_CURVE('',#1003,#1005,#464,.T.);
#1249=EDGE_CURVE('',#1005,#1006,#465,.T.);
#1250=EDGE_CURVE('',#1004,#1006,#466,.T.);
#1251=EDGE_CURVE('',#1007,#1006,#467,.T.);
#1252=EDGE_CURVE('',#1008,#1007,#468,.T.);
#1253=EDGE_CURVE('',#1008,#1004,#469,.T.);
#1254=EDGE_CURVE('',#1007,#1009,#470,.T.);
#1255=EDGE_CURVE('',#1009,#1010,#471,.T.);
#1256=EDGE_CURVE('',#1010,#1008,#472,.T.);
#1257=EDGE_CURVE('',#1010,#1003,#473,.T.);
#1258=EDGE_CURVE('',#1005,#1009,#474,.T.);
#1259=EDGE_CURVE('',#1011,#1012,#475,.T.);
#1260=EDGE_CURVE('',#1012,#1013,#476,.T.);
#1261=EDGE_CURVE('',#1013,#1014,#477,.T.);
#1262=EDGE_CURVE('',#1014,#1011,#478,.T.);
#1263=EDGE_CURVE('',#1015,#1016,#479,.T.);
#1264=EDGE_CURVE('',#1016,#1017,#480,.T.);
#1265=EDGE_CURVE('',#1017,#1018,#481,.T.);
#1266=EDGE_CURVE('',#1018,#1015,#482,.T.);
#1267=EDGE_CURVE('',#1016,#1019,#483,.T.);
#1268=EDGE_CURVE('',#1019,#1012,#110,.T.);
#1269=EDGE_CURVE('',#1011,#1020,#111,.T.);
#1270=EDGE_CURVE('',#1020,#1017,#484,.T.);
#1271=EDGE_CURVE('',#1013,#1021,#112,.T.);
#1272=EDGE_CURVE('',#1021,#1015,#485,.T.);
#1273=EDGE_CURVE('',#1018,#1022,#486,.T.);
#1274=EDGE_CURVE('',#1022,#1014,#113,.T.);
#1275=EDGE_CURVE('',#1021,#1019,#487,.T.);
#1276=EDGE_CURVE('',#1020,#1022,#488,.T.);
#1277=EDGE_CURVE('',#1023,#1024,#489,.T.);
#1278=EDGE_CURVE('',#1024,#1025,#490,.T.);
#1279=EDGE_CURVE('',#1025,#1026,#491,.T.);
#1280=EDGE_CURVE('',#1026,#1023,#492,.T.);
#1281=EDGE_CURVE('',#1027,#1028,#493,.T.);
#1282=EDGE_CURVE('',#1028,#1029,#494,.T.);
#1283=EDGE_CURVE('',#1029,#1030,#495,.T.);
#1284=EDGE_CURVE('',#1030,#1027,#496,.T.);
#1285=EDGE_CURVE('',#1028,#1031,#497,.T.);
#1286=EDGE_CURVE('',#1031,#1024,#114,.T.);
#1287=EDGE_CURVE('',#1023,#1032,#115,.T.);
#1288=EDGE_CURVE('',#1032,#1029,#498,.T.);
#1289=EDGE_CURVE('',#1025,#1033,#116,.T.);
#1290=EDGE_CURVE('',#1033,#1027,#499,.T.);
#1291=EDGE_CURVE('',#1030,#1034,#500,.T.);
#1292=EDGE_CURVE('',#1034,#1026,#117,.T.);
#1293=EDGE_CURVE('',#1033,#1031,#501,.T.);
#1294=EDGE_CURVE('',#1032,#1034,#502,.T.);
#1295=EDGE_CURVE('',#1035,#1036,#503,.T.);
#1296=EDGE_CURVE('',#1036,#1037,#504,.T.);
#1297=EDGE_CURVE('',#1037,#1038,#505,.T.);
#1298=EDGE_CURVE('',#1038,#1035,#506,.T.);
#1299=EDGE_CURVE('',#1039,#1040,#507,.T.);
#1300=EDGE_CURVE('',#1040,#1041,#508,.T.);
#1301=EDGE_CURVE('',#1041,#1042,#509,.T.);
#1302=EDGE_CURVE('',#1042,#1039,#510,.T.);
#1303=EDGE_CURVE('',#1040,#1043,#511,.T.);
#1304=EDGE_CURVE('',#1043,#1036,#118,.T.);
#1305=EDGE_CURVE('',#1035,#1044,#119,.T.);
#1306=EDGE_CURVE('',#1044,#1041,#512,.T.);
#1307=EDGE_CURVE('',#1037,#1045,#120,.T.);
#1308=EDGE_CURVE('',#1045,#1039,#513,.T.);
#1309=EDGE_CURVE('',#1042,#1046,#514,.T.);
#1310=EDGE_CURVE('',#1046,#1038,#121,.T.);
#1311=EDGE_CURVE('',#1045,#1043,#515,.T.);
#1312=EDGE_CURVE('',#1044,#1046,#516,.T.);
#1313=EDGE_CURVE('',#1047,#1048,#517,.T.);
#1314=EDGE_CURVE('',#1048,#1049,#518,.T.);
#1315=EDGE_CURVE('',#1049,#1050,#519,.T.);
#1316=EDGE_CURVE('',#1050,#1047,#520,.T.);
#1317=EDGE_CURVE('',#1051,#1052,#521,.T.);
#1318=EDGE_CURVE('',#1052,#1053,#522,.T.);
#1319=EDGE_CURVE('',#1053,#1054,#523,.T.);
#1320=EDGE_CURVE('',#1054,#1051,#524,.T.);
#1321=EDGE_CURVE('',#1052,#1055,#525,.T.);
#1322=EDGE_CURVE('',#1055,#1048,#122,.T.);
#1323=EDGE_CURVE('',#1047,#1056,#123,.T.);
#1324=EDGE_CURVE('',#1056,#1053,#526,.T.);
#1325=EDGE_CURVE('',#1049,#1057,#124,.T.);
#1326=EDGE_CURVE('',#1057,#1051,#527,.T.);
#1327=EDGE_CURVE('',#1054,#1058,#528,.T.);
#1328=EDGE_CURVE('',#1058,#1050,#125,.T.);
#1329=EDGE_CURVE('',#1057,#1055,#529,.T.);
#1330=EDGE_CURVE('',#1056,#1058,#530,.T.);
#1331=EDGE_CURVE('',#1059,#1060,#531,.F.);
#1332=EDGE_CURVE('',#1061,#1059,#532,.T.);
#1333=EDGE_CURVE('',#1062,#1061,#533,.T.);
#1334=EDGE_CURVE('',#1060,#1062,#534,.T.);
#1335=EDGE_CURVE('',#1063,#1064,#535,.F.);
#1336=EDGE_CURVE('',#1065,#1063,#536,.T.);
#1337=EDGE_CURVE('',#1066,#1065,#537,.T.);
#1338=EDGE_CURVE('',#1064,#1066,#538,.T.);
#1339=EDGE_CURVE('',#1063,#1060,#46,.T.);
#1340=EDGE_CURVE('',#1059,#1064,#47,.T.);
#1341=EDGE_CURVE('',#1067,#1068,#539,.F.);
#1342=EDGE_CURVE('',#1069,#1067,#540,.T.);
#1343=EDGE_CURVE('',#1070,#1069,#541,.T.);
#1344=EDGE_CURVE('',#1068,#1070,#542,.T.);
#1345=EDGE_CURVE('',#1071,#1072,#543,.F.);
#1346=EDGE_CURVE('',#1073,#1071,#544,.T.);
#1347=EDGE_CURVE('',#1074,#1073,#545,.T.);
#1348=EDGE_CURVE('',#1072,#1074,#546,.T.);
#1349=EDGE_CURVE('',#1071,#1068,#48,.T.);
#1350=EDGE_CURVE('',#1075,#1072,#49,.T.);
#1351=EDGE_CURVE('',#1067,#1075,#50,.T.);
#1352=EDGE_CURVE('',#1076,#1077,#547,.F.);
#1353=EDGE_CURVE('',#1078,#1076,#548,.T.);
#1354=EDGE_CURVE('',#1079,#1078,#549,.T.);
#1355=EDGE_CURVE('',#1077,#1079,#550,.T.);
#1356=EDGE_CURVE('',#1080,#1081,#551,.F.);
#1357=EDGE_CURVE('',#1082,#1080,#552,.T.);
#1358=EDGE_CURVE('',#1083,#1082,#553,.T.);
#1359=EDGE_CURVE('',#1081,#1083,#554,.T.);
#1360=EDGE_CURVE('',#1080,#1077,#51,.T.);
#1361=EDGE_CURVE('',#1076,#1081,#52,.T.);
#1362=EDGE_CURVE('',#1084,#1085,#555,.F.);
#1363=EDGE_CURVE('',#1086,#1084,#556,.T.);
#1364=EDGE_CURVE('',#1087,#1086,#557,.T.);
#1365=EDGE_CURVE('',#1085,#1087,#558,.T.);
#1366=EDGE_CURVE('',#1088,#1089,#559,.F.);
#1367=EDGE_CURVE('',#1090,#1088,#560,.T.);
#1368=EDGE_CURVE('',#1091,#1090,#561,.T.);
#1369=EDGE_CURVE('',#1089,#1091,#562,.T.);
#1370=EDGE_CURVE('',#1088,#1085,#53,.T.);
#1371=EDGE_CURVE('',#1092,#1089,#54,.T.);
#1372=EDGE_CURVE('',#1084,#1092,#55,.T.);
#1373=EDGE_CURVE('',#1093,#1093,#56,.T.);
#1374=EDGE_CURVE('',#1093,#1094,#563,.T.);
#1375=EDGE_CURVE('',#1073,#1094,#57,.T.);
#1376=EDGE_CURVE('',#1078,#1070,#58,.T.);
#1377=EDGE_CURVE('',#1094,#1083,#59,.T.);
#1378=EDGE_CURVE('',#1095,#1095,#60,.T.);
#1379=EDGE_CURVE('',#1095,#1092,#564,.T.);
#1380=EDGE_CURVE('',#1065,#1091,#61,.T.);
#1381=EDGE_CURVE('',#1086,#1062,#62,.T.);
#1382=EDGE_CURVE('',#1090,#1079,#63,.T.);
#1383=EDGE_CURVE('',#1069,#1066,#64,.T.);
#1384=EDGE_CURVE('',#1096,#1097,#565,.T.);
#1385=EDGE_CURVE('',#1097,#1098,#566,.T.);
#1386=EDGE_CURVE('',#1098,#1099,#567,.T.);
#1387=EDGE_CURVE('',#1099,#1096,#568,.T.);
#1388=EDGE_CURVE('',#1100,#1100,#65,.T.);
#1389=EDGE_CURVE('',#1100,#1101,#569,.T.);
#1390=EDGE_CURVE('',#1082,#1101,#66,.T.);
#1391=EDGE_CURVE('',#1101,#1087,#67,.T.);
#1392=EDGE_CURVE('',#1102,#1103,#570,.F.);
#1393=EDGE_CURVE('',#1098,#1102,#571,.T.);
#1394=EDGE_CURVE('',#1097,#1103,#572,.T.);
#1395=EDGE_CURVE('',#1104,#1102,#573,.F.);
#1396=EDGE_CURVE('',#1103,#1105,#574,.F.);
#1397=EDGE_CURVE('',#1104,#1105,#575,.T.);
#1398=EDGE_CURVE('',#1106,#1107,#576,.F.);
#1399=EDGE_CURVE('',#1096,#1106,#577,.T.);
#1400=EDGE_CURVE('',#1099,#1107,#578,.T.);
#1401=EDGE_CURVE('',#1108,#1106,#579,.F.);
#1402=EDGE_CURVE('',#1107,#1109,#580,.F.);
#1403=EDGE_CURVE('',#1108,#1109,#581,.T.);
#1404=EDGE_CURVE('',#1105,#1110,#582,.T.);
#1405=EDGE_CURVE('',#1111,#1110,#583,.T.);
#1406=EDGE_CURVE('',#1104,#1111,#584,.T.);
#1407=EDGE_CURVE('',#1110,#1112,#585,.T.);
#1408=EDGE_CURVE('',#1108,#1112,#586,.T.);
#1409=EDGE_CURVE('',#1109,#1113,#587,.T.);
#1410=EDGE_CURVE('',#1112,#1113,#588,.T.);
#1411=EDGE_CURVE('',#1113,#1111,#589,.T.);
#1412=EDGE_CURVE('',#1114,#1114,#68,.T.);
#1413=EDGE_CURVE('',#1114,#1075,#590,.T.);
#1414=EDGE_CURVE('',#1061,#1074,#69,.T.);
#1415=EDGE_CURVE('',#1115,#1116,#591,.T.);
#1416=EDGE_CURVE('',#1116,#1117,#592,.T.);
#1417=EDGE_CURVE('',#1117,#1118,#593,.T.);
#1418=EDGE_CURVE('',#1118,#1115,#594,.T.);
#1419=EDGE_CURVE('',#1119,#1120,#595,.T.);
#1420=EDGE_CURVE('',#1119,#1121,#596,.T.);
#1421=EDGE_CURVE('',#1122,#1121,#597,.T.);
#1422=EDGE_CURVE('',#1122,#1120,#598,.T.);
#1423=EDGE_CURVE('',#1123,#1124,#599,.T.);
#1424=EDGE_CURVE('',#1124,#1125,#600,.T.);
#1425=EDGE_CURVE('',#1125,#1126,#601,.T.);
#1426=EDGE_CURVE('',#1126,#1123,#602,.T.);
#1427=EDGE_CURVE('',#1127,#1128,#603,.T.);
#1428=EDGE_CURVE('',#1127,#1129,#604,.T.);
#1429=EDGE_CURVE('',#1130,#1129,#605,.T.);
#1430=EDGE_CURVE('',#1130,#1128,#606,.T.);
#1431=EDGE_CURVE('',#1131,#1132,#607,.T.);
#1432=EDGE_CURVE('',#1133,#1131,#608,.T.);
#1433=EDGE_CURVE('',#1134,#1133,#609,.T.);
#1434=EDGE_CURVE('',#1135,#1134,#610,.T.);
#1435=EDGE_CURVE('',#1136,#1135,#611,.T.);
#1436=EDGE_CURVE('',#1137,#1136,#612,.T.);
#1437=EDGE_CURVE('',#1138,#1137,#613,.T.);
#1438=EDGE_CURVE('',#1132,#1138,#614,.T.);
#1439=EDGE_CURVE('',#1129,#1139,#70,.T.);
#1440=EDGE_CURVE('',#1139,#1140,#615,.T.);
#1441=EDGE_CURVE('',#1140,#1130,#71,.T.);
#1442=EDGE_CURVE('',#1126,#1141,#72,.T.);
#1443=EDGE_CURVE('',#1141,#1142,#616,.T.);
#1444=EDGE_CURVE('',#1142,#1123,#73,.T.);
#1445=EDGE_CURVE('',#1121,#1143,#74,.T.);
#1446=EDGE_CURVE('',#1143,#1144,#617,.T.);
#1447=EDGE_CURVE('',#1144,#1122,#75,.T.);
#1448=EDGE_CURVE('',#1118,#1145,#76,.T.);
#1449=EDGE_CURVE('',#1145,#1146,#618,.T.);
#1450=EDGE_CURVE('',#1146,#1115,#77,.T.);
#1451=EDGE_CURVE('',#1147,#1132,#619,.T.);
#1452=EDGE_CURVE('',#1148,#1147,#620,.T.);
#1453=EDGE_CURVE('',#1148,#1131,#621,.T.);
#1454=EDGE_CURVE('',#1149,#1150,#622,.T.);
#1455=EDGE_CURVE('',#1151,#1149,#623,.T.);
#1456=EDGE_CURVE('',#1152,#1151,#624,.T.);
#1457=EDGE_CURVE('',#1150,#1152,#625,.T.);
#1458=EDGE_CURVE('',#1153,#1138,#626,.T.);
#1459=EDGE_CURVE('',#1147,#1153,#627,.T.);
#1460=EDGE_CURVE('',#1154,#1137,#628,.T.);
#1461=EDGE_CURVE('',#1153,#1154,#629,.T.);
#1462=EDGE_CURVE('',#1155,#1156,#630,.T.);
#1463=EDGE_CURVE('',#1157,#1155,#631,.T.);
#1464=EDGE_CURVE('',#1158,#1157,#632,.T.);
#1465=EDGE_CURVE('',#1156,#1158,#633,.T.);
#1466=EDGE_CURVE('',#1159,#1136,#634,.T.);
#1467=EDGE_CURVE('',#1154,#1159,#635,.T.);
#1468=EDGE_CURVE('',#1160,#1135,#636,.T.);
#1469=EDGE_CURVE('',#1159,#1160,#637,.T.);
#1470=EDGE_CURVE('',#1161,#1162,#638,.T.);
#1471=EDGE_CURVE('',#1163,#1161,#639,.T.);
#1472=EDGE_CURVE('',#1164,#1163,#640,.T.);
#1473=EDGE_CURVE('',#1162,#1164,#641,.T.);
#1474=EDGE_CURVE('',#1165,#1134,#642,.T.);
#1475=EDGE_CURVE('',#1160,#1165,#643,.T.);
#1476=EDGE_CURVE('',#1166,#1133,#644,.T.);
#1477=EDGE_CURVE('',#1165,#1166,#645,.T.);
#1478=EDGE_CURVE('',#1167,#1168,#646,.T.);
#1479=EDGE_CURVE('',#1169,#1167,#647,.T.);
#1480=EDGE_CURVE('',#1170,#1169,#648,.T.);
#1481=EDGE_CURVE('',#1168,#1170,#649,.T.);
#1482=EDGE_CURVE('',#1166,#1148,#650,.T.);
#1483=EDGE_CURVE('',#1171,#1172,#651,.T.);
#1484=EDGE_CURVE('',#1172,#1146,#652,.T.);
#1485=EDGE_CURVE('',#1145,#1171,#653,.T.);
#1486=EDGE_CURVE('',#1173,#1174,#654,.T.);
#1487=EDGE_CURVE('',#1174,#1175,#655,.T.);
#1488=EDGE_CURVE('',#1175,#1176,#656,.T.);
#1489=EDGE_CURVE('',#1173,#1176,#657,.T.);
#1490=EDGE_CURVE('',#1176,#1172,#78,.T.);
#1491=EDGE_CURVE('',#1171,#1173,#79,.T.);
#1492=EDGE_CURVE('',#1139,#1177,#658,.T.);
#1493=EDGE_CURVE('',#1177,#1178,#659,.T.);
#1494=EDGE_CURVE('',#1178,#1140,#660,.T.);
#1495=EDGE_CURVE('',#1179,#1180,#661,.T.);
#1496=EDGE_CURVE('',#1179,#1181,#662,.T.);
#1497=EDGE_CURVE('',#1181,#1182,#663,.T.);
#1498=EDGE_CURVE('',#1182,#1180,#664,.T.);
#1499=EDGE_CURVE('',#1177,#1182,#80,.T.);
#1500=EDGE_CURVE('',#1181,#1178,#81,.T.);
#1501=EDGE_CURVE('',#1143,#1183,#665,.T.);
#1502=EDGE_CURVE('',#1183,#1184,#666,.T.);
#1503=EDGE_CURVE('',#1184,#1144,#667,.T.);
#1504=EDGE_CURVE('',#1185,#1186,#668,.T.);
#1505=EDGE_CURVE('',#1185,#1187,#669,.T.);
#1506=EDGE_CURVE('',#1187,#1188,#670,.T.);
#1507=EDGE_CURVE('',#1188,#1186,#671,.T.);
#1508=EDGE_CURVE('',#1187,#1184,#82,.T.);
#1509=EDGE_CURVE('',#1183,#1188,#83,.T.);
#1510=EDGE_CURVE('',#1189,#1190,#672,.T.);
#1511=EDGE_CURVE('',#1190,#1142,#673,.T.);
#1512=EDGE_CURVE('',#1141,#1189,#674,.T.);
#1513=EDGE_CURVE('',#1191,#1192,#675,.T.);
#1514=EDGE_CURVE('',#1192,#1193,#676,.T.);
#1515=EDGE_CURVE('',#1193,#1194,#677,.T.);
#1516=EDGE_CURVE('',#1191,#1194,#678,.T.);
#1517=EDGE_CURVE('',#1194,#1190,#84,.T.);
#1518=EDGE_CURVE('',#1189,#1191,#85,.T.);
#1519=EDGE_CURVE('',#1117,#1195,#86,.T.);
#1520=EDGE_CURVE('',#1195,#1196,#679,.T.);
#1521=EDGE_CURVE('',#1196,#1174,#87,.T.);
#1522=EDGE_CURVE('',#1179,#1197,#88,.T.);
#1523=EDGE_CURVE('',#1197,#1198,#680,.T.);
#1524=EDGE_CURVE('',#1198,#1128,#89,.T.);
#1525=EDGE_CURVE('',#1199,#1200,#681,.T.);
#1526=EDGE_CURVE('',#1200,#1124,#90,.T.);
#1527=EDGE_CURVE('',#1193,#1199,#91,.T.);
#1528=EDGE_CURVE('',#1119,#1201,#92,.T.);
#1529=EDGE_CURVE('',#1201,#1202,#682,.T.);
#1530=EDGE_CURVE('',#1202,#1186,#93,.T.);
#1531=EDGE_CURVE('',#1203,#1204,#683,.T.);
#1532=EDGE_CURVE('',#1204,#1120,#94,.T.);
#1533=EDGE_CURVE('',#1185,#1203,#95,.T.);
#1534=EDGE_CURVE('',#1127,#1205,#96,.T.);
#1535=EDGE_CURVE('',#1205,#1206,#684,.T.);
#1536=EDGE_CURVE('',#1206,#1180,#97,.T.);
#1537=EDGE_CURVE('',#1125,#1207,#98,.T.);
#1538=EDGE_CURVE('',#1207,#1208,#685,.T.);
#1539=EDGE_CURVE('',#1208,#1192,#99,.T.);
#1540=EDGE_CURVE('',#1175,#1209,#100,.T.);
#1541=EDGE_CURVE('',#1209,#1210,#686,.T.);
#1542=EDGE_CURVE('',#1210,#1116,#101,.T.);
#1543=EDGE_CURVE('',#1197,#1168,#687,.T.);
#1544=EDGE_CURVE('',#1198,#1170,#688,.T.);
#1545=EDGE_CURVE('',#1205,#1169,#689,.T.);
#1546=EDGE_CURVE('',#1206,#1167,#690,.T.);
#1547=EDGE_CURVE('',#1199,#1150,#691,.T.);
#1548=EDGE_CURVE('',#1200,#1152,#692,.T.);
#1549=EDGE_CURVE('',#1207,#1151,#693,.T.);
#1550=EDGE_CURVE('',#1208,#1149,#694,.T.);
#1551=EDGE_CURVE('',#1201,#1157,#695,.T.);
#1552=EDGE_CURVE('',#1202,#1155,#696,.T.);
#1553=EDGE_CURVE('',#1204,#1158,#697,.T.);
#1554=EDGE_CURVE('',#1203,#1156,#698,.T.);
#1555=EDGE_CURVE('',#1195,#1163,#699,.T.);
#1556=EDGE_CURVE('',#1196,#1161,#700,.T.);
#1557=EDGE_CURVE('',#1210,#1164,#701,.T.);
#1558=EDGE_CURVE('',#1209,#1162,#702,.T.);
#1559=ORIENTED_EDGE('',*,*,#1211,.F.);
#1560=ORIENTED_EDGE('',*,*,#1212,.T.);
#1561=ORIENTED_EDGE('',*,*,#1213,.T.);
#1562=ORIENTED_EDGE('',*,*,#1214,.F.);
#1563=ORIENTED_EDGE('',*,*,#1215,.F.);
#1564=ORIENTED_EDGE('',*,*,#1216,.F.);
#1565=ORIENTED_EDGE('',*,*,#1217,.T.);
#1566=ORIENTED_EDGE('',*,*,#1214,.T.);
#1567=ORIENTED_EDGE('',*,*,#1218,.T.);
#1568=ORIENTED_EDGE('',*,*,#1219,.T.);
#1569=ORIENTED_EDGE('',*,*,#1220,.T.);
#1570=ORIENTED_EDGE('',*,*,#1216,.T.);
#1571=ORIENTED_EDGE('',*,*,#1220,.F.);
#1572=ORIENTED_EDGE('',*,*,#1221,.T.);
#1573=ORIENTED_EDGE('',*,*,#1211,.T.);
#1574=ORIENTED_EDGE('',*,*,#1217,.F.);
#1575=ORIENTED_EDGE('',*,*,#1213,.F.);
#1576=ORIENTED_EDGE('',*,*,#1222,.T.);
#1577=ORIENTED_EDGE('',*,*,#1218,.F.);
#1578=ORIENTED_EDGE('',*,*,#1215,.T.);
#1579=ORIENTED_EDGE('',*,*,#1222,.F.);
#1580=ORIENTED_EDGE('',*,*,#1212,.F.);
#1581=ORIENTED_EDGE('',*,*,#1221,.F.);
#1582=ORIENTED_EDGE('',*,*,#1219,.F.);
#1583=ORIENTED_EDGE('',*,*,#1223,.F.);
#1584=ORIENTED_EDGE('',*,*,#1224,.T.);
#1585=ORIENTED_EDGE('',*,*,#1225,.T.);
#1586=ORIENTED_EDGE('',*,*,#1226,.F.);
#1587=ORIENTED_EDGE('',*,*,#1227,.F.);
#1588=ORIENTED_EDGE('',*,*,#1228,.F.);
#1589=ORIENTED_EDGE('',*,*,#1229,.T.);
#1590=ORIENTED_EDGE('',*,*,#1226,.T.);
#1591=ORIENTED_EDGE('',*,*,#1230,.T.);
#1592=ORIENTED_EDGE('',*,*,#1231,.T.);
#1593=ORIENTED_EDGE('',*,*,#1232,.T.);
#1594=ORIENTED_EDGE('',*,*,#1228,.T.);
#1595=ORIENTED_EDGE('',*,*,#1232,.F.);
#1596=ORIENTED_EDGE('',*,*,#1233,.T.);
#1597=ORIENTED_EDGE('',*,*,#1223,.T.);
#1598=ORIENTED_EDGE('',*,*,#1229,.F.);
#1599=ORIENTED_EDGE('',*,*,#1225,.F.);
#1600=ORIENTED_EDGE('',*,*,#1234,.T.);
#1601=ORIENTED_EDGE('',*,*,#1230,.F.);
#1602=ORIENTED_EDGE('',*,*,#1227,.T.);
#1603=ORIENTED_EDGE('',*,*,#1234,.F.);
#1604=ORIENTED_EDGE('',*,*,#1224,.F.);
#1605=ORIENTED_EDGE('',*,*,#1233,.F.);
#1606=ORIENTED_EDGE('',*,*,#1231,.F.);
#1607=ORIENTED_EDGE('',*,*,#1235,.F.);
#1608=ORIENTED_EDGE('',*,*,#1236,.T.);
#1609=ORIENTED_EDGE('',*,*,#1237,.T.);
#1610=ORIENTED_EDGE('',*,*,#1238,.F.);
#1611=ORIENTED_EDGE('',*,*,#1239,.F.);
#1612=ORIENTED_EDGE('',*,*,#1240,.F.);
#1613=ORIENTED_EDGE('',*,*,#1241,.T.);
#1614=ORIENTED_EDGE('',*,*,#1238,.T.);
#1615=ORIENTED_EDGE('',*,*,#1242,.T.);
#1616=ORIENTED_EDGE('',*,*,#1243,.T.);
#1617=ORIENTED_EDGE('',*,*,#1244,.T.);
#1618=ORIENTED_EDGE('',*,*,#1240,.T.);
#1619=ORIENTED_EDGE('',*,*,#1244,.F.);
#1620=ORIENTED_EDGE('',*,*,#1245,.T.);
#1621=ORIENTED_EDGE('',*,*,#1235,.T.);
#1622=ORIENTED_EDGE('',*,*,#1241,.F.);
#1623=ORIENTED_EDGE('',*,*,#1237,.F.);
#1624=ORIENTED_EDGE('',*,*,#1246,.T.);
#1625=ORIENTED_EDGE('',*,*,#1242,.F.);
#1626=ORIENTED_EDGE('',*,*,#1239,.T.);
#1627=ORIENTED_EDGE('',*,*,#1246,.F.);
#1628=ORIENTED_EDGE('',*,*,#1236,.F.);
#1629=ORIENTED_EDGE('',*,*,#1245,.F.);
#1630=ORIENTED_EDGE('',*,*,#1243,.F.);
#1631=ORIENTED_EDGE('',*,*,#1247,.F.);
#1632=ORIENTED_EDGE('',*,*,#1248,.T.);
#1633=ORIENTED_EDGE('',*,*,#1249,.T.);
#1634=ORIENTED_EDGE('',*,*,#1250,.F.);
#1635=ORIENTED_EDGE('',*,*,#1251,.F.);
#1636=ORIENTED_EDGE('',*,*,#1252,.F.);
#1637=ORIENTED_EDGE('',*,*,#1253,.T.);
#1638=ORIENTED_EDGE('',*,*,#1250,.T.);
#1639=ORIENTED_EDGE('',*,*,#1254,.T.);
#1640=ORIENTED_EDGE('',*,*,#1255,.T.);
#1641=ORIENTED_EDGE('',*,*,#1256,.T.);
#1642=ORIENTED_EDGE('',*,*,#1252,.T.);
#1643=ORIENTED_EDGE('',*,*,#1256,.F.);
#1644=ORIENTED_EDGE('',*,*,#1257,.T.);
#1645=ORIENTED_EDGE('',*,*,#1247,.T.);
#1646=ORIENTED_EDGE('',*,*,#1253,.F.);
#1647=ORIENTED_EDGE('',*,*,#1249,.F.);
#1648=ORIENTED_EDGE('',*,*,#1258,.T.);
#1649=ORIENTED_EDGE('',*,*,#1254,.F.);
#1650=ORIENTED_EDGE('',*,*,#1251,.T.);
#1651=ORIENTED_EDGE('',*,*,#1258,.F.);
#1652=ORIENTED_EDGE('',*,*,#1248,.F.);
#1653=ORIENTED_EDGE('',*,*,#1257,.F.);
#1654=ORIENTED_EDGE('',*,*,#1255,.F.);
#1655=ORIENTED_EDGE('',*,*,#1259,.T.);
#1656=ORIENTED_EDGE('',*,*,#1260,.T.);
#1657=ORIENTED_EDGE('',*,*,#1261,.T.);
#1658=ORIENTED_EDGE('',*,*,#1262,.T.);
#1659=ORIENTED_EDGE('',*,*,#1263,.T.);
#1660=ORIENTED_EDGE('',*,*,#1264,.T.);
#1661=ORIENTED_EDGE('',*,*,#1265,.T.);
#1662=ORIENTED_EDGE('',*,*,#1266,.T.);
#1663=ORIENTED_EDGE('',*,*,#1267,.T.);
#1664=ORIENTED_EDGE('',*,*,#1268,.T.);
#1665=ORIENTED_EDGE('',*,*,#1259,.F.);
#1666=ORIENTED_EDGE('',*,*,#1269,.T.);
#1667=ORIENTED_EDGE('',*,*,#1270,.T.);
#1668=ORIENTED_EDGE('',*,*,#1264,.F.);
#1669=ORIENTED_EDGE('',*,*,#1261,.F.);
#1670=ORIENTED_EDGE('',*,*,#1271,.T.);
#1671=ORIENTED_EDGE('',*,*,#1272,.T.);
#1672=ORIENTED_EDGE('',*,*,#1266,.F.);
#1673=ORIENTED_EDGE('',*,*,#1273,.T.);
#1674=ORIENTED_EDGE('',*,*,#1274,.T.);
#1675=ORIENTED_EDGE('',*,*,#1272,.F.);
#1676=ORIENTED_EDGE('',*,*,#1275,.T.);
#1677=ORIENTED_EDGE('',*,*,#1267,.F.);
#1678=ORIENTED_EDGE('',*,*,#1263,.F.);
#1679=ORIENTED_EDGE('',*,*,#1270,.F.);
#1680=ORIENTED_EDGE('',*,*,#1276,.T.);
#1681=ORIENTED_EDGE('',*,*,#1273,.F.);
#1682=ORIENTED_EDGE('',*,*,#1265,.F.);
#1683=ORIENTED_EDGE('',*,*,#1268,.F.);
#1684=ORIENTED_EDGE('',*,*,#1275,.F.);
#1685=ORIENTED_EDGE('',*,*,#1271,.F.);
#1686=ORIENTED_EDGE('',*,*,#1260,.F.);
#1687=ORIENTED_EDGE('',*,*,#1274,.F.);
#1688=ORIENTED_EDGE('',*,*,#1276,.F.);
#1689=ORIENTED_EDGE('',*,*,#1269,.F.);
#1690=ORIENTED_EDGE('',*,*,#1262,.F.);
#1691=ORIENTED_EDGE('',*,*,#1277,.T.);
#1692=ORIENTED_EDGE('',*,*,#1278,.T.);
#1693=ORIENTED_EDGE('',*,*,#1279,.T.);
#1694=ORIENTED_EDGE('',*,*,#1280,.T.);
#1695=ORIENTED_EDGE('',*,*,#1281,.T.);
#1696=ORIENTED_EDGE('',*,*,#1282,.T.);
#1697=ORIENTED_EDGE('',*,*,#1283,.T.);
#1698=ORIENTED_EDGE('',*,*,#1284,.T.);
#1699=ORIENTED_EDGE('',*,*,#1285,.T.);
#1700=ORIENTED_EDGE('',*,*,#1286,.T.);
#1701=ORIENTED_EDGE('',*,*,#1277,.F.);
#1702=ORIENTED_EDGE('',*,*,#1287,.T.);
#1703=ORIENTED_EDGE('',*,*,#1288,.T.);
#1704=ORIENTED_EDGE('',*,*,#1282,.F.);
#1705=ORIENTED_EDGE('',*,*,#1279,.F.);
#1706=ORIENTED_EDGE('',*,*,#1289,.T.);
#1707=ORIENTED_EDGE('',*,*,#1290,.T.);
#1708=ORIENTED_EDGE('',*,*,#1284,.F.);
#1709=ORIENTED_EDGE('',*,*,#1291,.T.);
#1710=ORIENTED_EDGE('',*,*,#1292,.T.);
#1711=ORIENTED_EDGE('',*,*,#1290,.F.);
#1712=ORIENTED_EDGE('',*,*,#1293,.T.);
#1713=ORIENTED_EDGE('',*,*,#1285,.F.);
#1714=ORIENTED_EDGE('',*,*,#1281,.F.);
#1715=ORIENTED_EDGE('',*,*,#1288,.F.);
#1716=ORIENTED_EDGE('',*,*,#1294,.T.);
#1717=ORIENTED_EDGE('',*,*,#1291,.F.);
#1718=ORIENTED_EDGE('',*,*,#1283,.F.);
#1719=ORIENTED_EDGE('',*,*,#1286,.F.);
#1720=ORIENTED_EDGE('',*,*,#1293,.F.);
#1721=ORIENTED_EDGE('',*,*,#1289,.F.);
#1722=ORIENTED_EDGE('',*,*,#1278,.F.);
#1723=ORIENTED_EDGE('',*,*,#1292,.F.);
#1724=ORIENTED_EDGE('',*,*,#1294,.F.);
#1725=ORIENTED_EDGE('',*,*,#1287,.F.);
#1726=ORIENTED_EDGE('',*,*,#1280,.F.);
#1727=ORIENTED_EDGE('',*,*,#1295,.T.);
#1728=ORIENTED_EDGE('',*,*,#1296,.T.);
#1729=ORIENTED_EDGE('',*,*,#1297,.T.);
#1730=ORIENTED_EDGE('',*,*,#1298,.T.);
#1731=ORIENTED_EDGE('',*,*,#1299,.T.);
#1732=ORIENTED_EDGE('',*,*,#1300,.T.);
#1733=ORIENTED_EDGE('',*,*,#1301,.T.);
#1734=ORIENTED_EDGE('',*,*,#1302,.T.);
#1735=ORIENTED_EDGE('',*,*,#1303,.T.);
#1736=ORIENTED_EDGE('',*,*,#1304,.T.);
#1737=ORIENTED_EDGE('',*,*,#1295,.F.);
#1738=ORIENTED_EDGE('',*,*,#1305,.T.);
#1739=ORIENTED_EDGE('',*,*,#1306,.T.);
#1740=ORIENTED_EDGE('',*,*,#1300,.F.);
#1741=ORIENTED_EDGE('',*,*,#1297,.F.);
#1742=ORIENTED_EDGE('',*,*,#1307,.T.);
#1743=ORIENTED_EDGE('',*,*,#1308,.T.);
#1744=ORIENTED_EDGE('',*,*,#1302,.F.);
#1745=ORIENTED_EDGE('',*,*,#1309,.T.);
#1746=ORIENTED_EDGE('',*,*,#1310,.T.);
#1747=ORIENTED_EDGE('',*,*,#1308,.F.);
#1748=ORIENTED_EDGE('',*,*,#1311,.T.);
#1749=ORIENTED_EDGE('',*,*,#1303,.F.);
#1750=ORIENTED_EDGE('',*,*,#1299,.F.);
#1751=ORIENTED_EDGE('',*,*,#1306,.F.);
#1752=ORIENTED_EDGE('',*,*,#1312,.T.);
#1753=ORIENTED_EDGE('',*,*,#1309,.F.);
#1754=ORIENTED_EDGE('',*,*,#1301,.F.);
#1755=ORIENTED_EDGE('',*,*,#1304,.F.);
#1756=ORIENTED_EDGE('',*,*,#1311,.F.);
#1757=ORIENTED_EDGE('',*,*,#1307,.F.);
#1758=ORIENTED_EDGE('',*,*,#1296,.F.);
#1759=ORIENTED_EDGE('',*,*,#1310,.F.);
#1760=ORIENTED_EDGE('',*,*,#1312,.F.);
#1761=ORIENTED_EDGE('',*,*,#1305,.F.);
#1762=ORIENTED_EDGE('',*,*,#1298,.F.);
#1763=ORIENTED_EDGE('',*,*,#1313,.T.);
#1764=ORIENTED_EDGE('',*,*,#1314,.T.);
#1765=ORIENTED_EDGE('',*,*,#1315,.T.);
#1766=ORIENTED_EDGE('',*,*,#1316,.T.);
#1767=ORIENTED_EDGE('',*,*,#1317,.T.);
#1768=ORIENTED_EDGE('',*,*,#1318,.T.);
#1769=ORIENTED_EDGE('',*,*,#1319,.T.);
#1770=ORIENTED_EDGE('',*,*,#1320,.T.);
#1771=ORIENTED_EDGE('',*,*,#1321,.T.);
#1772=ORIENTED_EDGE('',*,*,#1322,.T.);
#1773=ORIENTED_EDGE('',*,*,#1313,.F.);
#1774=ORIENTED_EDGE('',*,*,#1323,.T.);
#1775=ORIENTED_EDGE('',*,*,#1324,.T.);
#1776=ORIENTED_EDGE('',*,*,#1318,.F.);
#1777=ORIENTED_EDGE('',*,*,#1315,.F.);
#1778=ORIENTED_EDGE('',*,*,#1325,.T.);
#1779=ORIENTED_EDGE('',*,*,#1326,.T.);
#1780=ORIENTED_EDGE('',*,*,#1320,.F.);
#1781=ORIENTED_EDGE('',*,*,#1327,.T.);
#1782=ORIENTED_EDGE('',*,*,#1328,.T.);
#1783=ORIENTED_EDGE('',*,*,#1326,.F.);
#1784=ORIENTED_EDGE('',*,*,#1329,.T.);
#1785=ORIENTED_EDGE('',*,*,#1321,.F.);
#1786=ORIENTED_EDGE('',*,*,#1317,.F.);
#1787=ORIENTED_EDGE('',*,*,#1324,.F.);
#1788=ORIENTED_EDGE('',*,*,#1330,.T.);
#1789=ORIENTED_EDGE('',*,*,#1327,.F.);
#1790=ORIENTED_EDGE('',*,*,#1319,.F.);
#1791=ORIENTED_EDGE('',*,*,#1322,.F.);
#1792=ORIENTED_EDGE('',*,*,#1329,.F.);
#1793=ORIENTED_EDGE('',*,*,#1325,.F.);
#1794=ORIENTED_EDGE('',*,*,#1314,.F.);
#1795=ORIENTED_EDGE('',*,*,#1328,.F.);
#1796=ORIENTED_EDGE('',*,*,#1330,.F.);
#1797=ORIENTED_EDGE('',*,*,#1323,.F.);
#1798=ORIENTED_EDGE('',*,*,#1316,.F.);
#1799=ORIENTED_EDGE('',*,*,#1331,.F.);
#1800=ORIENTED_EDGE('',*,*,#1332,.F.);
#1801=ORIENTED_EDGE('',*,*,#1333,.F.);
#1802=ORIENTED_EDGE('',*,*,#1334,.F.);
#1803=ORIENTED_EDGE('',*,*,#1335,.F.);
#1804=ORIENTED_EDGE('',*,*,#1336,.F.);
#1805=ORIENTED_EDGE('',*,*,#1337,.F.);
#1806=ORIENTED_EDGE('',*,*,#1338,.F.);
#1807=ORIENTED_EDGE('',*,*,#1339,.F.);
#1808=ORIENTED_EDGE('',*,*,#1335,.T.);
#1809=ORIENTED_EDGE('',*,*,#1340,.F.);
#1810=ORIENTED_EDGE('',*,*,#1331,.T.);
#1811=ORIENTED_EDGE('',*,*,#1341,.F.);
#1812=ORIENTED_EDGE('',*,*,#1342,.F.);
#1813=ORIENTED_EDGE('',*,*,#1343,.F.);
#1814=ORIENTED_EDGE('',*,*,#1344,.F.);
#1815=ORIENTED_EDGE('',*,*,#1345,.F.);
#1816=ORIENTED_EDGE('',*,*,#1346,.F.);
#1817=ORIENTED_EDGE('',*,*,#1347,.F.);
#1818=ORIENTED_EDGE('',*,*,#1348,.F.);
#1819=ORIENTED_EDGE('',*,*,#1349,.F.);
#1820=ORIENTED_EDGE('',*,*,#1345,.T.);
#1821=ORIENTED_EDGE('',*,*,#1350,.F.);
#1822=ORIENTED_EDGE('',*,*,#1351,.F.);
#1823=ORIENTED_EDGE('',*,*,#1341,.T.);
#1824=ORIENTED_EDGE('',*,*,#1352,.F.);
#1825=ORIENTED_EDGE('',*,*,#1353,.F.);
#1826=ORIENTED_EDGE('',*,*,#1354,.F.);
#1827=ORIENTED_EDGE('',*,*,#1355,.F.);
#1828=ORIENTED_EDGE('',*,*,#1356,.F.);
#1829=ORIENTED_EDGE('',*,*,#1357,.F.);
#1830=ORIENTED_EDGE('',*,*,#1358,.F.);
#1831=ORIENTED_EDGE('',*,*,#1359,.F.);
#1832=ORIENTED_EDGE('',*,*,#1360,.F.);
#1833=ORIENTED_EDGE('',*,*,#1356,.T.);
#1834=ORIENTED_EDGE('',*,*,#1361,.F.);
#1835=ORIENTED_EDGE('',*,*,#1352,.T.);
#1836=ORIENTED_EDGE('',*,*,#1362,.F.);
#1837=ORIENTED_EDGE('',*,*,#1363,.F.);
#1838=ORIENTED_EDGE('',*,*,#1364,.F.);
#1839=ORIENTED_EDGE('',*,*,#1365,.F.);
#1840=ORIENTED_EDGE('',*,*,#1366,.F.);
#1841=ORIENTED_EDGE('',*,*,#1367,.F.);
#1842=ORIENTED_EDGE('',*,*,#1368,.F.);
#1843=ORIENTED_EDGE('',*,*,#1369,.F.);
#1844=ORIENTED_EDGE('',*,*,#1370,.F.);
#1845=ORIENTED_EDGE('',*,*,#1366,.T.);
#1846=ORIENTED_EDGE('',*,*,#1371,.F.);
#1847=ORIENTED_EDGE('',*,*,#1372,.F.);
#1848=ORIENTED_EDGE('',*,*,#1362,.T.);
#1849=ORIENTED_EDGE('',*,*,#1373,.F.);
#1850=ORIENTED_EDGE('',*,*,#1374,.T.);
#1851=ORIENTED_EDGE('',*,*,#1375,.F.);
#1852=ORIENTED_EDGE('',*,*,#1346,.T.);
#1853=ORIENTED_EDGE('',*,*,#1349,.T.);
#1854=ORIENTED_EDGE('',*,*,#1344,.T.);
#1855=ORIENTED_EDGE('',*,*,#1376,.F.);
#1856=ORIENTED_EDGE('',*,*,#1353,.T.);
#1857=ORIENTED_EDGE('',*,*,#1361,.T.);
#1858=ORIENTED_EDGE('',*,*,#1359,.T.);
#1859=ORIENTED_EDGE('',*,*,#1377,.F.);
#1860=ORIENTED_EDGE('',*,*,#1374,.F.);
#1861=ORIENTED_EDGE('',*,*,#1378,.F.);
#1862=ORIENTED_EDGE('',*,*,#1379,.T.);
#1863=ORIENTED_EDGE('',*,*,#1371,.T.);
#1864=ORIENTED_EDGE('',*,*,#1369,.T.);
#1865=ORIENTED_EDGE('',*,*,#1380,.F.);
#1866=ORIENTED_EDGE('',*,*,#1336,.T.);
#1867=ORIENTED_EDGE('',*,*,#1339,.T.);
#1868=ORIENTED_EDGE('',*,*,#1334,.T.);
#1869=ORIENTED_EDGE('',*,*,#1381,.F.);
#1870=ORIENTED_EDGE('',*,*,#1363,.T.);
#1871=ORIENTED_EDGE('',*,*,#1372,.T.);
#1872=ORIENTED_EDGE('',*,*,#1379,.F.);
#1873=ORIENTED_EDGE('',*,*,#1337,.T.);
#1874=ORIENTED_EDGE('',*,*,#1380,.T.);
#1875=ORIENTED_EDGE('',*,*,#1368,.T.);
#1876=ORIENTED_EDGE('',*,*,#1382,.T.);
#1877=ORIENTED_EDGE('',*,*,#1354,.T.);
#1878=ORIENTED_EDGE('',*,*,#1376,.T.);
#1879=ORIENTED_EDGE('',*,*,#1343,.T.);
#1880=ORIENTED_EDGE('',*,*,#1383,.T.);
#1881=ORIENTED_EDGE('',*,*,#1384,.T.);
#1882=ORIENTED_EDGE('',*,*,#1385,.T.);
#1883=ORIENTED_EDGE('',*,*,#1386,.T.);
#1884=ORIENTED_EDGE('',*,*,#1387,.T.);
#1885=ORIENTED_EDGE('',*,*,#1388,.F.);
#1886=ORIENTED_EDGE('',*,*,#1389,.T.);
#1887=ORIENTED_EDGE('',*,*,#1390,.F.);
#1888=ORIENTED_EDGE('',*,*,#1357,.T.);
#1889=ORIENTED_EDGE('',*,*,#1360,.T.);
#1890=ORIENTED_EDGE('',*,*,#1355,.T.);
#1891=ORIENTED_EDGE('',*,*,#1382,.F.);
#1892=ORIENTED_EDGE('',*,*,#1367,.T.);
#1893=ORIENTED_EDGE('',*,*,#1370,.T.);
#1894=ORIENTED_EDGE('',*,*,#1365,.T.);
#1895=ORIENTED_EDGE('',*,*,#1391,.F.);
#1896=ORIENTED_EDGE('',*,*,#1389,.F.);
#1897=ORIENTED_EDGE('',*,*,#1392,.F.);
#1898=ORIENTED_EDGE('',*,*,#1393,.F.);
#1899=ORIENTED_EDGE('',*,*,#1385,.F.);
#1900=ORIENTED_EDGE('',*,*,#1394,.T.);
#1901=ORIENTED_EDGE('',*,*,#1395,.T.);
#1902=ORIENTED_EDGE('',*,*,#1392,.T.);
#1903=ORIENTED_EDGE('',*,*,#1396,.T.);
#1904=ORIENTED_EDGE('',*,*,#1397,.F.);
#1905=ORIENTED_EDGE('',*,*,#1398,.F.);
#1906=ORIENTED_EDGE('',*,*,#1399,.F.);
#1907=ORIENTED_EDGE('',*,*,#1387,.F.);
#1908=ORIENTED_EDGE('',*,*,#1400,.T.);
#1909=ORIENTED_EDGE('',*,*,#1401,.T.);
#1910=ORIENTED_EDGE('',*,*,#1398,.T.);
#1911=ORIENTED_EDGE('',*,*,#1402,.T.);
#1912=ORIENTED_EDGE('',*,*,#1403,.F.);
#1913=ORIENTED_EDGE('',*,*,#1397,.T.);
#1914=ORIENTED_EDGE('',*,*,#1404,.T.);
#1915=ORIENTED_EDGE('',*,*,#1405,.F.);
#1916=ORIENTED_EDGE('',*,*,#1406,.F.);
#1917=ORIENTED_EDGE('',*,*,#1407,.F.);
#1918=ORIENTED_EDGE('',*,*,#1404,.F.);
#1919=ORIENTED_EDGE('',*,*,#1396,.F.);
#1920=ORIENTED_EDGE('',*,*,#1394,.F.);
#1921=ORIENTED_EDGE('',*,*,#1384,.F.);
#1922=ORIENTED_EDGE('',*,*,#1399,.T.);
#1923=ORIENTED_EDGE('',*,*,#1401,.F.);
#1924=ORIENTED_EDGE('',*,*,#1408,.T.);
#1925=ORIENTED_EDGE('',*,*,#1403,.T.);
#1926=ORIENTED_EDGE('',*,*,#1409,.T.);
#1927=ORIENTED_EDGE('',*,*,#1410,.F.);
#1928=ORIENTED_EDGE('',*,*,#1408,.F.);
#1929=ORIENTED_EDGE('',*,*,#1411,.F.);
#1930=ORIENTED_EDGE('',*,*,#1409,.F.);
#1931=ORIENTED_EDGE('',*,*,#1402,.F.);
#1932=ORIENTED_EDGE('',*,*,#1400,.F.);
#1933=ORIENTED_EDGE('',*,*,#1386,.F.);
#1934=ORIENTED_EDGE('',*,*,#1393,.T.);
#1935=ORIENTED_EDGE('',*,*,#1395,.F.);
#1936=ORIENTED_EDGE('',*,*,#1406,.T.);
#1937=ORIENTED_EDGE('',*,*,#1412,.F.);
#1938=ORIENTED_EDGE('',*,*,#1413,.T.);
#1939=ORIENTED_EDGE('',*,*,#1350,.T.);
#1940=ORIENTED_EDGE('',*,*,#1348,.T.);
#1941=ORIENTED_EDGE('',*,*,#1414,.F.);
#1942=ORIENTED_EDGE('',*,*,#1332,.T.);
#1943=ORIENTED_EDGE('',*,*,#1340,.T.);
#1944=ORIENTED_EDGE('',*,*,#1338,.T.);
#1945=ORIENTED_EDGE('',*,*,#1383,.F.);
#1946=ORIENTED_EDGE('',*,*,#1342,.T.);
#1947=ORIENTED_EDGE('',*,*,#1351,.T.);
#1948=ORIENTED_EDGE('',*,*,#1413,.F.);
#1949=ORIENTED_EDGE('',*,*,#1415,.T.);
#1950=ORIENTED_EDGE('',*,*,#1416,.T.);
#1951=ORIENTED_EDGE('',*,*,#1417,.T.);
#1952=ORIENTED_EDGE('',*,*,#1418,.T.);
#1953=ORIENTED_EDGE('',*,*,#1419,.F.);
#1954=ORIENTED_EDGE('',*,*,#1420,.T.);
#1955=ORIENTED_EDGE('',*,*,#1421,.F.);
#1956=ORIENTED_EDGE('',*,*,#1422,.T.);
#1957=ORIENTED_EDGE('',*,*,#1423,.T.);
#1958=ORIENTED_EDGE('',*,*,#1424,.T.);
#1959=ORIENTED_EDGE('',*,*,#1425,.T.);
#1960=ORIENTED_EDGE('',*,*,#1426,.T.);
#1961=ORIENTED_EDGE('',*,*,#1427,.F.);
#1962=ORIENTED_EDGE('',*,*,#1428,.T.);
#1963=ORIENTED_EDGE('',*,*,#1429,.F.);
#1964=ORIENTED_EDGE('',*,*,#1430,.T.);
#1965=ORIENTED_EDGE('',*,*,#1431,.F.);
#1966=ORIENTED_EDGE('',*,*,#1432,.F.);
#1967=ORIENTED_EDGE('',*,*,#1433,.F.);
#1968=ORIENTED_EDGE('',*,*,#1434,.F.);
#1969=ORIENTED_EDGE('',*,*,#1435,.F.);
#1970=ORIENTED_EDGE('',*,*,#1436,.F.);
#1971=ORIENTED_EDGE('',*,*,#1437,.F.);
#1972=ORIENTED_EDGE('',*,*,#1438,.F.);
#1973=ORIENTED_EDGE('',*,*,#1429,.T.);
#1974=ORIENTED_EDGE('',*,*,#1439,.T.);
#1975=ORIENTED_EDGE('',*,*,#1440,.T.);
#1976=ORIENTED_EDGE('',*,*,#1441,.T.);
#1977=ORIENTED_EDGE('',*,*,#1442,.T.);
#1978=ORIENTED_EDGE('',*,*,#1443,.T.);
#1979=ORIENTED_EDGE('',*,*,#1444,.T.);
#1980=ORIENTED_EDGE('',*,*,#1426,.F.);
#1981=ORIENTED_EDGE('',*,*,#1421,.T.);
#1982=ORIENTED_EDGE('',*,*,#1445,.T.);
#1983=ORIENTED_EDGE('',*,*,#1446,.T.);
#1984=ORIENTED_EDGE('',*,*,#1447,.T.);
#1985=ORIENTED_EDGE('',*,*,#1448,.T.);
#1986=ORIENTED_EDGE('',*,*,#1449,.T.);
#1987=ORIENTED_EDGE('',*,*,#1450,.T.);
#1988=ORIENTED_EDGE('',*,*,#1418,.F.);
#1989=ORIENTED_EDGE('',*,*,#1333,.T.);
#1990=ORIENTED_EDGE('',*,*,#1414,.T.);
#1991=ORIENTED_EDGE('',*,*,#1347,.T.);
#1992=ORIENTED_EDGE('',*,*,#1375,.T.);
#1993=ORIENTED_EDGE('',*,*,#1377,.T.);
#1994=ORIENTED_EDGE('',*,*,#1358,.T.);
#1995=ORIENTED_EDGE('',*,*,#1390,.T.);
#1996=ORIENTED_EDGE('',*,*,#1391,.T.);
#1997=ORIENTED_EDGE('',*,*,#1364,.T.);
#1998=ORIENTED_EDGE('',*,*,#1381,.T.);
#1999=ORIENTED_EDGE('',*,*,#1431,.T.);
#2000=ORIENTED_EDGE('',*,*,#1451,.F.);
#2001=ORIENTED_EDGE('',*,*,#1452,.F.);
#2002=ORIENTED_EDGE('',*,*,#1453,.T.);
#2003=ORIENTED_EDGE('',*,*,#1454,.F.);
#2004=ORIENTED_EDGE('',*,*,#1455,.F.);
#2005=ORIENTED_EDGE('',*,*,#1456,.F.);
#2006=ORIENTED_EDGE('',*,*,#1457,.F.);
#2007=ORIENTED_EDGE('',*,*,#1438,.T.);
#2008=ORIENTED_EDGE('',*,*,#1458,.F.);
#2009=ORIENTED_EDGE('',*,*,#1459,.F.);
#2010=ORIENTED_EDGE('',*,*,#1451,.T.);
#2011=ORIENTED_EDGE('',*,*,#1437,.T.);
#2012=ORIENTED_EDGE('',*,*,#1460,.F.);
#2013=ORIENTED_EDGE('',*,*,#1461,.F.);
#2014=ORIENTED_EDGE('',*,*,#1458,.T.);
#2015=ORIENTED_EDGE('',*,*,#1462,.F.);
#2016=ORIENTED_EDGE('',*,*,#1463,.F.);
#2017=ORIENTED_EDGE('',*,*,#1464,.F.);
#2018=ORIENTED_EDGE('',*,*,#1465,.F.);
#2019=ORIENTED_EDGE('',*,*,#1436,.T.);
#2020=ORIENTED_EDGE('',*,*,#1466,.F.);
#2021=ORIENTED_EDGE('',*,*,#1467,.F.);
#2022=ORIENTED_EDGE('',*,*,#1460,.T.);
#2023=ORIENTED_EDGE('',*,*,#1435,.T.);
#2024=ORIENTED_EDGE('',*,*,#1468,.F.);
#2025=ORIENTED_EDGE('',*,*,#1469,.F.);
#2026=ORIENTED_EDGE('',*,*,#1466,.T.);
#2027=ORIENTED_EDGE('',*,*,#1470,.F.);
#2028=ORIENTED_EDGE('',*,*,#1471,.F.);
#2029=ORIENTED_EDGE('',*,*,#1472,.F.);
#2030=ORIENTED_EDGE('',*,*,#1473,.F.);
#2031=ORIENTED_EDGE('',*,*,#1434,.T.);
#2032=ORIENTED_EDGE('',*,*,#1474,.F.);
#2033=ORIENTED_EDGE('',*,*,#1475,.F.);
#2034=ORIENTED_EDGE('',*,*,#1468,.T.);
#2035=ORIENTED_EDGE('',*,*,#1433,.T.);
#2036=ORIENTED_EDGE('',*,*,#1476,.F.);
#2037=ORIENTED_EDGE('',*,*,#1477,.F.);
#2038=ORIENTED_EDGE('',*,*,#1474,.T.);
#2039=ORIENTED_EDGE('',*,*,#1478,.F.);
#2040=ORIENTED_EDGE('',*,*,#1479,.F.);
#2041=ORIENTED_EDGE('',*,*,#1480,.F.);
#2042=ORIENTED_EDGE('',*,*,#1481,.F.);
#2043=ORIENTED_EDGE('',*,*,#1432,.T.);
#2044=ORIENTED_EDGE('',*,*,#1453,.F.);
#2045=ORIENTED_EDGE('',*,*,#1482,.F.);
#2046=ORIENTED_EDGE('',*,*,#1476,.T.);
#2047=ORIENTED_EDGE('',*,*,#1452,.T.);
#2048=ORIENTED_EDGE('',*,*,#1459,.T.);
#2049=ORIENTED_EDGE('',*,*,#1461,.T.);
#2050=ORIENTED_EDGE('',*,*,#1467,.T.);
#2051=ORIENTED_EDGE('',*,*,#1469,.T.);
#2052=ORIENTED_EDGE('',*,*,#1475,.T.);
#2053=ORIENTED_EDGE('',*,*,#1477,.T.);
#2054=ORIENTED_EDGE('',*,*,#1482,.T.);
#2055=ORIENTED_EDGE('',*,*,#1405,.T.);
#2056=ORIENTED_EDGE('',*,*,#1407,.T.);
#2057=ORIENTED_EDGE('',*,*,#1410,.T.);
#2058=ORIENTED_EDGE('',*,*,#1411,.T.);
#2059=ORIENTED_EDGE('',*,*,#1388,.T.);
#2060=ORIENTED_EDGE('',*,*,#1373,.T.);
#2061=ORIENTED_EDGE('',*,*,#1378,.T.);
#2062=ORIENTED_EDGE('',*,*,#1412,.T.);
#2063=ORIENTED_EDGE('',*,*,#1483,.T.);
#2064=ORIENTED_EDGE('',*,*,#1484,.T.);
#2065=ORIENTED_EDGE('',*,*,#1449,.F.);
#2066=ORIENTED_EDGE('',*,*,#1485,.T.);
#2067=ORIENTED_EDGE('',*,*,#1486,.T.);
#2068=ORIENTED_EDGE('',*,*,#1487,.T.);
#2069=ORIENTED_EDGE('',*,*,#1488,.T.);
#2070=ORIENTED_EDGE('',*,*,#1489,.F.);
#2071=ORIENTED_EDGE('',*,*,#1489,.T.);
#2072=ORIENTED_EDGE('',*,*,#1490,.T.);
#2073=ORIENTED_EDGE('',*,*,#1483,.F.);
#2074=ORIENTED_EDGE('',*,*,#1491,.T.);
#2075=ORIENTED_EDGE('',*,*,#1440,.F.);
#2076=ORIENTED_EDGE('',*,*,#1492,.T.);
#2077=ORIENTED_EDGE('',*,*,#1493,.T.);
#2078=ORIENTED_EDGE('',*,*,#1494,.T.);
#2079=ORIENTED_EDGE('',*,*,#1495,.F.);
#2080=ORIENTED_EDGE('',*,*,#1496,.T.);
#2081=ORIENTED_EDGE('',*,*,#1497,.T.);
#2082=ORIENTED_EDGE('',*,*,#1498,.T.);
#2083=ORIENTED_EDGE('',*,*,#1493,.F.);
#2084=ORIENTED_EDGE('',*,*,#1499,.T.);
#2085=ORIENTED_EDGE('',*,*,#1497,.F.);
#2086=ORIENTED_EDGE('',*,*,#1500,.T.);
#2087=ORIENTED_EDGE('',*,*,#1446,.F.);
#2088=ORIENTED_EDGE('',*,*,#1501,.T.);
#2089=ORIENTED_EDGE('',*,*,#1502,.T.);
#2090=ORIENTED_EDGE('',*,*,#1503,.T.);
#2091=ORIENTED_EDGE('',*,*,#1504,.F.);
#2092=ORIENTED_EDGE('',*,*,#1505,.T.);
#2093=ORIENTED_EDGE('',*,*,#1506,.T.);
#2094=ORIENTED_EDGE('',*,*,#1507,.T.);
#2095=ORIENTED_EDGE('',*,*,#1508,.T.);
#2096=ORIENTED_EDGE('',*,*,#1502,.F.);
#2097=ORIENTED_EDGE('',*,*,#1509,.T.);
#2098=ORIENTED_EDGE('',*,*,#1506,.F.);
#2099=ORIENTED_EDGE('',*,*,#1510,.T.);
#2100=ORIENTED_EDGE('',*,*,#1511,.T.);
#2101=ORIENTED_EDGE('',*,*,#1443,.F.);
#2102=ORIENTED_EDGE('',*,*,#1512,.T.);
#2103=ORIENTED_EDGE('',*,*,#1513,.T.);
#2104=ORIENTED_EDGE('',*,*,#1514,.T.);
#2105=ORIENTED_EDGE('',*,*,#1515,.T.);
#2106=ORIENTED_EDGE('',*,*,#1516,.F.);
#2107=ORIENTED_EDGE('',*,*,#1517,.T.);
#2108=ORIENTED_EDGE('',*,*,#1510,.F.);
#2109=ORIENTED_EDGE('',*,*,#1518,.T.);
#2110=ORIENTED_EDGE('',*,*,#1516,.T.);
#2111=ORIENTED_EDGE('',*,*,#1491,.F.);
#2112=ORIENTED_EDGE('',*,*,#1485,.F.);
#2113=ORIENTED_EDGE('',*,*,#1448,.F.);
#2114=ORIENTED_EDGE('',*,*,#1417,.F.);
#2115=ORIENTED_EDGE('',*,*,#1519,.T.);
#2116=ORIENTED_EDGE('',*,*,#1520,.T.);
#2117=ORIENTED_EDGE('',*,*,#1521,.T.);
#2118=ORIENTED_EDGE('',*,*,#1486,.F.);
#2119=ORIENTED_EDGE('',*,*,#1494,.F.);
#2120=ORIENTED_EDGE('',*,*,#1500,.F.);
#2121=ORIENTED_EDGE('',*,*,#1496,.F.);
#2122=ORIENTED_EDGE('',*,*,#1522,.T.);
#2123=ORIENTED_EDGE('',*,*,#1523,.T.);
#2124=ORIENTED_EDGE('',*,*,#1524,.T.);
#2125=ORIENTED_EDGE('',*,*,#1430,.F.);
#2126=ORIENTED_EDGE('',*,*,#1441,.F.);
#2127=ORIENTED_EDGE('',*,*,#1525,.T.);
#2128=ORIENTED_EDGE('',*,*,#1526,.T.);
#2129=ORIENTED_EDGE('',*,*,#1423,.F.);
#2130=ORIENTED_EDGE('',*,*,#1444,.F.);
#2131=ORIENTED_EDGE('',*,*,#1511,.F.);
#2132=ORIENTED_EDGE('',*,*,#1517,.F.);
#2133=ORIENTED_EDGE('',*,*,#1515,.F.);
#2134=ORIENTED_EDGE('',*,*,#1527,.T.);
#2135=ORIENTED_EDGE('',*,*,#1420,.F.);
#2136=ORIENTED_EDGE('',*,*,#1528,.T.);
#2137=ORIENTED_EDGE('',*,*,#1529,.T.);
#2138=ORIENTED_EDGE('',*,*,#1530,.T.);
#2139=ORIENTED_EDGE('',*,*,#1507,.F.);
#2140=ORIENTED_EDGE('',*,*,#1509,.F.);
#2141=ORIENTED_EDGE('',*,*,#1501,.F.);
#2142=ORIENTED_EDGE('',*,*,#1445,.F.);
#2143=ORIENTED_EDGE('',*,*,#1531,.T.);
#2144=ORIENTED_EDGE('',*,*,#1532,.T.);
#2145=ORIENTED_EDGE('',*,*,#1422,.F.);
#2146=ORIENTED_EDGE('',*,*,#1447,.F.);
#2147=ORIENTED_EDGE('',*,*,#1503,.F.);
#2148=ORIENTED_EDGE('',*,*,#1508,.F.);
#2149=ORIENTED_EDGE('',*,*,#1505,.F.);
#2150=ORIENTED_EDGE('',*,*,#1533,.T.);
#2151=ORIENTED_EDGE('',*,*,#1428,.F.);
#2152=ORIENTED_EDGE('',*,*,#1534,.T.);
#2153=ORIENTED_EDGE('',*,*,#1535,.T.);
#2154=ORIENTED_EDGE('',*,*,#1536,.T.);
#2155=ORIENTED_EDGE('',*,*,#1498,.F.);
#2156=ORIENTED_EDGE('',*,*,#1499,.F.);
#2157=ORIENTED_EDGE('',*,*,#1492,.F.);
#2158=ORIENTED_EDGE('',*,*,#1439,.F.);
#2159=ORIENTED_EDGE('',*,*,#1518,.F.);
#2160=ORIENTED_EDGE('',*,*,#1512,.F.);
#2161=ORIENTED_EDGE('',*,*,#1442,.F.);
#2162=ORIENTED_EDGE('',*,*,#1425,.F.);
#2163=ORIENTED_EDGE('',*,*,#1537,.T.);
#2164=ORIENTED_EDGE('',*,*,#1538,.T.);
#2165=ORIENTED_EDGE('',*,*,#1539,.T.);
#2166=ORIENTED_EDGE('',*,*,#1513,.F.);
#2167=ORIENTED_EDGE('',*,*,#1484,.F.);
#2168=ORIENTED_EDGE('',*,*,#1490,.F.);
#2169=ORIENTED_EDGE('',*,*,#1488,.F.);
#2170=ORIENTED_EDGE('',*,*,#1540,.T.);
#2171=ORIENTED_EDGE('',*,*,#1541,.T.);
#2172=ORIENTED_EDGE('',*,*,#1542,.T.);
#2173=ORIENTED_EDGE('',*,*,#1415,.F.);
#2174=ORIENTED_EDGE('',*,*,#1450,.F.);
#2175=ORIENTED_EDGE('',*,*,#1543,.T.);
#2176=ORIENTED_EDGE('',*,*,#1481,.T.);
#2177=ORIENTED_EDGE('',*,*,#1544,.F.);
#2178=ORIENTED_EDGE('',*,*,#1523,.F.);
#2179=ORIENTED_EDGE('',*,*,#1545,.T.);
#2180=ORIENTED_EDGE('',*,*,#1479,.T.);
#2181=ORIENTED_EDGE('',*,*,#1546,.F.);
#2182=ORIENTED_EDGE('',*,*,#1535,.F.);
#2183=ORIENTED_EDGE('',*,*,#1544,.T.);
#2184=ORIENTED_EDGE('',*,*,#1480,.T.);
#2185=ORIENTED_EDGE('',*,*,#1545,.F.);
#2186=ORIENTED_EDGE('',*,*,#1534,.F.);
#2187=ORIENTED_EDGE('',*,*,#1427,.T.);
#2188=ORIENTED_EDGE('',*,*,#1524,.F.);
#2189=ORIENTED_EDGE('',*,*,#1495,.T.);
#2190=ORIENTED_EDGE('',*,*,#1536,.F.);
#2191=ORIENTED_EDGE('',*,*,#1546,.T.);
#2192=ORIENTED_EDGE('',*,*,#1478,.T.);
#2193=ORIENTED_EDGE('',*,*,#1543,.F.);
#2194=ORIENTED_EDGE('',*,*,#1522,.F.);
#2195=ORIENTED_EDGE('',*,*,#1547,.T.);
#2196=ORIENTED_EDGE('',*,*,#1457,.T.);
#2197=ORIENTED_EDGE('',*,*,#1548,.F.);
#2198=ORIENTED_EDGE('',*,*,#1525,.F.);
#2199=ORIENTED_EDGE('',*,*,#1549,.T.);
#2200=ORIENTED_EDGE('',*,*,#1455,.T.);
#2201=ORIENTED_EDGE('',*,*,#1550,.F.);
#2202=ORIENTED_EDGE('',*,*,#1538,.F.);
#2203=ORIENTED_EDGE('',*,*,#1548,.T.);
#2204=ORIENTED_EDGE('',*,*,#1456,.T.);
#2205=ORIENTED_EDGE('',*,*,#1549,.F.);
#2206=ORIENTED_EDGE('',*,*,#1537,.F.);
#2207=ORIENTED_EDGE('',*,*,#1424,.F.);
#2208=ORIENTED_EDGE('',*,*,#1526,.F.);
#2209=ORIENTED_EDGE('',*,*,#1514,.F.);
#2210=ORIENTED_EDGE('',*,*,#1539,.F.);
#2211=ORIENTED_EDGE('',*,*,#1550,.T.);
#2212=ORIENTED_EDGE('',*,*,#1454,.T.);
#2213=ORIENTED_EDGE('',*,*,#1547,.F.);
#2214=ORIENTED_EDGE('',*,*,#1527,.F.);
#2215=ORIENTED_EDGE('',*,*,#1551,.T.);
#2216=ORIENTED_EDGE('',*,*,#1463,.T.);
#2217=ORIENTED_EDGE('',*,*,#1552,.F.);
#2218=ORIENTED_EDGE('',*,*,#1529,.F.);
#2219=ORIENTED_EDGE('',*,*,#1419,.T.);
#2220=ORIENTED_EDGE('',*,*,#1532,.F.);
#2221=ORIENTED_EDGE('',*,*,#1553,.T.);
#2222=ORIENTED_EDGE('',*,*,#1464,.T.);
#2223=ORIENTED_EDGE('',*,*,#1551,.F.);
#2224=ORIENTED_EDGE('',*,*,#1528,.F.);
#2225=ORIENTED_EDGE('',*,*,#1552,.T.);
#2226=ORIENTED_EDGE('',*,*,#1462,.T.);
#2227=ORIENTED_EDGE('',*,*,#1554,.F.);
#2228=ORIENTED_EDGE('',*,*,#1533,.F.);
#2229=ORIENTED_EDGE('',*,*,#1504,.T.);
#2230=ORIENTED_EDGE('',*,*,#1530,.F.);
#2231=ORIENTED_EDGE('',*,*,#1554,.T.);
#2232=ORIENTED_EDGE('',*,*,#1465,.T.);
#2233=ORIENTED_EDGE('',*,*,#1553,.F.);
#2234=ORIENTED_EDGE('',*,*,#1531,.F.);
#2235=ORIENTED_EDGE('',*,*,#1555,.T.);
#2236=ORIENTED_EDGE('',*,*,#1471,.T.);
#2237=ORIENTED_EDGE('',*,*,#1556,.F.);
#2238=ORIENTED_EDGE('',*,*,#1520,.F.);
#2239=ORIENTED_EDGE('',*,*,#1416,.F.);
#2240=ORIENTED_EDGE('',*,*,#1542,.F.);
#2241=ORIENTED_EDGE('',*,*,#1557,.T.);
#2242=ORIENTED_EDGE('',*,*,#1472,.T.);
#2243=ORIENTED_EDGE('',*,*,#1555,.F.);
#2244=ORIENTED_EDGE('',*,*,#1519,.F.);
#2245=ORIENTED_EDGE('',*,*,#1556,.T.);
#2246=ORIENTED_EDGE('',*,*,#1470,.T.);
#2247=ORIENTED_EDGE('',*,*,#1558,.F.);
#2248=ORIENTED_EDGE('',*,*,#1540,.F.);
#2249=ORIENTED_EDGE('',*,*,#1487,.F.);
#2250=ORIENTED_EDGE('',*,*,#1521,.F.);
#2251=ORIENTED_EDGE('',*,*,#1558,.T.);
#2252=ORIENTED_EDGE('',*,*,#1473,.T.);
#2253=ORIENTED_EDGE('',*,*,#1557,.F.);
#2254=ORIENTED_EDGE('',*,*,#1541,.F.);
#2255=PLANE('',#2531);
#2256=PLANE('',#2532);
#2257=PLANE('',#2533);
#2258=PLANE('',#2534);
#2259=PLANE('',#2535);
#2260=PLANE('',#2536);
#2261=PLANE('',#2537);
#2262=PLANE('',#2538);
#2263=PLANE('',#2539);
#2264=PLANE('',#2540);
#2265=PLANE('',#2541);
#2266=PLANE('',#2542);
#2267=PLANE('',#2543);
#2268=PLANE('',#2544);
#2269=PLANE('',#2545);
#2270=PLANE('',#2546);
#2271=PLANE('',#2547);
#2272=PLANE('',#2548);
#2273=PLANE('',#2549);
#2274=PLANE('',#2550);
#2275=PLANE('',#2551);
#2276=PLANE('',#2552);
#2277=PLANE('',#2553);
#2278=PLANE('',#2554);
#2279=PLANE('',#2556);
#2280=PLANE('',#2557);
#2281=PLANE('',#2558);
#2282=PLANE('',#2559);
#2283=PLANE('',#2560);
#2284=PLANE('',#2561);
#2285=PLANE('',#2562);
#2286=PLANE('',#2563);
#2287=PLANE('',#2564);
#2288=PLANE('',#2565);
#2289=PLANE('',#2566);
#2290=PLANE('',#2567);
#2291=PLANE('',#2568);
#2292=PLANE('',#2569);
#2293=PLANE('',#2570);
#2294=PLANE('',#2571);
#2295=PLANE('',#2572);
#2296=PLANE('',#2573);
#2297=PLANE('',#2574);
#2298=PLANE('',#2575);
#2299=PLANE('',#2576);
#2300=PLANE('',#2577);
#2301=PLANE('',#2578);
#2302=PLANE('',#2579);
#2303=PLANE('',#2580);
#2304=PLANE('',#2581);
#2305=PLANE('',#2582);
#2306=PLANE('',#2585);
#2307=PLANE('',#2586);
#2308=PLANE('',#2587);
#2309=PLANE('',#2591);
#2310=PLANE('',#2592);
#2311=PLANE('',#2593);
#2312=PLANE('',#2596);
#2313=PLANE('',#2597);
#2314=PLANE('',#2598);
#2315=PLANE('',#2611);
#2316=PLANE('',#2618);
#2317=PLANE('',#2619);
#2318=PLANE('',#2620);
#2319=PLANE('',#2621);
#2320=PLANE('',#2622);
#2321=PLANE('',#2623);
#2322=PLANE('',#2624);
#2323=PLANE('',#2625);
#2324=PLANE('',#2629);
#2325=PLANE('',#2630);
#2326=PLANE('',#2631);
#2327=PLANE('',#2632);
#2328=PLANE('',#2633);
#2329=PLANE('',#2642);
#2330=PLANE('',#2643);
#2331=PLANE('',#2644);
#2332=PLANE('',#2645);
#2333=PLANE('',#2646);
#2334=PLANE('',#2647);
#2335=PLANE('',#2648);
#2336=PLANE('',#2649);
#2337=PLANE('',#2650);
#2338=PLANE('',#2651);
#2339=PLANE('',#2652);
#2340=PLANE('',#2653);
#2341=PLANE('',#2656);
#2342=PLANE('',#2657);
#2343=PLANE('',#2658);
#2344=PLANE('',#2661);
#2345=PLANE('',#2662);
#2346=PLANE('',#2663);
#2347=PLANE('',#2666);
#2348=PLANE('',#2667);
#2349=PLANE('',#2668);
#2350=PLANE('',#2695);
#2351=PLANE('',#2696);
#2352=PLANE('',#2697);
#2353=PLANE('',#2698);
#2354=PLANE('',#2699);
#2355=PLANE('',#2700);
#2356=PLANE('',#2701);
#2357=PLANE('',#2702);
#2358=PLANE('',#2703);
#2359=PLANE('',#2704);
#2360=PLANE('',#2705);
#2361=PLANE('',#2706);
#2362=PLANE('',#2707);
#2363=PLANE('',#2708);
#2364=PLANE('',#2709);
#2365=PLANE('',#2710);
#2366=ADVANCED_FACE('',(#150),#2255,.T.);
#2367=ADVANCED_FACE('',(#151),#2256,.T.);
#2368=ADVANCED_FACE('',(#152),#2257,.F.);
#2369=ADVANCED_FACE('',(#153),#2258,.T.);
#2370=ADVANCED_FACE('',(#154),#2259,.F.);
#2371=ADVANCED_FACE('',(#155),#2260,.F.);
#2372=ADVANCED_FACE('',(#156),#2261,.T.);
#2373=ADVANCED_FACE('',(#157),#2262,.T.);
#2374=ADVANCED_FACE('',(#158),#2263,.F.);
#2375=ADVANCED_FACE('',(#159),#2264,.T.);
#2376=ADVANCED_FACE('',(#160),#2265,.F.);
#2377=ADVANCED_FACE('',(#161),#2266,.F.);
#2378=ADVANCED_FACE('',(#162),#2267,.T.);
#2379=ADVANCED_FACE('',(#163),#2268,.T.);
#2380=ADVANCED_FACE('',(#164),#2269,.F.);
#2381=ADVANCED_FACE('',(#165),#2270,.T.);
#2382=ADVANCED_FACE('',(#166),#2271,.F.);
#2383=ADVANCED_FACE('',(#167),#2272,.F.);
#2384=ADVANCED_FACE('',(#168),#2273,.T.);
#2385=ADVANCED_FACE('',(#169),#2274,.T.);
#2386=ADVANCED_FACE('',(#170),#2275,.F.);
#2387=ADVANCED_FACE('',(#171),#2276,.T.);
#2388=ADVANCED_FACE('',(#172),#2277,.F.);
#2389=ADVANCED_FACE('',(#173),#2278,.F.);
#2390=ADVANCED_FACE('',(#174),#2279,.T.);
#2391=ADVANCED_FACE('',(#175),#2280,.F.);
#2392=ADVANCED_FACE('',(#176),#2281,.F.);
#2393=ADVANCED_FACE('',(#177),#2282,.F.);
#2394=ADVANCED_FACE('',(#178),#2283,.F.);
#2395=ADVANCED_FACE('',(#179),#2284,.F.);
#2396=ADVANCED_FACE('',(#180),#102,.T.);
#2397=ADVANCED_FACE('',(#181),#103,.T.);
#2398=ADVANCED_FACE('',(#182),#2285,.T.);
#2399=ADVANCED_FACE('',(#183),#2286,.F.);
#2400=ADVANCED_FACE('',(#184),#2287,.F.);
#2401=ADVANCED_FACE('',(#185),#2288,.F.);
#2402=ADVANCED_FACE('',(#186),#2289,.F.);
#2403=ADVANCED_FACE('',(#187),#2290,.F.);
#2404=ADVANCED_FACE('',(#188),#104,.T.);
#2405=ADVANCED_FACE('',(#189),#105,.T.);
#2406=ADVANCED_FACE('',(#190),#2291,.T.);
#2407=ADVANCED_FACE('',(#191),#2292,.F.);
#2408=ADVANCED_FACE('',(#192),#2293,.F.);
#2409=ADVANCED_FACE('',(#193),#2294,.F.);
#2410=ADVANCED_FACE('',(#194),#2295,.F.);
#2411=ADVANCED_FACE('',(#195),#2296,.F.);
#2412=ADVANCED_FACE('',(#196),#106,.T.);
#2413=ADVANCED_FACE('',(#197),#107,.T.);
#2414=ADVANCED_FACE('',(#198),#2297,.T.);
#2415=ADVANCED_FACE('',(#199),#2298,.F.);
#2416=ADVANCED_FACE('',(#200),#2299,.F.);
#2417=ADVANCED_FACE('',(#201),#2300,.F.);
#2418=ADVANCED_FACE('',(#202),#2301,.F.);
#2419=ADVANCED_FACE('',(#203),#2302,.F.);
#2420=ADVANCED_FACE('',(#204),#108,.T.);
#2421=ADVANCED_FACE('',(#205),#109,.T.);
#2422=ADVANCED_FACE('',(#206),#2303,.F.);
#2423=ADVANCED_FACE('',(#207),#2304,.F.);
#2424=ADVANCED_FACE('',(#208),#2305,.F.);
#2425=ADVANCED_FACE('',(#209),#2306,.F.);
#2426=ADVANCED_FACE('',(#210),#2307,.F.);
#2427=ADVANCED_FACE('',(#211),#2308,.F.);
#2428=ADVANCED_FACE('',(#212),#2309,.F.);
#2429=ADVANCED_FACE('',(#213),#2310,.F.);
#2430=ADVANCED_FACE('',(#214),#2311,.F.);
#2431=ADVANCED_FACE('',(#215),#2312,.F.);
#2432=ADVANCED_FACE('',(#216),#2313,.F.);
#2433=ADVANCED_FACE('',(#217),#2314,.F.);
#2434=ADVANCED_FACE('',(#218),#34,.F.);
#2435=ADVANCED_FACE('',(#219),#35,.F.);
#2436=ADVANCED_FACE('',(#220,#19),#2315,.F.);
#2437=ADVANCED_FACE('',(#221),#36,.F.);
#2438=ADVANCED_FACE('',(#222),#2316,.F.);
#2439=ADVANCED_FACE('',(#223),#2317,.F.);
#2440=ADVANCED_FACE('',(#224),#2318,.F.);
#2441=ADVANCED_FACE('',(#225),#2319,.F.);
#2442=ADVANCED_FACE('',(#226),#2320,.F.);
#2443=ADVANCED_FACE('',(#227),#2321,.F.);
#2444=ADVANCED_FACE('',(#228),#2322,.F.);
#2445=ADVANCED_FACE('',(#229),#2323,.F.);
#2446=ADVANCED_FACE('',(#230),#37,.F.);
#2447=ADVANCED_FACE('',(#231),#2324,.F.);
#2448=ADVANCED_FACE('',(#232),#2325,.T.);
#2449=ADVANCED_FACE('',(#233),#2326,.F.);
#2450=ADVANCED_FACE('',(#234),#2327,.T.);
#2451=ADVANCED_FACE('',(#235,#20,#21,#22,#23,#24),#2328,.F.);
#2452=ADVANCED_FACE('',(#236,#25),#2329,.F.);
#2453=ADVANCED_FACE('',(#237),#2330,.F.);
#2454=ADVANCED_FACE('',(#238,#26),#2331,.F.);
#2455=ADVANCED_FACE('',(#239),#2332,.F.);
#2456=ADVANCED_FACE('',(#240,#27),#2333,.F.);
#2457=ADVANCED_FACE('',(#241),#2334,.F.);
#2458=ADVANCED_FACE('',(#242,#28),#2335,.F.);
#2459=ADVANCED_FACE('',(#243),#2336,.F.);
#2460=ADVANCED_FACE('',(#244,#29,#30,#31,#32,#33),#2337,.T.);
#2461=ADVANCED_FACE('',(#245),#2338,.T.);
#2462=ADVANCED_FACE('',(#246),#2339,.F.);
#2463=ADVANCED_FACE('',(#247),#2340,.T.);
#2464=ADVANCED_FACE('',(#248),#2341,.T.);
#2465=ADVANCED_FACE('',(#249),#2342,.T.);
#2466=ADVANCED_FACE('',(#250),#2343,.T.);
#2467=ADVANCED_FACE('',(#251),#2344,.T.);
#2468=ADVANCED_FACE('',(#252),#2345,.T.);
#2469=ADVANCED_FACE('',(#253),#2346,.T.);
#2470=ADVANCED_FACE('',(#254),#2347,.T.);
#2471=ADVANCED_FACE('',(#255),#2348,.F.);
#2472=ADVANCED_FACE('',(#256),#2349,.T.);
#2473=ADVANCED_FACE('',(#257),#38,.F.);
#2474=ADVANCED_FACE('',(#258),#39,.F.);
#2475=ADVANCED_FACE('',(#259),#40,.F.);
#2476=ADVANCED_FACE('',(#260),#41,.F.);
#2477=ADVANCED_FACE('',(#261),#42,.F.);
#2478=ADVANCED_FACE('',(#262),#43,.F.);
#2479=ADVANCED_FACE('',(#263),#44,.F.);
#2480=ADVANCED_FACE('',(#264),#45,.F.);
#2481=ADVANCED_FACE('',(#265),#2350,.F.);
#2482=ADVANCED_FACE('',(#266),#2351,.F.);
#2483=ADVANCED_FACE('',(#267),#2352,.F.);
#2484=ADVANCED_FACE('',(#268),#2353,.F.);
#2485=ADVANCED_FACE('',(#269),#2354,.F.);
#2486=ADVANCED_FACE('',(#270),#2355,.F.);
#2487=ADVANCED_FACE('',(#271),#2356,.F.);
#2488=ADVANCED_FACE('',(#272),#2357,.F.);
#2489=ADVANCED_FACE('',(#273),#2358,.F.);
#2490=ADVANCED_FACE('',(#274),#2359,.F.);
#2491=ADVANCED_FACE('',(#275),#2360,.F.);
#2492=ADVANCED_FACE('',(#276),#2361,.F.);
#2493=ADVANCED_FACE('',(#277),#2362,.F.);
#2494=ADVANCED_FACE('',(#278),#2363,.F.);
#2495=ADVANCED_FACE('',(#279),#2364,.F.);
#2496=ADVANCED_FACE('',(#280),#2365,.F.);
#2497=CLOSED_SHELL('',(#2366,#2367,#2368,#2369,#2370,#2371));
#2498=CLOSED_SHELL('',(#2372,#2373,#2374,#2375,#2376,#2377));
#2499=CLOSED_SHELL('',(#2378,#2379,#2380,#2381,#2382,#2383));
#2500=CLOSED_SHELL('',(#2384,#2385,#2386,#2387,#2388,#2389));
#2501=CLOSED_SHELL('',(#2390,#2391,#2392,#2393,#2394,#2395,#2396,#2397));
#2502=CLOSED_SHELL('',(#2398,#2399,#2400,#2401,#2402,#2403,#2404,#2405));
#2503=CLOSED_SHELL('',(#2406,#2407,#2408,#2409,#2410,#2411,#2412,#2413));
#2504=CLOSED_SHELL('',(#2414,#2415,#2416,#2417,#2418,#2419,#2420,#2421));
#2505=CLOSED_SHELL('',(#2422,#2423,#2424,#2425,#2426,#2427,#2428,#2429,
#2430,#2431,#2432,#2433,#2434,#2435,#2436,#2437,#2438,#2439,#2440,#2441,
#2442,#2443,#2444,#2445,#2446,#2447,#2448,#2449,#2450,#2451,#2452,#2453,
#2454,#2455,#2456,#2457,#2458,#2459,#2460,#2461,#2462,#2463,#2464,#2465,
#2466,#2467,#2468,#2469,#2470,#2471,#2472,#2473,#2474,#2475,#2476,#2477,
#2478,#2479,#2480,#2481,#2482,#2483,#2484,#2485,#2486,#2487,#2488,#2489,
#2490,#2491,#2492,#2493,#2494,#2495,#2496));
#2506=DERIVED_UNIT_ELEMENT(#2510,1.);
#2507=DERIVED_UNIT_ELEMENT(#4266,-3.);
#2508=DERIVED_UNIT_ELEMENT(#2510,1.);
#2509=DERIVED_UNIT_ELEMENT(#4266,-3.);
#2510=(
MASS_UNIT()
NAMED_UNIT(*)
SI_UNIT(.KILO.,.GRAM.)
);
#2511=DERIVED_UNIT((#2506,#2507));
#2512=DERIVED_UNIT((#2508,#2509));
#2513=MEASURE_REPRESENTATION_ITEM('density measure',
POSITIVE_RATIO_MEASURE(7850.),#2511);
#2514=MEASURE_REPRESENTATION_ITEM('density measure',
POSITIVE_RATIO_MEASURE(7850.),#2512);
#2515=PROPERTY_DEFINITION_REPRESENTATION(#2525,#2519);
#2516=PROPERTY_DEFINITION_REPRESENTATION(#2526,#2520);
#2517=PROPERTY_DEFINITION_REPRESENTATION(#2527,#2521);
#2518=PROPERTY_DEFINITION_REPRESENTATION(#2528,#2522);
#2519=REPRESENTATION('material name',(#2523),#4262);
#2520=REPRESENTATION('density',(#2513),#4262);
#2521=REPRESENTATION('material name',(#2524),#4263);
#2522=REPRESENTATION('density',(#2514),#4263);
#2523=DESCRIPTIVE_REPRESENTATION_ITEM('Steel','Steel');
#2524=DESCRIPTIVE_REPRESENTATION_ITEM('Steel','Steel');
#2525=PROPERTY_DEFINITION('material property','material name',#4282);
#2526=PROPERTY_DEFINITION('material property','density of part',#4282);
#2527=PROPERTY_DEFINITION('material property','material name',#4283);
#2528=PROPERTY_DEFINITION('material property','density of part',#4283);
#2529=AXIS2_PLACEMENT_3D('',#3357,#2713,#2714);
#2530=AXIS2_PLACEMENT_3D('',#3358,#2715,#2716);
#2531=AXIS2_PLACEMENT_3D('',#3359,#2717,#2718);
#2532=AXIS2_PLACEMENT_3D('',#3368,#2723,#2724);
#2533=AXIS2_PLACEMENT_3D('',#3374,#2728,#2729);
#2534=AXIS2_PLACEMENT_3D('',#3380,#2733,#2734);
#2535=AXIS2_PLACEMENT_3D('',#3382,#2736,#2737);
#2536=AXIS2_PLACEMENT_3D('',#3384,#2739,#2740);
#2537=AXIS2_PLACEMENT_3D('',#3385,#2741,#2742);
#2538=AXIS2_PLACEMENT_3D('',#3394,#2747,#2748);
#2539=AXIS2_PLACEMENT_3D('',#3400,#2752,#2753);
#2540=AXIS2_PLACEMENT_3D('',#3406,#2757,#2758);
#2541=AXIS2_PLACEMENT_3D('',#3408,#2760,#2761);
#2542=AXIS2_PLACEMENT_3D('',#3410,#2763,#2764);
#2543=AXIS2_PLACEMENT_3D('',#3411,#2765,#2766);
#2544=AXIS2_PLACEMENT_3D('',#3420,#2771,#2772);
#2545=AXIS2_PLACEMENT_3D('',#3426,#2776,#2777);
#2546=AXIS2_PLACEMENT_3D('',#3432,#2781,#2782);
#2547=AXIS2_PLACEMENT_3D('',#3434,#2784,#2785);
#2548=AXIS2_PLACEMENT_3D('',#3436,#2787,#2788);
#2549=AXIS2_PLACEMENT_3D('',#3437,#2789,#2790);
#2550=AXIS2_PLACEMENT_3D('',#3446,#2795,#2796);
#2551=AXIS2_PLACEMENT_3D('',#3452,#2800,#2801);
#2552=AXIS2_PLACEMENT_3D('',#3458,#2805,#2806);
#2553=AXIS2_PLACEMENT_3D('',#3460,#2808,#2809);
#2554=AXIS2_PLACEMENT_3D('',#3462,#2811,#2812);
#2555=AXIS2_PLACEMENT_3D('',#3463,#2813,#2814);
#2556=AXIS2_PLACEMENT_3D('',#3464,#2815,#2816);
#2557=AXIS2_PLACEMENT_3D('',#3473,#2821,#2822);
#2558=AXIS2_PLACEMENT_3D('',#3482,#2827,#2828);
#2559=AXIS2_PLACEMENT_3D('',#3507,#2831,#2832);
#2560=AXIS2_PLACEMENT_3D('',#3532,#2835,#2836);
#2561=AXIS2_PLACEMENT_3D('',#3534,#2838,#2839);
#2562=AXIS2_PLACEMENT_3D('',#3548,#2841,#2842);
#2563=AXIS2_PLACEMENT_3D('',#3557,#2847,#2848);
#2564=AXIS2_PLACEMENT_3D('',#3566,#2853,#2854);
#2565=AXIS2_PLACEMENT_3D('',#3591,#2857,#2858);
#2566=AXIS2_PLACEMENT_3D('',#3616,#2861,#2862);
#2567=AXIS2_PLACEMENT_3D('',#3618,#2864,#2865);
#2568=AXIS2_PLACEMENT_3D('',#3632,#2867,#2868);
#2569=AXIS2_PLACEMENT_3D('',#3641,#2873,#2874);
#2570=AXIS2_PLACEMENT_3D('',#3650,#2879,#2880);
#2571=AXIS2_PLACEMENT_3D('',#3675,#2883,#2884);
#2572=AXIS2_PLACEMENT_3D('',#3700,#2887,#2888);
#2573=AXIS2_PLACEMENT_3D('',#3702,#2890,#2891);
#2574=AXIS2_PLACEMENT_3D('',#3716,#2893,#2894);
#2575=AXIS2_PLACEMENT_3D('',#3725,#2899,#2900);
#2576=AXIS2_PLACEMENT_3D('',#3734,#2905,#2906);
#2577=AXIS2_PLACEMENT_3D('',#3759,#2909,#2910);
#2578=AXIS2_PLACEMENT_3D('',#3784,#2913,#2914);
#2579=AXIS2_PLACEMENT_3D('',#3786,#2916,#2917);
#2580=AXIS2_PLACEMENT_3D('',#3800,#2919,#2920);
#2581=AXIS2_PLACEMENT_3D('',#3809,#2925,#2926);
#2582=AXIS2_PLACEMENT_3D('',#3818,#2931,#2932);
#2583=AXIS2_PLACEMENT_3D('',#3819,#2933,#2934);
#2584=AXIS2_PLACEMENT_3D('',#3820,#2935,#2936);
#2585=AXIS2_PLACEMENT_3D('',#3821,#2937,#2938);
#2586=AXIS2_PLACEMENT_3D('',#3830,#2943,#2944);
#2587=AXIS2_PLACEMENT_3D('',#3839,#2949,#2950);
#2588=AXIS2_PLACEMENT_3D('',#3840,#2951,#2952);
#2589=AXIS2_PLACEMENT_3D('',#3842,#2953,#2954);
#2590=AXIS2_PLACEMENT_3D('',#3843,#2955,#2956);
#2591=AXIS2_PLACEMENT_3D('',#3844,#2957,#2958);
#2592=AXIS2_PLACEMENT_3D('',#3853,#2963,#2964);
#2593=AXIS2_PLACEMENT_3D('',#3862,#2969,#2970);
#2594=AXIS2_PLACEMENT_3D('',#3863,#2971,#2972);
#2595=AXIS2_PLACEMENT_3D('',#3864,#2973,#2974);
#2596=AXIS2_PLACEMENT_3D('',#3865,#2975,#2976);
#2597=AXIS2_PLACEMENT_3D('',#3874,#2981,#2982);
#2598=AXIS2_PLACEMENT_3D('',#3883,#2987,#2988);
#2599=AXIS2_PLACEMENT_3D('',#3884,#2989,#2990);
#2600=AXIS2_PLACEMENT_3D('',#3886,#2991,#2992);
#2601=AXIS2_PLACEMENT_3D('',#3887,#2993,#2994);
#2602=AXIS2_PLACEMENT_3D('',#3888,#2995,#2996);
#2603=AXIS2_PLACEMENT_3D('',#3890,#2997,#2998);
#2604=AXIS2_PLACEMENT_3D('',#3893,#3000,#3001);
#2605=AXIS2_PLACEMENT_3D('',#3894,#3002,#3003);
#2606=AXIS2_PLACEMENT_3D('',#3895,#3004,#3005);
#2607=AXIS2_PLACEMENT_3D('',#3896,#3006,#3007);
#2608=AXIS2_PLACEMENT_3D('',#3898,#3008,#3009);
#2609=AXIS2_PLACEMENT_3D('',#3900,#3011,#3012);
#2610=AXIS2_PLACEMENT_3D('',#3901,#3013,#3014);
#2611=AXIS2_PLACEMENT_3D('',#3902,#3015,#3016);
#2612=AXIS2_PLACEMENT_3D('',#3903,#3017,#3018);
#2613=AXIS2_PLACEMENT_3D('',#3904,#3019,#3020);
#2614=AXIS2_PLACEMENT_3D('',#3913,#3025,#3026);
#2615=AXIS2_PLACEMENT_3D('',#3915,#3027,#3028);
#2616=AXIS2_PLACEMENT_3D('',#3918,#3030,#3031);
#2617=AXIS2_PLACEMENT_3D('',#3919,#3032,#3033);
#2618=AXIS2_PLACEMENT_3D('',#3920,#3034,#3035);
#2619=AXIS2_PLACEMENT_3D('',#3926,#3039,#3040);
#2620=AXIS2_PLACEMENT_3D('',#3932,#3044,#3045);
#2621=AXIS2_PLACEMENT_3D('',#3938,#3049,#3050);
#2622=AXIS2_PLACEMENT_3D('',#3944,#3054,#3055);
#2623=AXIS2_PLACEMENT_3D('',#3950,#3059,#3060);
#2624=AXIS2_PLACEMENT_3D('',#3954,#3063,#3064);
#2625=AXIS2_PLACEMENT_3D('',#3958,#3067,#3068);
#2626=AXIS2_PLACEMENT_3D('',#3960,#3070,#3071);
#2627=AXIS2_PLACEMENT_3D('',#3962,#3072,#3073);
#2628=AXIS2_PLACEMENT_3D('',#3964,#3075,#3076);
#2629=AXIS2_PLACEMENT_3D('',#3965,#3077,#3078);
#2630=AXIS2_PLACEMENT_3D('',#3974,#3083,#3084);
#2631=AXIS2_PLACEMENT_3D('',#3983,#3089,#3090);
#2632=AXIS2_PLACEMENT_3D('',#3992,#3095,#3096);
#2633=AXIS2_PLACEMENT_3D('',#4001,#3101,#3102);
#2634=AXIS2_PLACEMENT_3D('',#4019,#3111,#3112);
#2635=AXIS2_PLACEMENT_3D('',#4022,#3114,#3115);
#2636=AXIS2_PLACEMENT_3D('',#4024,#3116,#3117);
#2637=AXIS2_PLACEMENT_3D('',#4027,#3119,#3120);
#2638=AXIS2_PLACEMENT_3D('',#4029,#3121,#3122);
#2639=AXIS2_PLACEMENT_3D('',#4032,#3124,#3125);
#2640=AXIS2_PLACEMENT_3D('',#4034,#3126,#3127);
#2641=AXIS2_PLACEMENT_3D('',#4037,#3129,#3130);
#2642=AXIS2_PLACEMENT_3D('',#4038,#3131,#3132);
#2643=AXIS2_PLACEMENT_3D('',#4052,#3140,#3141);
#2644=AXIS2_PLACEMENT_3D('',#4056,#3144,#3145);
#2645=AXIS2_PLACEMENT_3D('',#4068,#3152,#3153);
#2646=AXIS2_PLACEMENT_3D('',#4072,#3156,#3157);
#2647=AXIS2_PLACEMENT_3D('',#4084,#3164,#3165);
#2648=AXIS2_PLACEMENT_3D('',#4088,#3168,#3169);
#2649=AXIS2_PLACEMENT_3D('',#4100,#3176,#3177);
#2650=AXIS2_PLACEMENT_3D('',#4102,#3179,#3180);
#2651=AXIS2_PLACEMENT_3D('',#4103,#3181,#3182);
#2652=AXIS2_PLACEMENT_3D('',#4109,#3186,#3187);
#2653=AXIS2_PLACEMENT_3D('',#4118,#3192,#3193);
#2654=AXIS2_PLACEMENT_3D('',#4119,#3194,#3195);
#2655=AXIS2_PLACEMENT_3D('',#4120,#3196,#3197);
#2656=AXIS2_PLACEMENT_3D('',#4121,#3198,#3199);
#2657=AXIS2_PLACEMENT_3D('',#4127,#3203,#3204);
#2658=AXIS2_PLACEMENT_3D('',#4136,#3209,#3210);
#2659=AXIS2_PLACEMENT_3D('',#4137,#3211,#3212);
#2660=AXIS2_PLACEMENT_3D('',#4138,#3213,#3214);
#2661=AXIS2_PLACEMENT_3D('',#4139,#3215,#3216);
#2662=AXIS2_PLACEMENT_3D('',#4145,#3220,#3221);
#2663=AXIS2_PLACEMENT_3D('',#4154,#3226,#3227);
#2664=AXIS2_PLACEMENT_3D('',#4155,#3228,#3229);
#2665=AXIS2_PLACEMENT_3D('',#4156,#3230,#3231);
#2666=AXIS2_PLACEMENT_3D('',#4157,#3232,#3233);
#2667=AXIS2_PLACEMENT_3D('',#4163,#3237,#3238);
#2668=AXIS2_PLACEMENT_3D('',#4172,#3243,#3244);
#2669=AXIS2_PLACEMENT_3D('',#4173,#3245,#3246);
#2670=AXIS2_PLACEMENT_3D('',#4174,#3247,#3248);
#2671=AXIS2_PLACEMENT_3D('',#4175,#3249,#3250);
#2672=AXIS2_PLACEMENT_3D('',#4177,#3251,#3252);
#2673=AXIS2_PLACEMENT_3D('',#4180,#3254,#3255);
#2674=AXIS2_PLACEMENT_3D('',#4181,#3256,#3257);
#2675=AXIS2_PLACEMENT_3D('',#4183,#3258,#3259);
#2676=AXIS2_PLACEMENT_3D('',#4186,#3261,#3262);
#2677=AXIS2_PLACEMENT_3D('',#4187,#3263,#3264);
#2678=AXIS2_PLACEMENT_3D('',#4191,#3266,#3267);
#2679=AXIS2_PLACEMENT_3D('',#4192,#3268,#3269);
#2680=AXIS2_PLACEMENT_3D('',#4193,#3270,#3271);
#2681=AXIS2_PLACEMENT_3D('',#4195,#3272,#3273);
#2682=AXIS2_PLACEMENT_3D('',#4198,#3275,#3276);
#2683=AXIS2_PLACEMENT_3D('',#4199,#3277,#3278);
#2684=AXIS2_PLACEMENT_3D('',#4203,#3280,#3281);
#2685=AXIS2_PLACEMENT_3D('',#4204,#3282,#3283);
#2686=AXIS2_PLACEMENT_3D('',#4205,#3284,#3285);
#2687=AXIS2_PLACEMENT_3D('',#4207,#3286,#3287);
#2688=AXIS2_PLACEMENT_3D('',#4210,#3289,#3290);
#2689=AXIS2_PLACEMENT_3D('',#4211,#3291,#3292);
#2690=AXIS2_PLACEMENT_3D('',#4213,#3293,#3294);
#2691=AXIS2_PLACEMENT_3D('',#4216,#3296,#3297);
#2692=AXIS2_PLACEMENT_3D('',#4217,#3298,#3299);
#2693=AXIS2_PLACEMENT_3D('',#4219,#3300,#3301);
#2694=AXIS2_PLACEMENT_3D('',#4222,#3303,#3304);
#2695=AXIS2_PLACEMENT_3D('',#4223,#3305,#3306);
#2696=AXIS2_PLACEMENT_3D('',#4226,#3309,#3310);
#2697=AXIS2_PLACEMENT_3D('',#4229,#3313,#3314);
#2698=AXIS2_PLACEMENT_3D('',#4230,#3315,#3316);
#2699=AXIS2_PLACEMENT_3D('',#4231,#3317,#3318);
#2700=AXIS2_PLACEMENT_3D('',#4234,#3321,#3322);
#2701=AXIS2_PLACEMENT_3D('',#4237,#3325,#3326);
#2702=AXIS2_PLACEMENT_3D('',#4238,#3327,#3328);
#2703=AXIS2_PLACEMENT_3D('',#4239,#3329,#3330);
#2704=AXIS2_PLACEMENT_3D('',#4242,#3333,#3334);
#2705=AXIS2_PLACEMENT_3D('',#4244,#3336,#3337);
#2706=AXIS2_PLACEMENT_3D('',#4246,#3339,#3340);
#2707=AXIS2_PLACEMENT_3D('',#4247,#3341,#3342);
#2708=AXIS2_PLACEMENT_3D('',#4250,#3345,#3346);
#2709=AXIS2_PLACEMENT_3D('',#4252,#3348,#3349);
#2710=AXIS2_PLACEMENT_3D('',#4254,#3351,#3352);
#2711=AXIS2_PLACEMENT_3D('',#4255,#3353,#3354);
#2712=AXIS2_PLACEMENT_3D('',#4256,#3355,#3356);
#2713=DIRECTION('axis',(0.,0.,1.));
#2714=DIRECTION('refdir',(1.,0.,0.));
#2715=DIRECTION('axis',(0.,0.,1.));
#2716=DIRECTION('refdir',(1.,0.,0.));
#2717=DIRECTION('center_axis',(-0.707106781186548,0.707106781186548,0.));
#2718=DIRECTION('ref_axis',(-0.707106781186548,-0.707106781186548,0.));
#2719=DIRECTION('',(0.,0.,1.));
#2720=DIRECTION('',(-0.707106781186548,-0.707106781186548,0.));
#2721=DIRECTION('',(0.,0.,1.));
#2722=DIRECTION('',(-0.707106781186548,-0.707106781186548,0.));
#2723=DIRECTION('center_axis',(0.,0.,1.));
#2724=DIRECTION('ref_axis',(-1.,0.,0.));
#2725=DIRECTION('',(0.,1.,0.));
#2726=DIRECTION('',(-0.707106781186548,-0.707106781186548,0.));
#2727=DIRECTION('',(-1.,0.,0.));
#2728=DIRECTION('center_axis',(-0.707106781186548,0.707106781186548,0.));
#2729=DIRECTION('ref_axis',(-0.707106781186548,-0.707106781186548,0.));
#2730=DIRECTION('',(0.,0.,-1.));
#2731=DIRECTION('',(0.707106781186548,0.707106781186548,0.));
#2732=DIRECTION('',(0.,0.,1.));
#2733=DIRECTION('center_axis',(0.,1.,0.));
#2734=DIRECTION('ref_axis',(0.,0.,1.));
#2735=DIRECTION('',(-0.816496581041208,0.,0.577350269029138));
#2736=DIRECTION('center_axis',(1.,0.,0.));
#2737=DIRECTION('ref_axis',(0.,0.,1.));
#2738=DIRECTION('',(0.,-0.816496581041208,-0.577350269029138));
#2739=DIRECTION('center_axis',(0.500000000065955,-0.500000000065955,0.707106781093274));
#2740=DIRECTION('ref_axis',(0.707106781186547,0.707106781186548,-1.30500069633948E-20));
#2741=DIRECTION('center_axis',(0.707106781186548,0.707106781186548,0.));
#2742=DIRECTION('ref_axis',(-0.707106781186548,0.707106781186548,0.));
#2743=DIRECTION('',(0.,0.,1.));
#2744=DIRECTION('',(-0.707106781186548,0.707106781186548,0.));
#2745=DIRECTION('',(0.,0.,1.));
#2746=DIRECTION('',(-0.707106781186548,0.707106781186548,0.));
#2747=DIRECTION('center_axis',(0.,0.,1.));
#2748=DIRECTION('ref_axis',(0.,1.,0.));
#2749=DIRECTION('',(1.,0.,0.));
#2750=DIRECTION('',(-0.707106781186548,0.707106781186548,0.));
#2751=DIRECTION('',(0.,1.,0.));
#2752=DIRECTION('center_axis',(0.707106781186548,0.707106781186548,0.));
#2753=DIRECTION('ref_axis',(-0.707106781186548,0.707106781186548,0.));
#2754=DIRECTION('',(0.,0.,-1.));
#2755=DIRECTION('',(0.707106781186548,-0.707106781186548,0.));
#2756=DIRECTION('',(0.,0.,1.));
#2757=DIRECTION('center_axis',(1.,0.,0.));
#2758=DIRECTION('ref_axis',(0.,0.,1.));
#2759=DIRECTION('',(0.,0.816496581041208,0.577350269029138));
#2760=DIRECTION('center_axis',(0.,-1.,0.));
#2761=DIRECTION('ref_axis',(0.,0.,1.));
#2762=DIRECTION('',(-0.816496581041208,0.,-0.577350269029138));
#2763=DIRECTION('center_axis',(-0.500000000065955,-0.500000000065955,0.707106781093274));
#2764=DIRECTION('ref_axis',(0.707106781186547,-0.707106781186548,1.30500069633948E-20));
#2765=DIRECTION('center_axis',(0.707106781186548,-0.707106781186548,0.));
#2766=DIRECTION('ref_axis',(0.707106781186548,0.707106781186548,0.));
#2767=DIRECTION('',(0.,0.,1.));
#2768=DIRECTION('',(0.707106781186548,0.707106781186548,0.));
#2769=DIRECTION('',(0.,0.,1.));
#2770=DIRECTION('',(0.707106781186548,0.707106781186548,0.));
#2771=DIRECTION('center_axis',(0.,0.,1.));
#2772=DIRECTION('ref_axis',(1.,0.,0.));
#2773=DIRECTION('',(0.,-1.,0.));
#2774=DIRECTION('',(0.707106781186548,0.707106781186548,0.));
#2775=DIRECTION('',(1.,0.,0.));
#2776=DIRECTION('center_axis',(0.707106781186548,-0.707106781186548,0.));
#2777=DIRECTION('ref_axis',(0.707106781186548,0.707106781186548,0.));
#2778=DIRECTION('',(0.,0.,-1.));
#2779=DIRECTION('',(-0.707106781186548,-0.707106781186548,0.));
#2780=DIRECTION('',(0.,0.,1.));
#2781=DIRECTION('center_axis',(0.,-1.,0.));
#2782=DIRECTION('ref_axis',(0.,0.,1.));
#2783=DIRECTION('',(0.816496581041208,0.,0.577350269029138));
#2784=DIRECTION('center_axis',(-1.,0.,0.));
#2785=DIRECTION('ref_axis',(0.,0.,1.));
#2786=DIRECTION('',(0.,0.816496581041208,-0.577350269029138));
#2787=DIRECTION('center_axis',(-0.500000000065955,0.500000000065955,0.707106781093274));
#2788=DIRECTION('ref_axis',(-0.707106781186547,-0.707106781186548,-1.30500069633948E-20));
#2789=DIRECTION('center_axis',(-0.707106781186548,-0.707106781186548,0.));
#2790=DIRECTION('ref_axis',(0.707106781186548,-0.707106781186548,0.));
#2791=DIRECTION('',(0.,0.,1.));
#2792=DIRECTION('',(0.707106781186548,-0.707106781186548,0.));
#2793=DIRECTION('',(0.,0.,1.));
#2794=DIRECTION('',(0.707106781186548,-0.707106781186548,0.));
#2795=DIRECTION('center_axis',(0.,0.,1.));
#2796=DIRECTION('ref_axis',(0.,-1.,0.));
#2797=DIRECTION('',(-1.,0.,0.));
#2798=DIRECTION('',(0.707106781186548,-0.707106781186548,0.));
#2799=DIRECTION('',(0.,-1.,0.));
#2800=DIRECTION('center_axis',(-0.707106781186548,-0.707106781186548,0.));
#2801=DIRECTION('ref_axis',(0.707106781186548,-0.707106781186548,0.));
#2802=DIRECTION('',(0.,0.,-1.));
#2803=DIRECTION('',(-0.707106781186548,0.707106781186548,0.));
#2804=DIRECTION('',(0.,0.,1.));
#2805=DIRECTION('center_axis',(-1.,0.,0.));
#2806=DIRECTION('ref_axis',(0.,0.,1.));
#2807=DIRECTION('',(0.,-0.816496581041208,0.577350269029138));
#2808=DIRECTION('center_axis',(0.,1.,0.));
#2809=DIRECTION('ref_axis',(0.,0.,1.));
#2810=DIRECTION('',(0.816496581041208,0.,-0.577350269029138));
#2811=DIRECTION('center_axis',(0.500000000065955,0.500000000065955,0.707106781093274));
#2812=DIRECTION('ref_axis',(-0.707106781186547,0.707106781186548,1.30500069633948E-20));
#2813=DIRECTION('axis',(0.,0.,1.));
#2814=DIRECTION('refdir',(1.,0.,0.));
#2815=DIRECTION('center_axis',(0.,1.,0.));
#2816=DIRECTION('ref_axis',(-1.,0.,0.));
#2817=DIRECTION('',(-1.,0.,0.));
#2818=DIRECTION('',(0.,0.,1.));
#2819=DIRECTION('',(1.,0.,0.));
#2820=DIRECTION('',(0.,0.,-1.));
#2821=DIRECTION('center_axis',(0.,1.,0.));
#2822=DIRECTION('ref_axis',(-1.,0.,0.));
#2823=DIRECTION('',(0.,0.,-1.));
#2824=DIRECTION('',(1.,0.,0.));
#2825=DIRECTION('',(0.,0.,1.));
#2826=DIRECTION('',(-1.,0.,0.));
#2827=DIRECTION('center_axis',(0.,-0.8192319208479,0.57346234389353));
#2828=DIRECTION('ref_axis',(1.,0.,0.));
#2829=DIRECTION('',(0.944223223763133,0.188844644952627,0.269778063932324));
#2830=DIRECTION('',(0.944223223763133,-0.188844644952627,-0.269778063932324));
#2831=DIRECTION('center_axis',(0.,-0.8192319208479,-0.57346234389353));
#2832=DIRECTION('ref_axis',(-1.,0.,0.));
#2833=DIRECTION('',(-0.944223223763133,-0.188844644952627,0.269778063932324));
#2834=DIRECTION('',(-0.944223223763133,0.188844644952627,-0.269778063932324));
#2835=DIRECTION('center_axis',(0.196116134945876,-0.980580675729382,0.));
#2836=DIRECTION('ref_axis',(0.,0.,-1.));
#2837=DIRECTION('',(0.,0.,-1.));
#2838=DIRECTION('center_axis',(-0.196116134945876,-0.980580675729382,0.));
#2839=DIRECTION('ref_axis',(0.,0.,1.));
#2840=DIRECTION('',(0.,0.,1.));
#2841=DIRECTION('center_axis',(1.,0.,0.));
#2842=DIRECTION('ref_axis',(0.,1.,0.));
#2843=DIRECTION('',(0.,1.,0.));
#2844=DIRECTION('',(0.,0.,1.));
#2845=DIRECTION('',(0.,-1.,0.));
#2846=DIRECTION('',(0.,0.,-1.));
#2847=DIRECTION('center_axis',(1.,0.,0.));
#2848=DIRECTION('ref_axis',(0.,1.,0.));
#2849=DIRECTION('',(0.,0.,-1.));
#2850=DIRECTION('',(0.,-1.,0.));
#2851=DIRECTION('',(0.,0.,1.));
#2852=DIRECTION('',(0.,1.,0.));
#2853=DIRECTION('center_axis',(-0.8192319208479,0.,0.57346234389353));
#2854=DIRECTION('ref_axis',(0.,-1.,0.));
#2855=DIRECTION('',(0.188844644952627,-0.944223223763133,0.269778063932324));
#2856=DIRECTION('',(-0.188844644952627,-0.944223223763133,-0.269778063932324));
#2857=DIRECTION('center_axis',(-0.8192319208479,0.,-0.57346234389353));
#2858=DIRECTION('ref_axis',(0.,1.,0.));
#2859=DIRECTION('',(-0.188844644952627,0.944223223763133,0.269778063932324));
#2860=DIRECTION('',(0.188844644952627,0.944223223763133,-0.269778063932324));
#2861=DIRECTION('center_axis',(-0.980580675729382,-0.196116134945876,0.));
#2862=DIRECTION('ref_axis',(0.,0.,-1.));
#2863=DIRECTION('',(0.,0.,-1.));
#2864=DIRECTION('center_axis',(-0.980580675729382,0.196116134945876,0.));
#2865=DIRECTION('ref_axis',(0.,0.,1.));
#2866=DIRECTION('',(0.,0.,1.));
#2867=DIRECTION('center_axis',(0.,-1.,0.));
#2868=DIRECTION('ref_axis',(1.,0.,0.));
#2869=DIRECTION('',(1.,0.,0.));
#2870=DIRECTION('',(0.,0.,1.));
#2871=DIRECTION('',(-1.,0.,0.));
#2872=DIRECTION('',(0.,0.,-1.));
#2873=DIRECTION('center_axis',(0.,-1.,0.));
#2874=DIRECTION('ref_axis',(1.,0.,0.));
#2875=DIRECTION('',(0.,0.,-1.));
#2876=DIRECTION('',(-1.,0.,0.));
#2877=DIRECTION('',(0.,0.,1.));
#2878=DIRECTION('',(1.,0.,0.));
#2879=DIRECTION('center_axis',(0.,0.8192319208479,0.57346234389353));
#2880=DIRECTION('ref_axis',(-1.,0.,0.));
#2881=DIRECTION('',(-0.944223223763133,-0.188844644952627,0.269778063932324));
#2882=DIRECTION('',(-0.944223223763133,0.188844644952627,-0.269778063932324));
#2883=DIRECTION('center_axis',(0.,0.8192319208479,-0.57346234389353));
#2884=DIRECTION('ref_axis',(1.,0.,0.));
#2885=DIRECTION('',(0.944223223763133,0.188844644952627,0.269778063932324));
#2886=DIRECTION('',(0.944223223763133,-0.188844644952627,-0.269778063932324));
#2887=DIRECTION('center_axis',(-0.196116134945876,0.980580675729382,0.));
#2888=DIRECTION('ref_axis',(0.,0.,-1.));
#2889=DIRECTION('',(0.,0.,-1.));
#2890=DIRECTION('center_axis',(0.196116134945876,0.980580675729382,0.));
#2891=DIRECTION('ref_axis',(0.,0.,1.));
#2892=DIRECTION('',(0.,0.,1.));
#2893=DIRECTION('center_axis',(-1.,0.,0.));
#2894=DIRECTION('ref_axis',(0.,-1.,0.));
#2895=DIRECTION('',(0.,-1.,0.));
#2896=DIRECTION('',(0.,0.,1.));
#2897=DIRECTION('',(0.,1.,0.));
#2898=DIRECTION('',(0.,0.,-1.));
#2899=DIRECTION('center_axis',(-1.,0.,0.));
#2900=DIRECTION('ref_axis',(0.,-1.,0.));
#2901=DIRECTION('',(0.,0.,-1.));
#2902=DIRECTION('',(0.,1.,0.));
#2903=DIRECTION('',(0.,0.,1.));
#2904=DIRECTION('',(0.,-1.,0.));
#2905=DIRECTION('center_axis',(0.8192319208479,0.,0.57346234389353));
#2906=DIRECTION('ref_axis',(0.,1.,0.));
#2907=DIRECTION('',(-0.188844644952627,0.944223223763133,0.269778063932324));
#2908=DIRECTION('',(0.188844644952627,0.944223223763133,-0.269778063932324));
#2909=DIRECTION('center_axis',(0.8192319208479,0.,-0.57346234389353));
#2910=DIRECTION('ref_axis',(0.,-1.,0.));
#2911=DIRECTION('',(0.188844644952627,-0.944223223763133,0.269778063932324));
#2912=DIRECTION('',(-0.188844644952627,-0.944223223763133,-0.269778063932324));
#2913=DIRECTION('center_axis',(0.980580675729382,0.196116134945876,0.));
#2914=DIRECTION('ref_axis',(0.,0.,-1.));
#2915=DIRECTION('',(0.,0.,-1.));
#2916=DIRECTION('center_axis',(0.980580675729382,-0.196116134945876,0.));
#2917=DIRECTION('ref_axis',(0.,0.,1.));
#2918=DIRECTION('',(0.,0.,1.));
#2919=DIRECTION('center_axis',(-1.,0.,0.));
#2920=DIRECTION('ref_axis',(0.,-1.,0.));
#2921=DIRECTION('',(0.,-1.,0.));
#2922=DIRECTION('',(0.,0.,1.));
#2923=DIRECTION('',(0.,-1.,0.));
#2924=DIRECTION('',(0.,0.,-1.));
#2925=DIRECTION('center_axis',(1.,0.,0.));
#2926=DIRECTION('ref_axis',(0.,1.,0.));
#2927=DIRECTION('',(0.,1.,0.));
#2928=DIRECTION('',(0.,0.,1.));
#2929=DIRECTION('',(0.,1.,0.));
#2930=DIRECTION('',(0.,0.,-1.));
#2931=DIRECTION('center_axis',(0.,0.,1.));
#2932=DIRECTION('ref_axis',(1.,0.,0.));
#2933=DIRECTION('center_axis',(0.,0.,-1.));
#2934=DIRECTION('ref_axis',(-1.,0.,0.));
#2935=DIRECTION('center_axis',(0.,0.,-1.));
#2936=DIRECTION('ref_axis',(-1.,0.,0.));
#2937=DIRECTION('center_axis',(0.,1.,0.));
#2938=DIRECTION('ref_axis',(-1.,0.,0.));
#2939=DIRECTION('',(-1.,0.,0.));
#2940=DIRECTION('',(0.,0.,1.));
#2941=DIRECTION('',(-1.,0.,0.));
#2942=DIRECTION('',(0.,0.,-1.));
#2943=DIRECTION('center_axis',(0.,-1.,0.));
#2944=DIRECTION('ref_axis',(1.,0.,0.));
#2945=DIRECTION('',(1.,0.,0.));
#2946=DIRECTION('',(0.,0.,1.));
#2947=DIRECTION('',(1.,0.,0.));
#2948=DIRECTION('',(0.,0.,-1.));
#2949=DIRECTION('center_axis',(0.,0.,1.));
#2950=DIRECTION('ref_axis',(1.,0.,0.));
#2951=DIRECTION('center_axis',(0.,0.,-1.));
#2952=DIRECTION('ref_axis',(-1.,0.,0.));
#2953=DIRECTION('center_axis',(0.,0.,-1.));
#2954=DIRECTION('ref_axis',(-1.,0.,0.));
#2955=DIRECTION('center_axis',(0.,0.,-1.));
#2956=DIRECTION('ref_axis',(-1.,0.,0.));
#2957=DIRECTION('center_axis',(-1.,-8.35626555952916E-17,0.));
#2958=DIRECTION('ref_axis',(8.35626555952916E-17,-1.,0.));
#2959=DIRECTION('',(8.35626555952916E-17,-1.,0.));
#2960=DIRECTION('',(0.,0.,1.));
#2961=DIRECTION('',(8.35626555952916E-17,-1.,0.));
#2962=DIRECTION('',(0.,0.,-1.));
#2963=DIRECTION('center_axis',(1.,0.,0.));
#2964=DIRECTION('ref_axis',(0.,1.,0.));
#2965=DIRECTION('',(0.,1.,0.));
#2966=DIRECTION('',(0.,0.,1.));
#2967=DIRECTION('',(0.,1.,0.));
#2968=DIRECTION('',(0.,0.,-1.));
#2969=DIRECTION('center_axis',(0.,0.,1.));
#2970=DIRECTION('ref_axis',(1.,0.,0.));
#2971=DIRECTION('center_axis',(0.,0.,-1.));
#2972=DIRECTION('ref_axis',(-1.,0.,0.));
#2973=DIRECTION('center_axis',(0.,0.,-1.));
#2974=DIRECTION('ref_axis',(-1.,0.,0.));
#2975=DIRECTION('center_axis',(0.,1.,0.));
#2976=DIRECTION('ref_axis',(-1.,0.,0.));
#2977=DIRECTION('',(-1.,0.,0.));
#2978=DIRECTION('',(0.,0.,1.));
#2979=DIRECTION('',(-1.,0.,0.));
#2980=DIRECTION('',(0.,0.,-1.));
#2981=DIRECTION('center_axis',(0.,-1.,0.));
#2982=DIRECTION('ref_axis',(1.,0.,0.));
#2983=DIRECTION('',(1.,0.,0.));
#2984=DIRECTION('',(0.,0.,1.));
#2985=DIRECTION('',(1.,0.,0.));
#2986=DIRECTION('',(0.,0.,-1.));
#2987=DIRECTION('center_axis',(0.,0.,1.));
#2988=DIRECTION('ref_axis',(1.,0.,0.));
#2989=DIRECTION('center_axis',(0.,0.,-1.));
#2990=DIRECTION('ref_axis',(-1.,0.,0.));
#2991=DIRECTION('center_axis',(0.,0.,-1.));
#2992=DIRECTION('ref_axis',(-1.,0.,0.));
#2993=DIRECTION('center_axis',(0.,0.,-1.));
#2994=DIRECTION('ref_axis',(-1.,0.,0.));
#2995=DIRECTION('center_axis',(0.,0.,-1.));
#2996=DIRECTION('ref_axis',(-1.,0.,0.));
#2997=DIRECTION('center_axis',(0.,0.,-1.));
#2998=DIRECTION('ref_axis',(-1.,0.,0.));
#2999=DIRECTION('',(0.,0.,-1.));
#3000=DIRECTION('center_axis',(0.,0.,1.));
#3001=DIRECTION('ref_axis',(-1.,0.,0.));
#3002=DIRECTION('center_axis',(0.,0.,1.));
#3003=DIRECTION('ref_axis',(-1.,0.,0.));
#3004=DIRECTION('center_axis',(0.,0.,1.));
#3005=DIRECTION('ref_axis',(-1.,0.,0.));
#3006=DIRECTION('center_axis',(0.,0.,-1.));
#3007=DIRECTION('ref_axis',(-1.,0.,0.));
#3008=DIRECTION('center_axis',(0.,0.,-1.));
#3009=DIRECTION('ref_axis',(-1.,0.,0.));
#3010=DIRECTION('',(0.,0.,-1.));
#3011=DIRECTION('center_axis',(0.,0.,1.));
#3012=DIRECTION('ref_axis',(-1.,0.,0.));
#3013=DIRECTION('center_axis',(0.,0.,1.));
#3014=DIRECTION('ref_axis',(-1.,0.,0.));
#3015=DIRECTION('center_axis',(0.,0.,1.));
#3016=DIRECTION('ref_axis',(1.,0.,0.));
#3017=DIRECTION('center_axis',(0.,0.,1.));
#3018=DIRECTION('ref_axis',(-1.,0.,0.));
#3019=DIRECTION('center_axis',(0.,0.,1.));
#3020=DIRECTION('ref_axis',(-1.,0.,0.));
#3021=DIRECTION('',(-1.,0.,0.));
#3022=DIRECTION('',(0.,-1.,0.));
#3023=DIRECTION('',(1.,0.,0.));
#3024=DIRECTION('',(0.,1.,0.));
#3025=DIRECTION('center_axis',(0.,0.,-1.));
#3026=DIRECTION('ref_axis',(-1.,0.,0.));
#3027=DIRECTION('center_axis',(0.,0.,-1.));
#3028=DIRECTION('ref_axis',(-1.,0.,0.));
#3029=DIRECTION('',(0.,0.,-1.));
#3030=DIRECTION('center_axis',(0.,0.,1.));
#3031=DIRECTION('ref_axis',(-1.,0.,0.));
#3032=DIRECTION('center_axis',(0.,0.,1.));
#3033=DIRECTION('ref_axis',(-1.,0.,0.));
#3034=DIRECTION('center_axis',(-1.,0.,0.));
#3035=DIRECTION('ref_axis',(0.,-1.,0.));
#3036=DIRECTION('',(0.,-1.,0.));
#3037=DIRECTION('',(0.,0.,1.));
#3038=DIRECTION('',(0.,0.,1.));
#3039=DIRECTION('center_axis',(0.,0.,1.));
#3040=DIRECTION('ref_axis',(1.,0.,0.));
#3041=DIRECTION('',(1.,0.,0.));
#3042=DIRECTION('',(-1.,0.,0.));
#3043=DIRECTION('',(0.,1.,0.));
#3044=DIRECTION('center_axis',(1.,0.,0.));
#3045=DIRECTION('ref_axis',(0.,1.,0.));
#3046=DIRECTION('',(0.,1.,0.));
#3047=DIRECTION('',(0.,0.,1.));
#3048=DIRECTION('',(0.,0.,1.));
#3049=DIRECTION('center_axis',(0.,0.,1.));
#3050=DIRECTION('ref_axis',(1.,0.,0.));
#3051=DIRECTION('',(-1.,0.,0.));
#3052=DIRECTION('',(1.,0.,0.));
#3053=DIRECTION('',(0.,-1.,0.));
#3054=DIRECTION('center_axis',(-1.,0.,0.));
#3055=DIRECTION('ref_axis',(0.,-1.,0.));
#3056=DIRECTION('',(0.,0.,1.));
#3057=DIRECTION('',(0.,1.,0.));
#3058=DIRECTION('',(0.,0.,1.));
#3059=DIRECTION('center_axis',(0.,1.,0.));
#3060=DIRECTION('ref_axis',(-1.,0.,0.));
#3061=DIRECTION('',(1.,0.,0.));
#3062=DIRECTION('',(0.,0.,1.));
#3063=DIRECTION('center_axis',(1.,0.,0.));
#3064=DIRECTION('ref_axis',(0.,1.,0.));
#3065=DIRECTION('',(0.,0.,1.));
#3066=DIRECTION('',(0.,-1.,0.));
#3067=DIRECTION('center_axis',(0.,-1.,0.));
#3068=DIRECTION('ref_axis',(1.,0.,0.));
#3069=DIRECTION('',(-1.,0.,0.));
#3070=DIRECTION('center_axis',(0.,0.,-1.));
#3071=DIRECTION('ref_axis',(-1.,0.,0.));
#3072=DIRECTION('center_axis',(0.,0.,-1.));
#3073=DIRECTION('ref_axis',(-1.,0.,0.));
#3074=DIRECTION('',(0.,0.,-1.));
#3075=DIRECTION('center_axis',(0.,0.,1.));
#3076=DIRECTION('ref_axis',(-1.,0.,0.));
#3077=DIRECTION('center_axis',(0.,1.,0.));
#3078=DIRECTION('ref_axis',(-1.,0.,0.));
#3079=DIRECTION('',(0.,0.,1.));
#3080=DIRECTION('',(-1.,0.,0.));
#3081=DIRECTION('',(0.,0.,-1.));
#3082=DIRECTION('',(1.,0.,0.));
#3083=DIRECTION('center_axis',(-1.,0.,0.));
#3084=DIRECTION('ref_axis',(0.,-1.,0.));
#3085=DIRECTION('',(0.,-1.,0.));
#3086=DIRECTION('',(0.,0.,-1.));
#3087=DIRECTION('',(0.,1.,0.));
#3088=DIRECTION('',(0.,0.,1.));
#3089=DIRECTION('center_axis',(0.,-1.,0.));
#3090=DIRECTION('ref_axis',(1.,0.,0.));
#3091=DIRECTION('',(0.,0.,1.));
#3092=DIRECTION('',(1.,0.,0.));
#3093=DIRECTION('',(0.,0.,-1.));
#3094=DIRECTION('',(-1.,0.,0.));
#3095=DIRECTION('center_axis',(1.,0.,0.));
#3096=DIRECTION('ref_axis',(0.,0.,-1.));
#3097=DIRECTION('',(0.,1.,0.));
#3098=DIRECTION('',(0.,0.,-1.));
#3099=DIRECTION('',(0.,-1.,0.));
#3100=DIRECTION('',(0.,0.,1.));
#3101=DIRECTION('center_axis',(0.,0.,1.));
#3102=DIRECTION('ref_axis',(1.,0.,0.));
#3103=DIRECTION('',(1.,0.,0.));
#3104=DIRECTION('',(0.707106781186548,-0.707106781186548,0.));
#3105=DIRECTION('',(0.,-1.,0.));
#3106=DIRECTION('',(-0.707106781186548,-0.707106781186548,0.));
#3107=DIRECTION('',(-1.,0.,0.));
#3108=DIRECTION('',(-0.707106781186548,0.707106781186548,0.));
#3109=DIRECTION('',(0.,1.,0.));
#3110=DIRECTION('',(0.707106781186548,0.707106781186548,0.));
#3111=DIRECTION('center_axis',(0.,0.,1.));
#3112=DIRECTION('ref_axis',(1.,0.,0.));
#3113=DIRECTION('',(0.,1.,0.));
#3114=DIRECTION('center_axis',(0.,0.,1.));
#3115=DIRECTION('ref_axis',(1.,0.,0.));
#3116=DIRECTION('center_axis',(0.,0.,1.));
#3117=DIRECTION('ref_axis',(1.,0.,0.));
#3118=DIRECTION('',(-1.,0.,0.));
#3119=DIRECTION('center_axis',(0.,0.,1.));
#3120=DIRECTION('ref_axis',(1.,0.,0.));
#3121=DIRECTION('center_axis',(0.,0.,1.));
#3122=DIRECTION('ref_axis',(1.,0.,0.));
#3123=DIRECTION('',(0.,-1.,0.));
#3124=DIRECTION('center_axis',(0.,0.,1.));
#3125=DIRECTION('ref_axis',(1.,0.,0.));
#3126=DIRECTION('center_axis',(0.,0.,1.));
#3127=DIRECTION('ref_axis',(1.,0.,0.));
#3128=DIRECTION('',(1.,0.,0.));
#3129=DIRECTION('center_axis',(0.,0.,1.));
#3130=DIRECTION('ref_axis',(1.,0.,0.));
#3131=DIRECTION('center_axis',(0.,1.,0.));
#3132=DIRECTION('ref_axis',(0.,0.,1.));
#3133=DIRECTION('',(0.,0.,-1.));
#3134=DIRECTION('',(1.,0.,0.));
#3135=DIRECTION('',(0.,0.,-1.));
#3136=DIRECTION('',(-1.,0.,0.));
#3137=DIRECTION('',(0.,0.,1.));
#3138=DIRECTION('',(1.,0.,0.));
#3139=DIRECTION('',(0.,0.,-1.));
#3140=DIRECTION('center_axis',(-0.707106781186548,0.707106781186548,0.));
#3141=DIRECTION('ref_axis',(-0.707106781186548,-0.707106781186548,0.));
#3142=DIRECTION('',(0.,0.,-1.));
#3143=DIRECTION('',(0.707106781186548,0.707106781186548,0.));
#3144=DIRECTION('center_axis',(-1.,0.,0.));
#3145=DIRECTION('ref_axis',(0.,0.,1.));
#3146=DIRECTION('',(0.,0.,-1.));
#3147=DIRECTION('',(0.,1.,0.));
#3148=DIRECTION('',(0.,-1.,0.));
#3149=DIRECTION('',(0.,0.,1.));
#3150=DIRECTION('',(0.,1.,0.));
#3151=DIRECTION('',(0.,0.,-1.));
#3152=DIRECTION('center_axis',(-0.707106781186548,-0.707106781186548,0.));
#3153=DIRECTION('ref_axis',(0.707106781186548,-0.707106781186548,0.));
#3154=DIRECTION('',(0.,0.,-1.));
#3155=DIRECTION('',(-0.707106781186548,0.707106781186548,0.));
#3156=DIRECTION('center_axis',(0.,-1.,0.));
#3157=DIRECTION('ref_axis',(0.,0.,-1.));
#3158=DIRECTION('',(0.,0.,-1.));
#3159=DIRECTION('',(-1.,0.,0.));
#3160=DIRECTION('',(1.,0.,0.));
#3161=DIRECTION('',(0.,0.,1.));
#3162=DIRECTION('',(-1.,0.,0.));
#3163=DIRECTION('',(0.,0.,-1.));
#3164=DIRECTION('center_axis',(0.707106781186548,-0.707106781186548,0.));
#3165=DIRECTION('ref_axis',(0.707106781186548,0.707106781186548,0.));
#3166=DIRECTION('',(0.,0.,-1.));
#3167=DIRECTION('',(-0.707106781186548,-0.707106781186548,0.));
#3168=DIRECTION('center_axis',(1.,0.,0.));
#3169=DIRECTION('ref_axis',(0.,0.,-1.));
#3170=DIRECTION('',(0.,0.,-1.));
#3171=DIRECTION('',(0.,-1.,0.));
#3172=DIRECTION('',(0.,1.,0.));
#3173=DIRECTION('',(0.,0.,1.));
#3174=DIRECTION('',(0.,-1.,0.));
#3175=DIRECTION('',(0.,0.,-1.));
#3176=DIRECTION('center_axis',(0.707106781186548,0.707106781186548,0.));
#3177=DIRECTION('ref_axis',(-0.707106781186548,0.707106781186548,0.));
#3178=DIRECTION('',(0.707106781186548,-0.707106781186548,0.));
#3179=DIRECTION('center_axis',(0.,0.,1.));
#3180=DIRECTION('ref_axis',(1.,0.,0.));
#3181=DIRECTION('center_axis',(0.,1.,0.));
#3182=DIRECTION('ref_axis',(-1.,0.,0.));
#3183=DIRECTION('',(1.,0.,0.));
#3184=DIRECTION('',(0.,0.,-1.));
#3185=DIRECTION('',(0.,0.,1.));
#3186=DIRECTION('center_axis',(0.,1.,0.));
#3187=DIRECTION('ref_axis',(-1.,0.,0.));
#3188=DIRECTION('',(0.,0.,-1.));
#3189=DIRECTION('',(1.,0.,0.));
#3190=DIRECTION('',(0.,0.,1.));
#3191=DIRECTION('',(1.,0.,0.));
#3192=DIRECTION('center_axis',(0.,0.,-1.));
#3193=DIRECTION('ref_axis',(-1.,0.,0.));
#3194=DIRECTION('center_axis',(0.,0.,-1.));
#3195=DIRECTION('ref_axis',(-1.,0.,0.));
#3196=DIRECTION('center_axis',(0.,0.,-1.));
#3197=DIRECTION('ref_axis',(-1.,0.,0.));
#3198=DIRECTION('center_axis',(-1.,0.,0.));
#3199=DIRECTION('ref_axis',(0.,0.,1.));
#3200=DIRECTION('',(0.,0.,1.));
#3201=DIRECTION('',(0.,1.,0.));
#3202=DIRECTION('',(0.,0.,-1.));
#3203=DIRECTION('center_axis',(1.,0.,0.));
#3204=DIRECTION('ref_axis',(0.,0.,-1.));
#3205=DIRECTION('',(0.,-1.,0.));
#3206=DIRECTION('',(0.,0.,1.));
#3207=DIRECTION('',(0.,-1.,0.));
#3208=DIRECTION('',(0.,0.,-1.));
#3209=DIRECTION('center_axis',(0.,0.,-1.));
#3210=DIRECTION('ref_axis',(-1.,0.,0.));
#3211=DIRECTION('center_axis',(0.,0.,-1.));
#3212=DIRECTION('ref_axis',(-1.,0.,0.));
#3213=DIRECTION('center_axis',(0.,0.,-1.));
#3214=DIRECTION('ref_axis',(-1.,0.,0.));
#3215=DIRECTION('center_axis',(1.,0.,0.));
#3216=DIRECTION('ref_axis',(0.,1.,0.));
#3217=DIRECTION('',(0.,0.,1.));
#3218=DIRECTION('',(0.,-1.,0.));
#3219=DIRECTION('',(0.,0.,-1.));
#3220=DIRECTION('center_axis',(-1.,0.,0.));
#3221=DIRECTION('ref_axis',(0.,-1.,0.));
#3222=DIRECTION('',(0.,1.,0.));
#3223=DIRECTION('',(0.,0.,1.));
#3224=DIRECTION('',(0.,1.,0.));
#3225=DIRECTION('',(0.,0.,-1.));
#3226=DIRECTION('center_axis',(0.,0.,-1.));
#3227=DIRECTION('ref_axis',(-1.,0.,0.));
#3228=DIRECTION('center_axis',(0.,0.,-1.));
#3229=DIRECTION('ref_axis',(-1.,0.,0.));
#3230=DIRECTION('center_axis',(0.,0.,-1.));
#3231=DIRECTION('ref_axis',(-1.,0.,0.));
#3232=DIRECTION('center_axis',(0.,-1.,0.));
#3233=DIRECTION('ref_axis',(0.,0.,-1.));
#3234=DIRECTION('',(-1.,0.,0.));
#3235=DIRECTION('',(0.,0.,-1.));
#3236=DIRECTION('',(0.,0.,1.));
#3237=DIRECTION('center_axis',(0.,-1.,0.));
#3238=DIRECTION('ref_axis',(1.,0.,0.));
#3239=DIRECTION('',(0.,0.,-1.));
#3240=DIRECTION('',(-1.,0.,0.));
#3241=DIRECTION('',(0.,0.,1.));
#3242=DIRECTION('',(-1.,0.,0.));
#3243=DIRECTION('center_axis',(0.,0.,-1.));
#3244=DIRECTION('ref_axis',(-1.,0.,0.));
#3245=DIRECTION('center_axis',(0.,0.,-1.));
#3246=DIRECTION('ref_axis',(-1.,0.,0.));
#3247=DIRECTION('center_axis',(0.,0.,-1.));
#3248=DIRECTION('ref_axis',(-1.,0.,0.));
#3249=DIRECTION('center_axis',(0.,0.,-1.));
#3250=DIRECTION('ref_axis',(-1.,0.,0.));
#3251=DIRECTION('center_axis',(0.,0.,1.));
#3252=DIRECTION('ref_axis',(-1.,0.,0.));
#3253=DIRECTION('',(0.,0.,1.));
#3254=DIRECTION('center_axis',(0.,0.,-1.));
#3255=DIRECTION('ref_axis',(1.,0.,0.));
#3256=DIRECTION('center_axis',(0.,0.,1.));
#3257=DIRECTION('ref_axis',(1.,0.,0.));
#3258=DIRECTION('center_axis',(0.,0.,-1.));
#3259=DIRECTION('ref_axis',(1.,0.,0.));
#3260=DIRECTION('',(0.,0.,-1.));
#3261=DIRECTION('center_axis',(0.,0.,1.));
#3262=DIRECTION('ref_axis',(-1.,0.,0.));
#3263=DIRECTION('center_axis',(0.,0.,1.));
#3264=DIRECTION('ref_axis',(-1.,-1.22464679914735E-16,0.));
#3265=DIRECTION('',(0.,0.,-1.));
#3266=DIRECTION('center_axis',(0.,0.,1.));
#3267=DIRECTION('ref_axis',(-1.,0.,0.));
#3268=DIRECTION('center_axis',(0.,0.,-1.));
#3269=DIRECTION('ref_axis',(1.,0.,0.));
#3270=DIRECTION('center_axis',(0.,0.,1.));
#3271=DIRECTION('ref_axis',(1.,0.,0.));
#3272=DIRECTION('center_axis',(0.,0.,1.));
#3273=DIRECTION('ref_axis',(-1.,0.,0.));
#3274=DIRECTION('',(0.,0.,1.));
#3275=DIRECTION('center_axis',(0.,0.,-1.));
#3276=DIRECTION('ref_axis',(1.,0.,0.));
#3277=DIRECTION('center_axis',(0.,0.,1.));
#3278=DIRECTION('ref_axis',(1.,0.,0.));
#3279=DIRECTION('',(0.,0.,-1.));
#3280=DIRECTION('center_axis',(0.,0.,1.));
#3281=DIRECTION('ref_axis',(-1.,0.,0.));
#3282=DIRECTION('center_axis',(0.,0.,-1.));
#3283=DIRECTION('ref_axis',(1.,0.,0.));
#3284=DIRECTION('center_axis',(0.,0.,1.));
#3285=DIRECTION('ref_axis',(1.,0.,0.));
#3286=DIRECTION('center_axis',(0.,0.,1.));
#3287=DIRECTION('ref_axis',(-1.,0.,0.));
#3288=DIRECTION('',(0.,0.,1.));
#3289=DIRECTION('center_axis',(0.,0.,-1.));
#3290=DIRECTION('ref_axis',(1.,0.,0.));
#3291=DIRECTION('center_axis',(0.,0.,-1.));
#3292=DIRECTION('ref_axis',(1.,1.22464679914735E-16,0.));
#3293=DIRECTION('center_axis',(0.,0.,1.));
#3294=DIRECTION('ref_axis',(-1.,0.,0.));
#3295=DIRECTION('',(0.,0.,1.));
#3296=DIRECTION('center_axis',(0.,0.,-1.));
#3297=DIRECTION('ref_axis',(1.,0.,0.));
#3298=DIRECTION('center_axis',(0.,0.,-1.));
#3299=DIRECTION('ref_axis',(1.,-1.22464679914735E-16,0.));
#3300=DIRECTION('center_axis',(0.,0.,-1.));
#3301=DIRECTION('ref_axis',(1.,0.,0.));
#3302=DIRECTION('',(0.,0.,-1.));
#3303=DIRECTION('center_axis',(0.,0.,1.));
#3304=DIRECTION('ref_axis',(-1.,0.,0.));
#3305=DIRECTION('center_axis',(0.,1.,0.));
#3306=DIRECTION('ref_axis',(0.,0.,1.));
#3307=DIRECTION('',(-1.,0.,0.));
#3308=DIRECTION('',(-1.,0.,0.));
#3309=DIRECTION('center_axis',(0.,-1.,0.));
#3310=DIRECTION('ref_axis',(0.,0.,-1.));
#3311=DIRECTION('',(-1.,0.,0.));
#3312=DIRECTION('',(-1.,0.,0.));
#3313=DIRECTION('center_axis',(0.,0.,-1.));
#3314=DIRECTION('ref_axis',(-1.,0.,0.));
#3315=DIRECTION('center_axis',(0.,0.,1.));
#3316=DIRECTION('ref_axis',(1.,0.,0.));
#3317=DIRECTION('center_axis',(-1.,0.,0.));
#3318=DIRECTION('ref_axis',(0.,0.,1.));
#3319=DIRECTION('',(0.,-1.,0.));
#3320=DIRECTION('',(0.,-1.,0.));
#3321=DIRECTION('center_axis',(1.,0.,0.));
#3322=DIRECTION('ref_axis',(0.,0.,-1.));
#3323=DIRECTION('',(0.,-1.,0.));
#3324=DIRECTION('',(0.,-1.,0.));
#3325=DIRECTION('center_axis',(0.,0.,-1.));
#3326=DIRECTION('ref_axis',(0.,-1.,0.));
#3327=DIRECTION('center_axis',(0.,0.,1.));
#3328=DIRECTION('ref_axis',(0.,1.,0.));
#3329=DIRECTION('center_axis',(0.,1.,0.));
#3330=DIRECTION('ref_axis',(0.,0.,-1.));
#3331=DIRECTION('',(1.,0.,0.));
#3332=DIRECTION('',(1.,0.,0.));
#3333=DIRECTION('center_axis',(0.,0.,-1.));
#3334=DIRECTION('ref_axis',(1.,0.,0.));
#3335=DIRECTION('',(1.,0.,0.));
#3336=DIRECTION('center_axis',(0.,0.,1.));
#3337=DIRECTION('ref_axis',(-1.,0.,0.));
#3338=DIRECTION('',(1.,0.,0.));
#3339=DIRECTION('center_axis',(0.,-1.,0.));
#3340=DIRECTION('ref_axis',(0.,0.,1.));
#3341=DIRECTION('center_axis',(-1.,0.,0.));
#3342=DIRECTION('ref_axis',(0.,0.,-1.));
#3343=DIRECTION('',(0.,1.,0.));
#3344=DIRECTION('',(0.,1.,0.));
#3345=DIRECTION('center_axis',(0.,0.,-1.));
#3346=DIRECTION('ref_axis',(0.,1.,0.));
#3347=DIRECTION('',(0.,1.,0.));
#3348=DIRECTION('center_axis',(0.,0.,1.));
#3349=DIRECTION('ref_axis',(0.,-1.,0.));
#3350=DIRECTION('',(0.,1.,0.));
#3351=DIRECTION('center_axis',(1.,0.,0.));
#3352=DIRECTION('ref_axis',(0.,0.,1.));
#3353=DIRECTION('',(0.,0.,1.));
#3354=DIRECTION('',(1.,0.,0.));
#3355=DIRECTION('',(0.,0.,1.));
#3356=DIRECTION('',(1.,0.,0.));
#3357=CARTESIAN_POINT('',(0.,0.,0.));
#3358=CARTESIAN_POINT('',(0.,0.,0.));
#3359=CARTESIAN_POINT('Origin',(-10.76862915,10.76862915,0.));
#3360=CARTESIAN_POINT('',(-9.1372583,12.4,6.4));
#3361=CARTESIAN_POINT('',(-9.1372583,12.4,6.8));
#3362=CARTESIAN_POINT('',(-9.1372583,12.4,6.4));
#3363=CARTESIAN_POINT('',(-12.4,9.1372583,6.4));
#3364=CARTESIAN_POINT('',(-9.1372583,12.4,6.4));
#3365=CARTESIAN_POINT('',(-12.4,9.1372583,6.8));
#3366=CARTESIAN_POINT('',(-12.4,9.1372583,6.4));
#3367=CARTESIAN_POINT('',(-9.1372583,12.4,6.8));
#3368=CARTESIAN_POINT('Origin',(-10.76862915,10.76862915,6.8));
#3369=CARTESIAN_POINT('',(-12.4,7.581623382,6.8));
#3370=CARTESIAN_POINT('',(-12.4,7.581623382,6.8));
#3371=CARTESIAN_POINT('',(-7.581623382,12.4,6.8));
#3372=CARTESIAN_POINT('',(-7.581623382,12.4,6.8));
#3373=CARTESIAN_POINT('',(-7.581623382,12.4,6.8));
#3374=CARTESIAN_POINT('Origin',(-9.990811691,9.990811691,0.));
#3375=CARTESIAN_POINT('',(-12.4,7.581623382,5.3));
#3376=CARTESIAN_POINT('',(-12.4,7.581623382,6.8));
#3377=CARTESIAN_POINT('',(-7.581623382,12.4,5.3));
#3378=CARTESIAN_POINT('',(-12.4,7.581623382,5.3));
#3379=CARTESIAN_POINT('',(-7.581623382,12.4,5.3));
#3380=CARTESIAN_POINT('Origin',(-8.359440841,12.4,5.298));
#3381=CARTESIAN_POINT('',(-7.581623382,12.4,5.3));
#3382=CARTESIAN_POINT('Origin',(-12.4,8.359440841,5.298));
#3383=CARTESIAN_POINT('',(-12.4,9.1372583,6.4));
#3384=CARTESIAN_POINT('Origin',(-9.990811691,9.990811691,5.3));
#3385=CARTESIAN_POINT('Origin',(10.76862915,10.76862915,0.));
#3386=CARTESIAN_POINT('',(12.4,9.1372583,6.4));
#3387=CARTESIAN_POINT('',(12.4,9.1372583,6.8));
#3388=CARTESIAN_POINT('',(12.4,9.1372583,6.4));
#3389=CARTESIAN_POINT('',(9.1372583,12.4,6.4));
#3390=CARTESIAN_POINT('',(12.4,9.1372583,6.4));
#3391=CARTESIAN_POINT('',(9.1372583,12.4,6.8));
#3392=CARTESIAN_POINT('',(9.1372583,12.4,6.4));
#3393=CARTESIAN_POINT('',(12.4,9.1372583,6.8));
#3394=CARTESIAN_POINT('Origin',(10.76862915,10.76862915,6.8));
#3395=CARTESIAN_POINT('',(7.581623382,12.4,6.8));
#3396=CARTESIAN_POINT('',(7.581623382,12.4,6.8));
#3397=CARTESIAN_POINT('',(12.4,7.581623382,6.8));
#3398=CARTESIAN_POINT('',(12.4,7.581623382,6.8));
#3399=CARTESIAN_POINT('',(12.4,7.581623382,6.8));
#3400=CARTESIAN_POINT('Origin',(9.990811691,9.990811691,0.));
#3401=CARTESIAN_POINT('',(7.581623382,12.4,5.3));
#3402=CARTESIAN_POINT('',(7.581623382,12.4,6.8));
#3403=CARTESIAN_POINT('',(12.4,7.581623382,5.3));
#3404=CARTESIAN_POINT('',(7.581623382,12.4,5.3));
#3405=CARTESIAN_POINT('',(12.4,7.581623382,5.3));
#3406=CARTESIAN_POINT('Origin',(12.4,8.359440841,5.298));
#3407=CARTESIAN_POINT('',(12.4,7.581623382,5.3));
#3408=CARTESIAN_POINT('Origin',(8.359440841,12.4,5.298));
#3409=CARTESIAN_POINT('',(9.1372583,12.4,6.4));
#3410=CARTESIAN_POINT('Origin',(9.990811691,9.990811691,5.3));
#3411=CARTESIAN_POINT('Origin',(10.76862915,-10.76862915,0.));
#3412=CARTESIAN_POINT('',(9.1372583,-12.4,6.4));
#3413=CARTESIAN_POINT('',(9.1372583,-12.4,6.8));
#3414=CARTESIAN_POINT('',(9.1372583,-12.4,6.4));
#3415=CARTESIAN_POINT('',(12.4,-9.1372583,6.4));
#3416=CARTESIAN_POINT('',(9.1372583,-12.4,6.4));
#3417=CARTESIAN_POINT('',(12.4,-9.1372583,6.8));
#3418=CARTESIAN_POINT('',(12.4,-9.1372583,6.4));
#3419=CARTESIAN_POINT('',(9.1372583,-12.4,6.8));
#3420=CARTESIAN_POINT('Origin',(10.76862915,-10.76862915,6.8));
#3421=CARTESIAN_POINT('',(12.4,-7.581623382,6.8));
#3422=CARTESIAN_POINT('',(12.4,-7.581623382,6.8));
#3423=CARTESIAN_POINT('',(7.581623382,-12.4,6.8));
#3424=CARTESIAN_POINT('',(7.581623382,-12.4,6.8));
#3425=CARTESIAN_POINT('',(7.581623382,-12.4,6.8));
#3426=CARTESIAN_POINT('Origin',(9.990811691,-9.990811691,0.));
#3427=CARTESIAN_POINT('',(12.4,-7.581623382,5.3));
#3428=CARTESIAN_POINT('',(12.4,-7.581623382,6.8));
#3429=CARTESIAN_POINT('',(7.581623382,-12.4,5.3));
#3430=CARTESIAN_POINT('',(12.4,-7.581623382,5.3));
#3431=CARTESIAN_POINT('',(7.581623382,-12.4,5.3));
#3432=CARTESIAN_POINT('Origin',(8.359440841,-12.4,5.298));
#3433=CARTESIAN_POINT('',(7.581623382,-12.4,5.3));
#3434=CARTESIAN_POINT('Origin',(12.4,-8.359440841,5.298));
#3435=CARTESIAN_POINT('',(12.4,-9.1372583,6.4));
#3436=CARTESIAN_POINT('Origin',(9.990811691,-9.990811691,5.3));
#3437=CARTESIAN_POINT('Origin',(-10.76862915,-10.76862915,0.));
#3438=CARTESIAN_POINT('',(-12.4,-9.1372583,6.4));
#3439=CARTESIAN_POINT('',(-12.4,-9.1372583,6.8));
#3440=CARTESIAN_POINT('',(-12.4,-9.1372583,6.4));
#3441=CARTESIAN_POINT('',(-9.1372583,-12.4,6.4));
#3442=CARTESIAN_POINT('',(-12.4,-9.1372583,6.4));
#3443=CARTESIAN_POINT('',(-9.1372583,-12.4,6.8));
#3444=CARTESIAN_POINT('',(-9.1372583,-12.4,6.4));
#3445=CARTESIAN_POINT('',(-12.4,-9.1372583,6.8));
#3446=CARTESIAN_POINT('Origin',(-10.76862915,-10.76862915,6.8));
#3447=CARTESIAN_POINT('',(-7.581623382,-12.4,6.8));
#3448=CARTESIAN_POINT('',(-7.581623382,-12.4,6.8));
#3449=CARTESIAN_POINT('',(-12.4,-7.581623382,6.8));
#3450=CARTESIAN_POINT('',(-12.4,-7.581623382,6.8));
#3451=CARTESIAN_POINT('',(-12.4,-7.581623382,6.8));
#3452=CARTESIAN_POINT('Origin',(-9.990811691,-9.990811691,0.));
#3453=CARTESIAN_POINT('',(-7.581623382,-12.4,5.3));
#3454=CARTESIAN_POINT('',(-7.581623382,-12.4,6.8));
#3455=CARTESIAN_POINT('',(-12.4,-7.581623382,5.3));
#3456=CARTESIAN_POINT('',(-7.581623382,-12.4,5.3));
#3457=CARTESIAN_POINT('',(-12.4,-7.581623382,5.3));
#3458=CARTESIAN_POINT('Origin',(-12.4,-8.359440841,5.298));
#3459=CARTESIAN_POINT('',(-12.4,-7.581623382,5.3));
#3460=CARTESIAN_POINT('Origin',(-8.359440841,-12.4,5.298));
#3461=CARTESIAN_POINT('',(-9.1372583,-12.4,6.4));
#3462=CARTESIAN_POINT('Origin',(-9.990811691,-9.990811691,5.3));
#3463=CARTESIAN_POINT('',(0.,0.,0.));
#3464=CARTESIAN_POINT('Origin',(0.,12.8,0.));
#3465=CARTESIAN_POINT('',(1.914707296,12.8,3.97142857137536));
#3466=CARTESIAN_POINT('',(-1.914707296,12.8,3.97142857137536));
#3467=CARTESIAN_POINT('',(1.914707296,12.8,3.971428571));
#3468=CARTESIAN_POINT('',(-1.914707296,12.8,4.82857142862464));
#3469=CARTESIAN_POINT('',(-1.914707296,12.8,3.971428571));
#3470=CARTESIAN_POINT('',(1.914707296,12.8,4.82857142862464));
#3471=CARTESIAN_POINT('',(-1.914707296,12.8,4.828571429));
#3472=CARTESIAN_POINT('',(1.914707296,12.8,4.828571429));
#3473=CARTESIAN_POINT('Origin',(0.,12.4,0.));
#3474=CARTESIAN_POINT('',(-5.4,12.4,5.4));
#3475=CARTESIAN_POINT('',(-5.4,12.4,3.4));
#3476=CARTESIAN_POINT('',(-5.4,12.4,5.4));
#3477=CARTESIAN_POINT('',(5.4,12.4,3.4));
#3478=CARTESIAN_POINT('',(-5.4,12.4,3.4));
#3479=CARTESIAN_POINT('',(5.4,12.4,5.4));
#3480=CARTESIAN_POINT('',(5.4,12.4,3.4));
#3481=CARTESIAN_POINT('',(5.4,12.4,5.4));
#3482=CARTESIAN_POINT('Origin',(2.5,12.4,3.4));
#3483=CARTESIAN_POINT('',(-4.856449323,12.508710135,3.555300193));
#3484=CARTESIAN_POINT('',(-5.4,12.4,3.4));
#3485=CARTESIAN_POINT('Ctrl Pts',(-4.85644932301059,12.5087101349979,3.55530019304368));
#3486=CARTESIAN_POINT('Ctrl Pts',(-4.7126732525045,12.5374653491386,3.5963790704377));
#3487=CARTESIAN_POINT('Ctrl Pts',(-4.55351295209395,12.5691603831608,3.64165769052465));
#3488=CARTESIAN_POINT('Ctrl Pts',(-4.29016508488964,12.6209511824759,3.71564454677942));
#3489=CARTESIAN_POINT('Ctrl Pts',(-4.15663549093604,12.6469631229769,3.75280446182853));
#3490=CARTESIAN_POINT('Ctrl Pts',(-3.74131561755442,12.7253008037667,3.86471543452202));
#3491=CARTESIAN_POINT('Ctrl Pts',(-3.57191867419086,12.7524973322633,3.90356761813362));
#3492=CARTESIAN_POINT('Ctrl Pts',(-3.1754728011,12.7940475630573,3.96292509076893));
#3493=CARTESIAN_POINT('Ctrl Pts',(-2.89061575333703,12.8,3.97142857212609));
#3494=CARTESIAN_POINT('Ctrl Pts',(-1.914707296,12.8,3.97142857212609));
#3495=CARTESIAN_POINT('',(4.856449323,12.508710135,3.555300193));
#3496=CARTESIAN_POINT('Ctrl Pts',(1.914707296,12.8,3.97142857212609));
#3497=CARTESIAN_POINT('Ctrl Pts',(2.8909797853927,12.8,3.97142857212609));
#3498=CARTESIAN_POINT('Ctrl Pts',(3.17575619333143,12.7940431216936,3.96291874596364));
#3499=CARTESIAN_POINT('Ctrl Pts',(3.572198304494,12.7524520650436,3.90350295067682));
#3500=CARTESIAN_POINT('Ctrl Pts',(3.74157581111975,12.7252533488061,3.86464764172106));
#3501=CARTESIAN_POINT('Ctrl Pts',(4.15676375196587,12.6469382669096,3.7527689531609));
#3502=CARTESIAN_POINT('Ctrl Pts',(4.29026266786908,12.6209321051698,3.71561729348496));
#3503=CARTESIAN_POINT('Ctrl Pts',(4.55356856571759,12.5691493039805,3.6416418631242));
#3504=CARTESIAN_POINT('Ctrl Pts',(4.712696099052,12.5374607798291,3.59637254285268));
#3505=CARTESIAN_POINT('Ctrl Pts',(4.85644932301059,12.5087101349979,3.55530019304368));
#3506=CARTESIAN_POINT('',(4.856449323,12.508710135,3.555300193));
#3507=CARTESIAN_POINT('Origin',(-2.7,12.4,5.4));
#3508=CARTESIAN_POINT('',(-4.856449323,12.508710135,5.244699807));
#3509=CARTESIAN_POINT('Ctrl Pts',(-1.914707296,12.8,4.82857142787391));
#3510=CARTESIAN_POINT('Ctrl Pts',(-2.89097978539275,12.8,4.82857142787391));
#3511=CARTESIAN_POINT('Ctrl Pts',(-3.17575619333145,12.7940431216936,4.83708125403636));
#3512=CARTESIAN_POINT('Ctrl Pts',(-3.57219830449399,12.7524520650436,4.89649704932318));
#3513=CARTESIAN_POINT('Ctrl Pts',(-3.74157581111974,12.7252533488061,4.93535235827894));
#3514=CARTESIAN_POINT('Ctrl Pts',(-4.15676375196599,12.6469382669096,5.04723104683914));
#3515=CARTESIAN_POINT('Ctrl Pts',(-4.2902626678697,12.6209321051697,5.08438270651522));
#3516=CARTESIAN_POINT('Ctrl Pts',(-4.55356856571703,12.5691493039806,5.15835813687565));
#3517=CARTESIAN_POINT('Ctrl Pts',(-4.71269609904902,12.5374607798297,5.20362745714647));
#3518=CARTESIAN_POINT('Ctrl Pts',(-4.85644932301059,12.5087101349979,5.24469980695632));
#3519=CARTESIAN_POINT('',(-4.856449323,12.508710135,5.244699807));
#3520=CARTESIAN_POINT('',(4.856449323,12.508710135,5.244699807));
#3521=CARTESIAN_POINT('',(5.4,12.4,5.4));
#3522=CARTESIAN_POINT('Ctrl Pts',(4.85644932301059,12.5087101349979,5.24469980695632));
#3523=CARTESIAN_POINT('Ctrl Pts',(4.71267325250441,12.5374653491386,5.20362092956228));
#3524=CARTESIAN_POINT('Ctrl Pts',(4.5535129520939,12.5691603831608,5.15834230947533));
#3525=CARTESIAN_POINT('Ctrl Pts',(4.29016508488854,12.6209511824761,5.08435545322026));
#3526=CARTESIAN_POINT('Ctrl Pts',(4.15663549093588,12.6469631229769,5.04719553817143));
#3527=CARTESIAN_POINT('Ctrl Pts',(3.74131561755409,12.7253008037668,4.9352845654779));
#3528=CARTESIAN_POINT('Ctrl Pts',(3.57191867419073,12.7524973322633,4.89643238186635));
#3529=CARTESIAN_POINT('Ctrl Pts',(3.17547280110002,12.7940475630573,4.83707490923107));
#3530=CARTESIAN_POINT('Ctrl Pts',(2.89061575333708,12.8,4.82857142787391));
#3531=CARTESIAN_POINT('Ctrl Pts',(1.914707296,12.8,4.82857142787391));
#3532=CARTESIAN_POINT('Origin',(-5.4,12.4,4.4));
#3533=CARTESIAN_POINT('',(-4.856449323,12.508710135,5.244699807));
#3534=CARTESIAN_POINT('Origin',(5.4,12.4,4.4));
#3535=CARTESIAN_POINT('',(4.856449323,12.508710135,3.555300193));
#3536=CARTESIAN_POINT('Ctrl Pts',(-4.856449323,12.508710135,5.244699807));
#3537=CARTESIAN_POINT('Ctrl Pts',(-4.856449323,12.508710135,3.2174202702));
#3538=CARTESIAN_POINT('Ctrl Pts',(-3.4,12.8,5.244699807));
#3539=CARTESIAN_POINT('Ctrl Pts',(-3.4,12.8,3.2174202702));
#3540=CARTESIAN_POINT('Ctrl Pts',(-1.914707296,12.8,5.244699807));
#3541=CARTESIAN_POINT('Ctrl Pts',(-1.914707296,12.8,3.2174202702));
#3542=CARTESIAN_POINT('Ctrl Pts',(4.856449323,12.508710135,3.555300193));
#3543=CARTESIAN_POINT('Ctrl Pts',(4.856449323,12.508710135,5.5825797298));
#3544=CARTESIAN_POINT('Ctrl Pts',(3.4,12.8,3.555300193));
#3545=CARTESIAN_POINT('Ctrl Pts',(3.4,12.8,5.5825797298));
#3546=CARTESIAN_POINT('Ctrl Pts',(1.914707296,12.8,3.555300193));
#3547=CARTESIAN_POINT('Ctrl Pts',(1.914707296,12.8,5.5825797298));
#3548=CARTESIAN_POINT('Origin',(12.8,0.,0.));
#3549=CARTESIAN_POINT('',(12.8,-1.914707296,3.97142857137536));
#3550=CARTESIAN_POINT('',(12.8,1.914707296,3.97142857137536));
#3551=CARTESIAN_POINT('',(12.8,-1.914707296,3.971428571));
#3552=CARTESIAN_POINT('',(12.8,1.914707296,4.82857142862464));
#3553=CARTESIAN_POINT('',(12.8,1.914707296,3.971428571));
#3554=CARTESIAN_POINT('',(12.8,-1.914707296,4.82857142862464));
#3555=CARTESIAN_POINT('',(12.8,1.914707296,4.828571429));
#3556=CARTESIAN_POINT('',(12.8,-1.914707296,4.828571429));
#3557=CARTESIAN_POINT('Origin',(12.4,0.,0.));
#3558=CARTESIAN_POINT('',(12.4,5.4,5.4));
#3559=CARTESIAN_POINT('',(12.4,5.4,3.4));
#3560=CARTESIAN_POINT('',(12.4,5.4,5.4));
#3561=CARTESIAN_POINT('',(12.4,-5.4,3.4));
#3562=CARTESIAN_POINT('',(12.4,5.4,3.4));
#3563=CARTESIAN_POINT('',(12.4,-5.4,5.4));
#3564=CARTESIAN_POINT('',(12.4,-5.4,3.4));
#3565=CARTESIAN_POINT('',(12.4,-5.4,5.4));
#3566=CARTESIAN_POINT('Origin',(12.4,-2.5,3.4));
#3567=CARTESIAN_POINT('',(12.508710135,4.856449323,3.555300193));
#3568=CARTESIAN_POINT('',(12.4,5.4,3.4));
#3569=CARTESIAN_POINT('Ctrl Pts',(12.5087101349979,4.85644932301059,3.55530019304368));
#3570=CARTESIAN_POINT('Ctrl Pts',(12.5374653491386,4.7126732525045,3.5963790704377));
#3571=CARTESIAN_POINT('Ctrl Pts',(12.5691603831608,4.55351295209395,3.64165769052465));
#3572=CARTESIAN_POINT('Ctrl Pts',(12.6209511824759,4.29016508488964,3.71564454677942));
#3573=CARTESIAN_POINT('Ctrl Pts',(12.6469631229769,4.15663549093604,3.75280446182853));
#3574=CARTESIAN_POINT('Ctrl Pts',(12.7253008037667,3.74131561755442,3.86471543452202));
#3575=CARTESIAN_POINT('Ctrl Pts',(12.7524973322633,3.57191867419086,3.90356761813362));
#3576=CARTESIAN_POINT('Ctrl Pts',(12.7940475630573,3.1754728011,3.96292509076893));
#3577=CARTESIAN_POINT('Ctrl Pts',(12.8,2.89061575333703,3.97142857212609));
#3578=CARTESIAN_POINT('Ctrl Pts',(12.8,1.914707296,3.97142857212609));
#3579=CARTESIAN_POINT('',(12.508710135,-4.856449323,3.555300193));
#3580=CARTESIAN_POINT('Ctrl Pts',(12.8,-1.914707296,3.97142857212609));
#3581=CARTESIAN_POINT('Ctrl Pts',(12.8,-2.8909797853927,3.97142857212609));
#3582=CARTESIAN_POINT('Ctrl Pts',(12.7940431216936,-3.17575619333143,3.96291874596364));
#3583=CARTESIAN_POINT('Ctrl Pts',(12.7524520650436,-3.572198304494,3.90350295067682));
#3584=CARTESIAN_POINT('Ctrl Pts',(12.7252533488061,-3.74157581111975,3.86464764172106));
#3585=CARTESIAN_POINT('Ctrl Pts',(12.6469382669096,-4.15676375196587,3.7527689531609));
#3586=CARTESIAN_POINT('Ctrl Pts',(12.6209321051698,-4.29026266786908,3.71561729348496));
#3587=CARTESIAN_POINT('Ctrl Pts',(12.5691493039805,-4.55356856571759,3.6416418631242));
#3588=CARTESIAN_POINT('Ctrl Pts',(12.5374607798291,-4.712696099052,3.59637254285268));
#3589=CARTESIAN_POINT('Ctrl Pts',(12.5087101349979,-4.85644932301059,3.55530019304368));
#3590=CARTESIAN_POINT('',(12.508710135,-4.856449323,3.555300193));
#3591=CARTESIAN_POINT('Origin',(12.4,2.7,5.4));
#3592=CARTESIAN_POINT('',(12.508710135,4.856449323,5.244699807));
#3593=CARTESIAN_POINT('Ctrl Pts',(12.8,1.914707296,4.82857142787391));
#3594=CARTESIAN_POINT('Ctrl Pts',(12.8,2.89097978539275,4.82857142787391));
#3595=CARTESIAN_POINT('Ctrl Pts',(12.7940431216936,3.17575619333145,4.83708125403636));
#3596=CARTESIAN_POINT('Ctrl Pts',(12.7524520650436,3.57219830449399,4.89649704932318));
#3597=CARTESIAN_POINT('Ctrl Pts',(12.7252533488061,3.74157581111974,4.93535235827894));
#3598=CARTESIAN_POINT('Ctrl Pts',(12.6469382669096,4.15676375196599,5.04723104683914));
#3599=CARTESIAN_POINT('Ctrl Pts',(12.6209321051697,4.2902626678697,5.08438270651522));
#3600=CARTESIAN_POINT('Ctrl Pts',(12.5691493039806,4.55356856571703,5.15835813687565));
#3601=CARTESIAN_POINT('Ctrl Pts',(12.5374607798297,4.71269609904902,5.20362745714647));
#3602=CARTESIAN_POINT('Ctrl Pts',(12.5087101349979,4.85644932301059,5.24469980695632));
#3603=CARTESIAN_POINT('',(12.508710135,4.856449323,5.244699807));
#3604=CARTESIAN_POINT('',(12.508710135,-4.856449323,5.244699807));
#3605=CARTESIAN_POINT('',(12.4,-5.4,5.4));
#3606=CARTESIAN_POINT('Ctrl Pts',(12.5087101349979,-4.85644932301059,5.24469980695632));
#3607=CARTESIAN_POINT('Ctrl Pts',(12.5374653491386,-4.71267325250441,5.20362092956228));
#3608=CARTESIAN_POINT('Ctrl Pts',(12.5691603831608,-4.5535129520939,5.15834230947533));
#3609=CARTESIAN_POINT('Ctrl Pts',(12.6209511824761,-4.29016508488854,5.08435545322026));
#3610=CARTESIAN_POINT('Ctrl Pts',(12.6469631229769,-4.15663549093588,5.04719553817143));
#3611=CARTESIAN_POINT('Ctrl Pts',(12.7253008037668,-3.74131561755409,4.9352845654779));
#3612=CARTESIAN_POINT('Ctrl Pts',(12.7524973322633,-3.57191867419073,4.89643238186635));
#3613=CARTESIAN_POINT('Ctrl Pts',(12.7940475630573,-3.17547280110002,4.83707490923107));
#3614=CARTESIAN_POINT('Ctrl Pts',(12.8,-2.89061575333708,4.82857142787391));
#3615=CARTESIAN_POINT('Ctrl Pts',(12.8,-1.914707296,4.82857142787391));
#3616=CARTESIAN_POINT('Origin',(12.4,5.4,4.4));
#3617=CARTESIAN_POINT('',(12.508710135,4.856449323,5.244699807));
#3618=CARTESIAN_POINT('Origin',(12.4,-5.4,4.4));
#3619=CARTESIAN_POINT('',(12.508710135,-4.856449323,3.555300193));
#3620=CARTESIAN_POINT('Ctrl Pts',(12.508710135,4.856449323,5.244699807));
#3621=CARTESIAN_POINT('Ctrl Pts',(12.508710135,4.856449323,3.2174202702));
#3622=CARTESIAN_POINT('Ctrl Pts',(12.8,3.4,5.244699807));
#3623=CARTESIAN_POINT('Ctrl Pts',(12.8,3.4,3.2174202702));
#3624=CARTESIAN_POINT('Ctrl Pts',(12.8,1.914707296,5.244699807));
#3625=CARTESIAN_POINT('Ctrl Pts',(12.8,1.914707296,3.2174202702));
#3626=CARTESIAN_POINT('Ctrl Pts',(12.508710135,-4.856449323,3.555300193));
#3627=CARTESIAN_POINT('Ctrl Pts',(12.508710135,-4.856449323,5.5825797298));
#3628=CARTESIAN_POINT('Ctrl Pts',(12.8,-3.4,3.555300193));
#3629=CARTESIAN_POINT('Ctrl Pts',(12.8,-3.4,5.5825797298));
#3630=CARTESIAN_POINT('Ctrl Pts',(12.8,-1.914707296,3.555300193));
#3631=CARTESIAN_POINT('Ctrl Pts',(12.8,-1.914707296,5.5825797298));
#3632=CARTESIAN_POINT('Origin',(0.,-12.8,0.));
#3633=CARTESIAN_POINT('',(-1.914707296,-12.8,3.97142857137536));
#3634=CARTESIAN_POINT('',(1.914707296,-12.8,3.97142857137536));
#3635=CARTESIAN_POINT('',(-1.914707296,-12.8,3.971428571));
#3636=CARTESIAN_POINT('',(1.914707296,-12.8,4.82857142862464));
#3637=CARTESIAN_POINT('',(1.914707296,-12.8,3.971428571));
#3638=CARTESIAN_POINT('',(-1.914707296,-12.8,4.82857142862464));
#3639=CARTESIAN_POINT('',(1.914707296,-12.8,4.828571429));
#3640=CARTESIAN_POINT('',(-1.914707296,-12.8,4.828571429));
#3641=CARTESIAN_POINT('Origin',(0.,-12.4,0.));
#3642=CARTESIAN_POINT('',(5.4,-12.4,5.4));
#3643=CARTESIAN_POINT('',(5.4,-12.4,3.4));
#3644=CARTESIAN_POINT('',(5.4,-12.4,5.4));
#3645=CARTESIAN_POINT('',(-5.4,-12.4,3.4));
#3646=CARTESIAN_POINT('',(5.4,-12.4,3.4));
#3647=CARTESIAN_POINT('',(-5.4,-12.4,5.4));
#3648=CARTESIAN_POINT('',(-5.4,-12.4,3.4));
#3649=CARTESIAN_POINT('',(-5.4,-12.4,5.4));
#3650=CARTESIAN_POINT('Origin',(-2.5,-12.4,3.4));
#3651=CARTESIAN_POINT('',(4.856449323,-12.508710135,3.555300193));
#3652=CARTESIAN_POINT('',(5.4,-12.4,3.4));
#3653=CARTESIAN_POINT('Ctrl Pts',(4.85644932301059,-12.5087101349979,3.55530019304368));
#3654=CARTESIAN_POINT('Ctrl Pts',(4.7126732525045,-12.5374653491386,3.5963790704377));
#3655=CARTESIAN_POINT('Ctrl Pts',(4.55351295209395,-12.5691603831608,3.64165769052465));
#3656=CARTESIAN_POINT('Ctrl Pts',(4.29016508488964,-12.6209511824759,3.71564454677942));
#3657=CARTESIAN_POINT('Ctrl Pts',(4.15663549093604,-12.6469631229769,3.75280446182853));
#3658=CARTESIAN_POINT('Ctrl Pts',(3.74131561755442,-12.7253008037667,3.86471543452202));
#3659=CARTESIAN_POINT('Ctrl Pts',(3.57191867419086,-12.7524973322633,3.90356761813362));
#3660=CARTESIAN_POINT('Ctrl Pts',(3.1754728011,-12.7940475630573,3.96292509076893));
#3661=CARTESIAN_POINT('Ctrl Pts',(2.89061575333703,-12.8,3.97142857212609));
#3662=CARTESIAN_POINT('Ctrl Pts',(1.914707296,-12.8,3.97142857212609));
#3663=CARTESIAN_POINT('',(-4.856449323,-12.508710135,3.555300193));
#3664=CARTESIAN_POINT('Ctrl Pts',(-1.914707296,-12.8,3.97142857212609));
#3665=CARTESIAN_POINT('Ctrl Pts',(-2.8909797853927,-12.8,3.97142857212609));
#3666=CARTESIAN_POINT('Ctrl Pts',(-3.17575619333143,-12.7940431216936,3.96291874596364));
#3667=CARTESIAN_POINT('Ctrl Pts',(-3.572198304494,-12.7524520650436,3.90350295067682));
#3668=CARTESIAN_POINT('Ctrl Pts',(-3.74157581111975,-12.7252533488061,3.86464764172106));
#3669=CARTESIAN_POINT('Ctrl Pts',(-4.15676375196587,-12.6469382669096,3.7527689531609));
#3670=CARTESIAN_POINT('Ctrl Pts',(-4.29026266786908,-12.6209321051698,3.71561729348496));
#3671=CARTESIAN_POINT('Ctrl Pts',(-4.55356856571759,-12.5691493039805,3.6416418631242));
#3672=CARTESIAN_POINT('Ctrl Pts',(-4.712696099052,-12.5374607798291,3.59637254285268));
#3673=CARTESIAN_POINT('Ctrl Pts',(-4.85644932301059,-12.5087101349979,3.55530019304368));
#3674=CARTESIAN_POINT('',(-4.856449323,-12.508710135,3.555300193));
#3675=CARTESIAN_POINT('Origin',(2.7,-12.4,5.4));
#3676=CARTESIAN_POINT('',(4.856449323,-12.508710135,5.244699807));
#3677=CARTESIAN_POINT('Ctrl Pts',(1.914707296,-12.8,4.82857142787391));
#3678=CARTESIAN_POINT('Ctrl Pts',(2.89097978539275,-12.8,4.82857142787391));
#3679=CARTESIAN_POINT('Ctrl Pts',(3.17575619333145,-12.7940431216936,4.83708125403636));
#3680=CARTESIAN_POINT('Ctrl Pts',(3.57219830449399,-12.7524520650436,4.89649704932318));
#3681=CARTESIAN_POINT('Ctrl Pts',(3.74157581111974,-12.7252533488061,4.93535235827894));
#3682=CARTESIAN_POINT('Ctrl Pts',(4.15676375196599,-12.6469382669096,5.04723104683914));
#3683=CARTESIAN_POINT('Ctrl Pts',(4.2902626678697,-12.6209321051697,5.08438270651522));
#3684=CARTESIAN_POINT('Ctrl Pts',(4.55356856571703,-12.5691493039806,5.15835813687565));
#3685=CARTESIAN_POINT('Ctrl Pts',(4.71269609904902,-12.5374607798297,5.20362745714647));
#3686=CARTESIAN_POINT('Ctrl Pts',(4.85644932301059,-12.5087101349979,5.24469980695632));
#3687=CARTESIAN_POINT('',(4.856449323,-12.508710135,5.244699807));
#3688=CARTESIAN_POINT('',(-4.856449323,-12.508710135,5.244699807));
#3689=CARTESIAN_POINT('',(-5.4,-12.4,5.4));
#3690=CARTESIAN_POINT('Ctrl Pts',(-4.85644932301059,-12.5087101349979,5.24469980695632));
#3691=CARTESIAN_POINT('Ctrl Pts',(-4.71267325250441,-12.5374653491386,5.20362092956228));
#3692=CARTESIAN_POINT('Ctrl Pts',(-4.5535129520939,-12.5691603831608,5.15834230947533));
#3693=CARTESIAN_POINT('Ctrl Pts',(-4.29016508488854,-12.6209511824761,5.08435545322026));
#3694=CARTESIAN_POINT('Ctrl Pts',(-4.15663549093588,-12.6469631229769,5.04719553817143));
#3695=CARTESIAN_POINT('Ctrl Pts',(-3.74131561755409,-12.7253008037668,4.9352845654779));
#3696=CARTESIAN_POINT('Ctrl Pts',(-3.57191867419073,-12.7524973322633,4.89643238186635));
#3697=CARTESIAN_POINT('Ctrl Pts',(-3.17547280110002,-12.7940475630573,4.83707490923107));
#3698=CARTESIAN_POINT('Ctrl Pts',(-2.89061575333708,-12.8,4.82857142787391));
#3699=CARTESIAN_POINT('Ctrl Pts',(-1.914707296,-12.8,4.82857142787391));
#3700=CARTESIAN_POINT('Origin',(5.4,-12.4,4.4));
#3701=CARTESIAN_POINT('',(4.856449323,-12.508710135,5.244699807));
#3702=CARTESIAN_POINT('Origin',(-5.4,-12.4,4.4));
#3703=CARTESIAN_POINT('',(-4.856449323,-12.508710135,3.555300193));
#3704=CARTESIAN_POINT('Ctrl Pts',(4.856449323,-12.508710135,5.244699807));
#3705=CARTESIAN_POINT('Ctrl Pts',(4.856449323,-12.508710135,3.2174202702));
#3706=CARTESIAN_POINT('Ctrl Pts',(3.4,-12.8,5.244699807));
#3707=CARTESIAN_POINT('Ctrl Pts',(3.4,-12.8,3.2174202702));
#3708=CARTESIAN_POINT('Ctrl Pts',(1.914707296,-12.8,5.244699807));
#3709=CARTESIAN_POINT('Ctrl Pts',(1.914707296,-12.8,3.2174202702));
#3710=CARTESIAN_POINT('Ctrl Pts',(-4.856449323,-12.508710135,3.555300193));
#3711=CARTESIAN_POINT('Ctrl Pts',(-4.856449323,-12.508710135,5.5825797298));
#3712=CARTESIAN_POINT('Ctrl Pts',(-3.4,-12.8,3.555300193));
#3713=CARTESIAN_POINT('Ctrl Pts',(-3.4,-12.8,5.5825797298));
#3714=CARTESIAN_POINT('Ctrl Pts',(-1.914707296,-12.8,3.555300193));
#3715=CARTESIAN_POINT('Ctrl Pts',(-1.914707296,-12.8,5.5825797298));
#3716=CARTESIAN_POINT('Origin',(-12.8,0.,0.));
#3717=CARTESIAN_POINT('',(-12.8,1.914707296,3.97142857137536));
#3718=CARTESIAN_POINT('',(-12.8,-1.914707296,3.97142857137536));
#3719=CARTESIAN_POINT('',(-12.8,1.914707296,3.971428571));
#3720=CARTESIAN_POINT('',(-12.8,-1.914707296,4.82857142862464));
#3721=CARTESIAN_POINT('',(-12.8,-1.914707296,3.971428571));
#3722=CARTESIAN_POINT('',(-12.8,1.914707296,4.82857142862464));
#3723=CARTESIAN_POINT('',(-12.8,-1.914707296,4.828571429));
#3724=CARTESIAN_POINT('',(-12.8,1.914707296,4.828571429));
#3725=CARTESIAN_POINT('Origin',(-12.4,0.,0.));
#3726=CARTESIAN_POINT('',(-12.4,-5.4,5.4));
#3727=CARTESIAN_POINT('',(-12.4,-5.4,3.4));
#3728=CARTESIAN_POINT('',(-12.4,-5.4,5.4));
#3729=CARTESIAN_POINT('',(-12.4,5.4,3.4));
#3730=CARTESIAN_POINT('',(-12.4,-5.4,3.4));
#3731=CARTESIAN_POINT('',(-12.4,5.4,5.4));
#3732=CARTESIAN_POINT('',(-12.4,5.4,3.4));
#3733=CARTESIAN_POINT('',(-12.4,5.4,5.4));
#3734=CARTESIAN_POINT('Origin',(-12.4,2.5,3.4));
#3735=CARTESIAN_POINT('',(-12.508710135,-4.856449323,3.555300193));
#3736=CARTESIAN_POINT('',(-12.4,-5.4,3.4));
#3737=CARTESIAN_POINT('Ctrl Pts',(-12.5087101349979,-4.85644932301059,3.55530019304368));
#3738=CARTESIAN_POINT('Ctrl Pts',(-12.5374653491386,-4.7126732525045,3.5963790704377));
#3739=CARTESIAN_POINT('Ctrl Pts',(-12.5691603831608,-4.55351295209395,3.64165769052465));
#3740=CARTESIAN_POINT('Ctrl Pts',(-12.6209511824759,-4.29016508488964,3.71564454677942));
#3741=CARTESIAN_POINT('Ctrl Pts',(-12.6469631229769,-4.15663549093604,3.75280446182853));
#3742=CARTESIAN_POINT('Ctrl Pts',(-12.7253008037667,-3.74131561755442,3.86471543452202));
#3743=CARTESIAN_POINT('Ctrl Pts',(-12.7524973322633,-3.57191867419086,3.90356761813362));
#3744=CARTESIAN_POINT('Ctrl Pts',(-12.7940475630573,-3.1754728011,3.96292509076893));
#3745=CARTESIAN_POINT('Ctrl Pts',(-12.8,-2.89061575333703,3.97142857212609));
#3746=CARTESIAN_POINT('Ctrl Pts',(-12.8,-1.914707296,3.97142857212609));
#3747=CARTESIAN_POINT('',(-12.508710135,4.856449323,3.555300193));
#3748=CARTESIAN_POINT('Ctrl Pts',(-12.8,1.914707296,3.97142857212609));
#3749=CARTESIAN_POINT('Ctrl Pts',(-12.8,2.8909797853927,3.97142857212609));
#3750=CARTESIAN_POINT('Ctrl Pts',(-12.7940431216936,3.17575619333143,3.96291874596364));
#3751=CARTESIAN_POINT('Ctrl Pts',(-12.7524520650436,3.572198304494,3.90350295067682));
#3752=CARTESIAN_POINT('Ctrl Pts',(-12.7252533488061,3.74157581111975,3.86464764172106));
#3753=CARTESIAN_POINT('Ctrl Pts',(-12.6469382669096,4.15676375196587,3.7527689531609));
#3754=CARTESIAN_POINT('Ctrl Pts',(-12.6209321051698,4.29026266786908,3.71561729348496));
#3755=CARTESIAN_POINT('Ctrl Pts',(-12.5691493039805,4.55356856571759,3.6416418631242));
#3756=CARTESIAN_POINT('Ctrl Pts',(-12.5374607798291,4.712696099052,3.59637254285268));
#3757=CARTESIAN_POINT('Ctrl Pts',(-12.5087101349979,4.85644932301059,3.55530019304368));
#3758=CARTESIAN_POINT('',(-12.508710135,4.856449323,3.555300193));
#3759=CARTESIAN_POINT('Origin',(-12.4,-2.7,5.4));
#3760=CARTESIAN_POINT('',(-12.508710135,-4.856449323,5.244699807));
#3761=CARTESIAN_POINT('Ctrl Pts',(-12.8,-1.914707296,4.82857142787391));
#3762=CARTESIAN_POINT('Ctrl Pts',(-12.8,-2.89097978539275,4.82857142787391));
#3763=CARTESIAN_POINT('Ctrl Pts',(-12.7940431216936,-3.17575619333145,4.83708125403636));
#3764=CARTESIAN_POINT('Ctrl Pts',(-12.7524520650436,-3.57219830449399,4.89649704932318));
#3765=CARTESIAN_POINT('Ctrl Pts',(-12.7252533488061,-3.74157581111974,4.93535235827894));
#3766=CARTESIAN_POINT('Ctrl Pts',(-12.6469382669096,-4.15676375196599,5.04723104683914));
#3767=CARTESIAN_POINT('Ctrl Pts',(-12.6209321051697,-4.2902626678697,5.08438270651522));
#3768=CARTESIAN_POINT('Ctrl Pts',(-12.5691493039806,-4.55356856571703,5.15835813687565));
#3769=CARTESIAN_POINT('Ctrl Pts',(-12.5374607798297,-4.71269609904902,5.20362745714647));
#3770=CARTESIAN_POINT('Ctrl Pts',(-12.5087101349979,-4.85644932301059,5.24469980695632));
#3771=CARTESIAN_POINT('',(-12.508710135,-4.856449323,5.244699807));
#3772=CARTESIAN_POINT('',(-12.508710135,4.856449323,5.244699807));
#3773=CARTESIAN_POINT('',(-12.4,5.4,5.4));
#3774=CARTESIAN_POINT('Ctrl Pts',(-12.5087101349979,4.85644932301059,5.24469980695632));
#3775=CARTESIAN_POINT('Ctrl Pts',(-12.5374653491386,4.71267325250441,5.20362092956228));
#3776=CARTESIAN_POINT('Ctrl Pts',(-12.5691603831608,4.5535129520939,5.15834230947533));
#3777=CARTESIAN_POINT('Ctrl Pts',(-12.6209511824761,4.29016508488854,5.08435545322026));
#3778=CARTESIAN_POINT('Ctrl Pts',(-12.6469631229769,4.15663549093588,5.04719553817143));
#3779=CARTESIAN_POINT('Ctrl Pts',(-12.7253008037668,3.74131561755409,4.9352845654779));
#3780=CARTESIAN_POINT('Ctrl Pts',(-12.7524973322633,3.57191867419073,4.89643238186635));
#3781=CARTESIAN_POINT('Ctrl Pts',(-12.7940475630573,3.17547280110002,4.83707490923107));
#3782=CARTESIAN_POINT('Ctrl Pts',(-12.8,2.89061575333708,4.82857142787391));
#3783=CARTESIAN_POINT('Ctrl Pts',(-12.8,1.914707296,4.82857142787391));
#3784=CARTESIAN_POINT('Origin',(-12.4,-5.4,4.4));
#3785=CARTESIAN_POINT('',(-12.508710135,-4.856449323,5.244699807));
#3786=CARTESIAN_POINT('Origin',(-12.4,5.4,4.4));
#3787=CARTESIAN_POINT('',(-12.508710135,4.856449323,3.555300193));
#3788=CARTESIAN_POINT('Ctrl Pts',(-12.508710135,-4.856449323,5.244699807));
#3789=CARTESIAN_POINT('Ctrl Pts',(-12.508710135,-4.856449323,3.2174202702));
#3790=CARTESIAN_POINT('Ctrl Pts',(-12.8,-3.4,5.244699807));
#3791=CARTESIAN_POINT('Ctrl Pts',(-12.8,-3.4,3.2174202702));
#3792=CARTESIAN_POINT('Ctrl Pts',(-12.8,-1.914707296,5.244699807));
#3793=CARTESIAN_POINT('Ctrl Pts',(-12.8,-1.914707296,3.2174202702));
#3794=CARTESIAN_POINT('Ctrl Pts',(-12.508710135,4.856449323,3.555300193));
#3795=CARTESIAN_POINT('Ctrl Pts',(-12.508710135,4.856449323,5.5825797298));
#3796=CARTESIAN_POINT('Ctrl Pts',(-12.8,3.4,3.555300193));
#3797=CARTESIAN_POINT('Ctrl Pts',(-12.8,3.4,5.5825797298));
#3798=CARTESIAN_POINT('Ctrl Pts',(-12.8,1.914707296,3.555300193));
#3799=CARTESIAN_POINT('Ctrl Pts',(-12.8,1.914707296,5.5825797298));
#3800=CARTESIAN_POINT('Origin',(-8.50000010430954,5.00000007823216,0.));
#3801=CARTESIAN_POINT('',(-8.50000010430954,-5.00000007823216,4.8));
#3802=CARTESIAN_POINT('',(-8.50000010430954,5.00000007823216,4.8));
#3803=CARTESIAN_POINT('',(-8.50000010430954,2.50000003911641,4.8));
#3804=CARTESIAN_POINT('',(-8.50000010430954,-5.00000007823216,0.));
#3805=CARTESIAN_POINT('',(-8.50000010430954,-5.00000007823216,6.8));
#3806=CARTESIAN_POINT('',(-8.50000010430954,5.00000007823216,0.));
#3807=CARTESIAN_POINT('',(-8.50000010430954,2.50000003911608,0.));
#3808=CARTESIAN_POINT('',(-8.50000010430954,5.00000007823216,6.8));
#3809=CARTESIAN_POINT('Origin',(-5.50000010430954,-4.99999992176785,0.));
#3810=CARTESIAN_POINT('',(-5.50000010430954,4.99999992176785,4.8));
#3811=CARTESIAN_POINT('',(-5.50000010430954,-4.99999992176785,4.8));
#3812=CARTESIAN_POINT('',(-5.50000010430954,-2.4999999608836,4.8));
#3813=CARTESIAN_POINT('',(-5.50000010430954,4.99999992176785,0.));
#3814=CARTESIAN_POINT('',(-5.50000010430954,4.99999992176785,6.8));
#3815=CARTESIAN_POINT('',(-5.50000010430954,-4.99999992176785,0.));
#3816=CARTESIAN_POINT('',(-5.50000010430954,-2.49999996088393,0.));
#3817=CARTESIAN_POINT('',(-5.50000010430954,-4.99999992176785,6.8));
#3818=CARTESIAN_POINT('Origin',(-7.061018436616E-13,6.50590692430342E-13,
4.8));
#3819=CARTESIAN_POINT('Origin',(-7.,7.,4.8));
#3820=CARTESIAN_POINT('Origin',(-7.,-7.,4.8));
#3821=CARTESIAN_POINT('Origin',(4.99999992176989,-5.50000010430683,0.));
#3822=CARTESIAN_POINT('',(-4.99999992176988,-5.50000010430683,4.8));
#3823=CARTESIAN_POINT('',(4.99999992176989,-5.50000010430683,4.8));
#3824=CARTESIAN_POINT('',(2.49999996088459,-5.50000010430683,4.8));
#3825=CARTESIAN_POINT('',(-4.99999992176988,-5.50000010430683,0.));
#3826=CARTESIAN_POINT('',(-4.99999992176989,-5.50000010430683,6.8));
#3827=CARTESIAN_POINT('',(4.99999992176989,-5.50000010430683,0.));
#3828=CARTESIAN_POINT('',(2.49999996088494,-5.50000010430683,0.));
#3829=CARTESIAN_POINT('',(4.99999992176989,-5.50000010430683,6.8));
#3830=CARTESIAN_POINT('Origin',(-5.00000007823012,-8.50000010430683,0.));
#3831=CARTESIAN_POINT('',(5.00000007823012,-8.50000010430683,4.8));
#3832=CARTESIAN_POINT('',(-5.00000007823012,-8.50000010430683,4.8));
#3833=CARTESIAN_POINT('',(-2.50000003911542,-8.50000010430683,4.8));
#3834=CARTESIAN_POINT('',(5.00000007823012,-8.50000010430683,0.));
#3835=CARTESIAN_POINT('',(5.00000007823012,-8.50000010430683,6.8));
#3836=CARTESIAN_POINT('',(-5.00000007823012,-8.50000010430683,0.));
#3837=CARTESIAN_POINT('',(-2.50000003911506,-8.50000010430683,0.));
#3838=CARTESIAN_POINT('',(-5.00000007823012,-8.50000010430683,6.8));
#3839=CARTESIAN_POINT('Origin',(-7.061018436616E-13,6.50590692430342E-13,
4.8));
#3840=CARTESIAN_POINT('Origin',(7.,-7.,4.8));
#3841=CARTESIAN_POINT('',(-4.5,-7.,4.8));
#3842=CARTESIAN_POINT('Origin',(-7.,-7.,4.8));
#3843=CARTESIAN_POINT('Origin',(-7.,-7.,4.8));
#3844=CARTESIAN_POINT('Origin',(5.50000010430813,4.99999992176891,0.));
#3845=CARTESIAN_POINT('',(5.50000010430813,-4.99999992176891,4.8));
#3846=CARTESIAN_POINT('',(5.50000010430813,4.99999992176891,4.8));
#3847=CARTESIAN_POINT('',(5.50000010430813,2.49999996088478,4.8));
#3848=CARTESIAN_POINT('',(5.50000010430813,-4.99999992176891,0.));
#3849=CARTESIAN_POINT('',(5.50000010430813,-4.99999992176891,6.8));
#3850=CARTESIAN_POINT('',(5.50000010430813,4.99999992176891,0.));
#3851=CARTESIAN_POINT('',(5.50000010430813,2.49999996088445,0.));
#3852=CARTESIAN_POINT('',(5.50000010430813,4.99999992176891,6.8));
#3853=CARTESIAN_POINT('Origin',(8.50000010430813,-5.0000000782311,0.));
#3854=CARTESIAN_POINT('',(8.50000010430813,5.0000000782311,4.8));
#3855=CARTESIAN_POINT('',(8.50000010430813,-5.0000000782311,4.8));
#3856=CARTESIAN_POINT('',(8.50000010430813,-2.50000003911523,4.8));
#3857=CARTESIAN_POINT('',(8.50000010430813,5.0000000782311,0.));
#3858=CARTESIAN_POINT('',(8.50000010430813,5.0000000782311,6.8));
#3859=CARTESIAN_POINT('',(8.50000010430813,-5.0000000782311,0.));
#3860=CARTESIAN_POINT('',(8.50000010430813,-2.50000003911555,0.));
#3861=CARTESIAN_POINT('',(8.50000010430813,-5.0000000782311,6.8));
#3862=CARTESIAN_POINT('Origin',(-7.061018436616E-13,6.50590692430342E-13,
4.8));
#3863=CARTESIAN_POINT('Origin',(7.,7.,4.8));
#3864=CARTESIAN_POINT('Origin',(7.,-7.,4.8));
#3865=CARTESIAN_POINT('Origin',(5.0000000782311,8.50000010430813,0.));
#3866=CARTESIAN_POINT('',(-5.0000000782311,8.50000010430813,4.8));
#3867=CARTESIAN_POINT('',(5.0000000782311,8.50000010430813,4.8));
#3868=CARTESIAN_POINT('',(2.5000000391152,8.50000010430813,4.8));
#3869=CARTESIAN_POINT('',(-5.0000000782311,8.50000010430813,0.));
#3870=CARTESIAN_POINT('',(-5.0000000782311,8.50000010430813,6.8));
#3871=CARTESIAN_POINT('',(5.0000000782311,8.50000010430813,0.));
#3872=CARTESIAN_POINT('',(2.50000003911555,8.50000010430813,0.));
#3873=CARTESIAN_POINT('',(5.0000000782311,8.50000010430813,6.8));
#3874=CARTESIAN_POINT('Origin',(-4.99999992176891,5.50000010430813,0.));
#3875=CARTESIAN_POINT('',(4.99999992176891,5.50000010430813,4.8));
#3876=CARTESIAN_POINT('',(-4.99999992176891,5.50000010430813,4.8));
#3877=CARTESIAN_POINT('',(-2.49999996088481,5.50000010430813,4.8));
#3878=CARTESIAN_POINT('',(4.99999992176891,5.50000010430813,0.));
#3879=CARTESIAN_POINT('',(4.99999992176891,5.50000010430813,6.8));
#3880=CARTESIAN_POINT('',(-4.99999992176891,5.50000010430813,0.));
#3881=CARTESIAN_POINT('',(-2.49999996088445,5.50000010430813,0.));
#3882=CARTESIAN_POINT('',(-4.99999992176891,5.50000010430813,6.8));
#3883=CARTESIAN_POINT('Origin',(-7.061018436616E-13,6.50590692430342E-13,
4.8));
#3884=CARTESIAN_POINT('Origin',(7.,7.,4.8));
#3885=CARTESIAN_POINT('',(-4.5,7.,4.8));
#3886=CARTESIAN_POINT('Origin',(-7.,7.,4.8));
#3887=CARTESIAN_POINT('Origin',(-7.,7.,4.8));
#3888=CARTESIAN_POINT('Origin',(7.,-7.,6.8));
#3889=CARTESIAN_POINT('',(9.5,-7.,6.8));
#3890=CARTESIAN_POINT('Origin',(7.,-7.,6.8));
#3891=CARTESIAN_POINT('',(9.5,-7.,0.));
#3892=CARTESIAN_POINT('',(9.5,-7.,6.8));
#3893=CARTESIAN_POINT('Origin',(7.,-7.,0.));
#3894=CARTESIAN_POINT('Origin',(7.,-7.,0.));
#3895=CARTESIAN_POINT('Origin',(7.,-7.,0.));
#3896=CARTESIAN_POINT('Origin',(-7.,7.,6.8));
#3897=CARTESIAN_POINT('',(-4.5,7.,6.8));
#3898=CARTESIAN_POINT('Origin',(-7.,7.,6.8));
#3899=CARTESIAN_POINT('',(-4.5,7.,6.8));
#3900=CARTESIAN_POINT('Origin',(-7.,7.,0.));
#3901=CARTESIAN_POINT('Origin',(-7.,7.,0.));
#3902=CARTESIAN_POINT('Origin',(0.,0.,0.));
#3903=CARTESIAN_POINT('Origin',(7.,7.,0.));
#3904=CARTESIAN_POINT('Origin',(-7.,-7.,0.));
#3905=CARTESIAN_POINT('',(4.,4.,0.));
#3906=CARTESIAN_POINT('',(-4.,4.,0.));
#3907=CARTESIAN_POINT('',(-1.,4.,0.));
#3908=CARTESIAN_POINT('',(-4.,-4.,0.));
#3909=CARTESIAN_POINT('',(-4.,2.,0.));
#3910=CARTESIAN_POINT('',(4.,-4.,0.));
#3911=CARTESIAN_POINT('',(-2.,-4.,0.));
#3912=CARTESIAN_POINT('',(4.,-2.,0.));
#3913=CARTESIAN_POINT('Origin',(7.,7.,6.8));
#3914=CARTESIAN_POINT('',(9.5,7.,6.8));
#3915=CARTESIAN_POINT('Origin',(7.,7.,6.8));
#3916=CARTESIAN_POINT('',(9.5,7.,0.));
#3917=CARTESIAN_POINT('',(9.5,7.,6.8));
#3918=CARTESIAN_POINT('Origin',(7.,7.,0.));
#3919=CARTESIAN_POINT('Origin',(7.,7.,0.));
#3920=CARTESIAN_POINT('Origin',(-4.,4.,0.));
#3921=CARTESIAN_POINT('',(-4.,-4.,4.8));
#3922=CARTESIAN_POINT('',(-4.,4.,4.8));
#3923=CARTESIAN_POINT('',(-4.,2.,4.8));
#3924=CARTESIAN_POINT('',(-4.,-4.,0.));
#3925=CARTESIAN_POINT('',(-4.,4.,0.));
#3926=CARTESIAN_POINT('Origin',(0.,0.,4.8));
#3927=CARTESIAN_POINT('',(-2.,-4.,4.8));
#3928=CARTESIAN_POINT('',(-2.,-4.,4.8));
#3929=CARTESIAN_POINT('',(-2.,4.,4.8));
#3930=CARTESIAN_POINT('',(-1.,4.,4.8));
#3931=CARTESIAN_POINT('',(-2.,2.,4.8));
#3932=CARTESIAN_POINT('Origin',(4.,-4.,0.));
#3933=CARTESIAN_POINT('',(4.,4.,4.8));
#3934=CARTESIAN_POINT('',(4.,-4.,4.8));
#3935=CARTESIAN_POINT('',(4.,-2.,4.8));
#3936=CARTESIAN_POINT('',(4.,4.,0.));
#3937=CARTESIAN_POINT('',(4.,-4.,0.));
#3938=CARTESIAN_POINT('Origin',(0.,0.,4.8));
#3939=CARTESIAN_POINT('',(2.,4.,4.8));
#3940=CARTESIAN_POINT('',(2.,4.,4.8));
#3941=CARTESIAN_POINT('',(2.,-4.,4.8));
#3942=CARTESIAN_POINT('',(1.,-4.,4.8));
#3943=CARTESIAN_POINT('',(2.,-2.,4.8));
#3944=CARTESIAN_POINT('Origin',(-2.,4.,0.));
#3945=CARTESIAN_POINT('',(-2.,4.,6.8));
#3946=CARTESIAN_POINT('',(-2.,4.,0.));
#3947=CARTESIAN_POINT('',(-2.,-4.,6.8));
#3948=CARTESIAN_POINT('',(-2.,2.,6.8));
#3949=CARTESIAN_POINT('',(-2.,-4.,0.));
#3950=CARTESIAN_POINT('Origin',(2.,4.,0.));
#3951=CARTESIAN_POINT('',(2.,4.,6.8));
#3952=CARTESIAN_POINT('',(1.,4.,6.8));
#3953=CARTESIAN_POINT('',(2.,4.,0.));
#3954=CARTESIAN_POINT('Origin',(2.,-4.,0.));
#3955=CARTESIAN_POINT('',(2.,-4.,6.8));
#3956=CARTESIAN_POINT('',(2.,-4.,0.));
#3957=CARTESIAN_POINT('',(2.,-2.,6.8));
#3958=CARTESIAN_POINT('Origin',(-2.,-4.,0.));
#3959=CARTESIAN_POINT('',(-1.,-4.,6.8));
#3960=CARTESIAN_POINT('Origin',(-7.,-7.,6.8));
#3961=CARTESIAN_POINT('',(-4.5,-7.,6.8));
#3962=CARTESIAN_POINT('Origin',(-7.,-7.,6.8));
#3963=CARTESIAN_POINT('',(-4.5,-7.,6.8));
#3964=CARTESIAN_POINT('Origin',(-7.,-7.,0.));
#3965=CARTESIAN_POINT('Origin',(0.,11.7,6.2));
#3966=CARTESIAN_POINT('',(5.9,11.7,0.));
#3967=CARTESIAN_POINT('',(5.9,11.7,5.6));
#3968=CARTESIAN_POINT('',(5.9,11.7,0.));
#3969=CARTESIAN_POINT('',(-5.9,11.7,5.6));
#3970=CARTESIAN_POINT('',(5.9,11.7,5.6));
#3971=CARTESIAN_POINT('',(-5.9,11.7,0.));
#3972=CARTESIAN_POINT('',(-5.9,11.7,5.6));
#3973=CARTESIAN_POINT('',(-5.9,11.7,0.));
#3974=CARTESIAN_POINT('Origin',(11.7,0.,6.2));
#3975=CARTESIAN_POINT('',(11.7,5.9,5.6));
#3976=CARTESIAN_POINT('',(11.7,-5.9,5.6));
#3977=CARTESIAN_POINT('',(11.7,5.9,5.6));
#3978=CARTESIAN_POINT('',(11.7,5.9,0.));
#3979=CARTESIAN_POINT('',(11.7,5.9,5.6));
#3980=CARTESIAN_POINT('',(11.7,-5.9,0.));
#3981=CARTESIAN_POINT('',(11.7,-5.9,0.));
#3982=CARTESIAN_POINT('',(11.7,-5.9,0.));
#3983=CARTESIAN_POINT('Origin',(0.,-11.7,6.2));
#3984=CARTESIAN_POINT('',(-5.9,-11.7,0.));
#3985=CARTESIAN_POINT('',(-5.9,-11.7,5.6));
#3986=CARTESIAN_POINT('',(-5.9,-11.7,0.));
#3987=CARTESIAN_POINT('',(5.9,-11.7,5.6));
#3988=CARTESIAN_POINT('',(-5.9,-11.7,5.6));
#3989=CARTESIAN_POINT('',(5.9,-11.7,0.));
#3990=CARTESIAN_POINT('',(5.9,-11.7,5.6));
#3991=CARTESIAN_POINT('',(5.9,-11.7,0.));
#3992=CARTESIAN_POINT('Origin',(-11.7,0.,6.2));
#3993=CARTESIAN_POINT('',(-11.7,-5.9,5.6));
#3994=CARTESIAN_POINT('',(-11.7,5.9,5.6));
#3995=CARTESIAN_POINT('',(-11.7,-5.9,5.6));
#3996=CARTESIAN_POINT('',(-11.7,-5.9,0.));
#3997=CARTESIAN_POINT('',(-11.7,-5.9,5.6));
#3998=CARTESIAN_POINT('',(-11.7,5.9,0.));
#3999=CARTESIAN_POINT('',(-11.7,5.9,0.));
#4000=CARTESIAN_POINT('',(-11.7,5.9,0.));
#4001=CARTESIAN_POINT('Origin',(0.,0.,0.));
#4002=CARTESIAN_POINT('',(-7.581623382,-12.4,0.));
#4003=CARTESIAN_POINT('',(7.581623382,-12.4,0.));
#4004=CARTESIAN_POINT('',(-7.581623382,-12.4,0.));
#4005=CARTESIAN_POINT('',(-12.4,-7.581623382,0.));
#4006=CARTESIAN_POINT('',(-12.4,-7.581623382,0.));
#4007=CARTESIAN_POINT('',(-12.4,7.581623382,0.));
#4008=CARTESIAN_POINT('',(-12.4,7.581623382,0.));
#4009=CARTESIAN_POINT('',(-7.581623382,12.4,0.));
#4010=CARTESIAN_POINT('',(-7.581623382,12.4,0.));
#4011=CARTESIAN_POINT('',(7.581623382,12.4,0.));
#4012=CARTESIAN_POINT('',(7.581623382,12.4,0.));
#4013=CARTESIAN_POINT('',(12.4,7.581623382,0.));
#4014=CARTESIAN_POINT('',(12.4,7.581623382,0.));
#4015=CARTESIAN_POINT('',(12.4,-7.581623382,0.));
#4016=CARTESIAN_POINT('',(12.4,-7.581623382,0.));
#4017=CARTESIAN_POINT('',(7.581623382,-12.4,0.));
#4018=CARTESIAN_POINT('',(-11.1,-5.9,0.));
#4019=CARTESIAN_POINT('Origin',(-11.4,-5.9,0.));
#4020=CARTESIAN_POINT('',(-11.1,5.9,0.));
#4021=CARTESIAN_POINT('',(-11.1,-5.9,0.));
#4022=CARTESIAN_POINT('Origin',(-11.4,5.9,0.));
#4023=CARTESIAN_POINT('',(5.9,-11.1,0.));
#4024=CARTESIAN_POINT('Origin',(5.9,-11.4,0.));
#4025=CARTESIAN_POINT('',(-5.9,-11.1,0.));
#4026=CARTESIAN_POINT('',(5.9,-11.1,0.));
#4027=CARTESIAN_POINT('Origin',(-5.9,-11.4,0.));
#4028=CARTESIAN_POINT('',(11.1,5.9,0.));
#4029=CARTESIAN_POINT('Origin',(11.4,5.9,0.));
#4030=CARTESIAN_POINT('',(11.1,-5.9,0.));
#4031=CARTESIAN_POINT('',(11.1,5.9,0.));
#4032=CARTESIAN_POINT('Origin',(11.4,-5.9,0.));
#4033=CARTESIAN_POINT('',(-5.9,11.1,0.));
#4034=CARTESIAN_POINT('Origin',(-5.9,11.4,0.));
#4035=CARTESIAN_POINT('',(5.9,11.1,0.));
#4036=CARTESIAN_POINT('',(-5.9,11.1,0.));
#4037=CARTESIAN_POINT('Origin',(5.9,11.4,0.));
#4038=CARTESIAN_POINT('Origin',(0.,-12.4,6.8));
#4039=CARTESIAN_POINT('',(7.581623382,-12.4,6.8));
#4040=CARTESIAN_POINT('',(7.581623382,-12.4,6.8));
#4041=CARTESIAN_POINT('',(-7.581623382,-12.4,6.8));
#4042=CARTESIAN_POINT('',(-7.581623382,-12.4,6.8));
#4043=CARTESIAN_POINT('',(-7.581623382,-12.4,6.8));
#4044=CARTESIAN_POINT('',(6.,-12.4,6.));
#4045=CARTESIAN_POINT('',(-6.,-12.4,6.));
#4046=CARTESIAN_POINT('',(6.,-12.4,6.));
#4047=CARTESIAN_POINT('',(6.,-12.4,5.6));
#4048=CARTESIAN_POINT('',(6.,-12.4,5.6));
#4049=CARTESIAN_POINT('',(-6.,-12.4,5.6));
#4050=CARTESIAN_POINT('',(-6.,-12.4,5.6));
#4051=CARTESIAN_POINT('',(-6.,-12.4,6.));
#4052=CARTESIAN_POINT('Origin',(9.990811691,-9.990811691,6.8));
#4053=CARTESIAN_POINT('',(12.4,-7.581623382,6.8));
#4054=CARTESIAN_POINT('',(12.4,-7.581623382,6.8));
#4055=CARTESIAN_POINT('',(7.581623382,-12.4,6.8));
#4056=CARTESIAN_POINT('Origin',(12.4,0.,6.8));
#4057=CARTESIAN_POINT('',(12.4,7.581623382,6.8));
#4058=CARTESIAN_POINT('',(12.4,7.581623382,6.8));
#4059=CARTESIAN_POINT('',(12.4,-7.581623382,6.8));
#4060=CARTESIAN_POINT('',(12.4,6.,6.));
#4061=CARTESIAN_POINT('',(12.4,-6.,6.));
#4062=CARTESIAN_POINT('',(12.4,6.,6.));
#4063=CARTESIAN_POINT('',(12.4,6.,5.6));
#4064=CARTESIAN_POINT('',(12.4,6.,5.6));
#4065=CARTESIAN_POINT('',(12.4,-6.,5.6));
#4066=CARTESIAN_POINT('',(12.4,-6.,5.6));
#4067=CARTESIAN_POINT('',(12.4,-6.,6.));
#4068=CARTESIAN_POINT('Origin',(9.990811691,9.990811691,6.8));
#4069=CARTESIAN_POINT('',(7.581623382,12.4,6.8));
#4070=CARTESIAN_POINT('',(7.581623382,12.4,6.8));
#4071=CARTESIAN_POINT('',(12.4,7.581623382,6.8));
#4072=CARTESIAN_POINT('Origin',(0.,12.4,6.8));
#4073=CARTESIAN_POINT('',(-7.581623382,12.4,6.8));
#4074=CARTESIAN_POINT('',(-7.581623382,12.4,6.8));
#4075=CARTESIAN_POINT('',(7.581623382,12.4,6.8));
#4076=CARTESIAN_POINT('',(-6.,12.4,6.));
#4077=CARTESIAN_POINT('',(6.,12.4,6.));
#4078=CARTESIAN_POINT('',(-6.,12.4,6.));
#4079=CARTESIAN_POINT('',(-6.,12.4,5.6));
#4080=CARTESIAN_POINT('',(-6.,12.4,5.6));
#4081=CARTESIAN_POINT('',(6.,12.4,5.6));
#4082=CARTESIAN_POINT('',(6.,12.4,5.6));
#4083=CARTESIAN_POINT('',(6.,12.4,6.));
#4084=CARTESIAN_POINT('Origin',(-9.990811691,9.990811691,6.8));
#4085=CARTESIAN_POINT('',(-12.4,7.581623382,6.8));
#4086=CARTESIAN_POINT('',(-12.4,7.581623382,6.8));
#4087=CARTESIAN_POINT('',(-7.581623382,12.4,6.8));
#4088=CARTESIAN_POINT('Origin',(-12.4,0.,6.8));
#4089=CARTESIAN_POINT('',(-12.4,-7.581623382,6.8));
#4090=CARTESIAN_POINT('',(-12.4,-7.581623382,6.8));
#4091=CARTESIAN_POINT('',(-12.4,7.581623382,6.8));
#4092=CARTESIAN_POINT('',(-12.4,-6.,6.));
#4093=CARTESIAN_POINT('',(-12.4,6.,6.));
#4094=CARTESIAN_POINT('',(-12.4,-6.,6.));
#4095=CARTESIAN_POINT('',(-12.4,-6.,5.6));
#4096=CARTESIAN_POINT('',(-12.4,-6.,5.6));
#4097=CARTESIAN_POINT('',(-12.4,6.,5.6));
#4098=CARTESIAN_POINT('',(-12.4,6.,5.6));
#4099=CARTESIAN_POINT('',(-12.4,6.,6.));
#4100=CARTESIAN_POINT('Origin',(-9.990811691,-9.990811691,6.8));
#4101=CARTESIAN_POINT('',(-12.4,-7.581623382,6.8));
#4102=CARTESIAN_POINT('Origin',(0.,0.,6.8));
#4103=CARTESIAN_POINT('Origin',(0.,11.1,6.2));
#4104=CARTESIAN_POINT('',(-5.9,11.1,6.2));
#4105=CARTESIAN_POINT('',(5.9,11.1,6.2));
#4106=CARTESIAN_POINT('',(-5.9,11.1,6.2));
#4107=CARTESIAN_POINT('',(5.9,11.1,6.2));
#4108=CARTESIAN_POINT('',(-5.9,11.1,0.));
#4109=CARTESIAN_POINT('Origin',(0.,11.7,6.2));
#4110=CARTESIAN_POINT('',(-5.9,11.7,6.2));
#4111=CARTESIAN_POINT('',(-5.9,11.7,6.));
#4112=CARTESIAN_POINT('',(-5.9,11.7,6.2));
#4113=CARTESIAN_POINT('',(5.9,11.7,6.));
#4114=CARTESIAN_POINT('',(-5.9,11.7,6.));
#4115=CARTESIAN_POINT('',(5.9,11.7,6.2));
#4116=CARTESIAN_POINT('',(5.9,11.7,6.));
#4117=CARTESIAN_POINT('',(-5.9,11.7,6.2));
#4118=CARTESIAN_POINT('Origin',(0.,0.,6.2));
#4119=CARTESIAN_POINT('Origin',(5.9,11.4,6.2));
#4120=CARTESIAN_POINT('Origin',(-5.9,11.4,6.2));
#4121=CARTESIAN_POINT('Origin',(-11.1,0.,6.2));
#4122=CARTESIAN_POINT('',(-11.1,-5.9,6.2));
#4123=CARTESIAN_POINT('',(-11.1,-5.9,0.));
#4124=CARTESIAN_POINT('',(-11.1,5.9,6.2));
#4125=CARTESIAN_POINT('',(-11.1,-5.9,6.2));
#4126=CARTESIAN_POINT('',(-11.1,5.9,6.2));
#4127=CARTESIAN_POINT('Origin',(-11.7,0.,6.2));
#4128=CARTESIAN_POINT('',(-11.7,5.9,6.));
#4129=CARTESIAN_POINT('',(-11.7,-5.9,6.));
#4130=CARTESIAN_POINT('',(-11.7,5.9,6.));
#4131=CARTESIAN_POINT('',(-11.7,5.9,6.2));
#4132=CARTESIAN_POINT('',(-11.7,5.9,6.));
#4133=CARTESIAN_POINT('',(-11.7,-5.9,6.2));
#4134=CARTESIAN_POINT('',(-11.7,5.9,6.2));
#4135=CARTESIAN_POINT('',(-11.7,-5.9,6.2));
#4136=CARTESIAN_POINT('Origin',(0.,0.,6.2));
#4137=CARTESIAN_POINT('Origin',(-11.4,-5.9,6.2));
#4138=CARTESIAN_POINT('Origin',(-11.4,5.9,6.2));
#4139=CARTESIAN_POINT('Origin',(11.1,0.,6.2));
#4140=CARTESIAN_POINT('',(11.1,5.9,6.2));
#4141=CARTESIAN_POINT('',(11.1,5.9,0.));
#4142=CARTESIAN_POINT('',(11.1,-5.9,6.2));
#4143=CARTESIAN_POINT('',(11.1,5.9,6.2));
#4144=CARTESIAN_POINT('',(11.1,-5.9,6.2));
#4145=CARTESIAN_POINT('Origin',(11.7,0.,6.2));
#4146=CARTESIAN_POINT('',(11.7,-5.9,6.));
#4147=CARTESIAN_POINT('',(11.7,5.9,6.));
#4148=CARTESIAN_POINT('',(11.7,-5.9,6.));
#4149=CARTESIAN_POINT('',(11.7,-5.9,6.2));
#4150=CARTESIAN_POINT('',(11.7,-5.9,6.));
#4151=CARTESIAN_POINT('',(11.7,5.9,6.2));
#4152=CARTESIAN_POINT('',(11.7,-5.9,6.2));
#4153=CARTESIAN_POINT('',(11.7,5.9,6.2));
#4154=CARTESIAN_POINT('Origin',(0.,0.,6.2));
#4155=CARTESIAN_POINT('Origin',(11.4,-5.9,6.2));
#4156=CARTESIAN_POINT('Origin',(11.4,5.9,6.2));
#4157=CARTESIAN_POINT('Origin',(0.,-11.1,6.2));
#4158=CARTESIAN_POINT('',(5.9,-11.1,6.2));
#4159=CARTESIAN_POINT('',(-5.9,-11.1,6.2));
#4160=CARTESIAN_POINT('',(5.9,-11.1,6.2));
#4161=CARTESIAN_POINT('',(-5.9,-11.1,6.2));
#4162=CARTESIAN_POINT('',(5.9,-11.1,0.));
#4163=CARTESIAN_POINT('Origin',(0.,-11.7,6.2));
#4164=CARTESIAN_POINT('',(5.9,-11.7,6.2));
#4165=CARTESIAN_POINT('',(5.9,-11.7,6.));
#4166=CARTESIAN_POINT('',(5.9,-11.7,6.2));
#4167=CARTESIAN_POINT('',(-5.9,-11.7,6.));
#4168=CARTESIAN_POINT('',(5.9,-11.7,6.));
#4169=CARTESIAN_POINT('',(-5.9,-11.7,6.2));
#4170=CARTESIAN_POINT('',(-5.9,-11.7,6.));
#4171=CARTESIAN_POINT('',(5.9,-11.7,6.2));
#4172=CARTESIAN_POINT('Origin',(0.,0.,6.2));
#4173=CARTESIAN_POINT('Origin',(-5.9,-11.4,6.2));
#4174=CARTESIAN_POINT('Origin',(5.9,-11.4,6.2));
#4175=CARTESIAN_POINT('Origin',(-5.9,11.4,6.2));
#4176=CARTESIAN_POINT('',(-6.,11.682842712,5.6));
#4177=CARTESIAN_POINT('Origin',(-5.9,11.4,5.6));
#4178=CARTESIAN_POINT('',(-6.,11.682842712,6.));
#4179=CARTESIAN_POINT('',(-6.,11.682842712,5.6));
#4180=CARTESIAN_POINT('Origin',(-5.9,11.4,6.));
#4181=CARTESIAN_POINT('Origin',(-11.4,5.9,6.2));
#4182=CARTESIAN_POINT('',(-11.682842712,6.,6.));
#4183=CARTESIAN_POINT('Origin',(-11.4,5.9,6.));
#4184=CARTESIAN_POINT('',(-11.682842712,6.,5.6));
#4185=CARTESIAN_POINT('',(-11.682842712,6.,6.));
#4186=CARTESIAN_POINT('Origin',(-11.4,5.9,5.6));
#4187=CARTESIAN_POINT('Origin',(-5.9,-11.4,6.2));
#4188=CARTESIAN_POINT('',(-6.,-11.682842712,6.));
#4189=CARTESIAN_POINT('',(-6.,-11.682842712,5.6));
#4190=CARTESIAN_POINT('',(-6.,-11.682842712,6.));
#4191=CARTESIAN_POINT('Origin',(-5.9,-11.4,5.6));
#4192=CARTESIAN_POINT('Origin',(-5.9,-11.4,6.));
#4193=CARTESIAN_POINT('Origin',(11.4,5.9,6.2));
#4194=CARTESIAN_POINT('',(11.682842712,6.,5.6));
#4195=CARTESIAN_POINT('Origin',(11.4,5.9,5.6));
#4196=CARTESIAN_POINT('',(11.682842712,6.,6.));
#4197=CARTESIAN_POINT('',(11.682842712,6.,5.6));
#4198=CARTESIAN_POINT('Origin',(11.4,5.9,6.));
#4199=CARTESIAN_POINT('Origin',(11.4,-5.9,6.2));
#4200=CARTESIAN_POINT('',(11.682842712,-6.,6.));
#4201=CARTESIAN_POINT('',(11.682842712,-6.,5.6));
#4202=CARTESIAN_POINT('',(11.682842712,-6.,6.));
#4203=CARTESIAN_POINT('Origin',(11.4,-5.9,5.6));
#4204=CARTESIAN_POINT('Origin',(11.4,-5.9,6.));
#4205=CARTESIAN_POINT('Origin',(-11.4,-5.9,6.2));
#4206=CARTESIAN_POINT('',(-11.682842712,-6.,5.6));
#4207=CARTESIAN_POINT('Origin',(-11.4,-5.9,5.6));
#4208=CARTESIAN_POINT('',(-11.682842712,-6.,6.));
#4209=CARTESIAN_POINT('',(-11.682842712,-6.,5.6));
#4210=CARTESIAN_POINT('Origin',(-11.4,-5.9,6.));
#4211=CARTESIAN_POINT('Origin',(5.9,-11.4,6.2));
#4212=CARTESIAN_POINT('',(6.,-11.682842712,5.6));
#4213=CARTESIAN_POINT('Origin',(5.9,-11.4,5.6));
#4214=CARTESIAN_POINT('',(6.,-11.682842712,6.));
#4215=CARTESIAN_POINT('',(6.,-11.682842712,5.6));
#4216=CARTESIAN_POINT('Origin',(5.9,-11.4,6.));
#4217=CARTESIAN_POINT('Origin',(5.9,11.4,6.2));
#4218=CARTESIAN_POINT('',(6.,11.682842712,6.));
#4219=CARTESIAN_POINT('Origin',(5.9,11.4,6.));
#4220=CARTESIAN_POINT('',(6.,11.682842712,5.6));
#4221=CARTESIAN_POINT('',(6.,11.682842712,6.));
#4222=CARTESIAN_POINT('Origin',(5.9,11.4,5.6));
#4223=CARTESIAN_POINT('Origin',(-11.698,6.,5.8));
#4224=CARTESIAN_POINT('',(-11.682842712,6.,6.));
#4225=CARTESIAN_POINT('',(-11.682842712,6.,5.6));
#4226=CARTESIAN_POINT('Origin',(-11.698,-6.,5.8));
#4227=CARTESIAN_POINT('',(-11.682842712,-6.,5.6));
#4228=CARTESIAN_POINT('',(-11.682842712,-6.,6.));
#4229=CARTESIAN_POINT('Origin',(-11.698,-3.,5.6));
#4230=CARTESIAN_POINT('Origin',(-11.698,0.,6.));
#4231=CARTESIAN_POINT('Origin',(-6.,-11.698,5.8));
#4232=CARTESIAN_POINT('',(-6.,-11.682842712,6.));
#4233=CARTESIAN_POINT('',(-6.,-11.682842712,5.6));
#4234=CARTESIAN_POINT('Origin',(6.,-11.698,5.8));
#4235=CARTESIAN_POINT('',(6.,-11.682842712,5.6));
#4236=CARTESIAN_POINT('',(6.,-11.682842712,6.));
#4237=CARTESIAN_POINT('Origin',(3.,-11.698,5.6));
#4238=CARTESIAN_POINT('Origin',(0.,-11.698,6.));
#4239=CARTESIAN_POINT('Origin',(11.698,6.,5.8));
#4240=CARTESIAN_POINT('',(11.682842712,6.,5.6));
#4241=CARTESIAN_POINT('',(11.682842712,6.,6.));
#4242=CARTESIAN_POINT('Origin',(11.698,3.,5.6));
#4243=CARTESIAN_POINT('',(11.682842712,-6.,5.6));
#4244=CARTESIAN_POINT('Origin',(11.698,0.,6.));
#4245=CARTESIAN_POINT('',(11.682842712,-6.,6.));
#4246=CARTESIAN_POINT('Origin',(11.698,-6.,5.8));
#4247=CARTESIAN_POINT('Origin',(-6.,11.698,5.8));
#4248=CARTESIAN_POINT('',(-6.,11.682842712,5.6));
#4249=CARTESIAN_POINT('',(-6.,11.682842712,6.));
#4250=CARTESIAN_POINT('Origin',(-3.,11.698,5.6));
#4251=CARTESIAN_POINT('',(6.,11.682842712,5.6));
#4252=CARTESIAN_POINT('Origin',(0.,11.698,6.));
#4253=CARTESIAN_POINT('',(6.,11.682842712,6.));
#4254=CARTESIAN_POINT('Origin',(6.,11.698,5.8));
#4255=CARTESIAN_POINT('',(0.,0.,0.));
#4256=CARTESIAN_POINT('',(0.,0.,0.));
#4257=UNCERTAINTY_MEASURE_WITH_UNIT(LENGTH_MEASURE(0.01),#4265,
'DISTANCE_ACCURACY_VALUE',
'Maximum model space distance between geometric entities at asserted c
onnectivities');
#4258=UNCERTAINTY_MEASURE_WITH_UNIT(LENGTH_MEASURE(0.01),#4265,
'DISTANCE_ACCURACY_VALUE',
'Maximum model space distance between geometric entities at asserted c
onnectivities');
#4259=UNCERTAINTY_MEASURE_WITH_UNIT(LENGTH_MEASURE(0.01),#4265,
'DISTANCE_ACCURACY_VALUE',
'Maximum model space distance between geometric entities at asserted c
onnectivities');
#4260=UNCERTAINTY_MEASURE_WITH_UNIT(LENGTH_MEASURE(0.01),#4265,
'DISTANCE_ACCURACY_VALUE',
'Maximum model space distance between geometric entities at asserted c
onnectivities');
#4261=(
GEOMETRIC_REPRESENTATION_CONTEXT(3)
GLOBAL_UNCERTAINTY_ASSIGNED_CONTEXT((#4257))
GLOBAL_UNIT_ASSIGNED_CONTEXT((#4265,#4267,#4268))
REPRESENTATION_CONTEXT('','3D')
);
#4262=(
GEOMETRIC_REPRESENTATION_CONTEXT(3)
GLOBAL_UNCERTAINTY_ASSIGNED_CONTEXT((#4258))
GLOBAL_UNIT_ASSIGNED_CONTEXT((#4265,#4267,#4268))
REPRESENTATION_CONTEXT('','3D')
);
#4263=(
GEOMETRIC_REPRESENTATION_CONTEXT(3)
GLOBAL_UNCERTAINTY_ASSIGNED_CONTEXT((#4259))
GLOBAL_UNIT_ASSIGNED_CONTEXT((#4265,#4267,#4268))
REPRESENTATION_CONTEXT('','3D')
);
#4264=(
GEOMETRIC_REPRESENTATION_CONTEXT(3)
GLOBAL_UNCERTAINTY_ASSIGNED_CONTEXT((#4260))
GLOBAL_UNIT_ASSIGNED_CONTEXT((#4265,#4267,#4268))
REPRESENTATION_CONTEXT('','3D')
);
#4265=(
LENGTH_UNIT()
NAMED_UNIT(*)
SI_UNIT(.MILLI.,.METRE.)
);
#4266=(
LENGTH_UNIT()
NAMED_UNIT(*)
SI_UNIT($,.METRE.)
);
#4267=(
NAMED_UNIT(*)
PLANE_ANGLE_UNIT()
SI_UNIT($,.RADIAN.)
);
#4268=(
NAMED_UNIT(*)
SI_UNIT($,.STERADIAN.)
SOLID_ANGLE_UNIT()
);
#4269=SHAPE_DEFINITION_REPRESENTATION(#4272,#4277);
#4270=SHAPE_DEFINITION_REPRESENTATION(#4273,#4278);
#4271=SHAPE_DEFINITION_REPRESENTATION(#4274,#4279);
#4272=PRODUCT_DEFINITION_SHAPE('',$,#4281);
#4273=PRODUCT_DEFINITION_SHAPE('',$,#4282);
#4274=PRODUCT_DEFINITION_SHAPE('',$,#4283);
#4275=PRODUCT_DEFINITION_SHAPE($,$,#17);
#4276=PRODUCT_DEFINITION_SHAPE($,$,#18);
#4277=SHAPE_REPRESENTATION('',(#2529,#2711,#2712),#4261);
#4278=SHAPE_REPRESENTATION('',(#2530),#4262);
#4279=SHAPE_REPRESENTATION('',(#2555),#4263);
#4280=PRODUCT_DEFINITION_CONTEXT('part definition',#4291,'design');
#4281=PRODUCT_DEFINITION('openGrid Bare Snap','openGrid hole Snap v4',#4284,
#4280);
#4282=PRODUCT_DEFINITION('Side Holders','Side Holders',#4285,#4280);
#4283=PRODUCT_DEFINITION('Snap','Snap',#4286,#4280);
#4284=PRODUCT_DEFINITION_FORMATION('',$,#4293);
#4285=PRODUCT_DEFINITION_FORMATION('',$,#4294);
#4286=PRODUCT_DEFINITION_FORMATION('',$,#4295);
#4287=PRODUCT_RELATED_PRODUCT_CATEGORY('openGrid hole Snap v4',
'openGrid hole Snap v4',(#4293));
#4288=PRODUCT_RELATED_PRODUCT_CATEGORY('Side Holders','Side Holders',(#4294));
#4289=PRODUCT_RELATED_PRODUCT_CATEGORY('Snap','Snap',(#4295));
#4290=APPLICATION_PROTOCOL_DEFINITION('international standard',
'automotive_design',2009,#4291);
#4291=APPLICATION_CONTEXT(
'Core Data for Automotive Mechanical Design Process');
#4292=PRODUCT_CONTEXT('part definition',#4291,'mechanical');
#4293=PRODUCT('openGrid Bare Snap','openGrid hole Snap v4',
'HOOPS Exchange Step',(#4292));
#4294=PRODUCT('Side Holders','Side Holders',$,(#4292));
#4295=PRODUCT('Snap','Snap',$,(#4292));
#4296=PRESENTATION_STYLE_ASSIGNMENT((#4298));
#4297=PRESENTATION_STYLE_ASSIGNMENT((#4299));
#4298=SURFACE_STYLE_USAGE(.BOTH.,#4300);
#4299=SURFACE_STYLE_USAGE(.BOTH.,#4301);
#4300=SURFACE_SIDE_STYLE('',(#4302));
#4301=SURFACE_SIDE_STYLE('',(#4303));
#4302=SURFACE_STYLE_FILL_AREA(#4304);
#4303=SURFACE_STYLE_FILL_AREA(#4305);
#4304=FILL_AREA_STYLE('Steel - Satin',(#4306));
#4305=FILL_AREA_STYLE('Opaque(126,126,134)',(#4307));
#4306=FILL_AREA_STYLE_COLOUR('Steel - Satin',#4308);
#4307=FILL_AREA_STYLE_COLOUR('Opaque(126,126,134)',#4309);
#4308=COLOUR_RGB('Steel - Satin',0.627450980392157,0.627450980392157,0.627450980392157);
#4309=COLOUR_RGB('Opaque(126,126,134)',0.494117647058824,0.494117647058824,
0.525490196078431);
ENDSEC;
END-ISO-10303-21;
