ISO-10303-21;
HEADER;
/* Generated by software containing ST-Developer
 * from STEP Tools, Inc. (www.steptools.com) 
 */

FILE_DESCRIPTION(
/* description */ ('Open CASCADE Model'),
/* implementation_level */ '2;1');

FILE_NAME(
/* name */ 'snap-quarter.step',
/* time_stamp */ '2026-08-12T17:09:43+08:00',
/* author */ (''),
/* organization */ (''),
/* preprocessor_version */ 'ST-DEVELOPER v20.1',
/* originating_system */ 'Autodesk Translation Framework v15.8.0.0',
/* authorisation */ '');

FILE_SCHEMA (('AUTOMOTIVE_DESIGN { 1 0 10303 214 3 1 1 }'));
ENDSEC;

DATA;
#10=MECHANICAL_DESIGN_GEOMETRIC_PRESENTATION_REPRESENTATION('',(#41,#42,
#43,#44,#45),#3750);
#11=ITEM_DEFINED_TRANSFORMATION($,$,#2314,#2475);
#12=ITEM_DEFINED_TRANSFORMATION($,$,#2447,#2476);
#13=ITEM_DEFINED_TRANSFORMATION($,$,#2454,#2477);
#14=ITEM_DEFINED_TRANSFORMATION($,$,#2461,#2478);
#15=ITEM_DEFINED_TRANSFORMATION($,$,#2468,#2479);
#16=(
REPRESENTATION_RELATIONSHIP($,$,#3773,#3772)
REPRESENTATION_RELATIONSHIP_WITH_TRANSFORMATION(#11)
SHAPE_REPRESENTATION_RELATIONSHIP()
);
#17=(
REPRESENTATION_RELATIONSHIP($,$,#3774,#3772)
REPRESENTATION_RELATIONSHIP_WITH_TRANSFORMATION(#12)
SHAPE_REPRESENTATION_RELATIONSHIP()
);
#18=(
REPRESENTATION_RELATIONSHIP($,$,#3775,#3772)
REPRESENTATION_RELATIONSHIP_WITH_TRANSFORMATION(#13)
SHAPE_REPRESENTATION_RELATIONSHIP()
);
#19=(
REPRESENTATION_RELATIONSHIP($,$,#3776,#3772)
REPRESENTATION_RELATIONSHIP_WITH_TRANSFORMATION(#14)
SHAPE_REPRESENTATION_RELATIONSHIP()
);
#20=(
REPRESENTATION_RELATIONSHIP($,$,#3777,#3772)
REPRESENTATION_RELATIONSHIP_WITH_TRANSFORMATION(#15)
SHAPE_REPRESENTATION_RELATIONSHIP()
);
#21=CONTEXT_DEPENDENT_SHAPE_REPRESENTATION(#16,#3767);
#22=CONTEXT_DEPENDENT_SHAPE_REPRESENTATION(#17,#3768);
#23=CONTEXT_DEPENDENT_SHAPE_REPRESENTATION(#18,#3769);
#24=CONTEXT_DEPENDENT_SHAPE_REPRESENTATION(#19,#3770);
#25=CONTEXT_DEPENDENT_SHAPE_REPRESENTATION(#20,#3771);
#26=NEXT_ASSEMBLY_USAGE_OCCURRENCE(
'Open CASCADE STEP translator 7.6 1.1:1',
'Open CASCADE STEP translator 7.6 1.1:1',
'Open CASCADE STEP translator 7.6 1.1:1',#3779,#3780,
'Open CASCADE STEP translator 7.6 1.1:1');
#27=NEXT_ASSEMBLY_USAGE_OCCURRENCE(
'Open CASCADE STEP translator 7.6 1.6:1',
'Open CASCADE STEP translator 7.6 1.6:1',
'Open CASCADE STEP translator 7.6 1.6:1',#3779,#3781,
'Open CASCADE STEP translator 7.6 1.6:1');
#28=NEXT_ASSEMBLY_USAGE_OCCURRENCE(
'Open CASCADE STEP translator 7.6 1.7:1',
'Open CASCADE STEP translator 7.6 1.7:1',
'Open CASCADE STEP translator 7.6 1.7:1',#3779,#3782,
'Open CASCADE STEP translator 7.6 1.7:1');
#29=NEXT_ASSEMBLY_USAGE_OCCURRENCE(
'Open CASCADE STEP translator 7.6 1.8:1',
'Open CASCADE STEP translator 7.6 1.8:1',
'Open CASCADE STEP translator 7.6 1.8:1',#3779,#3783,
'Open CASCADE STEP translator 7.6 1.8:1');
#30=NEXT_ASSEMBLY_USAGE_OCCURRENCE(
'Open CASCADE STEP translator 7.6 1.9:1',
'Open CASCADE STEP translator 7.6 1.9:1',
'Open CASCADE STEP translator 7.6 1.9:1',#3779,#3784,
'Open CASCADE STEP translator 7.6 1.9:1');
#31=SHAPE_REPRESENTATION_RELATIONSHIP('SRR','None',#3773,#36);
#32=SHAPE_REPRESENTATION_RELATIONSHIP('SRR','None',#3774,#37);
#33=SHAPE_REPRESENTATION_RELATIONSHIP('SRR','None',#3775,#38);
#34=SHAPE_REPRESENTATION_RELATIONSHIP('SRR','None',#3776,#39);
#35=SHAPE_REPRESENTATION_RELATIONSHIP('SRR','None',#3777,#40);
#36=ADVANCED_BREP_SHAPE_REPRESENTATION('',(#46),#3745);
#37=ADVANCED_BREP_SHAPE_REPRESENTATION('',(#47),#3746);
#38=ADVANCED_BREP_SHAPE_REPRESENTATION('',(#48),#3747);
#39=ADVANCED_BREP_SHAPE_REPRESENTATION('',(#49),#3748);
#40=ADVANCED_BREP_SHAPE_REPRESENTATION('',(#50),#3749);
#41=STYLED_ITEM('',(#3806),#46);
#42=STYLED_ITEM('',(#3806),#47);
#43=STYLED_ITEM('',(#3806),#48);
#44=STYLED_ITEM('',(#3806),#49);
#45=STYLED_ITEM('',(#3806),#50);
#46=MANIFOLD_SOLID_BREP('Body3',#2252);
#47=MANIFOLD_SOLID_BREP('Body1',#2253);
#48=MANIFOLD_SOLID_BREP('Body1',#2254);
#49=MANIFOLD_SOLID_BREP('Body1',#2255);
#50=MANIFOLD_SOLID_BREP('Body1',#2256);
#51=FACE_BOUND('',#282,.T.);
#52=CIRCLE('',#2317,0.302929204929916);
#53=CIRCLE('',#2318,0.302929204930421);
#54=CIRCLE('',#2319,0.30292920493203);
#55=CIRCLE('',#2320,0.30292920493203);
#56=CIRCLE('',#2322,0.302929204931175);
#57=CIRCLE('',#2327,0.30292920493203);
#58=CIRCLE('',#2330,0.302929204932039);
#59=CIRCLE('',#2333,0.302929204930418);
#60=CIRCLE('',#2336,0.302929204930922);
#61=CIRCLE('',#2340,0.302929204931235);
#62=CIRCLE('',#2342,0.302929204930829);
#63=CIRCLE('',#2344,0.302929204930759);
#64=CIRCLE('',#2345,0.302929204932025);
#65=CIRCLE('',#2346,0.302929204932025);
#66=CIRCLE('',#2347,0.302929204930418);
#67=CIRCLE('',#2362,0.30292920493077);
#68=CIRCLE('',#2367,2.5);
#69=CIRCLE('',#2368,0.30292920493083);
#70=CIRCLE('',#2369,0.302929204930843);
#71=CIRCLE('',#2373,0.302929204931308);
#72=CIRCLE('',#2376,0.302929204930914);
#73=CIRCLE('',#2379,2.5);
#74=CIRCLE('',#2382,2.5);
#75=CIRCLE('',#2384,0.302929204930837);
#76=CIRCLE('',#2385,2.5);
#77=CIRCLE('',#2387,0.30292920493203);
#78=CIRCLE('',#2393,2.5);
#79=CIRCLE('',#2397,2.5);
#80=CIRCLE('',#2398,2.5);
#81=CIRCLE('',#2399,0.302929204929915);
#82=CIRCLE('',#2402,0.302929204930922);
#83=CIRCLE('',#2403,0.30292920493121);
#84=CIRCLE('',#2404,0.30292920493121);
#85=CIRCLE('',#2408,2.5);
#86=CIRCLE('',#2410,2.5);
#87=CIRCLE('',#2413,0.30292920493203);
#88=CIRCLE('',#2416,2.5);
#89=CIRCLE('',#2419,0.302929204930421);
#90=CIRCLE('',#2423,0.302929204931308);
#91=CIRCLE('',#2426,0.302929204930917);
#92=CIRCLE('',#2432,0.302929204931308);
#93=CIRCLE('',#2437,0.302929204930982);
#94=CYLINDRICAL_SURFACE('',#2316,0.302929204929916);
#95=CYLINDRICAL_SURFACE('',#2341,0.302929204930829);
#96=CYLINDRICAL_SURFACE('',#2343,0.302929204930759);
#97=CYLINDRICAL_SURFACE('',#2361,0.30292920493077);
#98=CYLINDRICAL_SURFACE('',#2401,0.30292920493083);
#99=CYLINDRICAL_SURFACE('',#2418,0.302929204929915);
#100=CYLINDRICAL_SURFACE('',#2431,0.302929204930843);
#101=CYLINDRICAL_SURFACE('',#2436,0.302929204930837);
#102=CYLINDRICAL_SURFACE('',#2443,2.5);
#103=FACE_OUTER_BOUND('',#217,.T.);
#104=FACE_OUTER_BOUND('',#218,.T.);
#105=FACE_OUTER_BOUND('',#219,.T.);
#106=FACE_OUTER_BOUND('',#220,.T.);
#107=FACE_OUTER_BOUND('',#221,.T.);
#108=FACE_OUTER_BOUND('',#222,.T.);
#109=FACE_OUTER_BOUND('',#223,.T.);
#110=FACE_OUTER_BOUND('',#224,.T.);
#111=FACE_OUTER_BOUND('',#225,.T.);
#112=FACE_OUTER_BOUND('',#226,.T.);
#113=FACE_OUTER_BOUND('',#227,.T.);
#114=FACE_OUTER_BOUND('',#228,.T.);
#115=FACE_OUTER_BOUND('',#229,.T.);
#116=FACE_OUTER_BOUND('',#230,.T.);
#117=FACE_OUTER_BOUND('',#231,.T.);
#118=FACE_OUTER_BOUND('',#232,.T.);
#119=FACE_OUTER_BOUND('',#233,.T.);
#120=FACE_OUTER_BOUND('',#234,.T.);
#121=FACE_OUTER_BOUND('',#235,.T.);
#122=FACE_OUTER_BOUND('',#236,.T.);
#123=FACE_OUTER_BOUND('',#237,.T.);
#124=FACE_OUTER_BOUND('',#238,.T.);
#125=FACE_OUTER_BOUND('',#239,.T.);
#126=FACE_OUTER_BOUND('',#240,.T.);
#127=FACE_OUTER_BOUND('',#241,.T.);
#128=FACE_OUTER_BOUND('',#242,.T.);
#129=FACE_OUTER_BOUND('',#243,.T.);
#130=FACE_OUTER_BOUND('',#244,.T.);
#131=FACE_OUTER_BOUND('',#245,.T.);
#132=FACE_OUTER_BOUND('',#246,.T.);
#133=FACE_OUTER_BOUND('',#247,.T.);
#134=FACE_OUTER_BOUND('',#248,.T.);
#135=FACE_OUTER_BOUND('',#249,.T.);
#136=FACE_OUTER_BOUND('',#250,.T.);
#137=FACE_OUTER_BOUND('',#251,.T.);
#138=FACE_OUTER_BOUND('',#252,.T.);
#139=FACE_OUTER_BOUND('',#253,.T.);
#140=FACE_OUTER_BOUND('',#254,.T.);
#141=FACE_OUTER_BOUND('',#255,.T.);
#142=FACE_OUTER_BOUND('',#256,.T.);
#143=FACE_OUTER_BOUND('',#257,.T.);
#144=FACE_OUTER_BOUND('',#258,.T.);
#145=FACE_OUTER_BOUND('',#259,.T.);
#146=FACE_OUTER_BOUND('',#260,.T.);
#147=FACE_OUTER_BOUND('',#261,.T.);
#148=FACE_OUTER_BOUND('',#262,.T.);
#149=FACE_OUTER_BOUND('',#263,.T.);
#150=FACE_OUTER_BOUND('',#264,.T.);
#151=FACE_OUTER_BOUND('',#265,.T.);
#152=FACE_OUTER_BOUND('',#266,.T.);
#153=FACE_OUTER_BOUND('',#267,.T.);
#154=FACE_OUTER_BOUND('',#268,.T.);
#155=FACE_OUTER_BOUND('',#269,.T.);
#156=FACE_OUTER_BOUND('',#270,.T.);
#157=FACE_OUTER_BOUND('',#271,.T.);
#158=FACE_OUTER_BOUND('',#272,.T.);
#159=FACE_OUTER_BOUND('',#273,.T.);
#160=FACE_OUTER_BOUND('',#274,.T.);
#161=FACE_OUTER_BOUND('',#275,.T.);
#162=FACE_OUTER_BOUND('',#276,.T.);
#163=FACE_OUTER_BOUND('',#277,.T.);
#164=FACE_OUTER_BOUND('',#278,.T.);
#165=FACE_OUTER_BOUND('',#279,.T.);
#166=FACE_OUTER_BOUND('',#280,.T.);
#167=FACE_OUTER_BOUND('',#281,.T.);
#168=FACE_OUTER_BOUND('',#283,.T.);
#169=FACE_OUTER_BOUND('',#284,.T.);
#170=FACE_OUTER_BOUND('',#285,.T.);
#171=FACE_OUTER_BOUND('',#286,.T.);
#172=FACE_OUTER_BOUND('',#287,.T.);
#173=FACE_OUTER_BOUND('',#288,.T.);
#174=FACE_OUTER_BOUND('',#289,.T.);
#175=FACE_OUTER_BOUND('',#290,.T.);
#176=FACE_OUTER_BOUND('',#291,.T.);
#177=FACE_OUTER_BOUND('',#292,.T.);
#178=FACE_OUTER_BOUND('',#293,.T.);
#179=FACE_OUTER_BOUND('',#294,.T.);
#180=FACE_OUTER_BOUND('',#295,.T.);
#181=FACE_OUTER_BOUND('',#296,.T.);
#182=FACE_OUTER_BOUND('',#297,.T.);
#183=FACE_OUTER_BOUND('',#298,.T.);
#184=FACE_OUTER_BOUND('',#299,.T.);
#185=FACE_OUTER_BOUND('',#300,.T.);
#186=FACE_OUTER_BOUND('',#301,.T.);
#187=FACE_OUTER_BOUND('',#302,.T.);
#188=FACE_OUTER_BOUND('',#303,.T.);
#189=FACE_OUTER_BOUND('',#304,.T.);
#190=FACE_OUTER_BOUND('',#305,.T.);
#191=FACE_OUTER_BOUND('',#306,.T.);
#192=FACE_OUTER_BOUND('',#307,.T.);
#193=FACE_OUTER_BOUND('',#308,.T.);
#194=FACE_OUTER_BOUND('',#309,.T.);
#195=FACE_OUTER_BOUND('',#310,.T.);
#196=FACE_OUTER_BOUND('',#311,.T.);
#197=FACE_OUTER_BOUND('',#312,.T.);
#198=FACE_OUTER_BOUND('',#313,.T.);
#199=FACE_OUTER_BOUND('',#314,.T.);
#200=FACE_OUTER_BOUND('',#315,.T.);
#201=FACE_OUTER_BOUND('',#316,.T.);
#202=FACE_OUTER_BOUND('',#317,.T.);
#203=FACE_OUTER_BOUND('',#318,.T.);
#204=FACE_OUTER_BOUND('',#319,.T.);
#205=FACE_OUTER_BOUND('',#320,.T.);
#206=FACE_OUTER_BOUND('',#321,.T.);
#207=FACE_OUTER_BOUND('',#322,.T.);
#208=FACE_OUTER_BOUND('',#323,.T.);
#209=FACE_OUTER_BOUND('',#324,.T.);
#210=FACE_OUTER_BOUND('',#325,.T.);
#211=FACE_OUTER_BOUND('',#326,.T.);
#212=FACE_OUTER_BOUND('',#327,.T.);
#213=FACE_OUTER_BOUND('',#328,.T.);
#214=FACE_OUTER_BOUND('',#329,.T.);
#215=FACE_OUTER_BOUND('',#330,.T.);
#216=FACE_OUTER_BOUND('',#331,.T.);
#217=EDGE_LOOP('',(#1403,#1404,#1405,#1406));
#218=EDGE_LOOP('',(#1407,#1408,#1409,#1410,#1411,#1412,#1413,#1414));
#219=EDGE_LOOP('',(#1415,#1416,#1417,#1418));
#220=EDGE_LOOP('',(#1419,#1420,#1421,#1422,#1423,#1424));
#221=EDGE_LOOP('',(#1425,#1426,#1427,#1428));
#222=EDGE_LOOP('',(#1429,#1430,#1431,#1432));
#223=EDGE_LOOP('',(#1433,#1434,#1435,#1436));
#224=EDGE_LOOP('',(#1437,#1438,#1439,#1440));
#225=EDGE_LOOP('',(#1441,#1442,#1443,#1444));
#226=EDGE_LOOP('',(#1445,#1446,#1447,#1448));
#227=EDGE_LOOP('',(#1449,#1450,#1451,#1452));
#228=EDGE_LOOP('',(#1453,#1454,#1455,#1456,#1457,#1458));
#229=EDGE_LOOP('',(#1459,#1460,#1461,#1462));
#230=EDGE_LOOP('',(#1463,#1464,#1465,#1466));
#231=EDGE_LOOP('',(#1467,#1468,#1469,#1470));
#232=EDGE_LOOP('',(#1471,#1472,#1473,#1474));
#233=EDGE_LOOP('',(#1475,#1476,#1477,#1478,#1479,#1480,#1481,#1482));
#234=EDGE_LOOP('',(#1483,#1484,#1485,#1486,#1487,#1488,#1489,#1490));
#235=EDGE_LOOP('',(#1491,#1492,#1493,#1494));
#236=EDGE_LOOP('',(#1495,#1496,#1497,#1498));
#237=EDGE_LOOP('',(#1499,#1500,#1501,#1502,#1503,#1504,#1505,#1506,#1507,
#1508,#1509,#1510,#1511,#1512,#1513,#1514,#1515,#1516,#1517,#1518));
#238=EDGE_LOOP('',(#1519,#1520,#1521,#1522,#1523,#1524));
#239=EDGE_LOOP('',(#1525,#1526,#1527,#1528));
#240=EDGE_LOOP('',(#1529,#1530,#1531,#1532));
#241=EDGE_LOOP('',(#1533,#1534,#1535,#1536));
#242=EDGE_LOOP('',(#1537,#1538,#1539,#1540));
#243=EDGE_LOOP('',(#1541,#1542,#1543,#1544));
#244=EDGE_LOOP('',(#1545,#1546,#1547,#1548));
#245=EDGE_LOOP('',(#1549,#1550,#1551,#1552));
#246=EDGE_LOOP('',(#1553,#1554,#1555,#1556));
#247=EDGE_LOOP('',(#1557,#1558,#1559,#1560,#1561,#1562,#1563,#1564,#1565,
#1566,#1567,#1568,#1569,#1570,#1571,#1572,#1573,#1574,#1575,#1576));
#248=EDGE_LOOP('',(#1577,#1578,#1579,#1580,#1581,#1582,#1583,#1584));
#249=EDGE_LOOP('',(#1585,#1586,#1587,#1588));
#250=EDGE_LOOP('',(#1589,#1590,#1591,#1592));
#251=EDGE_LOOP('',(#1593,#1594,#1595,#1596,#1597,#1598));
#252=EDGE_LOOP('',(#1599,#1600,#1601,#1602,#1603,#1604,#1605,#1606,#1607,
#1608,#1609,#1610));
#253=EDGE_LOOP('',(#1611,#1612,#1613,#1614));
#254=EDGE_LOOP('',(#1615,#1616,#1617,#1618));
#255=EDGE_LOOP('',(#1619,#1620,#1621,#1622));
#256=EDGE_LOOP('',(#1623,#1624,#1625,#1626));
#257=EDGE_LOOP('',(#1627,#1628,#1629,#1630));
#258=EDGE_LOOP('',(#1631,#1632,#1633,#1634,#1635,#1636));
#259=EDGE_LOOP('',(#1637,#1638,#1639,#1640,#1641,#1642,#1643,#1644,#1645,
#1646,#1647,#1648));
#260=EDGE_LOOP('',(#1649,#1650,#1651,#1652));
#261=EDGE_LOOP('',(#1653,#1654,#1655,#1656,#1657,#1658));
#262=EDGE_LOOP('',(#1659,#1660,#1661,#1662,#1663,#1664,#1665,#1666,#1667,
#1668,#1669,#1670));
#263=EDGE_LOOP('',(#1671,#1672,#1673,#1674));
#264=EDGE_LOOP('',(#1675,#1676,#1677,#1678));
#265=EDGE_LOOP('',(#1679,#1680,#1681,#1682));
#266=EDGE_LOOP('',(#1683,#1684,#1685,#1686));
#267=EDGE_LOOP('',(#1687,#1688,#1689,#1690,#1691,#1692,#1693,#1694,#1695,
#1696,#1697,#1698,#1699,#1700,#1701,#1702,#1703,#1704,#1705,#1706));
#268=EDGE_LOOP('',(#1707,#1708,#1709,#1710,#1711,#1712));
#269=EDGE_LOOP('',(#1713,#1714,#1715,#1716));
#270=EDGE_LOOP('',(#1717,#1718,#1719,#1720,#1721,#1722,#1723,#1724,#1725,
#1726,#1727,#1728,#1729,#1730,#1731,#1732,#1733,#1734,#1735,#1736));
#271=EDGE_LOOP('',(#1737,#1738,#1739,#1740,#1741,#1742,#1743,#1744,#1745,
#1746,#1747,#1748,#1749));
#272=EDGE_LOOP('',(#1750,#1751,#1752,#1753));
#273=EDGE_LOOP('',(#1754,#1755,#1756,#1757,#1758,#1759,#1760,#1761));
#274=EDGE_LOOP('',(#1762,#1763,#1764,#1765,#1766,#1767));
#275=EDGE_LOOP('',(#1768,#1769,#1770,#1771));
#276=EDGE_LOOP('',(#1772,#1773,#1774,#1775,#1776,#1777));
#277=EDGE_LOOP('',(#1778,#1779,#1780,#1781,#1782,#1783));
#278=EDGE_LOOP('',(#1784,#1785,#1786,#1787));
#279=EDGE_LOOP('',(#1788,#1789,#1790,#1791));
#280=EDGE_LOOP('',(#1792,#1793,#1794,#1795));
#281=EDGE_LOOP('',(#1796,#1797,#1798,#1799,#1800,#1801,#1802,#1803));
#282=EDGE_LOOP('',(#1804));
#283=EDGE_LOOP('',(#1805,#1806,#1807,#1808));
#284=EDGE_LOOP('',(#1809,#1810,#1811,#1812,#1813,#1814,#1815,#1816));
#285=EDGE_LOOP('',(#1817,#1818,#1819,#1820,#1821,#1822));
#286=EDGE_LOOP('',(#1823,#1824,#1825,#1826));
#287=EDGE_LOOP('',(#1827,#1828,#1829,#1830));
#288=EDGE_LOOP('',(#1831,#1832,#1833,#1834));
#289=EDGE_LOOP('',(#1835,#1836,#1837,#1838));
#290=EDGE_LOOP('',(#1839,#1840,#1841,#1842,#1843,#1844));
#291=EDGE_LOOP('',(#1845,#1846,#1847,#1848));
#292=EDGE_LOOP('',(#1849,#1850,#1851,#1852));
#293=EDGE_LOOP('',(#1853,#1854,#1855,#1856));
#294=EDGE_LOOP('',(#1857,#1858,#1859,#1860,#1861,#1862,#1863,#1864));
#295=EDGE_LOOP('',(#1865,#1866,#1867,#1868));
#296=EDGE_LOOP('',(#1869,#1870,#1871,#1872));
#297=EDGE_LOOP('',(#1873,#1874,#1875,#1876));
#298=EDGE_LOOP('',(#1877,#1878,#1879,#1880,#1881,#1882,#1883,#1884));
#299=EDGE_LOOP('',(#1885,#1886,#1887,#1888));
#300=EDGE_LOOP('',(#1889,#1890,#1891,#1892));
#301=EDGE_LOOP('',(#1893,#1894,#1895,#1896));
#302=EDGE_LOOP('',(#1897,#1898,#1899,#1900));
#303=EDGE_LOOP('',(#1901,#1902,#1903,#1904));
#304=EDGE_LOOP('',(#1905,#1906,#1907,#1908,#1909,#1910,#1911,#1912,#1913,
#1914,#1915,#1916,#1917,#1918,#1919,#1920,#1921,#1922,#1923,#1924));
#305=EDGE_LOOP('',(#1925,#1926,#1927,#1928));
#306=EDGE_LOOP('',(#1929,#1930,#1931,#1932));
#307=EDGE_LOOP('',(#1933,#1934,#1935,#1936));
#308=EDGE_LOOP('',(#1937,#1938,#1939,#1940));
#309=EDGE_LOOP('',(#1941,#1942,#1943,#1944));
#310=EDGE_LOOP('',(#1945,#1946,#1947,#1948));
#311=EDGE_LOOP('',(#1949,#1950,#1951,#1952));
#312=EDGE_LOOP('',(#1953,#1954,#1955,#1956));
#313=EDGE_LOOP('',(#1957,#1958,#1959,#1960));
#314=EDGE_LOOP('',(#1961,#1962,#1963,#1964));
#315=EDGE_LOOP('',(#1965,#1966,#1967,#1968));
#316=EDGE_LOOP('',(#1969,#1970,#1971,#1972));
#317=EDGE_LOOP('',(#1973,#1974,#1975,#1976));
#318=EDGE_LOOP('',(#1977,#1978,#1979,#1980));
#319=EDGE_LOOP('',(#1981,#1982,#1983,#1984));
#320=EDGE_LOOP('',(#1985,#1986,#1987,#1988));
#321=EDGE_LOOP('',(#1989,#1990,#1991,#1992));
#322=EDGE_LOOP('',(#1993,#1994,#1995,#1996));
#323=EDGE_LOOP('',(#1997,#1998,#1999,#2000));
#324=EDGE_LOOP('',(#2001,#2002,#2003,#2004));
#325=EDGE_LOOP('',(#2005,#2006,#2007,#2008));
#326=EDGE_LOOP('',(#2009,#2010,#2011,#2012));
#327=EDGE_LOOP('',(#2013,#2014,#2015,#2016));
#328=EDGE_LOOP('',(#2017,#2018,#2019,#2020));
#329=EDGE_LOOP('',(#2021,#2022,#2023,#2024));
#330=EDGE_LOOP('',(#2025,#2026,#2027,#2028));
#331=EDGE_LOOP('',(#2029,#2030,#2031,#2032));
#332=LINE('',#3092,#605);
#333=LINE('',#3094,#606);
#334=LINE('',#3096,#607);
#335=LINE('',#3097,#608);
#336=LINE('',#3102,#609);
#337=LINE('',#3106,#610);
#338=LINE('',#3110,#611);
#339=LINE('',#3115,#612);
#340=LINE('',#3117,#613);
#341=LINE('',#3120,#614);
#342=LINE('',#3123,#615);
#343=LINE('',#3125,#616);
#344=LINE('',#3127,#617);
#345=LINE('',#3129,#618);
#346=LINE('',#3130,#619);
#347=LINE('',#3133,#620);
#348=LINE('',#3135,#621);
#349=LINE('',#3136,#622);
#350=LINE('',#3140,#623);
#351=LINE('',#3142,#624);
#352=LINE('',#3144,#625);
#353=LINE('',#3145,#626);
#354=LINE('',#3149,#627);
#355=LINE('',#3151,#628);
#356=LINE('',#3154,#629);
#357=LINE('',#3157,#630);
#358=LINE('',#3159,#631);
#359=LINE('',#3160,#632);
#360=LINE('',#3163,#633);
#361=LINE('',#3165,#634);
#362=LINE('',#3169,#635);
#363=LINE('',#3171,#636);
#364=LINE('',#3172,#637);
#365=LINE('',#3175,#638);
#366=LINE('',#3177,#639);
#367=LINE('',#3181,#640);
#368=LINE('',#3183,#641);
#369=LINE('',#3185,#642);
#370=LINE('',#3187,#643);
#371=LINE('',#3188,#644);
#372=LINE('',#3192,#645);
#373=LINE('',#3194,#646);
#374=LINE('',#3197,#647);
#375=LINE('',#3200,#648);
#376=LINE('',#3202,#649);
#377=LINE('',#3203,#650);
#378=LINE('',#3206,#651);
#379=LINE('',#3208,#652);
#380=LINE('',#3209,#653);
#381=LINE('',#3211,#654);
#382=LINE('',#3216,#655);
#383=LINE('',#3222,#656);
#384=LINE('',#3226,#657);
#385=LINE('',#3230,#658);
#386=LINE('',#3233,#659);
#387=LINE('',#3236,#660);
#388=LINE('',#3238,#661);
#389=LINE('',#3239,#662);
#390=LINE('',#3242,#663);
#391=LINE('',#3243,#664);
#392=LINE('',#3246,#665);
#393=LINE('',#3248,#666);
#394=LINE('',#3250,#667);
#395=LINE('',#3252,#668);
#396=LINE('',#3254,#669);
#397=LINE('',#3255,#670);
#398=LINE('',#3257,#671);
#399=LINE('',#3259,#672);
#400=LINE('',#3261,#673);
#401=LINE('',#3263,#674);
#402=LINE('',#3265,#675);
#403=LINE('',#3267,#676);
#404=LINE('',#3269,#677);
#405=LINE('',#3271,#678);
#406=LINE('',#3273,#679);
#407=LINE('',#3275,#680);
#408=LINE('',#3277,#681);
#409=LINE('',#3278,#682);
#410=LINE('',#3281,#683);
#411=LINE('',#3283,#684);
#412=LINE('',#3285,#685);
#413=LINE('',#3287,#686);
#414=LINE('',#3288,#687);
#415=LINE('',#3291,#688);
#416=LINE('',#3292,#689);
#417=LINE('',#3295,#690);
#418=LINE('',#3296,#691);
#419=LINE('',#3299,#692);
#420=LINE('',#3301,#693);
#421=LINE('',#3302,#694);
#422=LINE('',#3305,#695);
#423=LINE('',#3306,#696);
#424=LINE('',#3308,#697);
#425=LINE('',#3310,#698);
#426=LINE('',#3312,#699);
#427=LINE('',#3314,#700);
#428=LINE('',#3316,#701);
#429=LINE('',#3318,#702);
#430=LINE('',#3320,#703);
#431=LINE('',#3322,#704);
#432=LINE('',#3324,#705);
#433=LINE('',#3326,#706);
#434=LINE('',#3328,#707);
#435=LINE('',#3330,#708);
#436=LINE('',#3332,#709);
#437=LINE('',#3334,#710);
#438=LINE('',#3336,#711);
#439=LINE('',#3337,#712);
#440=LINE('',#3341,#713);
#441=LINE('',#3343,#714);
#442=LINE('',#3347,#715);
#443=LINE('',#3349,#716);
#444=LINE('',#3351,#717);
#445=LINE('',#3352,#718);
#446=LINE('',#3355,#719);
#447=LINE('',#3359,#720);
#448=LINE('',#3361,#721);
#449=LINE('',#3365,#722);
#450=LINE('',#3367,#723);
#451=LINE('',#3369,#724);
#452=LINE('',#3371,#725);
#453=LINE('',#3373,#726);
#454=LINE('',#3377,#727);
#455=LINE('',#3379,#728);
#456=LINE('',#3380,#729);
#457=LINE('',#3383,#730);
#458=LINE('',#3384,#731);
#459=LINE('',#3387,#732);
#460=LINE('',#3390,#733);
#461=LINE('',#3393,#734);
#462=LINE('',#3394,#735);
#463=LINE('',#3397,#736);
#464=LINE('',#3401,#737);
#465=LINE('',#3403,#738);
#466=LINE('',#3405,#739);
#467=LINE('',#3406,#740);
#468=LINE('',#3409,#741);
#469=LINE('',#3412,#742);
#470=LINE('',#3415,#743);
#471=LINE('',#3417,#744);
#472=LINE('',#3418,#745);
#473=LINE('',#3421,#746);
#474=LINE('',#3424,#747);
#475=LINE('',#3427,#748);
#476=LINE('',#3430,#749);
#477=LINE('',#3433,#750);
#478=LINE('',#3435,#751);
#479=LINE('',#3436,#752);
#480=LINE('',#3439,#753);
#481=LINE('',#3443,#754);
#482=LINE('',#3444,#755);
#483=LINE('',#3447,#756);
#484=LINE('',#3449,#757);
#485=LINE('',#3450,#758);
#486=LINE('',#3453,#759);
#487=LINE('',#3454,#760);
#488=LINE('',#3457,#761);
#489=LINE('',#3459,#762);
#490=LINE('',#3461,#763);
#491=LINE('',#3463,#764);
#492=LINE('',#3465,#765);
#493=LINE('',#3467,#766);
#494=LINE('',#3468,#767);
#495=LINE('',#3470,#768);
#496=LINE('',#3472,#769);
#497=LINE('',#3473,#770);
#498=LINE('',#3476,#771);
#499=LINE('',#3478,#772);
#500=LINE('',#3482,#773);
#501=LINE('',#3483,#774);
#502=LINE('',#3486,#775);
#503=LINE('',#3488,#776);
#504=LINE('',#3490,#777);
#505=LINE('',#3492,#778);
#506=LINE('',#3494,#779);
#507=LINE('',#3496,#780);
#508=LINE('',#3498,#781);
#509=LINE('',#3499,#782);
#510=LINE('',#3501,#783);
#511=LINE('',#3503,#784);
#512=LINE('',#3504,#785);
#513=LINE('',#3506,#786);
#514=LINE('',#3508,#787);
#515=LINE('',#3514,#788);
#516=LINE('',#3516,#789);
#517=LINE('',#3520,#790);
#518=LINE('',#3521,#791);
#519=LINE('',#3524,#792);
#520=LINE('',#3528,#793);
#521=LINE('',#3532,#794);
#522=LINE('',#3535,#795);
#523=LINE('',#3536,#796);
#524=LINE('',#3539,#797);
#525=LINE('',#3540,#798);
#526=LINE('',#3545,#799);
#527=LINE('',#3547,#800);
#528=LINE('',#3550,#801);
#529=LINE('',#3552,#802);
#530=LINE('',#3553,#803);
#531=LINE('',#3557,#804);
#532=LINE('',#3559,#805);
#533=LINE('',#3565,#806);
#534=LINE('',#3568,#807);
#535=LINE('',#3569,#808);
#536=LINE('',#3572,#809);
#537=LINE('',#3574,#810);
#538=LINE('',#3575,#811);
#539=LINE('',#3578,#812);
#540=LINE('',#3582,#813);
#541=LINE('',#3583,#814);
#542=LINE('',#3586,#815);
#543=LINE('',#3589,#816);
#544=LINE('',#3591,#817);
#545=LINE('',#3594,#818);
#546=LINE('',#3599,#819);
#547=LINE('',#3601,#820);
#548=LINE('',#3604,#821);
#549=LINE('',#3607,#822);
#550=LINE('',#3609,#823);
#551=LINE('',#3611,#824);
#552=LINE('',#3613,#825);
#553=LINE('',#3615,#826);
#554=LINE('',#3618,#827);
#555=LINE('',#3619,#828);
#556=LINE('',#3622,#829);
#557=LINE('',#3628,#830);
#558=LINE('',#3630,#831);
#559=LINE('',#3632,#832);
#560=LINE('',#3633,#833);
#561=LINE('',#3636,#834);
#562=LINE('',#3638,#835);
#563=LINE('',#3639,#836);
#564=LINE('',#3642,#837);
#565=LINE('',#3644,#838);
#566=LINE('',#3645,#839);
#567=LINE('',#3647,#840);
#568=LINE('',#3649,#841);
#569=LINE('',#3655,#842);
#570=LINE('',#3657,#843);
#571=LINE('',#3659,#844);
#572=LINE('',#3660,#845);
#573=LINE('',#3663,#846);
#574=LINE('',#3665,#847);
#575=LINE('',#3666,#848);
#576=LINE('',#3669,#849);
#577=LINE('',#3671,#850);
#578=LINE('',#3672,#851);
#579=LINE('',#3674,#852);
#580=LINE('',#3676,#853);
#581=LINE('',#3682,#854);
#582=LINE('',#3684,#855);
#583=LINE('',#3686,#856);
#584=LINE('',#3687,#857);
#585=LINE('',#3690,#858);
#586=LINE('',#3692,#859);
#587=LINE('',#3693,#860);
#588=LINE('',#3696,#861);
#589=LINE('',#3698,#862);
#590=LINE('',#3699,#863);
#591=LINE('',#3701,#864);
#592=LINE('',#3703,#865);
#593=LINE('',#3709,#866);
#594=LINE('',#3711,#867);
#595=LINE('',#3713,#868);
#596=LINE('',#3714,#869);
#597=LINE('',#3717,#870);
#598=LINE('',#3719,#871);
#599=LINE('',#3720,#872);
#600=LINE('',#3723,#873);
#601=LINE('',#3725,#874);
#602=LINE('',#3726,#875);
#603=LINE('',#3728,#876);
#604=LINE('',#3730,#877);
#605=VECTOR('',#2486,10.);
#606=VECTOR('',#2487,10.);
#607=VECTOR('',#2488,10.);
#608=VECTOR('',#2489,10.);
#609=VECTOR('',#2494,10.);
#610=VECTOR('',#2497,10.);
#611=VECTOR('',#2500,10.);
#612=VECTOR('',#2505,10.);
#613=VECTOR('',#2506,10.);
#614=VECTOR('',#2509,10.);
#615=VECTOR('',#2512,10.);
#616=VECTOR('',#2513,10.);
#617=VECTOR('',#2514,10.);
#618=VECTOR('',#2515,10.);
#619=VECTOR('',#2516,10.);
#620=VECTOR('',#2519,10.);
#621=VECTOR('',#2520,10.);
#622=VECTOR('',#2521,10.);
#623=VECTOR('',#2524,10.);
#624=VECTOR('',#2525,10.);
#625=VECTOR('',#2526,10.);
#626=VECTOR('',#2527,1.);
#627=VECTOR('',#2530,10.);
#628=VECTOR('',#2531,10.);
#629=VECTOR('',#2534,10.);
#630=VECTOR('',#2537,10.);
#631=VECTOR('',#2538,10.);
#632=VECTOR('',#2539,10.);
#633=VECTOR('',#2542,10.);
#634=VECTOR('',#2543,10.);
#635=VECTOR('',#2548,10.);
#636=VECTOR('',#2549,10.);
#637=VECTOR('',#2550,10.);
#638=VECTOR('',#2553,10.);
#639=VECTOR('',#2554,10.);
#640=VECTOR('',#2559,10.);
#641=VECTOR('',#2560,10.);
#642=VECTOR('',#2561,10.);
#643=VECTOR('',#2562,10.);
#644=VECTOR('',#2563,10.);
#645=VECTOR('',#2566,10.);
#646=VECTOR('',#2567,10.);
#647=VECTOR('',#2570,10.);
#648=VECTOR('',#2573,10.);
#649=VECTOR('',#2574,10.);
#650=VECTOR('',#2575,10.);
#651=VECTOR('',#2578,10.);
#652=VECTOR('',#2579,10.);
#653=VECTOR('',#2580,10.);
#654=VECTOR('',#2583,10.);
#655=VECTOR('',#2590,10.);
#656=VECTOR('',#2595,10.);
#657=VECTOR('',#2598,10.);
#658=VECTOR('',#2601,10.);
#659=VECTOR('',#2604,10.);
#660=VECTOR('',#2607,10.);
#661=VECTOR('',#2608,10.);
#662=VECTOR('',#2609,10.);
#663=VECTOR('',#2612,10.);
#664=VECTOR('',#2613,10.);
#665=VECTOR('',#2616,10.);
#666=VECTOR('',#2617,10.);
#667=VECTOR('',#2618,10.);
#668=VECTOR('',#2619,10.);
#669=VECTOR('',#2620,10.);
#670=VECTOR('',#2621,10.);
#671=VECTOR('',#2622,10.);
#672=VECTOR('',#2623,10.);
#673=VECTOR('',#2624,10.);
#674=VECTOR('',#2625,10.);
#675=VECTOR('',#2626,10.);
#676=VECTOR('',#2627,10.);
#677=VECTOR('',#2628,10.);
#678=VECTOR('',#2629,10.);
#679=VECTOR('',#2630,10.);
#680=VECTOR('',#2631,10.);
#681=VECTOR('',#2632,10.);
#682=VECTOR('',#2633,10.);
#683=VECTOR('',#2636,10.);
#684=VECTOR('',#2637,10.);
#685=VECTOR('',#2638,10.);
#686=VECTOR('',#2639,10.);
#687=VECTOR('',#2640,10.);
#688=VECTOR('',#2643,10.);
#689=VECTOR('',#2644,10.);
#690=VECTOR('',#2647,10.);
#691=VECTOR('',#2648,10.);
#692=VECTOR('',#2651,10.);
#693=VECTOR('',#2652,10.);
#694=VECTOR('',#2653,10.);
#695=VECTOR('',#2656,10.);
#696=VECTOR('',#2657,10.);
#697=VECTOR('',#2660,10.);
#698=VECTOR('',#2663,10.);
#699=VECTOR('',#2666,10.);
#700=VECTOR('',#2669,10.);
#701=VECTOR('',#2672,10.);
#702=VECTOR('',#2673,10.);
#703=VECTOR('',#2674,10.);
#704=VECTOR('',#2675,10.);
#705=VECTOR('',#2676,10.);
#706=VECTOR('',#2677,10.);
#707=VECTOR('',#2678,10.);
#708=VECTOR('',#2679,10.);
#709=VECTOR('',#2680,10.);
#710=VECTOR('',#2681,10.);
#711=VECTOR('',#2682,10.);
#712=VECTOR('',#2683,10.);
#713=VECTOR('',#2688,10.);
#714=VECTOR('',#2691,10.);
#715=VECTOR('',#2696,10.);
#716=VECTOR('',#2697,10.);
#717=VECTOR('',#2698,10.);
#718=VECTOR('',#2699,10.);
#719=VECTOR('',#2702,10.);
#720=VECTOR('',#2705,1.);
#721=VECTOR('',#2706,10.);
#722=VECTOR('',#2709,10.);
#723=VECTOR('',#2710,10.);
#724=VECTOR('',#2711,10.);
#725=VECTOR('',#2712,10.);
#726=VECTOR('',#2713,10.);
#727=VECTOR('',#2718,10.);
#728=VECTOR('',#2719,10.);
#729=VECTOR('',#2720,10.);
#730=VECTOR('',#2723,10.);
#731=VECTOR('',#2724,10.);
#732=VECTOR('',#2727,10.);
#733=VECTOR('',#2730,10.);
#734=VECTOR('',#2733,10.);
#735=VECTOR('',#2734,10.);
#736=VECTOR('',#2737,10.);
#737=VECTOR('',#2742,10.);
#738=VECTOR('',#2743,10.);
#739=VECTOR('',#2744,10.);
#740=VECTOR('',#2745,10.);
#741=VECTOR('',#2748,1.);
#742=VECTOR('',#2751,1.);
#743=VECTOR('',#2754,10.);
#744=VECTOR('',#2755,10.);
#745=VECTOR('',#2756,10.);
#746=VECTOR('',#2759,1.);
#747=VECTOR('',#2762,10.);
#748=VECTOR('',#2765,10.);
#749=VECTOR('',#2768,1.);
#750=VECTOR('',#2771,1.);
#751=VECTOR('',#2772,10.);
#752=VECTOR('',#2773,10.);
#753=VECTOR('',#2776,10.);
#754=VECTOR('',#2781,10.);
#755=VECTOR('',#2782,10.);
#756=VECTOR('',#2785,10.);
#757=VECTOR('',#2786,10.);
#758=VECTOR('',#2787,10.);
#759=VECTOR('',#2790,1.);
#760=VECTOR('',#2791,1.);
#761=VECTOR('',#2794,10.);
#762=VECTOR('',#2795,10.);
#763=VECTOR('',#2796,10.);
#764=VECTOR('',#2797,10.);
#765=VECTOR('',#2798,10.);
#766=VECTOR('',#2799,10.);
#767=VECTOR('',#2800,10.);
#768=VECTOR('',#2801,10.);
#769=VECTOR('',#2802,10.);
#770=VECTOR('',#2803,10.);
#771=VECTOR('',#2806,10.);
#772=VECTOR('',#2807,1.);
#773=VECTOR('',#2812,10.);
#774=VECTOR('',#2813,10.);
#775=VECTOR('',#2816,10.);
#776=VECTOR('',#2817,10.);
#777=VECTOR('',#2818,10.);
#778=VECTOR('',#2819,10.);
#779=VECTOR('',#2820,10.);
#780=VECTOR('',#2821,10.);
#781=VECTOR('',#2822,10.);
#782=VECTOR('',#2823,10.);
#783=VECTOR('',#2824,10.);
#784=VECTOR('',#2825,10.);
#785=VECTOR('',#2826,10.);
#786=VECTOR('',#2829,10.);
#787=VECTOR('',#2830,1.);
#788=VECTOR('',#2835,1.);
#789=VECTOR('',#2836,10.);
#790=VECTOR('',#2841,10.);
#791=VECTOR('',#2842,10.);
#792=VECTOR('',#2845,10.);
#793=VECTOR('',#2848,10.);
#794=VECTOR('',#2851,10.);
#795=VECTOR('',#2856,10.);
#796=VECTOR('',#2857,10.);
#797=VECTOR('',#2860,1.);
#798=VECTOR('',#2861,1.);
#799=VECTOR('',#2868,10.);
#800=VECTOR('',#2871,10.);
#801=VECTOR('',#2874,10.);
#802=VECTOR('',#2875,10.);
#803=VECTOR('',#2876,10.);
#804=VECTOR('',#2883,10.);
#805=VECTOR('',#2886,10.);
#806=VECTOR('',#2893,10.);
#807=VECTOR('',#2898,10.);
#808=VECTOR('',#2899,10.);
#809=VECTOR('',#2902,10.);
#810=VECTOR('',#2903,10.);
#811=VECTOR('',#2904,10.);
#812=VECTOR('',#2907,10.);
#813=VECTOR('',#2912,10.);
#814=VECTOR('',#2913,10.);
#815=VECTOR('',#2916,10.);
#816=VECTOR('',#2921,10.);
#817=VECTOR('',#2924,10.);
#818=VECTOR('',#2929,10.);
#819=VECTOR('',#2938,10.);
#820=VECTOR('',#2941,1.);
#821=VECTOR('',#2944,10.);
#822=VECTOR('',#2947,10.);
#823=VECTOR('',#2950,10.);
#824=VECTOR('',#2953,10.);
#825=VECTOR('',#2956,10.);
#826=VECTOR('',#2959,10.);
#827=VECTOR('',#2964,1.);
#828=VECTOR('',#2965,2.5);
#829=VECTOR('',#2970,10.);
#830=VECTOR('',#2977,10.);
#831=VECTOR('',#2978,10.);
#832=VECTOR('',#2979,10.);
#833=VECTOR('',#2980,10.);
#834=VECTOR('',#2983,10.);
#835=VECTOR('',#2984,10.);
#836=VECTOR('',#2985,10.);
#837=VECTOR('',#2988,10.);
#838=VECTOR('',#2989,10.);
#839=VECTOR('',#2990,10.);
#840=VECTOR('',#2993,10.);
#841=VECTOR('',#2996,10.);
#842=VECTOR('',#3003,10.);
#843=VECTOR('',#3004,10.);
#844=VECTOR('',#3005,10.);
#845=VECTOR('',#3006,10.);
#846=VECTOR('',#3009,10.);
#847=VECTOR('',#3010,10.);
#848=VECTOR('',#3011,10.);
#849=VECTOR('',#3014,10.);
#850=VECTOR('',#3015,10.);
#851=VECTOR('',#3016,10.);
#852=VECTOR('',#3019,10.);
#853=VECTOR('',#3022,10.);
#854=VECTOR('',#3029,10.);
#855=VECTOR('',#3030,10.);
#856=VECTOR('',#3031,10.);
#857=VECTOR('',#3032,10.);
#858=VECTOR('',#3035,10.);
#859=VECTOR('',#3036,10.);
#860=VECTOR('',#3037,10.);
#861=VECTOR('',#3040,10.);
#862=VECTOR('',#3041,10.);
#863=VECTOR('',#3042,10.);
#864=VECTOR('',#3045,10.);
#865=VECTOR('',#3048,10.);
#866=VECTOR('',#3055,10.);
#867=VECTOR('',#3056,10.);
#868=VECTOR('',#3057,10.);
#869=VECTOR('',#3058,10.);
#870=VECTOR('',#3061,10.);
#871=VECTOR('',#3062,10.);
#872=VECTOR('',#3063,10.);
#873=VECTOR('',#3066,10.);
#874=VECTOR('',#3067,10.);
#875=VECTOR('',#3068,10.);
#876=VECTOR('',#3071,10.);
#877=VECTOR('',#3074,10.);
#878=VERTEX_POINT('',#3090);
#879=VERTEX_POINT('',#3091);
#880=VERTEX_POINT('',#3093);
#881=VERTEX_POINT('',#3095);
#882=VERTEX_POINT('',#3099);
#883=VERTEX_POINT('',#3101);
#884=VERTEX_POINT('',#3103);
#885=VERTEX_POINT('',#3105);
#886=VERTEX_POINT('',#3107);
#887=VERTEX_POINT('',#3109);
#888=VERTEX_POINT('',#3113);
#889=VERTEX_POINT('',#3114);
#890=VERTEX_POINT('',#3116);
#891=VERTEX_POINT('',#3118);
#892=VERTEX_POINT('',#3122);
#893=VERTEX_POINT('',#3124);
#894=VERTEX_POINT('',#3126);
#895=VERTEX_POINT('',#3128);
#896=VERTEX_POINT('',#3132);
#897=VERTEX_POINT('',#3134);
#898=VERTEX_POINT('',#3138);
#899=VERTEX_POINT('',#3139);
#900=VERTEX_POINT('',#3141);
#901=VERTEX_POINT('',#3143);
#902=VERTEX_POINT('',#3147);
#903=VERTEX_POINT('',#3148);
#904=VERTEX_POINT('',#3150);
#905=VERTEX_POINT('',#3152);
#906=VERTEX_POINT('',#3156);
#907=VERTEX_POINT('',#3158);
#908=VERTEX_POINT('',#3162);
#909=VERTEX_POINT('',#3164);
#910=VERTEX_POINT('',#3168);
#911=VERTEX_POINT('',#3170);
#912=VERTEX_POINT('',#3174);
#913=VERTEX_POINT('',#3176);
#914=VERTEX_POINT('',#3180);
#915=VERTEX_POINT('',#3182);
#916=VERTEX_POINT('',#3184);
#917=VERTEX_POINT('',#3186);
#918=VERTEX_POINT('',#3190);
#919=VERTEX_POINT('',#3191);
#920=VERTEX_POINT('',#3193);
#921=VERTEX_POINT('',#3195);
#922=VERTEX_POINT('',#3199);
#923=VERTEX_POINT('',#3201);
#924=VERTEX_POINT('',#3205);
#925=VERTEX_POINT('',#3207);
#926=VERTEX_POINT('',#3214);
#927=VERTEX_POINT('',#3218);
#928=VERTEX_POINT('',#3219);
#929=VERTEX_POINT('',#3221);
#930=VERTEX_POINT('',#3223);
#931=VERTEX_POINT('',#3225);
#932=VERTEX_POINT('',#3227);
#933=VERTEX_POINT('',#3229);
#934=VERTEX_POINT('',#3231);
#935=VERTEX_POINT('',#3235);
#936=VERTEX_POINT('',#3237);
#937=VERTEX_POINT('',#3241);
#938=VERTEX_POINT('',#3245);
#939=VERTEX_POINT('',#3247);
#940=VERTEX_POINT('',#3249);
#941=VERTEX_POINT('',#3251);
#942=VERTEX_POINT('',#3253);
#943=VERTEX_POINT('',#3256);
#944=VERTEX_POINT('',#3258);
#945=VERTEX_POINT('',#3260);
#946=VERTEX_POINT('',#3262);
#947=VERTEX_POINT('',#3264);
#948=VERTEX_POINT('',#3266);
#949=VERTEX_POINT('',#3268);
#950=VERTEX_POINT('',#3270);
#951=VERTEX_POINT('',#3272);
#952=VERTEX_POINT('',#3274);
#953=VERTEX_POINT('',#3276);
#954=VERTEX_POINT('',#3280);
#955=VERTEX_POINT('',#3282);
#956=VERTEX_POINT('',#3284);
#957=VERTEX_POINT('',#3286);
#958=VERTEX_POINT('',#3290);
#959=VERTEX_POINT('',#3294);
#960=VERTEX_POINT('',#3298);
#961=VERTEX_POINT('',#3300);
#962=VERTEX_POINT('',#3304);
#963=VERTEX_POINT('',#3317);
#964=VERTEX_POINT('',#3319);
#965=VERTEX_POINT('',#3321);
#966=VERTEX_POINT('',#3323);
#967=VERTEX_POINT('',#3325);
#968=VERTEX_POINT('',#3327);
#969=VERTEX_POINT('',#3329);
#970=VERTEX_POINT('',#3331);
#971=VERTEX_POINT('',#3333);
#972=VERTEX_POINT('',#3335);
#973=VERTEX_POINT('',#3339);
#974=VERTEX_POINT('',#3346);
#975=VERTEX_POINT('',#3348);
#976=VERTEX_POINT('',#3350);
#977=VERTEX_POINT('',#3354);
#978=VERTEX_POINT('',#3356);
#979=VERTEX_POINT('',#3358);
#980=VERTEX_POINT('',#3360);
#981=VERTEX_POINT('',#3362);
#982=VERTEX_POINT('',#3364);
#983=VERTEX_POINT('',#3366);
#984=VERTEX_POINT('',#3368);
#985=VERTEX_POINT('',#3370);
#986=VERTEX_POINT('',#3372);
#987=VERTEX_POINT('',#3376);
#988=VERTEX_POINT('',#3378);
#989=VERTEX_POINT('',#3382);
#990=VERTEX_POINT('',#3386);
#991=VERTEX_POINT('',#3388);
#992=VERTEX_POINT('',#3392);
#993=VERTEX_POINT('',#3396);
#994=VERTEX_POINT('',#3400);
#995=VERTEX_POINT('',#3402);
#996=VERTEX_POINT('',#3404);
#997=VERTEX_POINT('',#3408);
#998=VERTEX_POINT('',#3410);
#999=VERTEX_POINT('',#3414);
#1000=VERTEX_POINT('',#3416);
#1001=VERTEX_POINT('',#3420);
#1002=VERTEX_POINT('',#3422);
#1003=VERTEX_POINT('',#3426);
#1004=VERTEX_POINT('',#3429);
#1005=VERTEX_POINT('',#3431);
#1006=VERTEX_POINT('',#3434);
#1007=VERTEX_POINT('',#3438);
#1008=VERTEX_POINT('',#3442);
#1009=VERTEX_POINT('',#3446);
#1010=VERTEX_POINT('',#3448);
#1011=VERTEX_POINT('',#3452);
#1012=VERTEX_POINT('',#3456);
#1013=VERTEX_POINT('',#3458);
#1014=VERTEX_POINT('',#3460);
#1015=VERTEX_POINT('',#3462);
#1016=VERTEX_POINT('',#3464);
#1017=VERTEX_POINT('',#3466);
#1018=VERTEX_POINT('',#3469);
#1019=VERTEX_POINT('',#3471);
#1020=VERTEX_POINT('',#3475);
#1021=VERTEX_POINT('',#3477);
#1022=VERTEX_POINT('',#3481);
#1023=VERTEX_POINT('',#3485);
#1024=VERTEX_POINT('',#3487);
#1025=VERTEX_POINT('',#3489);
#1026=VERTEX_POINT('',#3491);
#1027=VERTEX_POINT('',#3493);
#1028=VERTEX_POINT('',#3495);
#1029=VERTEX_POINT('',#3497);
#1030=VERTEX_POINT('',#3500);
#1031=VERTEX_POINT('',#3502);
#1032=VERTEX_POINT('',#3507);
#1033=VERTEX_POINT('',#3509);
#1034=VERTEX_POINT('',#3511);
#1035=VERTEX_POINT('',#3513);
#1036=VERTEX_POINT('',#3515);
#1037=VERTEX_POINT('',#3519);
#1038=VERTEX_POINT('',#3523);
#1039=VERTEX_POINT('',#3525);
#1040=VERTEX_POINT('',#3527);
#1041=VERTEX_POINT('',#3529);
#1042=VERTEX_POINT('',#3531);
#1043=VERTEX_POINT('',#3538);
#1044=VERTEX_POINT('',#3544);
#1045=VERTEX_POINT('',#3549);
#1046=VERTEX_POINT('',#3551);
#1047=VERTEX_POINT('',#3560);
#1048=VERTEX_POINT('',#3564);
#1049=VERTEX_POINT('',#3571);
#1050=VERTEX_POINT('',#3573);
#1051=VERTEX_POINT('',#3577);
#1052=VERTEX_POINT('',#3581);
#1053=VERTEX_POINT('',#3585);
#1054=VERTEX_POINT('',#3603);
#1055=VERTEX_POINT('',#3605);
#1056=VERTEX_POINT('',#3626);
#1057=VERTEX_POINT('',#3627);
#1058=VERTEX_POINT('',#3629);
#1059=VERTEX_POINT('',#3631);
#1060=VERTEX_POINT('',#3635);
#1061=VERTEX_POINT('',#3637);
#1062=VERTEX_POINT('',#3641);
#1063=VERTEX_POINT('',#3643);
#1064=VERTEX_POINT('',#3653);
#1065=VERTEX_POINT('',#3654);
#1066=VERTEX_POINT('',#3656);
#1067=VERTEX_POINT('',#3658);
#1068=VERTEX_POINT('',#3662);
#1069=VERTEX_POINT('',#3664);
#1070=VERTEX_POINT('',#3668);
#1071=VERTEX_POINT('',#3670);
#1072=VERTEX_POINT('',#3680);
#1073=VERTEX_POINT('',#3681);
#1074=VERTEX_POINT('',#3683);
#1075=VERTEX_POINT('',#3685);
#1076=VERTEX_POINT('',#3689);
#1077=VERTEX_POINT('',#3691);
#1078=VERTEX_POINT('',#3695);
#1079=VERTEX_POINT('',#3697);
#1080=VERTEX_POINT('',#3707);
#1081=VERTEX_POINT('',#3708);
#1082=VERTEX_POINT('',#3710);
#1083=VERTEX_POINT('',#3712);
#1084=VERTEX_POINT('',#3716);
#1085=VERTEX_POINT('',#3718);
#1086=VERTEX_POINT('',#3722);
#1087=VERTEX_POINT('',#3724);
#1088=EDGE_CURVE('',#878,#879,#332,.T.);
#1089=EDGE_CURVE('',#879,#880,#333,.T.);
#1090=EDGE_CURVE('',#880,#881,#334,.T.);
#1091=EDGE_CURVE('',#881,#878,#335,.T.);
#1092=EDGE_CURVE('',#879,#882,#52,.T.);
#1093=EDGE_CURVE('',#883,#882,#336,.T.);
#1094=EDGE_CURVE('',#884,#883,#53,.T.);
#1095=EDGE_CURVE('',#885,#884,#337,.T.);
#1096=EDGE_CURVE('',#885,#886,#54,.T.);
#1097=EDGE_CURVE('',#886,#887,#338,.T.);
#1098=EDGE_CURVE('',#887,#880,#55,.T.);
#1099=EDGE_CURVE('',#888,#889,#339,.T.);
#1100=EDGE_CURVE('',#889,#890,#340,.T.);
#1101=EDGE_CURVE('',#891,#890,#56,.T.);
#1102=EDGE_CURVE('',#891,#888,#341,.T.);
#1103=EDGE_CURVE('',#882,#892,#342,.T.);
#1104=EDGE_CURVE('',#892,#893,#343,.T.);
#1105=EDGE_CURVE('',#893,#894,#344,.T.);
#1106=EDGE_CURVE('',#894,#895,#345,.T.);
#1107=EDGE_CURVE('',#895,#883,#346,.T.);
#1108=EDGE_CURVE('',#889,#896,#347,.T.);
#1109=EDGE_CURVE('',#896,#897,#348,.T.);
#1110=EDGE_CURVE('',#897,#890,#349,.T.);
#1111=EDGE_CURVE('',#898,#899,#350,.T.);
#1112=EDGE_CURVE('',#899,#900,#351,.T.);
#1113=EDGE_CURVE('',#900,#901,#352,.T.);
#1114=EDGE_CURVE('',#901,#898,#353,.T.);
#1115=EDGE_CURVE('',#902,#903,#354,.T.);
#1116=EDGE_CURVE('',#904,#903,#355,.T.);
#1117=EDGE_CURVE('',#905,#904,#57,.T.);
#1118=EDGE_CURVE('',#905,#902,#356,.T.);
#1119=EDGE_CURVE('',#903,#906,#357,.T.);
#1120=EDGE_CURVE('',#907,#906,#358,.T.);
#1121=EDGE_CURVE('',#904,#907,#359,.T.);
#1122=EDGE_CURVE('',#906,#908,#360,.T.);
#1123=EDGE_CURVE('',#908,#909,#361,.T.);
#1124=EDGE_CURVE('',#907,#909,#58,.T.);
#1125=EDGE_CURVE('',#908,#910,#362,.T.);
#1126=EDGE_CURVE('',#910,#911,#363,.T.);
#1127=EDGE_CURVE('',#911,#909,#364,.T.);
#1128=EDGE_CURVE('',#910,#912,#365,.T.);
#1129=EDGE_CURVE('',#913,#912,#366,.T.);
#1130=EDGE_CURVE('',#913,#911,#59,.T.);
#1131=EDGE_CURVE('',#912,#914,#367,.T.);
#1132=EDGE_CURVE('',#914,#915,#368,.T.);
#1133=EDGE_CURVE('',#915,#916,#369,.T.);
#1134=EDGE_CURVE('',#916,#917,#370,.T.);
#1135=EDGE_CURVE('',#917,#913,#371,.T.);
#1136=EDGE_CURVE('',#918,#919,#372,.T.);
#1137=EDGE_CURVE('',#920,#919,#373,.T.);
#1138=EDGE_CURVE('',#920,#921,#60,.T.);
#1139=EDGE_CURVE('',#918,#921,#374,.T.);
#1140=EDGE_CURVE('',#919,#922,#375,.T.);
#1141=EDGE_CURVE('',#923,#922,#376,.T.);
#1142=EDGE_CURVE('',#923,#920,#377,.T.);
#1143=EDGE_CURVE('',#924,#888,#378,.T.);
#1144=EDGE_CURVE('',#925,#891,#379,.T.);
#1145=EDGE_CURVE('',#925,#924,#380,.T.);
#1146=EDGE_CURVE('',#922,#924,#381,.T.);
#1147=EDGE_CURVE('',#923,#925,#61,.T.);
#1148=EDGE_CURVE('',#897,#926,#62,.T.);
#1149=EDGE_CURVE('',#921,#926,#382,.T.);
#1150=EDGE_CURVE('',#927,#928,#63,.T.);
#1151=EDGE_CURVE('',#929,#928,#383,.T.);
#1152=EDGE_CURVE('',#929,#930,#64,.T.);
#1153=EDGE_CURVE('',#930,#931,#384,.T.);
#1154=EDGE_CURVE('',#931,#932,#65,.T.);
#1155=EDGE_CURVE('',#933,#932,#385,.T.);
#1156=EDGE_CURVE('',#934,#933,#66,.T.);
#1157=EDGE_CURVE('',#927,#934,#386,.T.);
#1158=EDGE_CURVE('',#928,#935,#387,.T.);
#1159=EDGE_CURVE('',#936,#935,#388,.T.);
#1160=EDGE_CURVE('',#936,#929,#389,.T.);
#1161=EDGE_CURVE('',#937,#936,#390,.T.);
#1162=EDGE_CURVE('',#930,#937,#391,.T.);
#1163=EDGE_CURVE('',#938,#878,#392,.T.);
#1164=EDGE_CURVE('',#939,#881,#393,.T.);
#1165=EDGE_CURVE('',#940,#939,#394,.T.);
#1166=EDGE_CURVE('',#941,#940,#395,.T.);
#1167=EDGE_CURVE('',#942,#941,#396,.T.);
#1168=EDGE_CURVE('',#895,#942,#397,.T.);
#1169=EDGE_CURVE('',#894,#943,#398,.T.);
#1170=EDGE_CURVE('',#943,#944,#399,.T.);
#1171=EDGE_CURVE('',#944,#945,#400,.T.);
#1172=EDGE_CURVE('',#945,#946,#401,.T.);
#1173=EDGE_CURVE('',#946,#947,#402,.T.);
#1174=EDGE_CURVE('',#947,#948,#403,.T.);
#1175=EDGE_CURVE('',#948,#949,#404,.T.);
#1176=EDGE_CURVE('',#949,#950,#405,.T.);
#1177=EDGE_CURVE('',#950,#951,#406,.T.);
#1178=EDGE_CURVE('',#951,#952,#407,.T.);
#1179=EDGE_CURVE('',#952,#953,#408,.T.);
#1180=EDGE_CURVE('',#953,#938,#409,.T.);
#1181=EDGE_CURVE('',#954,#927,#410,.T.);
#1182=EDGE_CURVE('',#934,#955,#411,.T.);
#1183=EDGE_CURVE('',#956,#955,#412,.T.);
#1184=EDGE_CURVE('',#956,#957,#413,.T.);
#1185=EDGE_CURVE('',#957,#954,#414,.T.);
#1186=EDGE_CURVE('',#955,#958,#415,.T.);
#1187=EDGE_CURVE('',#933,#958,#416,.T.);
#1188=EDGE_CURVE('',#958,#959,#417,.T.);
#1189=EDGE_CURVE('',#932,#959,#418,.T.);
#1190=EDGE_CURVE('',#960,#938,#419,.T.);
#1191=EDGE_CURVE('',#953,#961,#420,.T.);
#1192=EDGE_CURVE('',#960,#961,#421,.T.);
#1193=EDGE_CURVE('',#959,#962,#422,.T.);
#1194=EDGE_CURVE('',#931,#962,#423,.T.);
#1195=EDGE_CURVE('',#962,#937,#424,.T.);
#1196=EDGE_CURVE('',#942,#884,#425,.T.);
#1197=EDGE_CURVE('',#941,#885,#426,.T.);
#1198=EDGE_CURVE('',#886,#940,#427,.T.);
#1199=EDGE_CURVE('',#935,#960,#428,.T.);
#1200=EDGE_CURVE('',#961,#963,#429,.T.);
#1201=EDGE_CURVE('',#963,#964,#430,.T.);
#1202=EDGE_CURVE('',#964,#965,#431,.T.);
#1203=EDGE_CURVE('',#965,#966,#432,.T.);
#1204=EDGE_CURVE('',#966,#967,#433,.T.);
#1205=EDGE_CURVE('',#967,#968,#434,.T.);
#1206=EDGE_CURVE('',#968,#969,#435,.T.);
#1207=EDGE_CURVE('',#969,#970,#436,.T.);
#1208=EDGE_CURVE('',#970,#971,#437,.T.);
#1209=EDGE_CURVE('',#971,#972,#438,.T.);
#1210=EDGE_CURVE('',#972,#956,#439,.T.);
#1211=EDGE_CURVE('',#917,#973,#67,.T.);
#1212=EDGE_CURVE('',#905,#973,#440,.T.);
#1213=EDGE_CURVE('',#887,#939,#441,.T.);
#1214=EDGE_CURVE('',#974,#918,#442,.T.);
#1215=EDGE_CURVE('',#926,#975,#443,.T.);
#1216=EDGE_CURVE('',#975,#976,#444,.T.);
#1217=EDGE_CURVE('',#976,#974,#445,.T.);
#1218=EDGE_CURVE('',#977,#898,#446,.T.);
#1219=EDGE_CURVE('',#901,#978,#68,.T.);
#1220=EDGE_CURVE('',#978,#979,#447,.T.);
#1221=EDGE_CURVE('',#979,#980,#448,.T.);
#1222=EDGE_CURVE('',#980,#981,#69,.T.);
#1223=EDGE_CURVE('',#981,#982,#449,.T.);
#1224=EDGE_CURVE('',#982,#983,#450,.T.);
#1225=EDGE_CURVE('',#983,#984,#451,.T.);
#1226=EDGE_CURVE('',#984,#985,#452,.T.);
#1227=EDGE_CURVE('',#985,#986,#453,.T.);
#1228=EDGE_CURVE('',#986,#977,#70,.T.);
#1229=EDGE_CURVE('',#987,#979,#454,.T.);
#1230=EDGE_CURVE('',#978,#988,#455,.T.);
#1231=EDGE_CURVE('',#988,#987,#456,.T.);
#1232=EDGE_CURVE('',#989,#902,#457,.T.);
#1233=EDGE_CURVE('',#973,#989,#458,.T.);
#1234=EDGE_CURVE('',#946,#990,#459,.T.);
#1235=EDGE_CURVE('',#991,#990,#71,.T.);
#1236=EDGE_CURVE('',#991,#947,#460,.T.);
#1237=EDGE_CURVE('',#945,#992,#461,.T.);
#1238=EDGE_CURVE('',#992,#990,#462,.T.);
#1239=EDGE_CURVE('',#993,#944,#463,.T.);
#1240=EDGE_CURVE('',#993,#992,#72,.T.);
#1241=EDGE_CURVE('',#994,#943,#464,.T.);
#1242=EDGE_CURVE('',#995,#994,#465,.T.);
#1243=EDGE_CURVE('',#996,#995,#466,.T.);
#1244=EDGE_CURVE('',#996,#993,#467,.T.);
#1245=EDGE_CURVE('',#954,#997,#468,.T.);
#1246=EDGE_CURVE('',#997,#998,#73,.T.);
#1247=EDGE_CURVE('',#892,#998,#469,.T.);
#1248=EDGE_CURVE('',#999,#967,#470,.T.);
#1249=EDGE_CURVE('',#1000,#999,#471,.T.);
#1250=EDGE_CURVE('',#1000,#968,#472,.T.);
#1251=EDGE_CURVE('',#1001,#893,#473,.T.);
#1252=EDGE_CURVE('',#1001,#1002,#74,.T.);
#1253=EDGE_CURVE('',#994,#1002,#474,.T.);
#1254=EDGE_CURVE('',#950,#1003,#475,.T.);
#1255=EDGE_CURVE('',#1003,#996,#75,.T.);
#1256=EDGE_CURVE('',#1004,#995,#476,.T.);
#1257=EDGE_CURVE('',#1004,#1005,#76,.T.);
#1258=EDGE_CURVE('',#1005,#975,#477,.T.);
#1259=EDGE_CURVE('',#896,#1006,#478,.T.);
#1260=EDGE_CURVE('',#1006,#951,#479,.T.);
#1261=EDGE_CURVE('',#966,#1007,#480,.T.);
#1262=EDGE_CURVE('',#999,#1007,#77,.T.);
#1263=EDGE_CURVE('',#965,#1008,#481,.T.);
#1264=EDGE_CURVE('',#1008,#1007,#482,.T.);
#1265=EDGE_CURVE('',#985,#1009,#483,.T.);
#1266=EDGE_CURVE('',#1009,#1010,#484,.T.);
#1267=EDGE_CURVE('',#1010,#986,#485,.T.);
#1268=EDGE_CURVE('',#1011,#957,#486,.T.);
#1269=EDGE_CURVE('',#1011,#997,#487,.T.);
#1270=EDGE_CURVE('',#974,#1012,#488,.T.);
#1271=EDGE_CURVE('',#1013,#1012,#489,.T.);
#1272=EDGE_CURVE('',#1014,#1013,#490,.T.);
#1273=EDGE_CURVE('',#1015,#1014,#491,.T.);
#1274=EDGE_CURVE('',#1016,#1015,#492,.T.);
#1275=EDGE_CURVE('',#1017,#1016,#493,.T.);
#1276=EDGE_CURVE('',#1009,#1017,#494,.T.);
#1277=EDGE_CURVE('',#1018,#984,#495,.T.);
#1278=EDGE_CURVE('',#1019,#1018,#496,.T.);
#1279=EDGE_CURVE('',#1019,#1006,#497,.T.);
#1280=EDGE_CURVE('',#1020,#972,#498,.T.);
#1281=EDGE_CURVE('',#1020,#1021,#499,.T.);
#1282=EDGE_CURVE('',#1021,#1011,#78,.T.);
#1283=EDGE_CURVE('',#1022,#983,#500,.T.);
#1284=EDGE_CURVE('',#1018,#1022,#501,.T.);
#1285=EDGE_CURVE('',#982,#1023,#502,.T.);
#1286=EDGE_CURVE('',#1023,#1024,#503,.T.);
#1287=EDGE_CURVE('',#1024,#1025,#504,.T.);
#1288=EDGE_CURVE('',#1025,#1026,#505,.T.);
#1289=EDGE_CURVE('',#1026,#1027,#506,.T.);
#1290=EDGE_CURVE('',#1027,#1028,#507,.T.);
#1291=EDGE_CURVE('',#1028,#1029,#508,.T.);
#1292=EDGE_CURVE('',#1029,#914,#509,.T.);
#1293=EDGE_CURVE('',#989,#1030,#510,.T.);
#1294=EDGE_CURVE('',#1031,#1030,#511,.T.);
#1295=EDGE_CURVE('',#1031,#1022,#512,.T.);
#1296=EDGE_CURVE('',#1030,#964,#513,.T.);
#1297=EDGE_CURVE('',#916,#1032,#514,.T.);
#1298=EDGE_CURVE('',#1032,#1033,#79,.T.);
#1299=EDGE_CURVE('',#1033,#1034,#80,.T.);
#1300=EDGE_CURVE('',#1035,#1034,#515,.T.);
#1301=EDGE_CURVE('',#1036,#1035,#516,.T.);
#1302=EDGE_CURVE('',#1008,#1036,#81,.T.);
#1303=EDGE_CURVE('',#981,#1037,#517,.T.);
#1304=EDGE_CURVE('',#1037,#1023,#518,.T.);
#1305=EDGE_CURVE('',#1038,#980,#519,.T.);
#1306=EDGE_CURVE('',#1039,#1038,#82,.T.);
#1307=EDGE_CURVE('',#1040,#1039,#520,.T.);
#1308=EDGE_CURVE('',#1040,#1041,#83,.T.);
#1309=EDGE_CURVE('',#1041,#1042,#521,.T.);
#1310=EDGE_CURVE('',#1042,#1037,#84,.T.);
#1311=EDGE_CURVE('',#1029,#987,#522,.T.);
#1312=EDGE_CURVE('',#1028,#1038,#523,.T.);
#1313=EDGE_CURVE('',#915,#1043,#524,.T.);
#1314=EDGE_CURVE('',#1043,#1032,#525,.T.);
#1315=EDGE_CURVE('',#988,#1043,#85,.T.);
#1316=EDGE_CURVE('',#1044,#976,#526,.T.);
#1317=EDGE_CURVE('',#1044,#900,#86,.T.);
#1318=EDGE_CURVE('',#1012,#899,#527,.T.);
#1319=EDGE_CURVE('',#1045,#969,#528,.T.);
#1320=EDGE_CURVE('',#1045,#1046,#529,.T.);
#1321=EDGE_CURVE('',#1046,#970,#530,.T.);
#1322=EDGE_CURVE('',#1045,#1000,#87,.T.);
#1323=EDGE_CURVE('',#963,#1031,#531,.T.);
#1324=EDGE_CURVE('',#952,#1019,#532,.T.);
#1325=EDGE_CURVE('',#1047,#1047,#88,.T.);
#1326=EDGE_CURVE('',#1048,#1036,#533,.T.);
#1327=EDGE_CURVE('',#1046,#1048,#89,.T.);
#1328=EDGE_CURVE('',#971,#1048,#534,.T.);
#1329=EDGE_CURVE('',#1035,#1020,#535,.T.);
#1330=EDGE_CURVE('',#1049,#1016,#536,.T.);
#1331=EDGE_CURVE('',#1050,#1049,#537,.T.);
#1332=EDGE_CURVE('',#1050,#1017,#538,.T.);
#1333=EDGE_CURVE('',#1051,#1015,#539,.T.);
#1334=EDGE_CURVE('',#1049,#1051,#90,.T.);
#1335=EDGE_CURVE('',#1052,#1014,#540,.T.);
#1336=EDGE_CURVE('',#1052,#1051,#541,.T.);
#1337=EDGE_CURVE('',#1053,#1013,#542,.T.);
#1338=EDGE_CURVE('',#1053,#1052,#91,.T.);
#1339=EDGE_CURVE('',#977,#1053,#543,.T.);
#1340=EDGE_CURVE('',#1005,#1044,#544,.T.);
#1341=EDGE_CURVE('',#1002,#1004,#545,.T.);
#1342=EDGE_CURVE('',#1010,#1050,#92,.T.);
#1343=EDGE_CURVE('',#1042,#1024,#546,.T.);
#1344=EDGE_CURVE('',#1021,#1034,#547,.T.);
#1345=EDGE_CURVE('',#1054,#1003,#548,.T.);
#1346=EDGE_CURVE('',#1054,#1055,#93,.T.);
#1347=EDGE_CURVE('',#1055,#991,#549,.T.);
#1348=EDGE_CURVE('',#1054,#949,#550,.T.);
#1349=EDGE_CURVE('',#1027,#1039,#551,.T.);
#1350=EDGE_CURVE('',#1026,#1040,#552,.T.);
#1351=EDGE_CURVE('',#1041,#1025,#553,.T.);
#1352=EDGE_CURVE('',#1001,#998,#554,.T.);
#1353=EDGE_CURVE('',#1033,#1047,#555,.T.);
#1354=EDGE_CURVE('',#1055,#948,#556,.T.);
#1355=EDGE_CURVE('',#1056,#1057,#557,.T.);
#1356=EDGE_CURVE('',#1056,#1058,#558,.T.);
#1357=EDGE_CURVE('',#1058,#1059,#559,.T.);
#1358=EDGE_CURVE('',#1057,#1059,#560,.T.);
#1359=EDGE_CURVE('',#1060,#1059,#561,.T.);
#1360=EDGE_CURVE('',#1061,#1060,#562,.T.);
#1361=EDGE_CURVE('',#1061,#1057,#563,.T.);
#1362=EDGE_CURVE('',#1060,#1062,#564,.T.);
#1363=EDGE_CURVE('',#1062,#1063,#565,.T.);
#1364=EDGE_CURVE('',#1063,#1061,#566,.T.);
#1365=EDGE_CURVE('',#1063,#1056,#567,.T.);
#1366=EDGE_CURVE('',#1058,#1062,#568,.T.);
#1367=EDGE_CURVE('',#1064,#1065,#569,.T.);
#1368=EDGE_CURVE('',#1064,#1066,#570,.T.);
#1369=EDGE_CURVE('',#1066,#1067,#571,.T.);
#1370=EDGE_CURVE('',#1065,#1067,#572,.T.);
#1371=EDGE_CURVE('',#1068,#1067,#573,.T.);
#1372=EDGE_CURVE('',#1069,#1068,#574,.T.);
#1373=EDGE_CURVE('',#1069,#1065,#575,.T.);
#1374=EDGE_CURVE('',#1068,#1070,#576,.T.);
#1375=EDGE_CURVE('',#1070,#1071,#577,.T.);
#1376=EDGE_CURVE('',#1071,#1069,#578,.T.);
#1377=EDGE_CURVE('',#1071,#1064,#579,.T.);
#1378=EDGE_CURVE('',#1066,#1070,#580,.T.);
#1379=EDGE_CURVE('',#1072,#1073,#581,.T.);
#1380=EDGE_CURVE('',#1072,#1074,#582,.T.);
#1381=EDGE_CURVE('',#1074,#1075,#583,.T.);
#1382=EDGE_CURVE('',#1073,#1075,#584,.T.);
#1383=EDGE_CURVE('',#1076,#1075,#585,.T.);
#1384=EDGE_CURVE('',#1077,#1076,#586,.T.);
#1385=EDGE_CURVE('',#1077,#1073,#587,.T.);
#1386=EDGE_CURVE('',#1076,#1078,#588,.T.);
#1387=EDGE_CURVE('',#1078,#1079,#589,.T.);
#1388=EDGE_CURVE('',#1079,#1077,#590,.T.);
#1389=EDGE_CURVE('',#1079,#1072,#591,.T.);
#1390=EDGE_CURVE('',#1074,#1078,#592,.T.);
#1391=EDGE_CURVE('',#1080,#1081,#593,.T.);
#1392=EDGE_CURVE('',#1080,#1082,#594,.T.);
#1393=EDGE_CURVE('',#1082,#1083,#595,.T.);
#1394=EDGE_CURVE('',#1081,#1083,#596,.T.);
#1395=EDGE_CURVE('',#1084,#1083,#597,.T.);
#1396=EDGE_CURVE('',#1085,#1084,#598,.T.);
#1397=EDGE_CURVE('',#1085,#1081,#599,.T.);
#1398=EDGE_CURVE('',#1084,#1086,#600,.T.);
#1399=EDGE_CURVE('',#1086,#1087,#601,.T.);
#1400=EDGE_CURVE('',#1087,#1085,#602,.T.);
#1401=EDGE_CURVE('',#1087,#1080,#603,.T.);
#1402=EDGE_CURVE('',#1082,#1086,#604,.T.);
#1403=ORIENTED_EDGE('',*,*,#1088,.T.);
#1404=ORIENTED_EDGE('',*,*,#1089,.T.);
#1405=ORIENTED_EDGE('',*,*,#1090,.T.);
#1406=ORIENTED_EDGE('',*,*,#1091,.T.);
#1407=ORIENTED_EDGE('',*,*,#1092,.T.);
#1408=ORIENTED_EDGE('',*,*,#1093,.F.);
#1409=ORIENTED_EDGE('',*,*,#1094,.F.);
#1410=ORIENTED_EDGE('',*,*,#1095,.F.);
#1411=ORIENTED_EDGE('',*,*,#1096,.T.);
#1412=ORIENTED_EDGE('',*,*,#1097,.T.);
#1413=ORIENTED_EDGE('',*,*,#1098,.T.);
#1414=ORIENTED_EDGE('',*,*,#1089,.F.);
#1415=ORIENTED_EDGE('',*,*,#1099,.T.);
#1416=ORIENTED_EDGE('',*,*,#1100,.T.);
#1417=ORIENTED_EDGE('',*,*,#1101,.F.);
#1418=ORIENTED_EDGE('',*,*,#1102,.T.);
#1419=ORIENTED_EDGE('',*,*,#1103,.T.);
#1420=ORIENTED_EDGE('',*,*,#1104,.T.);
#1421=ORIENTED_EDGE('',*,*,#1105,.T.);
#1422=ORIENTED_EDGE('',*,*,#1106,.T.);
#1423=ORIENTED_EDGE('',*,*,#1107,.T.);
#1424=ORIENTED_EDGE('',*,*,#1093,.T.);
#1425=ORIENTED_EDGE('',*,*,#1108,.T.);
#1426=ORIENTED_EDGE('',*,*,#1109,.T.);
#1427=ORIENTED_EDGE('',*,*,#1110,.T.);
#1428=ORIENTED_EDGE('',*,*,#1100,.F.);
#1429=ORIENTED_EDGE('',*,*,#1111,.T.);
#1430=ORIENTED_EDGE('',*,*,#1112,.T.);
#1431=ORIENTED_EDGE('',*,*,#1113,.T.);
#1432=ORIENTED_EDGE('',*,*,#1114,.T.);
#1433=ORIENTED_EDGE('',*,*,#1115,.T.);
#1434=ORIENTED_EDGE('',*,*,#1116,.F.);
#1435=ORIENTED_EDGE('',*,*,#1117,.F.);
#1436=ORIENTED_EDGE('',*,*,#1118,.T.);
#1437=ORIENTED_EDGE('',*,*,#1119,.T.);
#1438=ORIENTED_EDGE('',*,*,#1120,.F.);
#1439=ORIENTED_EDGE('',*,*,#1121,.F.);
#1440=ORIENTED_EDGE('',*,*,#1116,.T.);
#1441=ORIENTED_EDGE('',*,*,#1122,.T.);
#1442=ORIENTED_EDGE('',*,*,#1123,.T.);
#1443=ORIENTED_EDGE('',*,*,#1124,.F.);
#1444=ORIENTED_EDGE('',*,*,#1120,.T.);
#1445=ORIENTED_EDGE('',*,*,#1125,.T.);
#1446=ORIENTED_EDGE('',*,*,#1126,.T.);
#1447=ORIENTED_EDGE('',*,*,#1127,.T.);
#1448=ORIENTED_EDGE('',*,*,#1123,.F.);
#1449=ORIENTED_EDGE('',*,*,#1128,.T.);
#1450=ORIENTED_EDGE('',*,*,#1129,.F.);
#1451=ORIENTED_EDGE('',*,*,#1130,.T.);
#1452=ORIENTED_EDGE('',*,*,#1126,.F.);
#1453=ORIENTED_EDGE('',*,*,#1131,.T.);
#1454=ORIENTED_EDGE('',*,*,#1132,.T.);
#1455=ORIENTED_EDGE('',*,*,#1133,.T.);
#1456=ORIENTED_EDGE('',*,*,#1134,.T.);
#1457=ORIENTED_EDGE('',*,*,#1135,.T.);
#1458=ORIENTED_EDGE('',*,*,#1129,.T.);
#1459=ORIENTED_EDGE('',*,*,#1136,.T.);
#1460=ORIENTED_EDGE('',*,*,#1137,.F.);
#1461=ORIENTED_EDGE('',*,*,#1138,.T.);
#1462=ORIENTED_EDGE('',*,*,#1139,.F.);
#1463=ORIENTED_EDGE('',*,*,#1140,.T.);
#1464=ORIENTED_EDGE('',*,*,#1141,.F.);
#1465=ORIENTED_EDGE('',*,*,#1142,.T.);
#1466=ORIENTED_EDGE('',*,*,#1137,.T.);
#1467=ORIENTED_EDGE('',*,*,#1143,.T.);
#1468=ORIENTED_EDGE('',*,*,#1102,.F.);
#1469=ORIENTED_EDGE('',*,*,#1144,.F.);
#1470=ORIENTED_EDGE('',*,*,#1145,.T.);
#1471=ORIENTED_EDGE('',*,*,#1146,.T.);
#1472=ORIENTED_EDGE('',*,*,#1145,.F.);
#1473=ORIENTED_EDGE('',*,*,#1147,.F.);
#1474=ORIENTED_EDGE('',*,*,#1141,.T.);
#1475=ORIENTED_EDGE('',*,*,#1148,.T.);
#1476=ORIENTED_EDGE('',*,*,#1149,.F.);
#1477=ORIENTED_EDGE('',*,*,#1138,.F.);
#1478=ORIENTED_EDGE('',*,*,#1142,.F.);
#1479=ORIENTED_EDGE('',*,*,#1147,.T.);
#1480=ORIENTED_EDGE('',*,*,#1144,.T.);
#1481=ORIENTED_EDGE('',*,*,#1101,.T.);
#1482=ORIENTED_EDGE('',*,*,#1110,.F.);
#1483=ORIENTED_EDGE('',*,*,#1150,.T.);
#1484=ORIENTED_EDGE('',*,*,#1151,.F.);
#1485=ORIENTED_EDGE('',*,*,#1152,.T.);
#1486=ORIENTED_EDGE('',*,*,#1153,.T.);
#1487=ORIENTED_EDGE('',*,*,#1154,.T.);
#1488=ORIENTED_EDGE('',*,*,#1155,.F.);
#1489=ORIENTED_EDGE('',*,*,#1156,.F.);
#1490=ORIENTED_EDGE('',*,*,#1157,.F.);
#1491=ORIENTED_EDGE('',*,*,#1158,.T.);
#1492=ORIENTED_EDGE('',*,*,#1159,.F.);
#1493=ORIENTED_EDGE('',*,*,#1160,.T.);
#1494=ORIENTED_EDGE('',*,*,#1151,.T.);
#1495=ORIENTED_EDGE('',*,*,#1161,.F.);
#1496=ORIENTED_EDGE('',*,*,#1162,.F.);
#1497=ORIENTED_EDGE('',*,*,#1152,.F.);
#1498=ORIENTED_EDGE('',*,*,#1160,.F.);
#1499=ORIENTED_EDGE('',*,*,#1163,.T.);
#1500=ORIENTED_EDGE('',*,*,#1091,.F.);
#1501=ORIENTED_EDGE('',*,*,#1164,.F.);
#1502=ORIENTED_EDGE('',*,*,#1165,.F.);
#1503=ORIENTED_EDGE('',*,*,#1166,.F.);
#1504=ORIENTED_EDGE('',*,*,#1167,.F.);
#1505=ORIENTED_EDGE('',*,*,#1168,.F.);
#1506=ORIENTED_EDGE('',*,*,#1106,.F.);
#1507=ORIENTED_EDGE('',*,*,#1169,.T.);
#1508=ORIENTED_EDGE('',*,*,#1170,.T.);
#1509=ORIENTED_EDGE('',*,*,#1171,.T.);
#1510=ORIENTED_EDGE('',*,*,#1172,.T.);
#1511=ORIENTED_EDGE('',*,*,#1173,.T.);
#1512=ORIENTED_EDGE('',*,*,#1174,.T.);
#1513=ORIENTED_EDGE('',*,*,#1175,.T.);
#1514=ORIENTED_EDGE('',*,*,#1176,.T.);
#1515=ORIENTED_EDGE('',*,*,#1177,.T.);
#1516=ORIENTED_EDGE('',*,*,#1178,.T.);
#1517=ORIENTED_EDGE('',*,*,#1179,.T.);
#1518=ORIENTED_EDGE('',*,*,#1180,.T.);
#1519=ORIENTED_EDGE('',*,*,#1181,.T.);
#1520=ORIENTED_EDGE('',*,*,#1157,.T.);
#1521=ORIENTED_EDGE('',*,*,#1182,.T.);
#1522=ORIENTED_EDGE('',*,*,#1183,.F.);
#1523=ORIENTED_EDGE('',*,*,#1184,.T.);
#1524=ORIENTED_EDGE('',*,*,#1185,.T.);
#1525=ORIENTED_EDGE('',*,*,#1186,.F.);
#1526=ORIENTED_EDGE('',*,*,#1182,.F.);
#1527=ORIENTED_EDGE('',*,*,#1156,.T.);
#1528=ORIENTED_EDGE('',*,*,#1187,.T.);
#1529=ORIENTED_EDGE('',*,*,#1188,.F.);
#1530=ORIENTED_EDGE('',*,*,#1187,.F.);
#1531=ORIENTED_EDGE('',*,*,#1155,.T.);
#1532=ORIENTED_EDGE('',*,*,#1189,.T.);
#1533=ORIENTED_EDGE('',*,*,#1190,.T.);
#1534=ORIENTED_EDGE('',*,*,#1180,.F.);
#1535=ORIENTED_EDGE('',*,*,#1191,.T.);
#1536=ORIENTED_EDGE('',*,*,#1192,.F.);
#1537=ORIENTED_EDGE('',*,*,#1193,.F.);
#1538=ORIENTED_EDGE('',*,*,#1189,.F.);
#1539=ORIENTED_EDGE('',*,*,#1154,.F.);
#1540=ORIENTED_EDGE('',*,*,#1194,.T.);
#1541=ORIENTED_EDGE('',*,*,#1195,.F.);
#1542=ORIENTED_EDGE('',*,*,#1194,.F.);
#1543=ORIENTED_EDGE('',*,*,#1153,.F.);
#1544=ORIENTED_EDGE('',*,*,#1162,.T.);
#1545=ORIENTED_EDGE('',*,*,#1168,.T.);
#1546=ORIENTED_EDGE('',*,*,#1196,.T.);
#1547=ORIENTED_EDGE('',*,*,#1094,.T.);
#1548=ORIENTED_EDGE('',*,*,#1107,.F.);
#1549=ORIENTED_EDGE('',*,*,#1167,.T.);
#1550=ORIENTED_EDGE('',*,*,#1197,.T.);
#1551=ORIENTED_EDGE('',*,*,#1095,.T.);
#1552=ORIENTED_EDGE('',*,*,#1196,.F.);
#1553=ORIENTED_EDGE('',*,*,#1166,.T.);
#1554=ORIENTED_EDGE('',*,*,#1198,.F.);
#1555=ORIENTED_EDGE('',*,*,#1096,.F.);
#1556=ORIENTED_EDGE('',*,*,#1197,.F.);
#1557=ORIENTED_EDGE('',*,*,#1199,.T.);
#1558=ORIENTED_EDGE('',*,*,#1192,.T.);
#1559=ORIENTED_EDGE('',*,*,#1200,.T.);
#1560=ORIENTED_EDGE('',*,*,#1201,.T.);
#1561=ORIENTED_EDGE('',*,*,#1202,.T.);
#1562=ORIENTED_EDGE('',*,*,#1203,.T.);
#1563=ORIENTED_EDGE('',*,*,#1204,.T.);
#1564=ORIENTED_EDGE('',*,*,#1205,.T.);
#1565=ORIENTED_EDGE('',*,*,#1206,.T.);
#1566=ORIENTED_EDGE('',*,*,#1207,.T.);
#1567=ORIENTED_EDGE('',*,*,#1208,.T.);
#1568=ORIENTED_EDGE('',*,*,#1209,.T.);
#1569=ORIENTED_EDGE('',*,*,#1210,.T.);
#1570=ORIENTED_EDGE('',*,*,#1183,.T.);
#1571=ORIENTED_EDGE('',*,*,#1186,.T.);
#1572=ORIENTED_EDGE('',*,*,#1188,.T.);
#1573=ORIENTED_EDGE('',*,*,#1193,.T.);
#1574=ORIENTED_EDGE('',*,*,#1195,.T.);
#1575=ORIENTED_EDGE('',*,*,#1161,.T.);
#1576=ORIENTED_EDGE('',*,*,#1159,.T.);
#1577=ORIENTED_EDGE('',*,*,#1211,.T.);
#1578=ORIENTED_EDGE('',*,*,#1212,.F.);
#1579=ORIENTED_EDGE('',*,*,#1117,.T.);
#1580=ORIENTED_EDGE('',*,*,#1121,.T.);
#1581=ORIENTED_EDGE('',*,*,#1124,.T.);
#1582=ORIENTED_EDGE('',*,*,#1127,.F.);
#1583=ORIENTED_EDGE('',*,*,#1130,.F.);
#1584=ORIENTED_EDGE('',*,*,#1135,.F.);
#1585=ORIENTED_EDGE('',*,*,#1165,.T.);
#1586=ORIENTED_EDGE('',*,*,#1213,.F.);
#1587=ORIENTED_EDGE('',*,*,#1097,.F.);
#1588=ORIENTED_EDGE('',*,*,#1198,.T.);
#1589=ORIENTED_EDGE('',*,*,#1164,.T.);
#1590=ORIENTED_EDGE('',*,*,#1090,.F.);
#1591=ORIENTED_EDGE('',*,*,#1098,.F.);
#1592=ORIENTED_EDGE('',*,*,#1213,.T.);
#1593=ORIENTED_EDGE('',*,*,#1214,.T.);
#1594=ORIENTED_EDGE('',*,*,#1139,.T.);
#1595=ORIENTED_EDGE('',*,*,#1149,.T.);
#1596=ORIENTED_EDGE('',*,*,#1215,.T.);
#1597=ORIENTED_EDGE('',*,*,#1216,.T.);
#1598=ORIENTED_EDGE('',*,*,#1217,.T.);
#1599=ORIENTED_EDGE('',*,*,#1218,.T.);
#1600=ORIENTED_EDGE('',*,*,#1114,.F.);
#1601=ORIENTED_EDGE('',*,*,#1219,.T.);
#1602=ORIENTED_EDGE('',*,*,#1220,.T.);
#1603=ORIENTED_EDGE('',*,*,#1221,.T.);
#1604=ORIENTED_EDGE('',*,*,#1222,.T.);
#1605=ORIENTED_EDGE('',*,*,#1223,.T.);
#1606=ORIENTED_EDGE('',*,*,#1224,.T.);
#1607=ORIENTED_EDGE('',*,*,#1225,.T.);
#1608=ORIENTED_EDGE('',*,*,#1226,.T.);
#1609=ORIENTED_EDGE('',*,*,#1227,.T.);
#1610=ORIENTED_EDGE('',*,*,#1228,.T.);
#1611=ORIENTED_EDGE('',*,*,#1229,.T.);
#1612=ORIENTED_EDGE('',*,*,#1220,.F.);
#1613=ORIENTED_EDGE('',*,*,#1230,.T.);
#1614=ORIENTED_EDGE('',*,*,#1231,.T.);
#1615=ORIENTED_EDGE('',*,*,#1232,.T.);
#1616=ORIENTED_EDGE('',*,*,#1118,.F.);
#1617=ORIENTED_EDGE('',*,*,#1212,.T.);
#1618=ORIENTED_EDGE('',*,*,#1233,.T.);
#1619=ORIENTED_EDGE('',*,*,#1173,.F.);
#1620=ORIENTED_EDGE('',*,*,#1234,.T.);
#1621=ORIENTED_EDGE('',*,*,#1235,.F.);
#1622=ORIENTED_EDGE('',*,*,#1236,.T.);
#1623=ORIENTED_EDGE('',*,*,#1172,.F.);
#1624=ORIENTED_EDGE('',*,*,#1237,.T.);
#1625=ORIENTED_EDGE('',*,*,#1238,.T.);
#1626=ORIENTED_EDGE('',*,*,#1234,.F.);
#1627=ORIENTED_EDGE('',*,*,#1171,.F.);
#1628=ORIENTED_EDGE('',*,*,#1239,.F.);
#1629=ORIENTED_EDGE('',*,*,#1240,.T.);
#1630=ORIENTED_EDGE('',*,*,#1237,.F.);
#1631=ORIENTED_EDGE('',*,*,#1170,.F.);
#1632=ORIENTED_EDGE('',*,*,#1241,.F.);
#1633=ORIENTED_EDGE('',*,*,#1242,.F.);
#1634=ORIENTED_EDGE('',*,*,#1243,.F.);
#1635=ORIENTED_EDGE('',*,*,#1244,.T.);
#1636=ORIENTED_EDGE('',*,*,#1239,.T.);
#1637=ORIENTED_EDGE('',*,*,#1103,.F.);
#1638=ORIENTED_EDGE('',*,*,#1092,.F.);
#1639=ORIENTED_EDGE('',*,*,#1088,.F.);
#1640=ORIENTED_EDGE('',*,*,#1163,.F.);
#1641=ORIENTED_EDGE('',*,*,#1190,.F.);
#1642=ORIENTED_EDGE('',*,*,#1199,.F.);
#1643=ORIENTED_EDGE('',*,*,#1158,.F.);
#1644=ORIENTED_EDGE('',*,*,#1150,.F.);
#1645=ORIENTED_EDGE('',*,*,#1181,.F.);
#1646=ORIENTED_EDGE('',*,*,#1245,.T.);
#1647=ORIENTED_EDGE('',*,*,#1246,.T.);
#1648=ORIENTED_EDGE('',*,*,#1247,.F.);
#1649=ORIENTED_EDGE('',*,*,#1205,.F.);
#1650=ORIENTED_EDGE('',*,*,#1248,.F.);
#1651=ORIENTED_EDGE('',*,*,#1249,.F.);
#1652=ORIENTED_EDGE('',*,*,#1250,.T.);
#1653=ORIENTED_EDGE('',*,*,#1169,.F.);
#1654=ORIENTED_EDGE('',*,*,#1105,.F.);
#1655=ORIENTED_EDGE('',*,*,#1251,.F.);
#1656=ORIENTED_EDGE('',*,*,#1252,.T.);
#1657=ORIENTED_EDGE('',*,*,#1253,.F.);
#1658=ORIENTED_EDGE('',*,*,#1241,.T.);
#1659=ORIENTED_EDGE('',*,*,#1177,.F.);
#1660=ORIENTED_EDGE('',*,*,#1254,.T.);
#1661=ORIENTED_EDGE('',*,*,#1255,.T.);
#1662=ORIENTED_EDGE('',*,*,#1243,.T.);
#1663=ORIENTED_EDGE('',*,*,#1256,.F.);
#1664=ORIENTED_EDGE('',*,*,#1257,.T.);
#1665=ORIENTED_EDGE('',*,*,#1258,.T.);
#1666=ORIENTED_EDGE('',*,*,#1215,.F.);
#1667=ORIENTED_EDGE('',*,*,#1148,.F.);
#1668=ORIENTED_EDGE('',*,*,#1109,.F.);
#1669=ORIENTED_EDGE('',*,*,#1259,.T.);
#1670=ORIENTED_EDGE('',*,*,#1260,.T.);
#1671=ORIENTED_EDGE('',*,*,#1204,.F.);
#1672=ORIENTED_EDGE('',*,*,#1261,.T.);
#1673=ORIENTED_EDGE('',*,*,#1262,.F.);
#1674=ORIENTED_EDGE('',*,*,#1248,.T.);
#1675=ORIENTED_EDGE('',*,*,#1203,.F.);
#1676=ORIENTED_EDGE('',*,*,#1263,.T.);
#1677=ORIENTED_EDGE('',*,*,#1264,.T.);
#1678=ORIENTED_EDGE('',*,*,#1261,.F.);
#1679=ORIENTED_EDGE('',*,*,#1227,.F.);
#1680=ORIENTED_EDGE('',*,*,#1265,.T.);
#1681=ORIENTED_EDGE('',*,*,#1266,.T.);
#1682=ORIENTED_EDGE('',*,*,#1267,.T.);
#1683=ORIENTED_EDGE('',*,*,#1185,.F.);
#1684=ORIENTED_EDGE('',*,*,#1268,.F.);
#1685=ORIENTED_EDGE('',*,*,#1269,.T.);
#1686=ORIENTED_EDGE('',*,*,#1245,.F.);
#1687=ORIENTED_EDGE('',*,*,#1108,.F.);
#1688=ORIENTED_EDGE('',*,*,#1099,.F.);
#1689=ORIENTED_EDGE('',*,*,#1143,.F.);
#1690=ORIENTED_EDGE('',*,*,#1146,.F.);
#1691=ORIENTED_EDGE('',*,*,#1140,.F.);
#1692=ORIENTED_EDGE('',*,*,#1136,.F.);
#1693=ORIENTED_EDGE('',*,*,#1214,.F.);
#1694=ORIENTED_EDGE('',*,*,#1270,.T.);
#1695=ORIENTED_EDGE('',*,*,#1271,.F.);
#1696=ORIENTED_EDGE('',*,*,#1272,.F.);
#1697=ORIENTED_EDGE('',*,*,#1273,.F.);
#1698=ORIENTED_EDGE('',*,*,#1274,.F.);
#1699=ORIENTED_EDGE('',*,*,#1275,.F.);
#1700=ORIENTED_EDGE('',*,*,#1276,.F.);
#1701=ORIENTED_EDGE('',*,*,#1265,.F.);
#1702=ORIENTED_EDGE('',*,*,#1226,.F.);
#1703=ORIENTED_EDGE('',*,*,#1277,.F.);
#1704=ORIENTED_EDGE('',*,*,#1278,.F.);
#1705=ORIENTED_EDGE('',*,*,#1279,.T.);
#1706=ORIENTED_EDGE('',*,*,#1259,.F.);
#1707=ORIENTED_EDGE('',*,*,#1184,.F.);
#1708=ORIENTED_EDGE('',*,*,#1210,.F.);
#1709=ORIENTED_EDGE('',*,*,#1280,.F.);
#1710=ORIENTED_EDGE('',*,*,#1281,.T.);
#1711=ORIENTED_EDGE('',*,*,#1282,.T.);
#1712=ORIENTED_EDGE('',*,*,#1268,.T.);
#1713=ORIENTED_EDGE('',*,*,#1225,.F.);
#1714=ORIENTED_EDGE('',*,*,#1283,.F.);
#1715=ORIENTED_EDGE('',*,*,#1284,.F.);
#1716=ORIENTED_EDGE('',*,*,#1277,.T.);
#1717=ORIENTED_EDGE('',*,*,#1224,.F.);
#1718=ORIENTED_EDGE('',*,*,#1285,.T.);
#1719=ORIENTED_EDGE('',*,*,#1286,.T.);
#1720=ORIENTED_EDGE('',*,*,#1287,.T.);
#1721=ORIENTED_EDGE('',*,*,#1288,.T.);
#1722=ORIENTED_EDGE('',*,*,#1289,.T.);
#1723=ORIENTED_EDGE('',*,*,#1290,.T.);
#1724=ORIENTED_EDGE('',*,*,#1291,.T.);
#1725=ORIENTED_EDGE('',*,*,#1292,.T.);
#1726=ORIENTED_EDGE('',*,*,#1131,.F.);
#1727=ORIENTED_EDGE('',*,*,#1128,.F.);
#1728=ORIENTED_EDGE('',*,*,#1125,.F.);
#1729=ORIENTED_EDGE('',*,*,#1122,.F.);
#1730=ORIENTED_EDGE('',*,*,#1119,.F.);
#1731=ORIENTED_EDGE('',*,*,#1115,.F.);
#1732=ORIENTED_EDGE('',*,*,#1232,.F.);
#1733=ORIENTED_EDGE('',*,*,#1293,.T.);
#1734=ORIENTED_EDGE('',*,*,#1294,.F.);
#1735=ORIENTED_EDGE('',*,*,#1295,.T.);
#1736=ORIENTED_EDGE('',*,*,#1283,.T.);
#1737=ORIENTED_EDGE('',*,*,#1202,.F.);
#1738=ORIENTED_EDGE('',*,*,#1296,.F.);
#1739=ORIENTED_EDGE('',*,*,#1293,.F.);
#1740=ORIENTED_EDGE('',*,*,#1233,.F.);
#1741=ORIENTED_EDGE('',*,*,#1211,.F.);
#1742=ORIENTED_EDGE('',*,*,#1134,.F.);
#1743=ORIENTED_EDGE('',*,*,#1297,.T.);
#1744=ORIENTED_EDGE('',*,*,#1298,.T.);
#1745=ORIENTED_EDGE('',*,*,#1299,.T.);
#1746=ORIENTED_EDGE('',*,*,#1300,.F.);
#1747=ORIENTED_EDGE('',*,*,#1301,.F.);
#1748=ORIENTED_EDGE('',*,*,#1302,.F.);
#1749=ORIENTED_EDGE('',*,*,#1263,.F.);
#1750=ORIENTED_EDGE('',*,*,#1223,.F.);
#1751=ORIENTED_EDGE('',*,*,#1303,.T.);
#1752=ORIENTED_EDGE('',*,*,#1304,.T.);
#1753=ORIENTED_EDGE('',*,*,#1285,.F.);
#1754=ORIENTED_EDGE('',*,*,#1222,.F.);
#1755=ORIENTED_EDGE('',*,*,#1305,.F.);
#1756=ORIENTED_EDGE('',*,*,#1306,.F.);
#1757=ORIENTED_EDGE('',*,*,#1307,.F.);
#1758=ORIENTED_EDGE('',*,*,#1308,.T.);
#1759=ORIENTED_EDGE('',*,*,#1309,.T.);
#1760=ORIENTED_EDGE('',*,*,#1310,.T.);
#1761=ORIENTED_EDGE('',*,*,#1303,.F.);
#1762=ORIENTED_EDGE('',*,*,#1221,.F.);
#1763=ORIENTED_EDGE('',*,*,#1229,.F.);
#1764=ORIENTED_EDGE('',*,*,#1311,.F.);
#1765=ORIENTED_EDGE('',*,*,#1291,.F.);
#1766=ORIENTED_EDGE('',*,*,#1312,.T.);
#1767=ORIENTED_EDGE('',*,*,#1305,.T.);
#1768=ORIENTED_EDGE('',*,*,#1133,.F.);
#1769=ORIENTED_EDGE('',*,*,#1313,.T.);
#1770=ORIENTED_EDGE('',*,*,#1314,.T.);
#1771=ORIENTED_EDGE('',*,*,#1297,.F.);
#1772=ORIENTED_EDGE('',*,*,#1231,.F.);
#1773=ORIENTED_EDGE('',*,*,#1315,.T.);
#1774=ORIENTED_EDGE('',*,*,#1313,.F.);
#1775=ORIENTED_EDGE('',*,*,#1132,.F.);
#1776=ORIENTED_EDGE('',*,*,#1292,.F.);
#1777=ORIENTED_EDGE('',*,*,#1311,.T.);
#1778=ORIENTED_EDGE('',*,*,#1217,.F.);
#1779=ORIENTED_EDGE('',*,*,#1316,.F.);
#1780=ORIENTED_EDGE('',*,*,#1317,.T.);
#1781=ORIENTED_EDGE('',*,*,#1112,.F.);
#1782=ORIENTED_EDGE('',*,*,#1318,.F.);
#1783=ORIENTED_EDGE('',*,*,#1270,.F.);
#1784=ORIENTED_EDGE('',*,*,#1207,.F.);
#1785=ORIENTED_EDGE('',*,*,#1319,.F.);
#1786=ORIENTED_EDGE('',*,*,#1320,.T.);
#1787=ORIENTED_EDGE('',*,*,#1321,.T.);
#1788=ORIENTED_EDGE('',*,*,#1206,.F.);
#1789=ORIENTED_EDGE('',*,*,#1250,.F.);
#1790=ORIENTED_EDGE('',*,*,#1322,.F.);
#1791=ORIENTED_EDGE('',*,*,#1319,.T.);
#1792=ORIENTED_EDGE('',*,*,#1201,.F.);
#1793=ORIENTED_EDGE('',*,*,#1323,.T.);
#1794=ORIENTED_EDGE('',*,*,#1294,.T.);
#1795=ORIENTED_EDGE('',*,*,#1296,.T.);
#1796=ORIENTED_EDGE('',*,*,#1179,.F.);
#1797=ORIENTED_EDGE('',*,*,#1324,.T.);
#1798=ORIENTED_EDGE('',*,*,#1278,.T.);
#1799=ORIENTED_EDGE('',*,*,#1284,.T.);
#1800=ORIENTED_EDGE('',*,*,#1295,.F.);
#1801=ORIENTED_EDGE('',*,*,#1323,.F.);
#1802=ORIENTED_EDGE('',*,*,#1200,.F.);
#1803=ORIENTED_EDGE('',*,*,#1191,.F.);
#1804=ORIENTED_EDGE('',*,*,#1325,.F.);
#1805=ORIENTED_EDGE('',*,*,#1178,.F.);
#1806=ORIENTED_EDGE('',*,*,#1260,.F.);
#1807=ORIENTED_EDGE('',*,*,#1279,.F.);
#1808=ORIENTED_EDGE('',*,*,#1324,.F.);
#1809=ORIENTED_EDGE('',*,*,#1302,.T.);
#1810=ORIENTED_EDGE('',*,*,#1326,.F.);
#1811=ORIENTED_EDGE('',*,*,#1327,.F.);
#1812=ORIENTED_EDGE('',*,*,#1320,.F.);
#1813=ORIENTED_EDGE('',*,*,#1322,.T.);
#1814=ORIENTED_EDGE('',*,*,#1249,.T.);
#1815=ORIENTED_EDGE('',*,*,#1262,.T.);
#1816=ORIENTED_EDGE('',*,*,#1264,.F.);
#1817=ORIENTED_EDGE('',*,*,#1209,.F.);
#1818=ORIENTED_EDGE('',*,*,#1328,.T.);
#1819=ORIENTED_EDGE('',*,*,#1326,.T.);
#1820=ORIENTED_EDGE('',*,*,#1301,.T.);
#1821=ORIENTED_EDGE('',*,*,#1329,.T.);
#1822=ORIENTED_EDGE('',*,*,#1280,.T.);
#1823=ORIENTED_EDGE('',*,*,#1275,.T.);
#1824=ORIENTED_EDGE('',*,*,#1330,.F.);
#1825=ORIENTED_EDGE('',*,*,#1331,.F.);
#1826=ORIENTED_EDGE('',*,*,#1332,.T.);
#1827=ORIENTED_EDGE('',*,*,#1274,.T.);
#1828=ORIENTED_EDGE('',*,*,#1333,.F.);
#1829=ORIENTED_EDGE('',*,*,#1334,.F.);
#1830=ORIENTED_EDGE('',*,*,#1330,.T.);
#1831=ORIENTED_EDGE('',*,*,#1273,.T.);
#1832=ORIENTED_EDGE('',*,*,#1335,.F.);
#1833=ORIENTED_EDGE('',*,*,#1336,.T.);
#1834=ORIENTED_EDGE('',*,*,#1333,.T.);
#1835=ORIENTED_EDGE('',*,*,#1272,.T.);
#1836=ORIENTED_EDGE('',*,*,#1337,.F.);
#1837=ORIENTED_EDGE('',*,*,#1338,.T.);
#1838=ORIENTED_EDGE('',*,*,#1335,.T.);
#1839=ORIENTED_EDGE('',*,*,#1218,.F.);
#1840=ORIENTED_EDGE('',*,*,#1339,.T.);
#1841=ORIENTED_EDGE('',*,*,#1337,.T.);
#1842=ORIENTED_EDGE('',*,*,#1271,.T.);
#1843=ORIENTED_EDGE('',*,*,#1318,.T.);
#1844=ORIENTED_EDGE('',*,*,#1111,.F.);
#1845=ORIENTED_EDGE('',*,*,#1216,.F.);
#1846=ORIENTED_EDGE('',*,*,#1258,.F.);
#1847=ORIENTED_EDGE('',*,*,#1340,.T.);
#1848=ORIENTED_EDGE('',*,*,#1316,.T.);
#1849=ORIENTED_EDGE('',*,*,#1208,.F.);
#1850=ORIENTED_EDGE('',*,*,#1321,.F.);
#1851=ORIENTED_EDGE('',*,*,#1327,.T.);
#1852=ORIENTED_EDGE('',*,*,#1328,.F.);
#1853=ORIENTED_EDGE('',*,*,#1242,.T.);
#1854=ORIENTED_EDGE('',*,*,#1253,.T.);
#1855=ORIENTED_EDGE('',*,*,#1341,.T.);
#1856=ORIENTED_EDGE('',*,*,#1256,.T.);
#1857=ORIENTED_EDGE('',*,*,#1228,.F.);
#1858=ORIENTED_EDGE('',*,*,#1267,.F.);
#1859=ORIENTED_EDGE('',*,*,#1342,.T.);
#1860=ORIENTED_EDGE('',*,*,#1331,.T.);
#1861=ORIENTED_EDGE('',*,*,#1334,.T.);
#1862=ORIENTED_EDGE('',*,*,#1336,.F.);
#1863=ORIENTED_EDGE('',*,*,#1338,.F.);
#1864=ORIENTED_EDGE('',*,*,#1339,.F.);
#1865=ORIENTED_EDGE('',*,*,#1276,.T.);
#1866=ORIENTED_EDGE('',*,*,#1332,.F.);
#1867=ORIENTED_EDGE('',*,*,#1342,.F.);
#1868=ORIENTED_EDGE('',*,*,#1266,.F.);
#1869=ORIENTED_EDGE('',*,*,#1286,.F.);
#1870=ORIENTED_EDGE('',*,*,#1304,.F.);
#1871=ORIENTED_EDGE('',*,*,#1310,.F.);
#1872=ORIENTED_EDGE('',*,*,#1343,.T.);
#1873=ORIENTED_EDGE('',*,*,#1329,.F.);
#1874=ORIENTED_EDGE('',*,*,#1300,.T.);
#1875=ORIENTED_EDGE('',*,*,#1344,.F.);
#1876=ORIENTED_EDGE('',*,*,#1281,.F.);
#1877=ORIENTED_EDGE('',*,*,#1255,.F.);
#1878=ORIENTED_EDGE('',*,*,#1345,.F.);
#1879=ORIENTED_EDGE('',*,*,#1346,.T.);
#1880=ORIENTED_EDGE('',*,*,#1347,.T.);
#1881=ORIENTED_EDGE('',*,*,#1235,.T.);
#1882=ORIENTED_EDGE('',*,*,#1238,.F.);
#1883=ORIENTED_EDGE('',*,*,#1240,.F.);
#1884=ORIENTED_EDGE('',*,*,#1244,.F.);
#1885=ORIENTED_EDGE('',*,*,#1176,.F.);
#1886=ORIENTED_EDGE('',*,*,#1348,.F.);
#1887=ORIENTED_EDGE('',*,*,#1345,.T.);
#1888=ORIENTED_EDGE('',*,*,#1254,.F.);
#1889=ORIENTED_EDGE('',*,*,#1290,.F.);
#1890=ORIENTED_EDGE('',*,*,#1349,.T.);
#1891=ORIENTED_EDGE('',*,*,#1306,.T.);
#1892=ORIENTED_EDGE('',*,*,#1312,.F.);
#1893=ORIENTED_EDGE('',*,*,#1289,.F.);
#1894=ORIENTED_EDGE('',*,*,#1350,.T.);
#1895=ORIENTED_EDGE('',*,*,#1307,.T.);
#1896=ORIENTED_EDGE('',*,*,#1349,.F.);
#1897=ORIENTED_EDGE('',*,*,#1288,.F.);
#1898=ORIENTED_EDGE('',*,*,#1351,.F.);
#1899=ORIENTED_EDGE('',*,*,#1308,.F.);
#1900=ORIENTED_EDGE('',*,*,#1350,.F.);
#1901=ORIENTED_EDGE('',*,*,#1287,.F.);
#1902=ORIENTED_EDGE('',*,*,#1343,.F.);
#1903=ORIENTED_EDGE('',*,*,#1309,.F.);
#1904=ORIENTED_EDGE('',*,*,#1351,.T.);
#1905=ORIENTED_EDGE('',*,*,#1113,.F.);
#1906=ORIENTED_EDGE('',*,*,#1317,.F.);
#1907=ORIENTED_EDGE('',*,*,#1340,.F.);
#1908=ORIENTED_EDGE('',*,*,#1257,.F.);
#1909=ORIENTED_EDGE('',*,*,#1341,.F.);
#1910=ORIENTED_EDGE('',*,*,#1252,.F.);
#1911=ORIENTED_EDGE('',*,*,#1352,.T.);
#1912=ORIENTED_EDGE('',*,*,#1246,.F.);
#1913=ORIENTED_EDGE('',*,*,#1269,.F.);
#1914=ORIENTED_EDGE('',*,*,#1282,.F.);
#1915=ORIENTED_EDGE('',*,*,#1344,.T.);
#1916=ORIENTED_EDGE('',*,*,#1299,.F.);
#1917=ORIENTED_EDGE('',*,*,#1353,.T.);
#1918=ORIENTED_EDGE('',*,*,#1325,.T.);
#1919=ORIENTED_EDGE('',*,*,#1353,.F.);
#1920=ORIENTED_EDGE('',*,*,#1298,.F.);
#1921=ORIENTED_EDGE('',*,*,#1314,.F.);
#1922=ORIENTED_EDGE('',*,*,#1315,.F.);
#1923=ORIENTED_EDGE('',*,*,#1230,.F.);
#1924=ORIENTED_EDGE('',*,*,#1219,.F.);
#1925=ORIENTED_EDGE('',*,*,#1104,.F.);
#1926=ORIENTED_EDGE('',*,*,#1247,.T.);
#1927=ORIENTED_EDGE('',*,*,#1352,.F.);
#1928=ORIENTED_EDGE('',*,*,#1251,.T.);
#1929=ORIENTED_EDGE('',*,*,#1174,.F.);
#1930=ORIENTED_EDGE('',*,*,#1236,.F.);
#1931=ORIENTED_EDGE('',*,*,#1347,.F.);
#1932=ORIENTED_EDGE('',*,*,#1354,.T.);
#1933=ORIENTED_EDGE('',*,*,#1175,.F.);
#1934=ORIENTED_EDGE('',*,*,#1354,.F.);
#1935=ORIENTED_EDGE('',*,*,#1346,.F.);
#1936=ORIENTED_EDGE('',*,*,#1348,.T.);
#1937=ORIENTED_EDGE('',*,*,#1355,.F.);
#1938=ORIENTED_EDGE('',*,*,#1356,.T.);
#1939=ORIENTED_EDGE('',*,*,#1357,.T.);
#1940=ORIENTED_EDGE('',*,*,#1358,.F.);
#1941=ORIENTED_EDGE('',*,*,#1359,.F.);
#1942=ORIENTED_EDGE('',*,*,#1360,.F.);
#1943=ORIENTED_EDGE('',*,*,#1361,.T.);
#1944=ORIENTED_EDGE('',*,*,#1358,.T.);
#1945=ORIENTED_EDGE('',*,*,#1362,.T.);
#1946=ORIENTED_EDGE('',*,*,#1363,.T.);
#1947=ORIENTED_EDGE('',*,*,#1364,.T.);
#1948=ORIENTED_EDGE('',*,*,#1360,.T.);
#1949=ORIENTED_EDGE('',*,*,#1364,.F.);
#1950=ORIENTED_EDGE('',*,*,#1365,.T.);
#1951=ORIENTED_EDGE('',*,*,#1355,.T.);
#1952=ORIENTED_EDGE('',*,*,#1361,.F.);
#1953=ORIENTED_EDGE('',*,*,#1357,.F.);
#1954=ORIENTED_EDGE('',*,*,#1366,.T.);
#1955=ORIENTED_EDGE('',*,*,#1362,.F.);
#1956=ORIENTED_EDGE('',*,*,#1359,.T.);
#1957=ORIENTED_EDGE('',*,*,#1366,.F.);
#1958=ORIENTED_EDGE('',*,*,#1356,.F.);
#1959=ORIENTED_EDGE('',*,*,#1365,.F.);
#1960=ORIENTED_EDGE('',*,*,#1363,.F.);
#1961=ORIENTED_EDGE('',*,*,#1367,.F.);
#1962=ORIENTED_EDGE('',*,*,#1368,.T.);
#1963=ORIENTED_EDGE('',*,*,#1369,.T.);
#1964=ORIENTED_EDGE('',*,*,#1370,.F.);
#1965=ORIENTED_EDGE('',*,*,#1371,.F.);
#1966=ORIENTED_EDGE('',*,*,#1372,.F.);
#1967=ORIENTED_EDGE('',*,*,#1373,.T.);
#1968=ORIENTED_EDGE('',*,*,#1370,.T.);
#1969=ORIENTED_EDGE('',*,*,#1374,.T.);
#1970=ORIENTED_EDGE('',*,*,#1375,.T.);
#1971=ORIENTED_EDGE('',*,*,#1376,.T.);
#1972=ORIENTED_EDGE('',*,*,#1372,.T.);
#1973=ORIENTED_EDGE('',*,*,#1376,.F.);
#1974=ORIENTED_EDGE('',*,*,#1377,.T.);
#1975=ORIENTED_EDGE('',*,*,#1367,.T.);
#1976=ORIENTED_EDGE('',*,*,#1373,.F.);
#1977=ORIENTED_EDGE('',*,*,#1369,.F.);
#1978=ORIENTED_EDGE('',*,*,#1378,.T.);
#1979=ORIENTED_EDGE('',*,*,#1374,.F.);
#1980=ORIENTED_EDGE('',*,*,#1371,.T.);
#1981=ORIENTED_EDGE('',*,*,#1378,.F.);
#1982=ORIENTED_EDGE('',*,*,#1368,.F.);
#1983=ORIENTED_EDGE('',*,*,#1377,.F.);
#1984=ORIENTED_EDGE('',*,*,#1375,.F.);
#1985=ORIENTED_EDGE('',*,*,#1379,.F.);
#1986=ORIENTED_EDGE('',*,*,#1380,.T.);
#1987=ORIENTED_EDGE('',*,*,#1381,.T.);
#1988=ORIENTED_EDGE('',*,*,#1382,.F.);
#1989=ORIENTED_EDGE('',*,*,#1383,.F.);
#1990=ORIENTED_EDGE('',*,*,#1384,.F.);
#1991=ORIENTED_EDGE('',*,*,#1385,.T.);
#1992=ORIENTED_EDGE('',*,*,#1382,.T.);
#1993=ORIENTED_EDGE('',*,*,#1386,.T.);
#1994=ORIENTED_EDGE('',*,*,#1387,.T.);
#1995=ORIENTED_EDGE('',*,*,#1388,.T.);
#1996=ORIENTED_EDGE('',*,*,#1384,.T.);
#1997=ORIENTED_EDGE('',*,*,#1388,.F.);
#1998=ORIENTED_EDGE('',*,*,#1389,.T.);
#1999=ORIENTED_EDGE('',*,*,#1379,.T.);
#2000=ORIENTED_EDGE('',*,*,#1385,.F.);
#2001=ORIENTED_EDGE('',*,*,#1381,.F.);
#2002=ORIENTED_EDGE('',*,*,#1390,.T.);
#2003=ORIENTED_EDGE('',*,*,#1386,.F.);
#2004=ORIENTED_EDGE('',*,*,#1383,.T.);
#2005=ORIENTED_EDGE('',*,*,#1390,.F.);
#2006=ORIENTED_EDGE('',*,*,#1380,.F.);
#2007=ORIENTED_EDGE('',*,*,#1389,.F.);
#2008=ORIENTED_EDGE('',*,*,#1387,.F.);
#2009=ORIENTED_EDGE('',*,*,#1391,.F.);
#2010=ORIENTED_EDGE('',*,*,#1392,.T.);
#2011=ORIENTED_EDGE('',*,*,#1393,.T.);
#2012=ORIENTED_EDGE('',*,*,#1394,.F.);
#2013=ORIENTED_EDGE('',*,*,#1395,.F.);
#2014=ORIENTED_EDGE('',*,*,#1396,.F.);
#2015=ORIENTED_EDGE('',*,*,#1397,.T.);
#2016=ORIENTED_EDGE('',*,*,#1394,.T.);
#2017=ORIENTED_EDGE('',*,*,#1398,.T.);
#2018=ORIENTED_EDGE('',*,*,#1399,.T.);
#2019=ORIENTED_EDGE('',*,*,#1400,.T.);
#2020=ORIENTED_EDGE('',*,*,#1396,.T.);
#2021=ORIENTED_EDGE('',*,*,#1400,.F.);
#2022=ORIENTED_EDGE('',*,*,#1401,.T.);
#2023=ORIENTED_EDGE('',*,*,#1391,.T.);
#2024=ORIENTED_EDGE('',*,*,#1397,.F.);
#2025=ORIENTED_EDGE('',*,*,#1393,.F.);
#2026=ORIENTED_EDGE('',*,*,#1402,.T.);
#2027=ORIENTED_EDGE('',*,*,#1398,.F.);
#2028=ORIENTED_EDGE('',*,*,#1395,.T.);
#2029=ORIENTED_EDGE('',*,*,#1402,.F.);
#2030=ORIENTED_EDGE('',*,*,#1392,.F.);
#2031=ORIENTED_EDGE('',*,*,#1401,.F.);
#2032=ORIENTED_EDGE('',*,*,#1399,.F.);
#2033=PLANE('',#2315);
#2034=PLANE('',#2321);
#2035=PLANE('',#2323);
#2036=PLANE('',#2324);
#2037=PLANE('',#2325);
#2038=PLANE('',#2326);
#2039=PLANE('',#2328);
#2040=PLANE('',#2329);
#2041=PLANE('',#2331);
#2042=PLANE('',#2332);
#2043=PLANE('',#2334);
#2044=PLANE('',#2335);
#2045=PLANE('',#2337);
#2046=PLANE('',#2338);
#2047=PLANE('',#2339);
#2048=PLANE('',#2348);
#2049=PLANE('',#2349);
#2050=PLANE('',#2350);
#2051=PLANE('',#2351);
#2052=PLANE('',#2352);
#2053=PLANE('',#2353);
#2054=PLANE('',#2354);
#2055=PLANE('',#2355);
#2056=PLANE('',#2356);
#2057=PLANE('',#2357);
#2058=PLANE('',#2358);
#2059=PLANE('',#2359);
#2060=PLANE('',#2360);
#2061=PLANE('',#2363);
#2062=PLANE('',#2364);
#2063=PLANE('',#2365);
#2064=PLANE('',#2366);
#2065=PLANE('',#2370);
#2066=PLANE('',#2371);
#2067=PLANE('',#2372);
#2068=PLANE('',#2374);
#2069=PLANE('',#2375);
#2070=PLANE('',#2377);
#2071=PLANE('',#2378);
#2072=PLANE('',#2380);
#2073=PLANE('',#2381);
#2074=PLANE('',#2383);
#2075=PLANE('',#2386);
#2076=PLANE('',#2388);
#2077=PLANE('',#2389);
#2078=PLANE('',#2390);
#2079=PLANE('',#2391);
#2080=PLANE('',#2392);
#2081=PLANE('',#2394);
#2082=PLANE('',#2395);
#2083=PLANE('',#2396);
#2084=PLANE('',#2400);
#2085=PLANE('',#2405);
#2086=PLANE('',#2406);
#2087=PLANE('',#2407);
#2088=PLANE('',#2409);
#2089=PLANE('',#2411);
#2090=PLANE('',#2412);
#2091=PLANE('',#2414);
#2092=PLANE('',#2415);
#2093=PLANE('',#2417);
#2094=PLANE('',#2420);
#2095=PLANE('',#2421);
#2096=PLANE('',#2422);
#2097=PLANE('',#2424);
#2098=PLANE('',#2425);
#2099=PLANE('',#2427);
#2100=PLANE('',#2428);
#2101=PLANE('',#2429);
#2102=PLANE('',#2430);
#2103=PLANE('',#2433);
#2104=PLANE('',#2434);
#2105=PLANE('',#2435);
#2106=PLANE('',#2438);
#2107=PLANE('',#2439);
#2108=PLANE('',#2440);
#2109=PLANE('',#2441);
#2110=PLANE('',#2442);
#2111=PLANE('',#2444);
#2112=PLANE('',#2445);
#2113=PLANE('',#2446);
#2114=PLANE('',#2448);
#2115=PLANE('',#2449);
#2116=PLANE('',#2450);
#2117=PLANE('',#2451);
#2118=PLANE('',#2452);
#2119=PLANE('',#2453);
#2120=PLANE('',#2455);
#2121=PLANE('',#2456);
#2122=PLANE('',#2457);
#2123=PLANE('',#2458);
#2124=PLANE('',#2459);
#2125=PLANE('',#2460);
#2126=PLANE('',#2462);
#2127=PLANE('',#2463);
#2128=PLANE('',#2464);
#2129=PLANE('',#2465);
#2130=PLANE('',#2466);
#2131=PLANE('',#2467);
#2132=PLANE('',#2469);
#2133=PLANE('',#2470);
#2134=PLANE('',#2471);
#2135=PLANE('',#2472);
#2136=PLANE('',#2473);
#2137=PLANE('',#2474);
#2138=ADVANCED_FACE('',(#103),#2033,.T.);
#2139=ADVANCED_FACE('',(#104),#94,.F.);
#2140=ADVANCED_FACE('',(#105),#2034,.T.);
#2141=ADVANCED_FACE('',(#106),#2035,.T.);
#2142=ADVANCED_FACE('',(#107),#2036,.T.);
#2143=ADVANCED_FACE('',(#108),#2037,.F.);
#2144=ADVANCED_FACE('',(#109),#2038,.T.);
#2145=ADVANCED_FACE('',(#110),#2039,.T.);
#2146=ADVANCED_FACE('',(#111),#2040,.T.);
#2147=ADVANCED_FACE('',(#112),#2041,.T.);
#2148=ADVANCED_FACE('',(#113),#2042,.T.);
#2149=ADVANCED_FACE('',(#114),#2043,.T.);
#2150=ADVANCED_FACE('',(#115),#2044,.T.);
#2151=ADVANCED_FACE('',(#116),#2045,.T.);
#2152=ADVANCED_FACE('',(#117),#2046,.T.);
#2153=ADVANCED_FACE('',(#118),#2047,.T.);
#2154=ADVANCED_FACE('',(#119),#95,.F.);
#2155=ADVANCED_FACE('',(#120),#96,.F.);
#2156=ADVANCED_FACE('',(#121),#2048,.T.);
#2157=ADVANCED_FACE('',(#122),#2049,.T.);
#2158=ADVANCED_FACE('',(#123),#2050,.T.);
#2159=ADVANCED_FACE('',(#124),#2051,.T.);
#2160=ADVANCED_FACE('',(#125),#2052,.T.);
#2161=ADVANCED_FACE('',(#126),#2053,.T.);
#2162=ADVANCED_FACE('',(#127),#2054,.T.);
#2163=ADVANCED_FACE('',(#128),#2055,.T.);
#2164=ADVANCED_FACE('',(#129),#2056,.T.);
#2165=ADVANCED_FACE('',(#130),#2057,.T.);
#2166=ADVANCED_FACE('',(#131),#2058,.T.);
#2167=ADVANCED_FACE('',(#132),#2059,.T.);
#2168=ADVANCED_FACE('',(#133),#2060,.T.);
#2169=ADVANCED_FACE('',(#134),#97,.F.);
#2170=ADVANCED_FACE('',(#135),#2061,.T.);
#2171=ADVANCED_FACE('',(#136),#2062,.T.);
#2172=ADVANCED_FACE('',(#137),#2063,.T.);
#2173=ADVANCED_FACE('',(#138),#2064,.F.);
#2174=ADVANCED_FACE('',(#139),#2065,.T.);
#2175=ADVANCED_FACE('',(#140),#2066,.T.);
#2176=ADVANCED_FACE('',(#141),#2067,.T.);
#2177=ADVANCED_FACE('',(#142),#2068,.T.);
#2178=ADVANCED_FACE('',(#143),#2069,.T.);
#2179=ADVANCED_FACE('',(#144),#2070,.T.);
#2180=ADVANCED_FACE('',(#145),#2071,.F.);
#2181=ADVANCED_FACE('',(#146),#2072,.T.);
#2182=ADVANCED_FACE('',(#147),#2073,.T.);
#2183=ADVANCED_FACE('',(#148),#2074,.F.);
#2184=ADVANCED_FACE('',(#149),#2075,.T.);
#2185=ADVANCED_FACE('',(#150),#2076,.T.);
#2186=ADVANCED_FACE('',(#151),#2077,.T.);
#2187=ADVANCED_FACE('',(#152),#2078,.T.);
#2188=ADVANCED_FACE('',(#153),#2079,.T.);
#2189=ADVANCED_FACE('',(#154),#2080,.T.);
#2190=ADVANCED_FACE('',(#155),#2081,.T.);
#2191=ADVANCED_FACE('',(#156),#2082,.T.);
#2192=ADVANCED_FACE('',(#157),#2083,.F.);
#2193=ADVANCED_FACE('',(#158),#2084,.T.);
#2194=ADVANCED_FACE('',(#159),#98,.F.);
#2195=ADVANCED_FACE('',(#160),#2085,.T.);
#2196=ADVANCED_FACE('',(#161),#2086,.F.);
#2197=ADVANCED_FACE('',(#162),#2087,.T.);
#2198=ADVANCED_FACE('',(#163),#2088,.T.);
#2199=ADVANCED_FACE('',(#164),#2089,.T.);
#2200=ADVANCED_FACE('',(#165),#2090,.T.);
#2201=ADVANCED_FACE('',(#166),#2091,.T.);
#2202=ADVANCED_FACE('',(#167,#51),#2092,.T.);
#2203=ADVANCED_FACE('',(#168),#2093,.T.);
#2204=ADVANCED_FACE('',(#169),#99,.F.);
#2205=ADVANCED_FACE('',(#170),#2094,.T.);
#2206=ADVANCED_FACE('',(#171),#2095,.T.);
#2207=ADVANCED_FACE('',(#172),#2096,.T.);
#2208=ADVANCED_FACE('',(#173),#2097,.T.);
#2209=ADVANCED_FACE('',(#174),#2098,.T.);
#2210=ADVANCED_FACE('',(#175),#2099,.T.);
#2211=ADVANCED_FACE('',(#176),#2100,.F.);
#2212=ADVANCED_FACE('',(#177),#2101,.T.);
#2213=ADVANCED_FACE('',(#178),#2102,.T.);
#2214=ADVANCED_FACE('',(#179),#100,.F.);
#2215=ADVANCED_FACE('',(#180),#2103,.T.);
#2216=ADVANCED_FACE('',(#181),#2104,.T.);
#2217=ADVANCED_FACE('',(#182),#2105,.T.);
#2218=ADVANCED_FACE('',(#183),#101,.F.);
#2219=ADVANCED_FACE('',(#184),#2106,.T.);
#2220=ADVANCED_FACE('',(#185),#2107,.T.);
#2221=ADVANCED_FACE('',(#186),#2108,.T.);
#2222=ADVANCED_FACE('',(#187),#2109,.T.);
#2223=ADVANCED_FACE('',(#188),#2110,.T.);
#2224=ADVANCED_FACE('',(#189),#102,.F.);
#2225=ADVANCED_FACE('',(#190),#2111,.F.);
#2226=ADVANCED_FACE('',(#191),#2112,.T.);
#2227=ADVANCED_FACE('',(#192),#2113,.T.);
#2228=ADVANCED_FACE('',(#193),#2114,.T.);
#2229=ADVANCED_FACE('',(#194),#2115,.T.);
#2230=ADVANCED_FACE('',(#195),#2116,.T.);
#2231=ADVANCED_FACE('',(#196),#2117,.T.);
#2232=ADVANCED_FACE('',(#197),#2118,.T.);
#2233=ADVANCED_FACE('',(#198),#2119,.T.);
#2234=ADVANCED_FACE('',(#199),#2120,.T.);
#2235=ADVANCED_FACE('',(#200),#2121,.T.);
#2236=ADVANCED_FACE('',(#201),#2122,.T.);
#2237=ADVANCED_FACE('',(#202),#2123,.T.);
#2238=ADVANCED_FACE('',(#203),#2124,.T.);
#2239=ADVANCED_FACE('',(#204),#2125,.T.);
#2240=ADVANCED_FACE('',(#205),#2126,.T.);
#2241=ADVANCED_FACE('',(#206),#2127,.T.);
#2242=ADVANCED_FACE('',(#207),#2128,.T.);
#2243=ADVANCED_FACE('',(#208),#2129,.T.);
#2244=ADVANCED_FACE('',(#209),#2130,.T.);
#2245=ADVANCED_FACE('',(#210),#2131,.T.);
#2246=ADVANCED_FACE('',(#211),#2132,.T.);
#2247=ADVANCED_FACE('',(#212),#2133,.T.);
#2248=ADVANCED_FACE('',(#213),#2134,.T.);
#2249=ADVANCED_FACE('',(#214),#2135,.T.);
#2250=ADVANCED_FACE('',(#215),#2136,.T.);
#2251=ADVANCED_FACE('',(#216),#2137,.T.);
#2252=CLOSED_SHELL('',(#2138,#2139,#2140,#2141,#2142,#2143,#2144,#2145,
#2146,#2147,#2148,#2149,#2150,#2151,#2152,#2153,#2154,#2155,#2156,#2157,
#2158,#2159,#2160,#2161,#2162,#2163,#2164,#2165,#2166,#2167,#2168,#2169,
#2170,#2171,#2172,#2173,#2174,#2175,#2176,#2177,#2178,#2179,#2180,#2181,
#2182,#2183,#2184,#2185,#2186,#2187,#2188,#2189,#2190,#2191,#2192,#2193,
#2194,#2195,#2196,#2197,#2198,#2199,#2200,#2201,#2202,#2203,#2204,#2205,
#2206,#2207,#2208,#2209,#2210,#2211,#2212,#2213,#2214,#2215,#2216,#2217,
#2218,#2219,#2220,#2221,#2222,#2223,#2224,#2225,#2226,#2227));
#2253=CLOSED_SHELL('',(#2228,#2229,#2230,#2231,#2232,#2233));
#2254=CLOSED_SHELL('',(#2234,#2235,#2236,#2237,#2238,#2239));
#2255=CLOSED_SHELL('',(#2240,#2241,#2242,#2243,#2244,#2245));
#2256=CLOSED_SHELL('',(#2246,#2247,#2248,#2249,#2250,#2251));
#2257=DERIVED_UNIT_ELEMENT(#2267,1.);
#2258=DERIVED_UNIT_ELEMENT(#3752,-3.);
#2259=DERIVED_UNIT_ELEMENT(#2267,1.);
#2260=DERIVED_UNIT_ELEMENT(#3752,-3.);
#2261=DERIVED_UNIT_ELEMENT(#2267,1.);
#2262=DERIVED_UNIT_ELEMENT(#3752,-3.);
#2263=DERIVED_UNIT_ELEMENT(#2267,1.);
#2264=DERIVED_UNIT_ELEMENT(#3752,-3.);
#2265=DERIVED_UNIT_ELEMENT(#2267,1.);
#2266=DERIVED_UNIT_ELEMENT(#3752,-3.);
#2267=(
MASS_UNIT()
NAMED_UNIT(*)
SI_UNIT(.KILO.,.GRAM.)
);
#2268=DERIVED_UNIT((#2257,#2258));
#2269=DERIVED_UNIT((#2259,#2260));
#2270=DERIVED_UNIT((#2261,#2262));
#2271=DERIVED_UNIT((#2263,#2264));
#2272=DERIVED_UNIT((#2265,#2266));
#2273=MEASURE_REPRESENTATION_ITEM('density measure',
POSITIVE_RATIO_MEASURE(7850.),#2268);
#2274=MEASURE_REPRESENTATION_ITEM('density measure',
POSITIVE_RATIO_MEASURE(7850.),#2269);
#2275=MEASURE_REPRESENTATION_ITEM('density measure',
POSITIVE_RATIO_MEASURE(7850.),#2270);
#2276=MEASURE_REPRESENTATION_ITEM('density measure',
POSITIVE_RATIO_MEASURE(7850.),#2271);
#2277=MEASURE_REPRESENTATION_ITEM('density measure',
POSITIVE_RATIO_MEASURE(7850.),#2272);
#2278=PROPERTY_DEFINITION_REPRESENTATION(#2303,#2288);
#2279=PROPERTY_DEFINITION_REPRESENTATION(#2304,#2289);
#2280=PROPERTY_DEFINITION_REPRESENTATION(#2305,#2290);
#2281=PROPERTY_DEFINITION_REPRESENTATION(#2306,#2291);
#2282=PROPERTY_DEFINITION_REPRESENTATION(#2307,#2292);
#2283=PROPERTY_DEFINITION_REPRESENTATION(#2308,#2293);
#2284=PROPERTY_DEFINITION_REPRESENTATION(#2309,#2294);
#2285=PROPERTY_DEFINITION_REPRESENTATION(#2310,#2295);
#2286=PROPERTY_DEFINITION_REPRESENTATION(#2311,#2296);
#2287=PROPERTY_DEFINITION_REPRESENTATION(#2312,#2297);
#2288=REPRESENTATION('material name',(#2298),#3745);
#2289=REPRESENTATION('density',(#2273),#3745);
#2290=REPRESENTATION('material name',(#2299),#3746);
#2291=REPRESENTATION('density',(#2274),#3746);
#2292=REPRESENTATION('material name',(#2300),#3747);
#2293=REPRESENTATION('density',(#2275),#3747);
#2294=REPRESENTATION('material name',(#2301),#3748);
#2295=REPRESENTATION('density',(#2276),#3748);
#2296=REPRESENTATION('material name',(#2302),#3749);
#2297=REPRESENTATION('density',(#2277),#3749);
#2298=DESCRIPTIVE_REPRESENTATION_ITEM('Steel','Steel');
#2299=DESCRIPTIVE_REPRESENTATION_ITEM('Steel','Steel');
#2300=DESCRIPTIVE_REPRESENTATION_ITEM('Steel','Steel');
#2301=DESCRIPTIVE_REPRESENTATION_ITEM('Steel','Steel');
#2302=DESCRIPTIVE_REPRESENTATION_ITEM('Steel','Steel');
#2303=PROPERTY_DEFINITION('material property','material name',#3780);
#2304=PROPERTY_DEFINITION('material property','density of part',#3780);
#2305=PROPERTY_DEFINITION('material property','material name',#3781);
#2306=PROPERTY_DEFINITION('material property','density of part',#3781);
#2307=PROPERTY_DEFINITION('material property','material name',#3782);
#2308=PROPERTY_DEFINITION('material property','density of part',#3782);
#2309=PROPERTY_DEFINITION('material property','material name',#3783);
#2310=PROPERTY_DEFINITION('material property','density of part',#3783);
#2311=PROPERTY_DEFINITION('material property','material name',#3784);
#2312=PROPERTY_DEFINITION('material property','density of part',#3784);
#2313=AXIS2_PLACEMENT_3D('',#3087,#2480,#2481);
#2314=AXIS2_PLACEMENT_3D('',#3088,#2482,#2483);
#2315=AXIS2_PLACEMENT_3D('',#3089,#2484,#2485);
#2316=AXIS2_PLACEMENT_3D('',#3098,#2490,#2491);
#2317=AXIS2_PLACEMENT_3D('',#3100,#2492,#2493);
#2318=AXIS2_PLACEMENT_3D('',#3104,#2495,#2496);
#2319=AXIS2_PLACEMENT_3D('',#3108,#2498,#2499);
#2320=AXIS2_PLACEMENT_3D('',#3111,#2501,#2502);
#2321=AXIS2_PLACEMENT_3D('',#3112,#2503,#2504);
#2322=AXIS2_PLACEMENT_3D('',#3119,#2507,#2508);
#2323=AXIS2_PLACEMENT_3D('',#3121,#2510,#2511);
#2324=AXIS2_PLACEMENT_3D('',#3131,#2517,#2518);
#2325=AXIS2_PLACEMENT_3D('',#3137,#2522,#2523);
#2326=AXIS2_PLACEMENT_3D('',#3146,#2528,#2529);
#2327=AXIS2_PLACEMENT_3D('',#3153,#2532,#2533);
#2328=AXIS2_PLACEMENT_3D('',#3155,#2535,#2536);
#2329=AXIS2_PLACEMENT_3D('',#3161,#2540,#2541);
#2330=AXIS2_PLACEMENT_3D('',#3166,#2544,#2545);
#2331=AXIS2_PLACEMENT_3D('',#3167,#2546,#2547);
#2332=AXIS2_PLACEMENT_3D('',#3173,#2551,#2552);
#2333=AXIS2_PLACEMENT_3D('',#3178,#2555,#2556);
#2334=AXIS2_PLACEMENT_3D('',#3179,#2557,#2558);
#2335=AXIS2_PLACEMENT_3D('',#3189,#2564,#2565);
#2336=AXIS2_PLACEMENT_3D('',#3196,#2568,#2569);
#2337=AXIS2_PLACEMENT_3D('',#3198,#2571,#2572);
#2338=AXIS2_PLACEMENT_3D('',#3204,#2576,#2577);
#2339=AXIS2_PLACEMENT_3D('',#3210,#2581,#2582);
#2340=AXIS2_PLACEMENT_3D('',#3212,#2584,#2585);
#2341=AXIS2_PLACEMENT_3D('',#3213,#2586,#2587);
#2342=AXIS2_PLACEMENT_3D('',#3215,#2588,#2589);
#2343=AXIS2_PLACEMENT_3D('',#3217,#2591,#2592);
#2344=AXIS2_PLACEMENT_3D('',#3220,#2593,#2594);
#2345=AXIS2_PLACEMENT_3D('',#3224,#2596,#2597);
#2346=AXIS2_PLACEMENT_3D('',#3228,#2599,#2600);
#2347=AXIS2_PLACEMENT_3D('',#3232,#2602,#2603);
#2348=AXIS2_PLACEMENT_3D('',#3234,#2605,#2606);
#2349=AXIS2_PLACEMENT_3D('',#3240,#2610,#2611);
#2350=AXIS2_PLACEMENT_3D('',#3244,#2614,#2615);
#2351=AXIS2_PLACEMENT_3D('',#3279,#2634,#2635);
#2352=AXIS2_PLACEMENT_3D('',#3289,#2641,#2642);
#2353=AXIS2_PLACEMENT_3D('',#3293,#2645,#2646);
#2354=AXIS2_PLACEMENT_3D('',#3297,#2649,#2650);
#2355=AXIS2_PLACEMENT_3D('',#3303,#2654,#2655);
#2356=AXIS2_PLACEMENT_3D('',#3307,#2658,#2659);
#2357=AXIS2_PLACEMENT_3D('',#3309,#2661,#2662);
#2358=AXIS2_PLACEMENT_3D('',#3311,#2664,#2665);
#2359=AXIS2_PLACEMENT_3D('',#3313,#2667,#2668);
#2360=AXIS2_PLACEMENT_3D('',#3315,#2670,#2671);
#2361=AXIS2_PLACEMENT_3D('',#3338,#2684,#2685);
#2362=AXIS2_PLACEMENT_3D('',#3340,#2686,#2687);
#2363=AXIS2_PLACEMENT_3D('',#3342,#2689,#2690);
#2364=AXIS2_PLACEMENT_3D('',#3344,#2692,#2693);
#2365=AXIS2_PLACEMENT_3D('',#3345,#2694,#2695);
#2366=AXIS2_PLACEMENT_3D('',#3353,#2700,#2701);
#2367=AXIS2_PLACEMENT_3D('',#3357,#2703,#2704);
#2368=AXIS2_PLACEMENT_3D('',#3363,#2707,#2708);
#2369=AXIS2_PLACEMENT_3D('',#3374,#2714,#2715);
#2370=AXIS2_PLACEMENT_3D('',#3375,#2716,#2717);
#2371=AXIS2_PLACEMENT_3D('',#3381,#2721,#2722);
#2372=AXIS2_PLACEMENT_3D('',#3385,#2725,#2726);
#2373=AXIS2_PLACEMENT_3D('',#3389,#2728,#2729);
#2374=AXIS2_PLACEMENT_3D('',#3391,#2731,#2732);
#2375=AXIS2_PLACEMENT_3D('',#3395,#2735,#2736);
#2376=AXIS2_PLACEMENT_3D('',#3398,#2738,#2739);
#2377=AXIS2_PLACEMENT_3D('',#3399,#2740,#2741);
#2378=AXIS2_PLACEMENT_3D('',#3407,#2746,#2747);
#2379=AXIS2_PLACEMENT_3D('',#3411,#2749,#2750);
#2380=AXIS2_PLACEMENT_3D('',#3413,#2752,#2753);
#2381=AXIS2_PLACEMENT_3D('',#3419,#2757,#2758);
#2382=AXIS2_PLACEMENT_3D('',#3423,#2760,#2761);
#2383=AXIS2_PLACEMENT_3D('',#3425,#2763,#2764);
#2384=AXIS2_PLACEMENT_3D('',#3428,#2766,#2767);
#2385=AXIS2_PLACEMENT_3D('',#3432,#2769,#2770);
#2386=AXIS2_PLACEMENT_3D('',#3437,#2774,#2775);
#2387=AXIS2_PLACEMENT_3D('',#3440,#2777,#2778);
#2388=AXIS2_PLACEMENT_3D('',#3441,#2779,#2780);
#2389=AXIS2_PLACEMENT_3D('',#3445,#2783,#2784);
#2390=AXIS2_PLACEMENT_3D('',#3451,#2788,#2789);
#2391=AXIS2_PLACEMENT_3D('',#3455,#2792,#2793);
#2392=AXIS2_PLACEMENT_3D('',#3474,#2804,#2805);
#2393=AXIS2_PLACEMENT_3D('',#3479,#2808,#2809);
#2394=AXIS2_PLACEMENT_3D('',#3480,#2810,#2811);
#2395=AXIS2_PLACEMENT_3D('',#3484,#2814,#2815);
#2396=AXIS2_PLACEMENT_3D('',#3505,#2827,#2828);
#2397=AXIS2_PLACEMENT_3D('',#3510,#2831,#2832);
#2398=AXIS2_PLACEMENT_3D('',#3512,#2833,#2834);
#2399=AXIS2_PLACEMENT_3D('',#3517,#2837,#2838);
#2400=AXIS2_PLACEMENT_3D('',#3518,#2839,#2840);
#2401=AXIS2_PLACEMENT_3D('',#3522,#2843,#2844);
#2402=AXIS2_PLACEMENT_3D('',#3526,#2846,#2847);
#2403=AXIS2_PLACEMENT_3D('',#3530,#2849,#2850);
#2404=AXIS2_PLACEMENT_3D('',#3533,#2852,#2853);
#2405=AXIS2_PLACEMENT_3D('',#3534,#2854,#2855);
#2406=AXIS2_PLACEMENT_3D('',#3537,#2858,#2859);
#2407=AXIS2_PLACEMENT_3D('',#3541,#2862,#2863);
#2408=AXIS2_PLACEMENT_3D('',#3542,#2864,#2865);
#2409=AXIS2_PLACEMENT_3D('',#3543,#2866,#2867);
#2410=AXIS2_PLACEMENT_3D('',#3546,#2869,#2870);
#2411=AXIS2_PLACEMENT_3D('',#3548,#2872,#2873);
#2412=AXIS2_PLACEMENT_3D('',#3554,#2877,#2878);
#2413=AXIS2_PLACEMENT_3D('',#3555,#2879,#2880);
#2414=AXIS2_PLACEMENT_3D('',#3556,#2881,#2882);
#2415=AXIS2_PLACEMENT_3D('',#3558,#2884,#2885);
#2416=AXIS2_PLACEMENT_3D('',#3561,#2887,#2888);
#2417=AXIS2_PLACEMENT_3D('',#3562,#2889,#2890);
#2418=AXIS2_PLACEMENT_3D('',#3563,#2891,#2892);
#2419=AXIS2_PLACEMENT_3D('',#3566,#2894,#2895);
#2420=AXIS2_PLACEMENT_3D('',#3567,#2896,#2897);
#2421=AXIS2_PLACEMENT_3D('',#3570,#2900,#2901);
#2422=AXIS2_PLACEMENT_3D('',#3576,#2905,#2906);
#2423=AXIS2_PLACEMENT_3D('',#3579,#2908,#2909);
#2424=AXIS2_PLACEMENT_3D('',#3580,#2910,#2911);
#2425=AXIS2_PLACEMENT_3D('',#3584,#2914,#2915);
#2426=AXIS2_PLACEMENT_3D('',#3587,#2917,#2918);
#2427=AXIS2_PLACEMENT_3D('',#3588,#2919,#2920);
#2428=AXIS2_PLACEMENT_3D('',#3590,#2922,#2923);
#2429=AXIS2_PLACEMENT_3D('',#3592,#2925,#2926);
#2430=AXIS2_PLACEMENT_3D('',#3593,#2927,#2928);
#2431=AXIS2_PLACEMENT_3D('',#3595,#2930,#2931);
#2432=AXIS2_PLACEMENT_3D('',#3596,#2932,#2933);
#2433=AXIS2_PLACEMENT_3D('',#3597,#2934,#2935);
#2434=AXIS2_PLACEMENT_3D('',#3598,#2936,#2937);
#2435=AXIS2_PLACEMENT_3D('',#3600,#2939,#2940);
#2436=AXIS2_PLACEMENT_3D('',#3602,#2942,#2943);
#2437=AXIS2_PLACEMENT_3D('',#3606,#2945,#2946);
#2438=AXIS2_PLACEMENT_3D('',#3608,#2948,#2949);
#2439=AXIS2_PLACEMENT_3D('',#3610,#2951,#2952);
#2440=AXIS2_PLACEMENT_3D('',#3612,#2954,#2955);
#2441=AXIS2_PLACEMENT_3D('',#3614,#2957,#2958);
#2442=AXIS2_PLACEMENT_3D('',#3616,#2960,#2961);
#2443=AXIS2_PLACEMENT_3D('',#3617,#2962,#2963);
#2444=AXIS2_PLACEMENT_3D('',#3620,#2966,#2967);
#2445=AXIS2_PLACEMENT_3D('',#3621,#2968,#2969);
#2446=AXIS2_PLACEMENT_3D('',#3623,#2971,#2972);
#2447=AXIS2_PLACEMENT_3D('',#3624,#2973,#2974);
#2448=AXIS2_PLACEMENT_3D('',#3625,#2975,#2976);
#2449=AXIS2_PLACEMENT_3D('',#3634,#2981,#2982);
#2450=AXIS2_PLACEMENT_3D('',#3640,#2986,#2987);
#2451=AXIS2_PLACEMENT_3D('',#3646,#2991,#2992);
#2452=AXIS2_PLACEMENT_3D('',#3648,#2994,#2995);
#2453=AXIS2_PLACEMENT_3D('',#3650,#2997,#2998);
#2454=AXIS2_PLACEMENT_3D('',#3651,#2999,#3000);
#2455=AXIS2_PLACEMENT_3D('',#3652,#3001,#3002);
#2456=AXIS2_PLACEMENT_3D('',#3661,#3007,#3008);
#2457=AXIS2_PLACEMENT_3D('',#3667,#3012,#3013);
#2458=AXIS2_PLACEMENT_3D('',#3673,#3017,#3018);
#2459=AXIS2_PLACEMENT_3D('',#3675,#3020,#3021);
#2460=AXIS2_PLACEMENT_3D('',#3677,#3023,#3024);
#2461=AXIS2_PLACEMENT_3D('',#3678,#3025,#3026);
#2462=AXIS2_PLACEMENT_3D('',#3679,#3027,#3028);
#2463=AXIS2_PLACEMENT_3D('',#3688,#3033,#3034);
#2464=AXIS2_PLACEMENT_3D('',#3694,#3038,#3039);
#2465=AXIS2_PLACEMENT_3D('',#3700,#3043,#3044);
#2466=AXIS2_PLACEMENT_3D('',#3702,#3046,#3047);
#2467=AXIS2_PLACEMENT_3D('',#3704,#3049,#3050);
#2468=AXIS2_PLACEMENT_3D('',#3705,#3051,#3052);
#2469=AXIS2_PLACEMENT_3D('',#3706,#3053,#3054);
#2470=AXIS2_PLACEMENT_3D('',#3715,#3059,#3060);
#2471=AXIS2_PLACEMENT_3D('',#3721,#3064,#3065);
#2472=AXIS2_PLACEMENT_3D('',#3727,#3069,#3070);
#2473=AXIS2_PLACEMENT_3D('',#3729,#3072,#3073);
#2474=AXIS2_PLACEMENT_3D('',#3731,#3075,#3076);
#2475=AXIS2_PLACEMENT_3D('',#3732,#3077,#3078);
#2476=AXIS2_PLACEMENT_3D('',#3733,#3079,#3080);
#2477=AXIS2_PLACEMENT_3D('',#3734,#3081,#3082);
#2478=AXIS2_PLACEMENT_3D('',#3735,#3083,#3084);
#2479=AXIS2_PLACEMENT_3D('',#3736,#3085,#3086);
#2480=DIRECTION('axis',(0.,0.,1.));
#2481=DIRECTION('refdir',(1.,0.,0.));
#2482=DIRECTION('axis',(0.,0.,1.));
#2483=DIRECTION('refdir',(1.,0.,0.));
#2484=DIRECTION('center_axis',(-9.380824734267E-33,1.,0.));
#2485=DIRECTION('ref_axis',(1.,9.380824734267E-33,0.));
#2486=DIRECTION('',(-1.,-9.380824734267E-33,0.));
#2487=DIRECTION('',(0.,0.,1.));
#2488=DIRECTION('',(1.,0.,0.));
#2489=DIRECTION('',(0.,0.,-1.));
#2490=DIRECTION('center_axis',(0.,0.,-1.));
#2491=DIRECTION('ref_axis',(-0.707106781185384,-0.707106781187711,0.));
#2492=DIRECTION('center_axis',(0.,0.,-1.));
#2493=DIRECTION('ref_axis',(-0.707106781185384,-0.707106781187711,0.));
#2494=DIRECTION('',(0.,0.,-1.));
#2495=DIRECTION('center_axis',(0.,0.,-1.));
#2496=DIRECTION('ref_axis',(-1.,-1.38535438801518E-12,0.));
#2497=DIRECTION('',(0.,0.,1.));
#2498=DIRECTION('center_axis',(0.,0.,-1.));
#2499=DIRECTION('ref_axis',(-0.333333333825309,-0.942809041408124,0.));
#2500=DIRECTION('',(0.,0.,-1.));
#2501=DIRECTION('center_axis',(0.,0.,1.));
#2502=DIRECTION('ref_axis',(8.79590087624016E-14,-1.,0.));
#2503=DIRECTION('center_axis',(2.533913349659E-18,1.477895753699E-19,1.));
#2504=DIRECTION('ref_axis',(1.,1.84637695031155E-53,-2.533913349659E-18));
#2505=DIRECTION('',(-0.707106781186548,0.707106781186548,1.68724430155026E-18));
#2506=DIRECTION('',(0.,-1.,0.));
#2507=DIRECTION('center_axis',(3.08944560043518E-14,-8.04936967416783E-15,
1.));
#2508=DIRECTION('ref_axis',(1.,4.03145456828812E-14,-3.11521489367718E-14));
#2509=DIRECTION('',(1.,0.,0.));
#2510=DIRECTION('center_axis',(0.,-1.,0.));
#2511=DIRECTION('ref_axis',(0.,0.,-1.));
#2512=DIRECTION('',(1.,0.,0.));
#2513=DIRECTION('',(0.,0.,-1.));
#2514=DIRECTION('',(1.,0.,0.));
#2515=DIRECTION('',(0.,0.,1.));
#2516=DIRECTION('',(-1.,0.,0.));
#2517=DIRECTION('center_axis',(-1.,0.,0.));
#2518=DIRECTION('ref_axis',(0.,0.,-1.));
#2519=DIRECTION('',(0.,0.,-1.));
#2520=DIRECTION('',(0.,-1.,0.));
#2521=DIRECTION('',(0.,0.,1.));
#2522=DIRECTION('center_axis',(1.,0.,0.));
#2523=DIRECTION('ref_axis',(0.,0.,1.));
#2524=DIRECTION('',(0.,0.,-1.));
#2525=DIRECTION('',(0.,-1.,0.));
#2526=DIRECTION('',(0.,0.,1.));
#2527=DIRECTION('',(0.,1.,0.));
#2528=DIRECTION('center_axis',(-2.533913349662E-18,1.477895753699E-19,1.));
#2529=DIRECTION('ref_axis',(1.,-1.99326107247361E-53,2.533913349662E-18));
#2530=DIRECTION('',(-0.707106781186548,-0.707106781186548,-1.68724430155238E-18));
#2531=DIRECTION('',(-1.,0.,0.));
#2532=DIRECTION('center_axis',(-6.27051516414939E-14,-1.07585031771964E-14,
1.));
#2533=DIRECTION('ref_axis',(-0.942809041408124,-0.333333333825309,-6.23042978733678E-14));
#2534=DIRECTION('',(0.,1.,0.));
#2535=DIRECTION('center_axis',(-5.995885853104E-30,1.,5.06182320652E-30));
#2536=DIRECTION('ref_axis',(1.,5.995885853104E-30,0.));
#2537=DIRECTION('',(-5.06182320652E-30,-5.06182320652E-30,1.));
#2538=DIRECTION('',(-1.,0.,0.));
#2539=DIRECTION('',(0.,0.,1.));
#2540=DIRECTION('center_axis',(-8.987065258768E-30,-9.492878013641E-33,
-1.));
#2541=DIRECTION('ref_axis',(-1.,-2.41377627196759E-78,8.987065258768E-30));
#2542=DIRECTION('',(0.707106781186548,0.707106781186548,-6.36152726585731E-30));
#2543=DIRECTION('',(0.,-1.,0.));
#2544=DIRECTION('center_axis',(0.,0.,-1.));
#2545=DIRECTION('ref_axis',(-1.,1.06283802254565E-13,0.));
#2546=DIRECTION('center_axis',(1.,-5.464713477698E-33,3.912338674446E-29));
#2547=DIRECTION('ref_axis',(-3.912338674446E-29,0.,1.));
#2548=DIRECTION('',(-3.912338674446E-29,-3.912338674446E-29,1.));
#2549=DIRECTION('',(0.,-1.,0.));
#2550=DIRECTION('',(0.,0.,-1.));
#2551=DIRECTION('center_axis',(-1.941521240897E-17,-3.519443672328E-19,
-1.));
#2552=DIRECTION('ref_axis',(-1.,5.49378888432953E-52,1.941521240897E-17));
#2553=DIRECTION('',(0.707106781186548,0.707106781186548,-1.39774906012306E-17));
#2554=DIRECTION('',(0.,1.,0.));
#2555=DIRECTION('center_axis',(0.,0.,-1.));
#2556=DIRECTION('ref_axis',(1.3853543880152E-12,-1.,0.));
#2557=DIRECTION('center_axis',(-1.,0.,0.));
#2558=DIRECTION('ref_axis',(0.,0.,-1.));
#2559=DIRECTION('',(0.,0.,-1.));
#2560=DIRECTION('',(0.,-1.,0.));
#2561=DIRECTION('',(0.,0.,1.));
#2562=DIRECTION('',(0.,-1.,0.));
#2563=DIRECTION('',(0.,0.,1.));
#2564=DIRECTION('center_axis',(-1.941521240897E-17,-5.696287093705E-34,
-1.));
#2565=DIRECTION('ref_axis',(-1.,-9.38044341573063E-68,1.941521240897E-17));
#2566=DIRECTION('',(0.707106781186548,-0.707106781186548,-1.37286283525599E-17));
#2567=DIRECTION('',(0.,1.,0.));
#2568=DIRECTION('center_axis',(0.,0.,-1.));
#2569=DIRECTION('ref_axis',(-2.6387702628817E-13,-1.,0.));
#2570=DIRECTION('',(0.,-1.,0.));
#2571=DIRECTION('center_axis',(-1.,5.464713477698E-33,3.912338674446E-29));
#2572=DIRECTION('ref_axis',(-3.912338674446E-29,0.,-1.));
#2573=DIRECTION('',(-3.912338674446E-29,3.912338674446E-29,-1.));
#2574=DIRECTION('',(0.,1.,0.));
#2575=DIRECTION('',(0.,0.,1.));
#2576=DIRECTION('center_axis',(5.995885853104E-30,1.,4.863320335676E-30));
#2577=DIRECTION('ref_axis',(1.,-5.995885853104E-30,0.));
#2578=DIRECTION('',(-4.863320335676E-30,4.863320335676E-30,-1.));
#2579=DIRECTION('',(0.,0.,-1.));
#2580=DIRECTION('',(1.,0.,0.));
#2581=DIRECTION('center_axis',(5.214296133274E-30,4.90733524434E-33,-1.));
#2582=DIRECTION('ref_axis',(-1.,-3.79339147205316E-79,-5.214296133274E-30));
#2583=DIRECTION('',(0.707106781186548,-0.707106781186548,3.68359414492401E-30));
#2584=DIRECTION('center_axis',(6.36213912721702E-14,-5.41826700590359E-15,
-1.));
#2585=DIRECTION('ref_axis',(0.942809041407071,-0.333333333828287,6.23042978735312E-14));
#2586=DIRECTION('center_axis',(0.,0.,-1.));
#2587=DIRECTION('ref_axis',(0.707106781186548,-0.707106781186548,0.));
#2588=DIRECTION('center_axis',(0.,0.,-1.));
#2589=DIRECTION('ref_axis',(0.707106781186548,-0.707106781186548,0.));
#2590=DIRECTION('',(0.,0.,-1.));
#2591=DIRECTION('center_axis',(0.,0.,-1.));
#2592=DIRECTION('ref_axis',(0.707106781185388,-0.707106781187707,0.));
#2593=DIRECTION('center_axis',(0.,0.,-1.));
#2594=DIRECTION('ref_axis',(0.707106781185388,-0.707106781187707,0.));
#2595=DIRECTION('',(0.,0.,-1.));
#2596=DIRECTION('center_axis',(-2.70913350295817E-15,3.18106956365325E-14,
1.));
#2597=DIRECTION('ref_axis',(0.333333333825288,-0.942809041408131,3.11521489366844E-14));
#2598=DIRECTION('',(0.,0.,1.));
#2599=DIRECTION('center_axis',(2.15170063543894E-14,-1.25410303282985E-13,
-1.));
#2600=DIRECTION('ref_axis',(-1.09948760953004E-13,-1.,1.24608595746737E-13));
#2601=DIRECTION('',(0.,0.,-1.));
#2602=DIRECTION('center_axis',(0.,0.,-1.));
#2603=DIRECTION('ref_axis',(1.,1.3853543880152E-12,0.));
#2604=DIRECTION('',(0.,0.,1.));
#2605=DIRECTION('center_axis',(-9.380824734267E-33,1.,0.));
#2606=DIRECTION('ref_axis',(1.,9.380824734267E-33,0.));
#2607=DIRECTION('',(-1.,-9.380824734267E-33,0.));
#2608=DIRECTION('',(0.,0.,-1.));
#2609=DIRECTION('',(1.,0.,0.));
#2610=DIRECTION('center_axis',(-3.972125863759E-33,1.54394938698E-29,1.));
#2611=DIRECTION('ref_axis',(0.,1.,-1.54394938698E-29));
#2612=DIRECTION('',(-0.707106781186548,0.707106781186548,-1.09201795305577E-29));
#2613=DIRECTION('',(0.,-1.,0.));
#2614=DIRECTION('center_axis',(0.707106781186548,-0.707106781186548,0.));
#2615=DIRECTION('ref_axis',(-0.707106781186548,-0.707106781186548,0.));
#2616=DIRECTION('',(0.707106781186548,0.707106781186548,0.));
#2617=DIRECTION('',(0.707106781186548,0.707106781186548,-1.09145620962897E-29));
#2618=DIRECTION('',(4.863320335676E-30,4.863320335676E-30,-1.));
#2619=DIRECTION('',(-0.707106781186548,-0.707106781186548,2.58284871924978E-29));
#2620=DIRECTION('',(0.,0.,-1.));
#2621=DIRECTION('',(-0.707106781186548,-0.707106781186548,1.47906573749787E-18));
#2622=DIRECTION('',(0.707106781186548,0.707106781186548,0.));
#2623=DIRECTION('',(0.,0.,1.));
#2624=DIRECTION('',(0.707106781186548,0.707106781186548,-1.37286283525599E-17));
#2625=DIRECTION('',(-3.912338674446E-29,-3.912338674446E-29,-1.));
#2626=DIRECTION('',(0.707106781186548,0.707106781186548,3.69053416498167E-30));
#2627=DIRECTION('',(-5.06182320652E-30,-5.06182320652E-30,-1.));
#2628=DIRECTION('',(-0.707106781186548,-0.707106781186548,1.89625032341574E-18));
#2629=DIRECTION('',(0.,0.,-1.));
#2630=DIRECTION('',(0.707106781186548,0.707106781186548,0.));
#2631=DIRECTION('',(0.,0.,1.));
#2632=DIRECTION('',(-0.707106781186548,-0.707106781186548,-3.3502975790484E-34));
#2633=DIRECTION('',(0.,0.,-1.));
#2634=DIRECTION('center_axis',(0.,-1.,0.));
#2635=DIRECTION('ref_axis',(0.,0.,-1.));
#2636=DIRECTION('',(1.,0.,0.));
#2637=DIRECTION('',(-1.,0.,0.));
#2638=DIRECTION('',(0.,0.,1.));
#2639=DIRECTION('',(1.,0.,0.));
#2640=DIRECTION('',(0.,0.,1.));
#2641=DIRECTION('center_axis',(-2.091714825611E-18,1.448778030724E-31,-1.));
#2642=DIRECTION('ref_axis',(-1.,-2.18229216324971E-66,2.091714825611E-18));
#2643=DIRECTION('',(0.707106781186548,-0.707106781186548,-1.47906573749808E-18));
#2644=DIRECTION('',(-1.,0.,0.));
#2645=DIRECTION('center_axis',(0.,1.,0.));
#2646=DIRECTION('ref_axis',(0.,0.,1.));
#2647=DIRECTION('',(0.,0.,-1.));
#2648=DIRECTION('',(-1.,0.,0.));
#2649=DIRECTION('center_axis',(0.,-1.,0.));
#2650=DIRECTION('ref_axis',(0.,0.,-1.));
#2651=DIRECTION('',(1.,0.,0.));
#2652=DIRECTION('',(-1.,0.,7.896727123784E-34));
#2653=DIRECTION('',(0.,0.,1.));
#2654=DIRECTION('center_axis',(-1.749746583023E-32,-3.650949941738E-29,
-1.));
#2655=DIRECTION('ref_axis',(0.,-1.,3.650949941738E-29));
#2656=DIRECTION('',(0.707106781186548,-0.707106781186548,2.58037420390136E-29));
#2657=DIRECTION('',(0.,-1.,0.));
#2658=DIRECTION('center_axis',(-1.,-5.995885853104E-30,5.06182320652E-30));
#2659=DIRECTION('ref_axis',(5.995885853104E-30,-1.,-2.39269462459448E-76));
#2660=DIRECTION('',(-5.06182320652E-30,5.06182320652E-30,-1.));
#2661=DIRECTION('center_axis',(-2.091714825611E-18,1.448778030724E-31,-1.));
#2662=DIRECTION('ref_axis',(-1.,-2.18229216324971E-66,2.091714825611E-18));
#2663=DIRECTION('',(-1.,0.,0.));
#2664=DIRECTION('center_axis',(0.,1.,0.));
#2665=DIRECTION('ref_axis',(0.,0.,1.));
#2666=DIRECTION('',(-1.,0.,0.));
#2667=DIRECTION('center_axis',(-1.749746583023E-32,-3.650949941738E-29,
-1.));
#2668=DIRECTION('ref_axis',(0.,-1.,3.650949941738E-29));
#2669=DIRECTION('',(0.,-1.,0.));
#2670=DIRECTION('center_axis',(-0.707106781186548,-0.707106781186548,0.));
#2671=DIRECTION('ref_axis',(0.707106781186548,-0.707106781186548,0.));
#2672=DIRECTION('',(0.707106781186548,-0.707106781186548,0.));
#2673=DIRECTION('',(-0.707106781186548,0.707106781186548,1.45179561758632E-33));
#2674=DIRECTION('',(0.,0.,-1.));
#2675=DIRECTION('',(0.707106781186548,-0.707106781186548,0.));
#2676=DIRECTION('',(0.,0.,1.));
#2677=DIRECTION('',(-0.707106781186548,0.707106781186548,-1.89625032341786E-18));
#2678=DIRECTION('',(-4.863320335676E-30,4.863320335676E-30,1.));
#2679=DIRECTION('',(0.707106781186548,-0.707106781186548,-6.34810230902447E-30));
#2680=DIRECTION('',(-3.912338674446E-29,3.912338674446E-29,1.));
#2681=DIRECTION('',(0.707106781186548,-0.707106781186548,-1.34797661038892E-17));
#2682=DIRECTION('',(0.,0.,-1.));
#2683=DIRECTION('',(0.707106781186548,-0.707106781186548,0.));
#2684=DIRECTION('center_axis',(0.,0.,-1.));
#2685=DIRECTION('ref_axis',(-0.707106781187711,-0.707106781185384,0.));
#2686=DIRECTION('center_axis',(0.,0.,-1.));
#2687=DIRECTION('ref_axis',(-0.707106781187711,-0.707106781185384,0.));
#2688=DIRECTION('',(0.,0.,-1.));
#2689=DIRECTION('center_axis',(1.,-5.995885853104E-30,4.863320335676E-30));
#2690=DIRECTION('ref_axis',(5.995885853104E-30,1.,1.49652776122972E-75));
#2691=DIRECTION('',(0.,-1.,0.));
#2692=DIRECTION('center_axis',(-3.972125863759E-33,1.54394938698E-29,1.));
#2693=DIRECTION('ref_axis',(0.,1.,-1.54394938698E-29));
#2694=DIRECTION('center_axis',(1.,0.,0.));
#2695=DIRECTION('ref_axis',(0.,0.,1.));
#2696=DIRECTION('',(0.,0.,1.));
#2697=DIRECTION('',(0.,1.,0.));
#2698=DIRECTION('',(0.,0.,-1.));
#2699=DIRECTION('',(0.,1.,0.));
#2700=DIRECTION('center_axis',(0.,0.,1.));
#2701=DIRECTION('ref_axis',(1.,0.,0.));
#2702=DIRECTION('',(1.,0.,0.));
#2703=DIRECTION('center_axis',(0.,0.,1.));
#2704=DIRECTION('ref_axis',(1.,0.,0.));
#2705=DIRECTION('',(0.,1.,0.));
#2706=DIRECTION('',(1.,0.,0.));
#2707=DIRECTION('center_axis',(0.,0.,1.));
#2708=DIRECTION('ref_axis',(0.707106781186549,0.707106781186546,0.));
#2709=DIRECTION('',(-1.,-9.380824734267E-33,0.));
#2710=DIRECTION('',(0.707106781186548,0.707106781186548,0.));
#2711=DIRECTION('',(1.,0.,0.));
#2712=DIRECTION('',(0.707106781186548,-0.707106781186548,0.));
#2713=DIRECTION('',(-1.,-9.380824734267E-33,0.));
#2714=DIRECTION('center_axis',(0.,0.,1.));
#2715=DIRECTION('ref_axis',(-0.707106781186549,0.707106781186546,0.));
#2716=DIRECTION('center_axis',(1.,0.,0.));
#2717=DIRECTION('ref_axis',(0.,0.,1.));
#2718=DIRECTION('',(0.,0.,1.));
#2719=DIRECTION('',(0.,0.,-1.));
#2720=DIRECTION('',(0.,1.,0.));
#2721=DIRECTION('center_axis',(1.,0.,0.));
#2722=DIRECTION('ref_axis',(0.,0.,1.));
#2723=DIRECTION('',(0.,0.,1.));
#2724=DIRECTION('',(0.,1.,0.));
#2725=DIRECTION('center_axis',(5.214296133274E-30,4.90733524434E-33,-1.));
#2726=DIRECTION('ref_axis',(-1.,-3.79339147205316E-79,-5.214296133274E-30));
#2727=DIRECTION('',(0.,1.,0.));
#2728=DIRECTION('center_axis',(-6.36213912721844E-14,-5.41826700590445E-15,
-1.));
#2729=DIRECTION('ref_axis',(1.,1.09948760953264E-14,-6.41367772227373E-14));
#2730=DIRECTION('',(1.,0.,0.));
#2731=DIRECTION('center_axis',(-1.,5.464713477698E-33,3.912338674446E-29));
#2732=DIRECTION('ref_axis',(-3.912338674446E-29,0.,-1.));
#2733=DIRECTION('',(0.,1.,0.));
#2734=DIRECTION('',(0.,0.,-1.));
#2735=DIRECTION('center_axis',(-1.941521240897E-17,-5.696287093705E-34,
-1.));
#2736=DIRECTION('ref_axis',(-1.,-9.38044341573063E-68,1.941521240897E-17));
#2737=DIRECTION('',(0.,-1.,0.));
#2738=DIRECTION('center_axis',(0.,0.,-1.));
#2739=DIRECTION('ref_axis',(2.71206943685071E-13,1.,0.));
#2740=DIRECTION('center_axis',(1.,0.,0.));
#2741=DIRECTION('ref_axis',(0.,0.,1.));
#2742=DIRECTION('',(0.,-1.,0.));
#2743=DIRECTION('',(0.,0.,-1.));
#2744=DIRECTION('',(0.,-1.,0.));
#2745=DIRECTION('',(0.,0.,1.));
#2746=DIRECTION('center_axis',(0.,0.,1.));
#2747=DIRECTION('ref_axis',(1.,0.,0.));
#2748=DIRECTION('',(0.,1.,0.));
#2749=DIRECTION('center_axis',(0.,0.,1.));
#2750=DIRECTION('ref_axis',(1.,0.,0.));
#2751=DIRECTION('',(0.,1.,0.));
#2752=DIRECTION('center_axis',(-5.995885853104E-30,-1.,4.863320335676E-30));
#2753=DIRECTION('ref_axis',(-1.,5.995885853104E-30,0.));
#2754=DIRECTION('',(-1.,0.,0.));
#2755=DIRECTION('',(0.,0.,-1.));
#2756=DIRECTION('',(-1.,0.,0.));
#2757=DIRECTION('center_axis',(0.,0.,-1.));
#2758=DIRECTION('ref_axis',(-1.,0.,0.));
#2759=DIRECTION('',(0.,-1.,0.));
#2760=DIRECTION('center_axis',(0.,0.,1.));
#2761=DIRECTION('ref_axis',(1.,0.,0.));
#2762=DIRECTION('',(-1.,0.,0.));
#2763=DIRECTION('center_axis',(0.,0.,1.));
#2764=DIRECTION('ref_axis',(1.,0.,0.));
#2765=DIRECTION('',(0.,1.,0.));
#2766=DIRECTION('center_axis',(0.,0.,1.));
#2767=DIRECTION('ref_axis',(0.707106781186544,0.707106781186551,0.));
#2768=DIRECTION('',(1.,0.,0.));
#2769=DIRECTION('center_axis',(0.,0.,1.));
#2770=DIRECTION('ref_axis',(1.,0.,0.));
#2771=DIRECTION('',(1.,0.,0.));
#2772=DIRECTION('',(0.707106781186548,-0.707106781186548,0.));
#2773=DIRECTION('',(0.,-1.,0.));
#2774=DIRECTION('center_axis',(-2.533913349662E-18,1.477895753699E-19,1.));
#2775=DIRECTION('ref_axis',(1.,-1.99326107247361E-53,2.533913349662E-18));
#2776=DIRECTION('',(0.,1.,0.));
#2777=DIRECTION('center_axis',(0.,0.,1.));
#2778=DIRECTION('ref_axis',(-1.,-8.79590087624016E-14,0.));
#2779=DIRECTION('center_axis',(1.,0.,0.));
#2780=DIRECTION('ref_axis',(0.,0.,1.));
#2781=DIRECTION('',(0.,1.,0.));
#2782=DIRECTION('',(0.,0.,1.));
#2783=DIRECTION('center_axis',(9.380824734267E-33,-1.,0.));
#2784=DIRECTION('ref_axis',(-1.,-9.380824734267E-33,0.));
#2785=DIRECTION('',(0.,0.,1.));
#2786=DIRECTION('',(-1.,0.,0.));
#2787=DIRECTION('',(0.,0.,-1.));
#2788=DIRECTION('center_axis',(1.,0.,0.));
#2789=DIRECTION('ref_axis',(0.,0.,1.));
#2790=DIRECTION('',(0.,-1.,0.));
#2791=DIRECTION('',(0.,0.,1.));
#2792=DIRECTION('center_axis',(0.707106781186548,0.707106781186548,0.));
#2793=DIRECTION('ref_axis',(-0.707106781186548,0.707106781186548,0.));
#2794=DIRECTION('',(-0.707106781186548,0.707106781186548,0.));
#2795=DIRECTION('',(0.,0.,-1.));
#2796=DIRECTION('',(0.707106781186548,-0.707106781186548,-1.23020348883083E-18));
#2797=DIRECTION('',(0.,0.,1.));
#2798=DIRECTION('',(0.707106781186548,-0.707106781186548,9.81068581162778E-19));
#2799=DIRECTION('',(-5.06182320652E-30,5.06182320652E-30,1.));
#2800=DIRECTION('',(-0.707106781186548,0.707106781186548,-9.81068581167028E-19));
#2801=DIRECTION('',(0.,0.,-1.));
#2802=DIRECTION('',(-0.707106781186548,0.707106781186548,0.));
#2803=DIRECTION('',(0.,0.,-1.));
#2804=DIRECTION('center_axis',(0.,0.,-1.));
#2805=DIRECTION('ref_axis',(-1.,0.,0.));
#2806=DIRECTION('',(0.,-1.,0.));
#2807=DIRECTION('',(1.,0.,0.));
#2808=DIRECTION('center_axis',(0.,0.,1.));
#2809=DIRECTION('ref_axis',(1.,0.,0.));
#2810=DIRECTION('center_axis',(0.,1.,0.));
#2811=DIRECTION('ref_axis',(0.,0.,1.));
#2812=DIRECTION('',(0.,0.,-1.));
#2813=DIRECTION('',(-1.,0.,0.));
#2814=DIRECTION('center_axis',(-0.707106781186548,0.707106781186548,0.));
#2815=DIRECTION('ref_axis',(0.707106781186548,0.707106781186548,0.));
#2816=DIRECTION('',(0.,0.,1.));
#2817=DIRECTION('',(0.707106781186548,0.707106781186548,-8.75700331716053E-19));
#2818=DIRECTION('',(4.863320335676E-30,4.863320335676E-30,1.));
#2819=DIRECTION('',(-0.707106781186548,-0.707106781186548,8.75700331711817E-19));
#2820=DIRECTION('',(0.,0.,1.));
#2821=DIRECTION('',(-0.707106781186548,-0.707106781186548,1.2302034888234E-18));
#2822=DIRECTION('',(0.,0.,-1.));
#2823=DIRECTION('',(-0.707106781186548,-0.707106781186548,0.));
#2824=DIRECTION('',(-0.707106781186548,-0.707106781186548,0.));
#2825=DIRECTION('',(0.,0.,-1.));
#2826=DIRECTION('',(0.707106781186548,0.707106781186548,3.3502975790484E-34));
#2827=DIRECTION('center_axis',(0.,0.,1.));
#2828=DIRECTION('ref_axis',(1.,0.,0.));
#2829=DIRECTION('',(0.,-1.,0.));
#2830=DIRECTION('',(1.,0.,0.));
#2831=DIRECTION('center_axis',(0.,0.,1.));
#2832=DIRECTION('ref_axis',(1.,0.,0.));
#2833=DIRECTION('center_axis',(0.,0.,1.));
#2834=DIRECTION('ref_axis',(1.,0.,0.));
#2835=DIRECTION('',(1.,0.,0.));
#2836=DIRECTION('',(0.,-1.,0.));
#2837=DIRECTION('center_axis',(0.,0.,-1.));
#2838=DIRECTION('ref_axis',(-0.707106781187713,0.707106781185382,0.));
#2839=DIRECTION('center_axis',(9.380824734267E-33,-1.,0.));
#2840=DIRECTION('ref_axis',(-1.,-9.380824734267E-33,0.));
#2841=DIRECTION('',(0.,0.,1.));
#2842=DIRECTION('',(-1.,0.,0.));
#2843=DIRECTION('center_axis',(0.,0.,-1.));
#2844=DIRECTION('ref_axis',(0.707106781186549,0.707106781186546,0.));
#2845=DIRECTION('',(0.,0.,-1.));
#2846=DIRECTION('center_axis',(0.,0.,-1.));
#2847=DIRECTION('ref_axis',(1.,-2.6387702628817E-13,0.));
#2848=DIRECTION('',(0.,0.,1.));
#2849=DIRECTION('center_axis',(0.,0.,-1.));
#2850=DIRECTION('ref_axis',(0.333333333828296,0.942809041407068,0.));
#2851=DIRECTION('',(0.,0.,-1.));
#2852=DIRECTION('center_axis',(-1.34676366800834E-14,-9.45158472765907E-14,
1.));
#2853=DIRECTION('ref_axis',(-1.09948760953299E-14,1.,9.43726864849153E-14));
#2854=DIRECTION('center_axis',(0.,1.,0.));
#2855=DIRECTION('ref_axis',(0.,0.,1.));
#2856=DIRECTION('',(1.,0.,0.));
#2857=DIRECTION('',(1.,0.,0.));
#2858=DIRECTION('center_axis',(0.,1.,0.));
#2859=DIRECTION('ref_axis',(0.,0.,1.));
#2860=DIRECTION('',(1.,0.,0.));
#2861=DIRECTION('',(0.,0.,1.));
#2862=DIRECTION('center_axis',(0.,0.,-1.));
#2863=DIRECTION('ref_axis',(-1.,0.,0.));
#2864=DIRECTION('center_axis',(0.,0.,1.));
#2865=DIRECTION('ref_axis',(1.,0.,0.));
#2866=DIRECTION('center_axis',(0.,0.,-1.));
#2867=DIRECTION('ref_axis',(-1.,0.,0.));
#2868=DIRECTION('',(1.,0.,0.));
#2869=DIRECTION('center_axis',(0.,0.,1.));
#2870=DIRECTION('ref_axis',(1.,0.,0.));
#2871=DIRECTION('',(-1.,0.,0.));
#2872=DIRECTION('center_axis',(1.,-5.464713477698E-33,3.912338674446E-29));
#2873=DIRECTION('ref_axis',(-3.912338674446E-29,0.,1.));
#2874=DIRECTION('',(0.,-1.,0.));
#2875=DIRECTION('',(0.,0.,1.));
#2876=DIRECTION('',(0.,-1.,0.));
#2877=DIRECTION('center_axis',(-8.987065258768E-30,-9.492878013641E-33,
-1.));
#2878=DIRECTION('ref_axis',(-1.,-2.41377627196759E-78,8.987065258768E-30));
#2879=DIRECTION('center_axis',(0.,0.,-1.));
#2880=DIRECTION('ref_axis',(-0.942809041408124,0.333333333825309,0.));
#2881=DIRECTION('center_axis',(-1.,0.,0.));
#2882=DIRECTION('ref_axis',(0.,0.,-1.));
#2883=DIRECTION('',(0.,1.,1.263476339806E-33));
#2884=DIRECTION('center_axis',(7.896727123784E-34,-1.263476339806E-33,1.));
#2885=DIRECTION('ref_axis',(0.,1.,1.263476339806E-33));
#2886=DIRECTION('',(0.,1.,0.));
#2887=DIRECTION('center_axis',(0.,0.,1.));
#2888=DIRECTION('ref_axis',(1.,0.,0.));
#2889=DIRECTION('center_axis',(1.,0.,0.));
#2890=DIRECTION('ref_axis',(0.,0.,1.));
#2891=DIRECTION('center_axis',(0.,0.,-1.));
#2892=DIRECTION('ref_axis',(-0.707106781187713,0.707106781185382,0.));
#2893=DIRECTION('',(0.,0.,-1.));
#2894=DIRECTION('center_axis',(0.,0.,-1.));
#2895=DIRECTION('ref_axis',(-1.38535438801518E-12,1.,0.));
#2896=DIRECTION('center_axis',(-1.,0.,0.));
#2897=DIRECTION('ref_axis',(0.,0.,-1.));
#2898=DIRECTION('',(0.,1.,0.));
#2899=DIRECTION('',(0.,0.,-1.));
#2900=DIRECTION('center_axis',(1.,5.995885853104E-30,5.06182320652E-30));
#2901=DIRECTION('ref_axis',(-5.995885853104E-30,1.,-2.39269462459448E-76));
#2902=DIRECTION('',(0.,1.,0.));
#2903=DIRECTION('',(0.,0.,1.));
#2904=DIRECTION('',(0.,1.,0.));
#2905=DIRECTION('center_axis',(7.450660370853E-20,-1.31293388939E-18,-1.));
#2906=DIRECTION('ref_axis',(0.,-1.,1.31293388939E-18));
#2907=DIRECTION('',(1.,0.,0.));
#2908=DIRECTION('center_axis',(0.,0.,-1.));
#2909=DIRECTION('ref_axis',(-1.83247934922107E-14,1.,0.));
#2910=DIRECTION('center_axis',(0.,-1.,0.));
#2911=DIRECTION('ref_axis',(0.,0.,-1.));
#2912=DIRECTION('',(1.,0.,0.));
#2913=DIRECTION('',(0.,0.,-1.));
#2914=DIRECTION('center_axis',(-1.739770458378E-18,5.255456429514E-30,-1.));
#2915=DIRECTION('ref_axis',(-1.,-3.11645510056255E-64,1.739770458378E-18));
#2916=DIRECTION('',(1.,0.,0.));
#2917=DIRECTION('center_axis',(0.,0.,-1.));
#2918=DIRECTION('ref_axis',(-1.,2.63877026288174E-13,0.));
#2919=DIRECTION('center_axis',(0.,1.,0.));
#2920=DIRECTION('ref_axis',(0.,0.,1.));
#2921=DIRECTION('',(0.,0.,1.));
#2922=DIRECTION('center_axis',(0.,1.,0.));
#2923=DIRECTION('ref_axis',(0.,0.,1.));
#2924=DIRECTION('',(0.,0.,-1.));
#2925=DIRECTION('center_axis',(-1.941521240897E-17,-3.519443672328E-19,
-1.));
#2926=DIRECTION('ref_axis',(-1.,5.49378888432953E-52,1.941521240897E-17));
#2927=DIRECTION('center_axis',(0.,1.,0.));
#2928=DIRECTION('ref_axis',(0.,0.,1.));
#2929=DIRECTION('',(0.,0.,1.));
#2930=DIRECTION('center_axis',(0.,0.,-1.));
#2931=DIRECTION('ref_axis',(-0.707106781186549,0.707106781186546,0.));
#2932=DIRECTION('center_axis',(-2.7091335029524E-15,3.18106956360928E-14,
1.));
#2933=DIRECTION('ref_axis',(-0.333333333828225,0.942809041407093,-3.11521489367581E-14));
#2934=DIRECTION('center_axis',(-7.450660370854E-20,1.312933889396E-18,1.));
#2935=DIRECTION('ref_axis',(0.,1.,-1.312933889396E-18));
#2936=DIRECTION('center_axis',(-7.450660370854E-20,1.312933889396E-18,1.));
#2937=DIRECTION('ref_axis',(0.,1.,-1.312933889396E-18));
#2938=DIRECTION('',(0.,1.,0.));
#2939=DIRECTION('center_axis',(0.,1.,0.));
#2940=DIRECTION('ref_axis',(0.,0.,1.));
#2941=DIRECTION('',(0.,0.,1.));
#2942=DIRECTION('center_axis',(0.,0.,-1.));
#2943=DIRECTION('ref_axis',(0.707106781186544,0.707106781186551,0.));
#2944=DIRECTION('',(0.,0.,-1.));
#2945=DIRECTION('center_axis',(-3.08944560043955E-14,-8.04936967417439E-15,
1.));
#2946=DIRECTION('ref_axis',(0.942809041407029,0.333333333828404,3.20683886114031E-14));
#2947=DIRECTION('',(0.,0.,1.));
#2948=DIRECTION('center_axis',(-1.,0.,0.));
#2949=DIRECTION('ref_axis',(0.,0.,-1.));
#2950=DIRECTION('',(0.,-1.,0.));
#2951=DIRECTION('center_axis',(-1.739770458378E-18,5.255456429514E-30,-1.));
#2952=DIRECTION('ref_axis',(-1.,-3.11645510056255E-64,1.739770458378E-18));
#2953=DIRECTION('',(1.,0.,0.));
#2954=DIRECTION('center_axis',(0.,-1.,0.));
#2955=DIRECTION('ref_axis',(0.,0.,-1.));
#2956=DIRECTION('',(1.,0.,0.));
#2957=DIRECTION('center_axis',(7.450660370853E-20,-1.31293388939E-18,-1.));
#2958=DIRECTION('ref_axis',(0.,-1.,1.31293388939E-18));
#2959=DIRECTION('',(0.,1.,0.));
#2960=DIRECTION('center_axis',(-1.,5.995885853104E-30,4.863320335676E-30));
#2961=DIRECTION('ref_axis',(-5.995885853104E-30,-1.,1.49652776122972E-75));
#2962=DIRECTION('center_axis',(0.,0.,1.));
#2963=DIRECTION('ref_axis',(1.,0.,0.));
#2964=DIRECTION('',(0.,0.,1.));
#2965=DIRECTION('',(0.,0.,1.));
#2966=DIRECTION('center_axis',(1.,0.,0.));
#2967=DIRECTION('ref_axis',(0.,0.,1.));
#2968=DIRECTION('center_axis',(5.995885853104E-30,-1.,5.06182320652E-30));
#2969=DIRECTION('ref_axis',(-1.,-5.995885853104E-30,0.));
#2970=DIRECTION('',(1.,0.,0.));
#2971=DIRECTION('center_axis',(2.533913349659E-18,1.477895753699E-19,1.));
#2972=DIRECTION('ref_axis',(1.,1.84637695031155E-53,-2.533913349659E-18));
#2973=DIRECTION('axis',(0.,0.,1.));
#2974=DIRECTION('refdir',(1.,0.,0.));
#2975=DIRECTION('center_axis',(-0.707106781186548,0.707106781186548,0.));
#2976=DIRECTION('ref_axis',(-0.707106781186548,-0.707106781186548,0.));
#2977=DIRECTION('',(0.,0.,1.));
#2978=DIRECTION('',(-0.70710678118644,-0.707106781186655,0.));
#2979=DIRECTION('',(0.,0.,1.));
#2980=DIRECTION('',(-0.70710678118644,-0.707106781186655,0.));
#2981=DIRECTION('center_axis',(0.,0.,1.));
#2982=DIRECTION('ref_axis',(1.,0.,0.));
#2983=DIRECTION('',(0.,1.,0.));
#2984=DIRECTION('',(-0.707106781186475,-0.70710678118662,0.));
#2985=DIRECTION('',(-1.,0.,0.));
#2986=DIRECTION('center_axis',(0.707106781186548,-0.707106781186548,0.));
#2987=DIRECTION('ref_axis',(0.707106781186548,0.707106781186548,0.));
#2988=DIRECTION('',(0.,0.,-1.));
#2989=DIRECTION('',(0.707106781186475,0.70710678118662,0.));
#2990=DIRECTION('',(0.,0.,1.));
#2991=DIRECTION('center_axis',(0.,1.,0.));
#2992=DIRECTION('ref_axis',(0.,0.,1.));
#2993=DIRECTION('',(-0.819128258320143,-1.296817032224E-10,0.573610404736011));
#2994=DIRECTION('center_axis',(-1.,5.878912729271E-30,-8.9418137656E-30));
#2995=DIRECTION('ref_axis',(8.9418137656E-30,0.,-1.));
#2996=DIRECTION('',(-1.15348273422232E-10,-0.819128258334385,-0.573610404715672));
#2997=DIRECTION('center_axis',(-0.497564983086954,0.497564983051954,-0.710533725621935));
#2998=DIRECTION('ref_axis',(-0.819128258277429,1.377000533885E-13,0.573610404797007));
#2999=DIRECTION('axis',(0.,0.,1.));
#3000=DIRECTION('refdir',(1.,0.,0.));
#3001=DIRECTION('center_axis',(0.707106781186548,0.707106781186548,0.));
#3002=DIRECTION('ref_axis',(0.707106781186548,-0.707106781186548,0.));
#3003=DIRECTION('',(0.,0.,1.));
#3004=DIRECTION('',(-0.707106781186547,0.707106781186547,0.));
#3005=DIRECTION('',(0.,0.,1.));
#3006=DIRECTION('',(-0.707106781186547,0.707106781186547,0.));
#3007=DIRECTION('center_axis',(0.,0.,1.));
#3008=DIRECTION('ref_axis',(1.,0.,0.));
#3009=DIRECTION('',(1.,0.,0.));
#3010=DIRECTION('',(-0.707106781186548,0.707106781186548,0.));
#3011=DIRECTION('',(0.,1.,0.));
#3012=DIRECTION('center_axis',(-0.707106781186548,-0.707106781186548,0.));
#3013=DIRECTION('ref_axis',(-0.707106781186548,0.707106781186548,0.));
#3014=DIRECTION('',(0.,0.,-1.));
#3015=DIRECTION('',(0.707106781186548,-0.707106781186548,0.));
#3016=DIRECTION('',(0.,0.,1.));
#3017=DIRECTION('center_axis',(1.,0.,0.));
#3018=DIRECTION('ref_axis',(0.,0.,1.));
#3019=DIRECTION('',(-1.296817032224E-10,0.819128258320143,0.573610404736011));
#3020=DIRECTION('center_axis',(5.878912729271E-30,1.,-8.9418137656E-30));
#3021=DIRECTION('ref_axis',(-3.55210870280977E-76,8.9418137656E-30,1.));
#3022=DIRECTION('',(-0.819128258334385,1.15348273422232E-10,-0.573610404715672));
#3023=DIRECTION('center_axis',(0.497564983051954,0.497564983086954,-0.710533725621935));
#3024=DIRECTION('ref_axis',(-1.37685972263957E-13,-0.819128258277429,-0.573610404797007));
#3025=DIRECTION('axis',(0.,0.,1.));
#3026=DIRECTION('refdir',(1.,0.,0.));
#3027=DIRECTION('center_axis',(0.707106781186548,-0.707106781186548,0.));
#3028=DIRECTION('ref_axis',(0.707106781186548,0.707106781186548,0.));
#3029=DIRECTION('',(0.,0.,1.));
#3030=DIRECTION('',(0.707106781186655,0.70710678118644,0.));
#3031=DIRECTION('',(0.,0.,1.));
#3032=DIRECTION('',(0.707106781186655,0.70710678118644,0.));
#3033=DIRECTION('center_axis',(0.,0.,1.));
#3034=DIRECTION('ref_axis',(1.,0.,0.));
#3035=DIRECTION('',(0.,-1.,0.));
#3036=DIRECTION('',(0.70710678118662,0.707106781186475,0.));
#3037=DIRECTION('',(1.,0.,0.));
#3038=DIRECTION('center_axis',(-0.707106781186548,0.707106781186548,0.));
#3039=DIRECTION('ref_axis',(-0.707106781186548,-0.707106781186548,0.));
#3040=DIRECTION('',(0.,0.,-1.));
#3041=DIRECTION('',(-0.70710678118662,-0.707106781186475,0.));
#3042=DIRECTION('',(0.,0.,1.));
#3043=DIRECTION('center_axis',(0.,-1.,0.));
#3044=DIRECTION('ref_axis',(0.,0.,-1.));
#3045=DIRECTION('',(0.819128258320143,1.296817032224E-10,0.573610404736011));
#3046=DIRECTION('center_axis',(1.,-5.878912729271E-30,-8.9418137656E-30));
#3047=DIRECTION('ref_axis',(8.9418137656E-30,0.,1.));
#3048=DIRECTION('',(1.15348273422232E-10,0.819128258334385,-0.573610404715672));
#3049=DIRECTION('center_axis',(0.497564983086954,-0.497564983051954,-0.710533725621935));
#3050=DIRECTION('ref_axis',(-0.819128258277429,1.377000533885E-13,-0.573610404797007));
#3051=DIRECTION('axis',(0.,0.,1.));
#3052=DIRECTION('refdir',(1.,0.,0.));
#3053=DIRECTION('center_axis',(-0.707106781186548,-0.707106781186548,0.));
#3054=DIRECTION('ref_axis',(-0.707106781186548,0.707106781186548,0.));
#3055=DIRECTION('',(0.,0.,1.));
#3056=DIRECTION('',(0.707106781186547,-0.707106781186547,0.));
#3057=DIRECTION('',(0.,0.,1.));
#3058=DIRECTION('',(0.707106781186547,-0.707106781186547,0.));
#3059=DIRECTION('center_axis',(0.,0.,1.));
#3060=DIRECTION('ref_axis',(1.,0.,0.));
#3061=DIRECTION('',(-1.,0.,0.));
#3062=DIRECTION('',(0.707106781186547,-0.707106781186547,0.));
#3063=DIRECTION('',(0.,-1.,0.));
#3064=DIRECTION('center_axis',(0.707106781186548,0.707106781186548,0.));
#3065=DIRECTION('ref_axis',(0.707106781186548,-0.707106781186548,0.));
#3066=DIRECTION('',(0.,0.,-1.));
#3067=DIRECTION('',(-0.707106781186547,0.707106781186547,0.));
#3068=DIRECTION('',(0.,0.,1.));
#3069=DIRECTION('center_axis',(-1.,0.,0.));
#3070=DIRECTION('ref_axis',(0.,0.,-1.));
#3071=DIRECTION('',(1.296817032224E-10,-0.819128258320143,0.573610404736011));
#3072=DIRECTION('center_axis',(-5.878912729271E-30,-1.,-8.9418137656E-30));
#3073=DIRECTION('ref_axis',(-3.55210870280977E-76,8.9418137656E-30,-1.));
#3074=DIRECTION('',(0.819128258334385,-1.15348273422232E-10,-0.573610404715672));
#3075=DIRECTION('center_axis',(-0.497564983051954,-0.497564983086954,-0.710533725621935));
#3076=DIRECTION('ref_axis',(-1.37685972263957E-13,-0.819128258277429,0.573610404797007));
#3077=DIRECTION('',(0.,0.,1.));
#3078=DIRECTION('',(1.,0.,0.));
#3079=DIRECTION('',(0.,0.,1.));
#3080=DIRECTION('',(1.,0.,0.));
#3081=DIRECTION('',(0.,0.,1.));
#3082=DIRECTION('',(1.,0.,0.));
#3083=DIRECTION('',(0.,0.,1.));
#3084=DIRECTION('',(1.,0.,0.));
#3085=DIRECTION('',(0.,0.,1.));
#3086=DIRECTION('',(1.,0.,0.));
#3087=CARTESIAN_POINT('',(0.,0.,0.));
#3088=CARTESIAN_POINT('',(0.,0.,0.));
#3089=CARTESIAN_POINT('Origin',(0.,2.1857610077,1.1));
#3090=CARTESIAN_POINT('',(-5.637514711176,2.1857610077,1.9));
#3091=CARTESIAN_POINT('',(-5.957607696975,2.1857610077,1.9));
#3092=CARTESIAN_POINT('',(-4.25,2.1857610077,1.9));
#3093=CARTESIAN_POINT('',(-5.957607696975,2.1857610077,2.2));
#3094=CARTESIAN_POINT('',(-5.957607696975,2.1857610077,0.));
#3095=CARTESIAN_POINT('',(-5.637514711176,2.1857610077,2.2));
#3096=CARTESIAN_POINT('',(-5.957607696975,2.1857610077,2.2));
#3097=CARTESIAN_POINT('',(-5.637514711176,2.1857610077,1.4));
#3098=CARTESIAN_POINT('Origin',(-5.95760769697614,2.48869021263027,0.));
#3099=CARTESIAN_POINT('',(-5.957607696975,2.79161941756,1.9));
#3100=CARTESIAN_POINT('Origin',(-5.95760769697614,2.48869021263027,1.9));
#3101=CARTESIAN_POINT('',(-5.957607696975,2.79161941756,2.8));
#3102=CARTESIAN_POINT('',(-5.957607696975,2.79161941756,2.8));
#3103=CARTESIAN_POINT('',(-5.957607696975,2.1857610077,2.8));
#3104=CARTESIAN_POINT('Origin',(-5.95760769697558,2.48869021263042,2.8));
#3105=CARTESIAN_POINT('',(-5.957607696975,2.1857610077,2.6));
#3106=CARTESIAN_POINT('',(-5.957607696975,2.1857610077,2.6));
#3107=CARTESIAN_POINT('',(-6.058584098618,2.20308581974,2.6));
#3108=CARTESIAN_POINT('Origin',(-5.95760769697503,2.48869021263203,2.6));
#3109=CARTESIAN_POINT('',(-6.058584098618,2.20308581974,2.2));
#3110=CARTESIAN_POINT('',(-6.05858409876936,2.20308581931599,2.6));
#3111=CARTESIAN_POINT('Origin',(-5.95760769697503,2.48869021263203,2.2));
#3112=CARTESIAN_POINT('Origin',(-1.832934976093,14.,2.2));
#3113=CARTESIAN_POINT('',(-1.764691620254,7.941415901382,2.2));
#3114=CARTESIAN_POINT('',(-2.185761007694,8.362485288822,2.2));
#3115=CARTESIAN_POINT('',(-4.36987160345925,10.5465958845873,2.2));
#3116=CARTESIAN_POINT('',(-2.185761007694,8.042392303025,2.2));
#3117=CARTESIAN_POINT('',(-2.185761007694,19.957607696975,2.2));
#3118=CARTESIAN_POINT('',(-2.203085819736,7.941415901382,2.2));
#3119=CARTESIAN_POINT('Origin',(-2.48869021262518,8.04239230302499,2.20000000000001));
#3120=CARTESIAN_POINT('',(-2.203085819736,7.941415901382,2.2));
#3121=CARTESIAN_POINT('Origin',(-1.207156532775E-16,2.79161941756,1.4));
#3122=CARTESIAN_POINT('',(-5.5,2.79161941756,1.9));
#3123=CARTESIAN_POINT('',(-4.25,2.79161941756,1.9));
#3124=CARTESIAN_POINT('',(-5.5,2.79161941756,-5.55111512312578E-16));
#3125=CARTESIAN_POINT('',(-5.5,2.79161941756,0.2));
#3126=CARTESIAN_POINT('',(-5.03165630131373,2.79161941756,-5.55111512312578E-16));
#3127=CARTESIAN_POINT('',(-7.,2.79161941756,-5.55111512312578E-16));
#3128=CARTESIAN_POINT('',(-5.031656301316,2.79161941756,2.8));
#3129=CARTESIAN_POINT('',(-5.031656301316,2.79161941756,1.55));
#3130=CARTESIAN_POINT('',(5.957607696975,2.79161941756,2.8));
#3131=CARTESIAN_POINT('Origin',(-2.185761007694,14.,1.1));
#3132=CARTESIAN_POINT('',(-2.185761007694,8.362485288822,1.9));
#3133=CARTESIAN_POINT('',(-2.185761007694,8.362485288822,1.4));
#3134=CARTESIAN_POINT('',(-2.185761007694,8.042392303025,1.9));
#3135=CARTESIAN_POINT('',(-2.185761007694,9.75,1.9));
#3136=CARTESIAN_POINT('',(-2.185761007694,8.042392303025,-5.55111512312578E-16));
#3137=CARTESIAN_POINT('Origin',(-5.5,9.,-1.));
#3138=CARTESIAN_POINT('',(-5.5,11.208380582444,1.9));
#3139=CARTESIAN_POINT('',(-5.5,11.208380582444,-5.55111512312578E-16));
#3140=CARTESIAN_POINT('',(-5.5,11.208380582444,0.2));
#3141=CARTESIAN_POINT('',(-5.5,9.,-5.55111512312578E-16));
#3142=CARTESIAN_POINT('',(-5.5,4.5,-5.55111512312578E-16));
#3143=CARTESIAN_POINT('',(-5.5,9.,1.9));
#3144=CARTESIAN_POINT('',(-5.5,9.,-1.));
#3145=CARTESIAN_POINT('',(-5.5,9.,1.9));
#3146=CARTESIAN_POINT('Origin',(-12.1670650239,14.,2.2));
#3147=CARTESIAN_POINT('',(-11.8142389923,8.362485288824,2.2));
#3148=CARTESIAN_POINT('',(-12.235308379742,7.941415901382,2.2));
#3149=CARTESIAN_POINT('',(-9.630128396536,10.546595884588,2.2));
#3150=CARTESIAN_POINT('',(-11.79691418026,7.941415901382,2.2));
#3151=CARTESIAN_POINT('',(-11.79691418026,7.941415901382,2.2));
#3152=CARTESIAN_POINT('',(-11.8142389923,8.042392303025,2.2));
#3153=CARTESIAN_POINT('Origin',(-11.511309787368,8.04239230302498,2.20000000000002));
#3154=CARTESIAN_POINT('',(-11.8142389923,8.042392303025,2.2));
#3155=CARTESIAN_POINT('Origin',(-12.15899399203,7.941415901382,2.4));
#3156=CARTESIAN_POINT('',(-12.235308379742,7.941415901382,2.6));
#3157=CARTESIAN_POINT('',(-12.235308379742,7.941415901382,2.05));
#3158=CARTESIAN_POINT('',(-11.79691418026,7.941415901382,2.6));
#3159=CARTESIAN_POINT('',(-11.79691418026,7.941415901382,2.6));
#3160=CARTESIAN_POINT('',(-11.796914180684,7.94141590123064,2.2));
#3161=CARTESIAN_POINT('Origin',(-12.1670650239,14.,2.6));
#3162=CARTESIAN_POINT('',(-11.8142389923,8.362485288824,2.6));
#3163=CARTESIAN_POINT('',(-9.630128396536,10.546595884588,2.6));
#3164=CARTESIAN_POINT('',(-11.8142389923,8.042392303025,2.6));
#3165=CARTESIAN_POINT('',(-11.8142389923,19.957607696975,2.6));
#3166=CARTESIAN_POINT('Origin',(-11.511309787368,8.04239230302497,2.6));
#3167=CARTESIAN_POINT('Origin',(-11.8142389923,14.,2.7));
#3168=CARTESIAN_POINT('',(-11.8142389923,8.362485288824,2.8));
#3169=CARTESIAN_POINT('',(-11.8142389923,8.362485288824,2.2));
#3170=CARTESIAN_POINT('',(-11.8142389923,8.042392303025,2.8));
#3171=CARTESIAN_POINT('',(-11.8142389923,19.957607696975,2.8));
#3172=CARTESIAN_POINT('',(-11.8142389923,8.042392303025,2.8));
#3173=CARTESIAN_POINT('Origin',(-11.51130978737,14.,2.8));
#3174=CARTESIAN_POINT('',(-11.20838058244,8.968343698684,2.8));
#3175=CARTESIAN_POINT('',(-9.4661895874035,10.7105346937205,2.8));
#3176=CARTESIAN_POINT('',(-11.20838058244,8.042392303025,2.8));
#3177=CARTESIAN_POINT('',(-11.20838058244,8.042392303025,2.8));
#3178=CARTESIAN_POINT('Origin',(-11.5113097873704,8.04239230302442,2.8));
#3179=CARTESIAN_POINT('Origin',(-11.20838058244,14.,1.4));
#3180=CARTESIAN_POINT('',(-11.20838058244,8.968343698684,-5.55111512312578E-16));
#3181=CARTESIAN_POINT('',(-11.20838058244,8.968343698684,1.55));
#3182=CARTESIAN_POINT('',(-11.20838058244,8.5,0.));
#3183=CARTESIAN_POINT('',(-11.20838058244,7.,-5.55111512312578E-16));
#3184=CARTESIAN_POINT('',(-11.20838058244,8.5,1.9));
#3185=CARTESIAN_POINT('',(-11.20838058244,8.5,0.2));
#3186=CARTESIAN_POINT('',(-11.20838058244,8.042392303025,1.9));
#3187=CARTESIAN_POINT('',(-11.20838058244,9.75,1.9));
#3188=CARTESIAN_POINT('',(-11.20838058244,8.042392303025,0.));
#3189=CARTESIAN_POINT('Origin',(-2.488690212625,14.,2.8));
#3190=CARTESIAN_POINT('',(-2.791619417556,8.968343698684,2.8));
#3191=CARTESIAN_POINT('',(-2.185761007694,8.362485288822,2.8));
#3192=CARTESIAN_POINT('',(-4.53381041259225,10.7105346937203,2.8));
#3193=CARTESIAN_POINT('',(-2.185761007694,8.042392303025,2.8));
#3194=CARTESIAN_POINT('',(-2.185761007694,8.042392303025,2.8));
#3195=CARTESIAN_POINT('',(-2.791619417556,8.042392303025,2.8));
#3196=CARTESIAN_POINT('Origin',(-2.48869021262492,8.04239230302492,2.8));
#3197=CARTESIAN_POINT('',(-2.791619417556,19.957607696975,2.8));
#3198=CARTESIAN_POINT('Origin',(-2.185761007694,14.,2.7));
#3199=CARTESIAN_POINT('',(-2.185761007694,8.362485288822,2.6));
#3200=CARTESIAN_POINT('',(-2.185761007694,8.362485288822,2.2));
#3201=CARTESIAN_POINT('',(-2.185761007694,8.042392303025,2.6));
#3202=CARTESIAN_POINT('',(-2.185761007694,8.042392303025,2.6));
#3203=CARTESIAN_POINT('',(-2.185761007694,8.042392303025,2.6));
#3204=CARTESIAN_POINT('Origin',(-1.841006007963,7.941415901382,2.4));
#3205=CARTESIAN_POINT('',(-1.764691620254,7.941415901382,2.6));
#3206=CARTESIAN_POINT('',(-1.764691620254,7.941415901382,2.05));
#3207=CARTESIAN_POINT('',(-2.203085819736,7.941415901382,2.6));
#3208=CARTESIAN_POINT('',(-2.20308581931005,7.94141590123064,2.6));
#3209=CARTESIAN_POINT('',(-2.203085819736,7.941415901382,2.6));
#3210=CARTESIAN_POINT('Origin',(-1.832934976093,14.,2.6));
#3211=CARTESIAN_POINT('',(-4.36987160345925,10.5465958845873,2.6));
#3212=CARTESIAN_POINT('Origin',(-2.48869021262524,8.042392303025,2.59999999999998));
#3213=CARTESIAN_POINT('Origin',(-2.48869021262486,8.04239230302486,-5.55111512312578E-16));
#3214=CARTESIAN_POINT('',(-2.791619417556,8.042392303025,1.9));
#3215=CARTESIAN_POINT('Origin',(-2.48869021262486,8.04239230302486,1.9));
#3216=CARTESIAN_POINT('',(-2.791619417556,8.042392303025,2.8));
#3217=CARTESIAN_POINT('Origin',(-8.04239230302446,2.48869021263087,-5.55111512312578E-16));
#3218=CARTESIAN_POINT('',(-8.042392303025,2.79161941756,1.9));
#3219=CARTESIAN_POINT('',(-8.042392303025,2.1857610077,1.9));
#3220=CARTESIAN_POINT('Origin',(-8.04239230302446,2.48869021263087,1.9));
#3221=CARTESIAN_POINT('',(-8.042392303025,2.1857610077,2.2));
#3222=CARTESIAN_POINT('',(-8.042392303025,2.1857610077,2.2));
#3223=CARTESIAN_POINT('',(-7.941415901382,2.20308581974,2.2));
#3224=CARTESIAN_POINT('Origin',(-8.04239230302496,2.48869021263203,2.19999999999999));
#3225=CARTESIAN_POINT('',(-7.941415901382,2.20308581974,2.6));
#3226=CARTESIAN_POINT('',(-7.94141590123064,2.20308581931599,2.2));
#3227=CARTESIAN_POINT('',(-8.042392303025,2.1857610077,2.6));
#3228=CARTESIAN_POINT('Origin',(-8.04239230302497,2.48869021263203,2.59999999999996));
#3229=CARTESIAN_POINT('',(-8.042392303025,2.1857610077,2.8));
#3230=CARTESIAN_POINT('',(-8.042392303025,2.1857610077,2.8));
#3231=CARTESIAN_POINT('',(-8.042392303025,2.79161941756,2.8));
#3232=CARTESIAN_POINT('Origin',(-8.04239230302442,2.48869021262958,2.8));
#3233=CARTESIAN_POINT('',(-8.042392303025,2.79161941756,-5.55111512312578E-16));
#3234=CARTESIAN_POINT('Origin',(-14.,2.1857610077,1.1));
#3235=CARTESIAN_POINT('',(-8.36248528882,2.1857610077,1.9));
#3236=CARTESIAN_POINT('',(-11.25,2.1857610077,1.9));
#3237=CARTESIAN_POINT('',(-8.36248528882,2.1857610077,2.2));
#3238=CARTESIAN_POINT('',(-8.36248528882,2.1857610077,1.4));
#3239=CARTESIAN_POINT('',(-19.957607696975,2.1857610077,2.2));
#3240=CARTESIAN_POINT('Origin',(-14.,1.8329349761,2.2));
#3241=CARTESIAN_POINT('',(-7.941415901382,1.764691620262,2.2));
#3242=CARTESIAN_POINT('',(-10.546595884585,4.369871603465,2.2));
#3243=CARTESIAN_POINT('',(-7.941415901382,2.20308581974,2.2));
#3244=CARTESIAN_POINT('Origin',(-3.911637859436,3.91163785944,1.7));
#3245=CARTESIAN_POINT('',(-6.344349522684,1.47892619619,1.9));
#3246=CARTESIAN_POINT('',(-7.286637859437,0.536637859439002,1.9));
#3247=CARTESIAN_POINT('',(-6.058584098618,1.764691620258,2.2));
#3248=CARTESIAN_POINT('',(-3.453404115412,4.369871603464,2.2));
#3249=CARTESIAN_POINT('',(-6.058584098618,1.764691620258,2.6));
#3250=CARTESIAN_POINT('',(-6.058584098618,1.764691620258,2.05));
#3251=CARTESIAN_POINT('',(-5.637514711176,2.1857610077,2.6));
#3252=CARTESIAN_POINT('',(-3.453404115412,4.369871603464,2.6));
#3253=CARTESIAN_POINT('',(-5.637514711176,2.1857610077,2.8));
#3254=CARTESIAN_POINT('',(-5.637514711176,2.1857610077,2.2));
#3255=CARTESIAN_POINT('',(-3.2894653062795,4.5338104125965,2.8));
#3256=CARTESIAN_POINT('',(-2.791619417556,5.03165630131727,-5.55111512312578E-16));
#3257=CARTESIAN_POINT('',(-7.411637859437,0.411637859439002,-5.55111512312578E-16));
#3258=CARTESIAN_POINT('',(-2.791619417556,5.03165630132,2.8));
#3259=CARTESIAN_POINT('',(-2.791619417556,5.03165630132,1.55));
#3260=CARTESIAN_POINT('',(-2.185761007694,5.637514711182,2.8));
#3261=CARTESIAN_POINT('',(-4.53381041259325,3.28946530628275,2.8));
#3262=CARTESIAN_POINT('',(-2.185761007694,5.637514711182,2.6));
#3263=CARTESIAN_POINT('',(-2.185761007694,5.637514711182,2.2));
#3264=CARTESIAN_POINT('',(-1.764691620258,6.058584098618,2.6));
#3265=CARTESIAN_POINT('',(-4.36987160346025,3.45340411541575,2.6));
#3266=CARTESIAN_POINT('',(-1.764691620258,6.058584098618,2.2));
#3267=CARTESIAN_POINT('',(-1.764691620258,6.058584098618,2.05));
#3268=CARTESIAN_POINT('',(-2.185761007694,5.637514711182,2.2));
#3269=CARTESIAN_POINT('',(-4.36987160346025,3.45340411541575,2.2));
#3270=CARTESIAN_POINT('',(-2.185761007694,5.637514711182,1.9));
#3271=CARTESIAN_POINT('',(-2.185761007694,5.637514711182,1.4));
#3272=CARTESIAN_POINT('',(-1.478926196189,6.344349522684,1.9));
#3273=CARTESIAN_POINT('',(-3.786637859437,4.036637859439,1.9));
#3274=CARTESIAN_POINT('',(-1.478926196189,6.344349522684,3.4));
#3275=CARTESIAN_POINT('',(-1.478926196189,6.344349522687,1.7));
#3276=CARTESIAN_POINT('',(-6.344349522684,1.47892619619,3.4));
#3277=CARTESIAN_POINT('',(-7.411637859437,0.411637859439002,3.4));
#3278=CARTESIAN_POINT('',(-6.344349522684,1.47892619619,3.4));
#3279=CARTESIAN_POINT('Origin',(-14.,2.79161941756,1.4));
#3280=CARTESIAN_POINT('',(-8.5,2.79161941756,1.9));
#3281=CARTESIAN_POINT('',(-11.25,2.79161941756,1.9));
#3282=CARTESIAN_POINT('',(-8.96834369868,2.79161941756,2.8));
#3283=CARTESIAN_POINT('',(-8.042392303025,2.79161941756,2.8));
#3284=CARTESIAN_POINT('',(-8.96834369868,2.79161941756,-5.55111512312578E-16));
#3285=CARTESIAN_POINT('',(-8.96834369868,2.79161941756,1.55));
#3286=CARTESIAN_POINT('',(-8.5,2.79161941756,-5.55111512312578E-16));
#3287=CARTESIAN_POINT('',(-14.,2.79161941756,-5.55111512312578E-16));
#3288=CARTESIAN_POINT('',(-8.5,2.79161941756,0.199999999999999));
#3289=CARTESIAN_POINT('Origin',(-14.,2.48869021263,2.8));
#3290=CARTESIAN_POINT('',(-8.36248528882,2.1857610077,2.8));
#3291=CARTESIAN_POINT('',(-10.7105346937175,4.5338104125975,2.8));
#3292=CARTESIAN_POINT('',(-8.042392303025,2.1857610077,2.8));
#3293=CARTESIAN_POINT('Origin',(-14.,2.1857610077,2.7));
#3294=CARTESIAN_POINT('',(-8.36248528882,2.1857610077,2.6));
#3295=CARTESIAN_POINT('',(-8.36248528882,2.1857610077,2.2));
#3296=CARTESIAN_POINT('',(-8.042392303025,2.1857610077,2.6));
#3297=CARTESIAN_POINT('Origin',(-14.,1.47892619619,1.7));
#3298=CARTESIAN_POINT('',(-7.65565047731,1.47892619619,1.9));
#3299=CARTESIAN_POINT('',(-11.25,1.47892619619,1.9));
#3300=CARTESIAN_POINT('',(-7.655650477316,1.47892619619,3.4));
#3301=CARTESIAN_POINT('',(-14.,1.47892619619,3.4));
#3302=CARTESIAN_POINT('',(-7.65565047731,1.47892619619,1.7));
#3303=CARTESIAN_POINT('Origin',(-14.,1.8329349761,2.6));
#3304=CARTESIAN_POINT('',(-7.941415901382,1.764691620262,2.6));
#3305=CARTESIAN_POINT('',(-10.546595884585,4.369871603465,2.6));
#3306=CARTESIAN_POINT('',(-7.941415901382,2.20308581974,2.6));
#3307=CARTESIAN_POINT('Origin',(-7.941415901382,1.84100600797,2.4));
#3308=CARTESIAN_POINT('',(-7.941415901382,1.764691620262,2.05));
#3309=CARTESIAN_POINT('Origin',(-1.326981492302E-15,2.48869021263,2.8));
#3310=CARTESIAN_POINT('',(5.957607696975,2.1857610077,2.8));
#3311=CARTESIAN_POINT('Origin',(0.,2.1857610077,2.7));
#3312=CARTESIAN_POINT('',(5.957607696975,2.1857610077,2.6));
#3313=CARTESIAN_POINT('Origin',(7.780013811578E-16,1.8329349761,2.6));
#3314=CARTESIAN_POINT('',(-6.058584098618,2.20308581974,2.6));
#3315=CARTESIAN_POINT('Origin',(-10.08836214056,3.91163785944,1.7));
#3316=CARTESIAN_POINT('',(-7.46336214056,1.28663785944,1.9));
#3317=CARTESIAN_POINT('',(-12.52107380381,6.344349522684,3.4));
#3318=CARTESIAN_POINT('',(-10.08836214056,3.91163785944,3.4));
#3319=CARTESIAN_POINT('',(-12.52107380381,6.344349522684,1.9));
#3320=CARTESIAN_POINT('',(-12.52107380381,6.34434952269,1.7));
#3321=CARTESIAN_POINT('',(-11.8142389923,5.63751471118001,1.9));
#3322=CARTESIAN_POINT('',(-12.71336214056,6.53663785944,1.9));
#3323=CARTESIAN_POINT('',(-11.8142389923,5.63751471118001,2.2));
#3324=CARTESIAN_POINT('',(-11.8142389923,5.63751471118001,1.4));
#3325=CARTESIAN_POINT('',(-12.235308379738,6.058584098618,2.2));
#3326=CARTESIAN_POINT('',(-9.630128396535,3.453404115415,2.2));
#3327=CARTESIAN_POINT('',(-12.235308379738,6.058584098618,2.6));
#3328=CARTESIAN_POINT('',(-12.235308379738,6.058584098618,2.05));
#3329=CARTESIAN_POINT('',(-11.8142389923,5.63751471118001,2.6));
#3330=CARTESIAN_POINT('',(-9.630128396535,3.453404115415,2.6));
#3331=CARTESIAN_POINT('',(-11.8142389923,5.63751471118001,2.8));
#3332=CARTESIAN_POINT('',(-11.8142389923,5.63751471118001,2.2));
#3333=CARTESIAN_POINT('',(-11.20838058244,5.03165630132001,2.8));
#3334=CARTESIAN_POINT('',(-9.4661895874025,3.2894653062825,2.8));
#3335=CARTESIAN_POINT('',(-11.20838058244,5.03165630132,-5.55111512312578E-16));
#3336=CARTESIAN_POINT('',(-11.20838058244,5.03165630132,1.55));
#3337=CARTESIAN_POINT('',(-10.08836214056,3.91163785944,-5.55111512312578E-16));
#3338=CARTESIAN_POINT('Origin',(-11.5113097873691,8.04239230302446,0.));
#3339=CARTESIAN_POINT('',(-11.8142389923,8.042392303025,1.9));
#3340=CARTESIAN_POINT('Origin',(-11.5113097873691,8.04239230302446,1.9));
#3341=CARTESIAN_POINT('',(-11.8142389923,8.042392303025,2.2));
#3342=CARTESIAN_POINT('Origin',(-6.058584098618,1.84100600797,2.4));
#3343=CARTESIAN_POINT('',(-6.058584098618,2.20308581974,2.2));
#3344=CARTESIAN_POINT('Origin',(-7.661152489457E-16,1.8329349761,2.2));
#3345=CARTESIAN_POINT('Origin',(-2.791619417556,14.,1.4));
#3346=CARTESIAN_POINT('',(-2.791619417556,8.968343698683,-5.55111512312578E-16));
#3347=CARTESIAN_POINT('',(-2.791619417556,8.968343698684,1.55));
#3348=CARTESIAN_POINT('',(-2.791619417556,8.5,1.9));
#3349=CARTESIAN_POINT('',(-2.791619417556,9.75,1.9));
#3350=CARTESIAN_POINT('',(-2.791619417556,8.5,-5.55111512312578E-16));
#3351=CARTESIAN_POINT('',(-2.791619417556,8.5,0.2));
#3352=CARTESIAN_POINT('',(-2.791619417556,7.,-5.55111512312578E-16));
#3353=CARTESIAN_POINT('Origin',(-8.5,9.,1.9));
#3354=CARTESIAN_POINT('',(-5.957607696975,11.208380582444,1.9));
#3355=CARTESIAN_POINT('',(-4.25,11.208380582444,1.9));
#3356=CARTESIAN_POINT('',(-8.5,9.,1.9));
#3357=CARTESIAN_POINT('Origin',(-7.,7.,1.9));
#3358=CARTESIAN_POINT('',(-8.5,11.208380582444,1.9));
#3359=CARTESIAN_POINT('',(-8.5,9.,1.9));
#3360=CARTESIAN_POINT('',(-8.042392303025,11.208380582444,1.9));
#3361=CARTESIAN_POINT('',(-11.25,11.208380582444,1.9));
#3362=CARTESIAN_POINT('',(-8.042392303025,11.814238992306,1.9));
#3363=CARTESIAN_POINT('Origin',(-8.04239230302486,11.5113097873751,1.9));
#3364=CARTESIAN_POINT('',(-8.362485288818,11.814238992306,1.9));
#3365=CARTESIAN_POINT('',(-11.25,11.814238992306,1.9));
#3366=CARTESIAN_POINT('',(-7.655650477313,12.521073803811,1.9));
#3367=CARTESIAN_POINT('',(-9.963362140561,10.213362140563,1.9));
#3368=CARTESIAN_POINT('',(-6.344349522684,12.521073803811,1.9));
#3369=CARTESIAN_POINT('',(-11.25,12.521073803811,1.9));
#3370=CARTESIAN_POINT('',(-5.637514711178,11.814238992306,1.9));
#3371=CARTESIAN_POINT('',(-4.786637859436,10.963362140564,1.9));
#3372=CARTESIAN_POINT('',(-5.957607696975,11.814238992306,1.9));
#3373=CARTESIAN_POINT('',(-4.25,11.814238992306,1.9));
#3374=CARTESIAN_POINT('Origin',(-5.95760769697513,11.5113097873751,1.9));
#3375=CARTESIAN_POINT('Origin',(-8.5,9.,-1.));
#3376=CARTESIAN_POINT('',(-8.5,11.208380582444,-5.55111512312578E-16));
#3377=CARTESIAN_POINT('',(-8.5,11.208380582444,0.199999999999999));
#3378=CARTESIAN_POINT('',(-8.5,9.,-5.55111512312578E-16));
#3379=CARTESIAN_POINT('',(-8.5,9.,-1.));
#3380=CARTESIAN_POINT('',(-8.5,4.5,-5.55111512312578E-16));
#3381=CARTESIAN_POINT('Origin',(-11.8142389923,14.,1.1));
#3382=CARTESIAN_POINT('',(-11.8142389923,8.362485288824,1.9));
#3383=CARTESIAN_POINT('',(-11.8142389923,8.362485288824,1.4));
#3384=CARTESIAN_POINT('',(-11.8142389923,9.75,1.9));
#3385=CARTESIAN_POINT('Origin',(-1.832934976093,1.545197187577E-16,2.6));
#3386=CARTESIAN_POINT('',(-2.185761007694,5.957607696975,2.6));
#3387=CARTESIAN_POINT('',(-2.185761007694,-5.957607696975,2.6));
#3388=CARTESIAN_POINT('',(-2.203085819736,6.058584098618,2.6));
#3389=CARTESIAN_POINT('Origin',(-2.48869021262531,5.95760769697499,2.60000000000002));
#3390=CARTESIAN_POINT('',(-2.203085819736,6.058584098618,2.6));
#3391=CARTESIAN_POINT('Origin',(-2.185761007694,-1.37458103945E-16,2.7));
#3392=CARTESIAN_POINT('',(-2.185761007694,5.957607696975,2.8));
#3393=CARTESIAN_POINT('',(-2.185761007694,-5.957607696975,2.8));
#3394=CARTESIAN_POINT('',(-2.185761007694,5.957607696975,2.8));
#3395=CARTESIAN_POINT('Origin',(-2.488690212625,-9.120296250025E-16,2.8));
#3396=CARTESIAN_POINT('',(-2.791619417556,5.957607696975,2.8));
#3397=CARTESIAN_POINT('',(-2.791619417556,5.957607696975,2.8));
#3398=CARTESIAN_POINT('Origin',(-2.48869021262508,5.95760769697509,2.8));
#3399=CARTESIAN_POINT('Origin',(-2.791619417556,-1.207156532775E-16,1.4));
#3400=CARTESIAN_POINT('',(-2.791619417556,5.5,-5.55111512312578E-16));
#3401=CARTESIAN_POINT('',(-2.791619417556,5.957607696975,-5.55111512312578E-16));
#3402=CARTESIAN_POINT('',(-2.791619417556,5.5,1.9));
#3403=CARTESIAN_POINT('',(-2.791619417556,5.5,0.2));
#3404=CARTESIAN_POINT('',(-2.791619417556,5.957607696975,1.9));
#3405=CARTESIAN_POINT('',(-2.791619417556,2.75,1.9));
#3406=CARTESIAN_POINT('',(-2.791619417556,5.957607696975,-5.55111512312578E-16));
#3407=CARTESIAN_POINT('Origin',(-8.5,-5.,1.9));
#3408=CARTESIAN_POINT('',(-8.5,5.,1.9));
#3409=CARTESIAN_POINT('',(-8.5,-5.,1.9));
#3410=CARTESIAN_POINT('',(-5.5,5.,1.9));
#3411=CARTESIAN_POINT('Origin',(-7.,7.,1.9));
#3412=CARTESIAN_POINT('',(-5.5,-5.,1.9));
#3413=CARTESIAN_POINT('Origin',(-12.15899399203,6.058584098618,2.4));
#3414=CARTESIAN_POINT('',(-11.79691418026,6.058584098618,2.2));
#3415=CARTESIAN_POINT('',(-11.79691418026,6.058584098618,2.2));
#3416=CARTESIAN_POINT('',(-11.79691418026,6.058584098618,2.6));
#3417=CARTESIAN_POINT('',(-11.796914180684,6.05858409876936,2.6));
#3418=CARTESIAN_POINT('',(-11.79691418026,6.058584098618,2.6));
#3419=CARTESIAN_POINT('Origin',(-14.,3.602013458922E-16,-5.55111512312578E-16));
#3420=CARTESIAN_POINT('',(-5.5,5.,-5.55111512312578E-16));
#3421=CARTESIAN_POINT('',(-5.5,-2.5,-5.55111512312578E-16));
#3422=CARTESIAN_POINT('',(-5.,5.5,0.));
#3423=CARTESIAN_POINT('Origin',(-7.,7.,-5.55111512312578E-16));
#3424=CARTESIAN_POINT('',(-9.5,5.5,-5.55111512312578E-16));
#3425=CARTESIAN_POINT('Origin',(-5.,5.5,1.9));
#3426=CARTESIAN_POINT('',(-2.185761007694,5.957607696975,1.9));
#3427=CARTESIAN_POINT('',(-2.185761007694,2.75,1.9));
#3428=CARTESIAN_POINT('Origin',(-2.48869021262486,5.95760769697514,1.9));
#3429=CARTESIAN_POINT('',(-5.,5.5,1.9));
#3430=CARTESIAN_POINT('',(-5.,5.5,1.9));
#3431=CARTESIAN_POINT('',(-5.,8.5,1.9));
#3432=CARTESIAN_POINT('Origin',(-7.,7.,1.9));
#3433=CARTESIAN_POINT('',(-5.,8.5,1.9));
#3434=CARTESIAN_POINT('',(-1.478926196189,7.655650477316,1.9));
#3435=CARTESIAN_POINT('',(-3.036637859436,9.213362140564,1.9));
#3436=CARTESIAN_POINT('',(-1.478926196189,2.75,1.9));
#3437=CARTESIAN_POINT('Origin',(-12.1670650239,1.545197187577E-16,2.2));
#3438=CARTESIAN_POINT('',(-11.8142389923,5.957607696975,2.2));
#3439=CARTESIAN_POINT('',(-11.8142389923,-5.957607696975,2.2));
#3440=CARTESIAN_POINT('Origin',(-11.511309787368,5.95760769697503,2.2));
#3441=CARTESIAN_POINT('Origin',(-11.8142389923,0.,1.1));
#3442=CARTESIAN_POINT('',(-11.8142389923,5.957607696975,1.9));
#3443=CARTESIAN_POINT('',(-11.8142389923,2.75,1.9));
#3444=CARTESIAN_POINT('',(-11.8142389923,5.957607696975,0.));
#3445=CARTESIAN_POINT('Origin',(0.,11.814238992306,1.1));
#3446=CARTESIAN_POINT('',(-5.637514711178,11.814238992306,2.2));
#3447=CARTESIAN_POINT('',(-5.637514711178,11.814238992306,1.4));
#3448=CARTESIAN_POINT('',(-5.957607696975,11.814238992306,2.2));
#3449=CARTESIAN_POINT('',(5.957607696975,11.814238992306,2.2));
#3450=CARTESIAN_POINT('',(-5.957607696975,11.814238992306,2.2));
#3451=CARTESIAN_POINT('Origin',(-8.5,-5.,-1.));
#3452=CARTESIAN_POINT('',(-8.5,5.,-5.55111512312578E-16));
#3453=CARTESIAN_POINT('',(-8.5,-2.5,-5.55111512312578E-16));
#3454=CARTESIAN_POINT('',(-8.5,5.,-1.));
#3455=CARTESIAN_POINT('Origin',(-3.911637859436,10.088362140564,1.7));
#3456=CARTESIAN_POINT('',(-5.031656301317,11.208380582444,-5.55111512312578E-16));
#3457=CARTESIAN_POINT('',(-1.478926196189,7.655650477316,-5.55111512312578E-16));
#3458=CARTESIAN_POINT('',(-5.031656301316,11.208380582444,2.8));
#3459=CARTESIAN_POINT('',(-5.031656301316,11.208380582444,1.55));
#3460=CARTESIAN_POINT('',(-5.637514711178,11.814238992306,2.8));
#3461=CARTESIAN_POINT('',(-3.28946530627975,9.46618958740775,2.8));
#3462=CARTESIAN_POINT('',(-5.637514711178,11.814238992306,2.6));
#3463=CARTESIAN_POINT('',(-5.637514711178,11.814238992306,2.2));
#3464=CARTESIAN_POINT('',(-6.058584098618,12.235308379746,2.6));
#3465=CARTESIAN_POINT('',(-3.45340411541275,9.63012839654075,2.6));
#3466=CARTESIAN_POINT('',(-6.058584098618,12.235308379746,2.2));
#3467=CARTESIAN_POINT('',(-6.058584098618,12.235308379746,2.05));
#3468=CARTESIAN_POINT('',(-3.45340411541275,9.63012839654075,2.2));
#3469=CARTESIAN_POINT('',(-6.344349522684,12.521073803811,3.4));
#3470=CARTESIAN_POINT('',(-6.344349522684,12.521073803811,3.4));
#3471=CARTESIAN_POINT('',(-1.478926196189,7.655650477316,3.4));
#3472=CARTESIAN_POINT('',(-1.478926196189,7.655650477316,3.4));
#3473=CARTESIAN_POINT('',(-1.478926196189,7.655650477316,3.4));
#3474=CARTESIAN_POINT('Origin',(-14.,3.602013458922E-16,-5.55111512312578E-16));
#3475=CARTESIAN_POINT('',(-11.20838058244,5.5,0.));
#3476=CARTESIAN_POINT('',(-11.20838058244,1.801006729461E-16,-5.55111512312578E-16));
#3477=CARTESIAN_POINT('',(-9.,5.5,-5.55111512312578E-16));
#3478=CARTESIAN_POINT('',(-16.5,5.5,-5.55111512312578E-16));
#3479=CARTESIAN_POINT('Origin',(-7.,7.,-5.55111512312578E-16));
#3480=CARTESIAN_POINT('Origin',(-14.,12.521073803811,1.7));
#3481=CARTESIAN_POINT('',(-7.655650477316,12.521073803811,3.4));
#3482=CARTESIAN_POINT('',(-7.655650477313,12.521073803811,1.7));
#3483=CARTESIAN_POINT('',(-6.344349522684,12.521073803811,3.4));
#3484=CARTESIAN_POINT('Origin',(-10.08836214056,10.088362140564,1.7));
#3485=CARTESIAN_POINT('',(-8.362485288818,11.814238992306,2.2));
#3486=CARTESIAN_POINT('',(-8.362485288818,11.814238992306,1.4));
#3487=CARTESIAN_POINT('',(-7.941415901382,12.235308379742,2.2));
#3488=CARTESIAN_POINT('',(-10.5465958845842,9.63012839653975,2.2));
#3489=CARTESIAN_POINT('',(-7.941415901382,12.235308379742,2.6));
#3490=CARTESIAN_POINT('',(-7.941415901382,12.235308379742,2.05));
#3491=CARTESIAN_POINT('',(-8.362485288818,11.814238992306,2.6));
#3492=CARTESIAN_POINT('',(-10.5465958845842,9.63012839653975,2.6));
#3493=CARTESIAN_POINT('',(-8.362485288818,11.814238992306,2.8));
#3494=CARTESIAN_POINT('',(-8.362485288818,11.814238992306,2.2));
#3495=CARTESIAN_POINT('',(-8.96834369867999,11.208380582444,2.8));
#3496=CARTESIAN_POINT('',(-10.7105346937172,9.46618958740675,2.8));
#3497=CARTESIAN_POINT('',(-8.96834369868273,11.208380582444,0.));
#3498=CARTESIAN_POINT('',(-8.96834369868,11.208380582444,1.55));
#3499=CARTESIAN_POINT('',(-13.588362140561,6.588362140563,-5.55111512312578E-16));
#3500=CARTESIAN_POINT('',(-12.52107380381,7.655650477316,1.9));
#3501=CARTESIAN_POINT('',(-13.463362140561,6.713362140563,1.9));
#3502=CARTESIAN_POINT('',(-12.52107380381,7.655650477316,3.4));
#3503=CARTESIAN_POINT('',(-12.52107380381,7.655650477316,3.4));
#3504=CARTESIAN_POINT('',(-13.588362140561,6.588362140563,3.4));
#3505=CARTESIAN_POINT('Origin',(-19.,5.5,1.9));
#3506=CARTESIAN_POINT('',(-12.52107380381,2.75,1.9));
#3507=CARTESIAN_POINT('',(-9.,8.5,1.9));
#3508=CARTESIAN_POINT('',(-19.,8.5,1.9));
#3509=CARTESIAN_POINT('',(-9.5,7.,1.9));
#3510=CARTESIAN_POINT('Origin',(-7.,7.,1.9));
#3511=CARTESIAN_POINT('',(-9.,5.5,1.9));
#3512=CARTESIAN_POINT('Origin',(-7.,7.,1.9));
#3513=CARTESIAN_POINT('',(-11.20838058244,5.5,1.9));
#3514=CARTESIAN_POINT('',(-19.,5.5,1.9));
#3515=CARTESIAN_POINT('',(-11.20838058244,5.957607696975,1.9));
#3516=CARTESIAN_POINT('',(-11.20838058244,2.75,1.9));
#3517=CARTESIAN_POINT('Origin',(-11.5113097873697,5.95760769697614,1.9));
#3518=CARTESIAN_POINT('Origin',(-14.,11.814238992306,1.1));
#3519=CARTESIAN_POINT('',(-8.042392303025,11.814238992306,2.2));
#3520=CARTESIAN_POINT('',(-8.042392303025,11.814238992306,-5.55111512312578E-16));
#3521=CARTESIAN_POINT('',(-8.042392303025,11.814238992306,2.2));
#3522=CARTESIAN_POINT('Origin',(-8.04239230302486,11.5113097873751,-5.55111512312578E-16));
#3523=CARTESIAN_POINT('',(-8.042392303025,11.208380582444,2.8));
#3524=CARTESIAN_POINT('',(-8.042392303025,11.208380582444,2.8));
#3525=CARTESIAN_POINT('',(-8.042392303025,11.814238992306,2.8));
#3526=CARTESIAN_POINT('Origin',(-8.04239230302492,11.5113097873751,2.8));
#3527=CARTESIAN_POINT('',(-8.042392303025,11.814238992306,2.6));
#3528=CARTESIAN_POINT('',(-8.042392303025,11.814238992306,2.6));
#3529=CARTESIAN_POINT('',(-7.941415901382,11.796914180264,2.6));
#3530=CARTESIAN_POINT('Origin',(-8.042392303025,11.5113097873748,2.6));
#3531=CARTESIAN_POINT('',(-7.941415901382,11.796914180264,2.2));
#3532=CARTESIAN_POINT('',(-7.94141590123064,11.79691418069,2.6));
#3533=CARTESIAN_POINT('Origin',(-8.042392303025,11.5113097873748,2.19999999999997));
#3534=CARTESIAN_POINT('Origin',(-14.,11.208380582444,1.4));
#3535=CARTESIAN_POINT('',(-19.957607696975,11.208380582444,-5.55111512312578E-16));
#3536=CARTESIAN_POINT('',(-19.957607696975,11.208380582444,2.8));
#3537=CARTESIAN_POINT('Origin',(-19.,8.5,-1.));
#3538=CARTESIAN_POINT('',(-9.,8.5,-5.55111512312578E-16));
#3539=CARTESIAN_POINT('',(-16.5,8.5,-5.55111512312578E-16));
#3540=CARTESIAN_POINT('',(-9.,8.5,-1.));
#3541=CARTESIAN_POINT('Origin',(-14.,3.602013458922E-16,-5.55111512312578E-16));
#3542=CARTESIAN_POINT('Origin',(-7.,7.,-5.55111512312578E-16));
#3543=CARTESIAN_POINT('Origin',(-14.,3.602013458922E-16,-5.55111512312578E-16));
#3544=CARTESIAN_POINT('',(-5.,8.5,0.));
#3545=CARTESIAN_POINT('',(-9.5,8.5,-5.55111512312578E-16));
#3546=CARTESIAN_POINT('Origin',(-7.,7.,-5.55111512312578E-16));
#3547=CARTESIAN_POINT('',(-7.,11.208380582444,-5.55111512312578E-16));
#3548=CARTESIAN_POINT('Origin',(-11.8142389923,1.37458103945E-16,2.7));
#3549=CARTESIAN_POINT('',(-11.8142389923,5.957607696975,2.6));
#3550=CARTESIAN_POINT('',(-11.8142389923,5.957607696975,2.6));
#3551=CARTESIAN_POINT('',(-11.8142389923,5.957607696975,2.8));
#3552=CARTESIAN_POINT('',(-11.8142389923,5.957607696975,2.6));
#3553=CARTESIAN_POINT('',(-11.8142389923,5.957607696975,2.8));
#3554=CARTESIAN_POINT('Origin',(-12.1670650239,6.68865076301E-16,2.6));
#3555=CARTESIAN_POINT('Origin',(-11.511309787368,5.95760769697503,2.6));
#3556=CARTESIAN_POINT('Origin',(-12.52107380381,-9.493497238419E-17,1.7));
#3557=CARTESIAN_POINT('',(-12.52107380381,2.32689116168555E-16,3.4));
#3558=CARTESIAN_POINT('Origin',(-14.,5.603132047213E-16,3.4));
#3559=CARTESIAN_POINT('',(-1.478926196189,-7.655650477316,3.4));
#3560=CARTESIAN_POINT('',(-9.5,7.,3.4));
#3561=CARTESIAN_POINT('Origin',(-7.,7.,3.4));
#3562=CARTESIAN_POINT('Origin',(-1.478926196189,9.493497238419E-17,1.7));
#3563=CARTESIAN_POINT('Origin',(-11.5113097873697,5.95760769697614,0.));
#3564=CARTESIAN_POINT('',(-11.20838058244,5.957607696975,2.8));
#3565=CARTESIAN_POINT('',(-11.20838058244,5.957607696975,2.8));
#3566=CARTESIAN_POINT('Origin',(-11.5113097873696,5.95760769697558,2.8));
#3567=CARTESIAN_POINT('Origin',(-11.20838058244,0.,1.4));
#3568=CARTESIAN_POINT('',(-11.20838058244,-5.957607696975,2.8));
#3569=CARTESIAN_POINT('',(-11.20838058244,5.5,0.2));
#3570=CARTESIAN_POINT('Origin',(-6.058584098618,12.158993992037,2.4));
#3571=CARTESIAN_POINT('',(-6.058584098618,11.796914180264,2.6));
#3572=CARTESIAN_POINT('',(-6.058584098618,11.796914180264,2.6));
#3573=CARTESIAN_POINT('',(-6.058584098618,11.796914180264,2.2));
#3574=CARTESIAN_POINT('',(-6.05858409876936,11.79691418069,2.2));
#3575=CARTESIAN_POINT('',(-6.058584098618,11.796914180264,2.2));
#3576=CARTESIAN_POINT('Origin',(-2.279976269782E-16,12.167065023907,2.6));
#3577=CARTESIAN_POINT('',(-5.957607696975,11.814238992306,2.6));
#3578=CARTESIAN_POINT('',(-5.957607696975,11.814238992306,2.6));
#3579=CARTESIAN_POINT('Origin',(-5.95760769697499,11.5113097873747,2.6));
#3580=CARTESIAN_POINT('Origin',(0.,11.814238992306,2.7));
#3581=CARTESIAN_POINT('',(-5.957607696975,11.814238992306,2.8));
#3582=CARTESIAN_POINT('',(-5.957607696975,11.814238992306,2.8));
#3583=CARTESIAN_POINT('',(-5.957607696975,11.814238992306,2.8));
#3584=CARTESIAN_POINT('Origin',(-1.218921110193E-15,11.511309787375,2.8));
#3585=CARTESIAN_POINT('',(-5.957607696975,11.208380582444,2.8));
#3586=CARTESIAN_POINT('',(-5.957607696975,11.208380582444,2.8));
#3587=CARTESIAN_POINT('Origin',(-5.95760769697508,11.5113097873749,2.8));
#3588=CARTESIAN_POINT('Origin',(1.207156532775E-16,11.208380582444,1.4));
#3589=CARTESIAN_POINT('',(-5.957607696975,11.208380582444,0.));
#3590=CARTESIAN_POINT('Origin',(-5.,8.5,-1.));
#3591=CARTESIAN_POINT('',(-5.,8.5,-1.));
#3592=CARTESIAN_POINT('Origin',(-11.51130978737,-1.659807469199E-15,2.8));
#3593=CARTESIAN_POINT('Origin',(-5.,5.5,-1.));
#3594=CARTESIAN_POINT('',(-5.,5.5,-1.));
#3595=CARTESIAN_POINT('Origin',(-5.95760769697513,11.5113097873751,0.));
#3596=CARTESIAN_POINT('Origin',(-5.957607696975,11.5113097873747,2.20000000000001));
#3597=CARTESIAN_POINT('Origin',(1.048140749615E-16,12.167065023907,2.2));
#3598=CARTESIAN_POINT('Origin',(-14.,12.167065023907,2.2));
#3599=CARTESIAN_POINT('',(-7.941415901382,11.796914180264,2.2));
#3600=CARTESIAN_POINT('Origin',(-19.,5.5,-1.));
#3601=CARTESIAN_POINT('',(-9.,5.5,-1.));
#3602=CARTESIAN_POINT('Origin',(-2.48869021262486,5.95760769697514,-5.55111512312578E-16));
#3603=CARTESIAN_POINT('',(-2.185761007694,5.957607696975,2.2));
#3604=CARTESIAN_POINT('',(-2.185761007694,5.957607696975,2.2));
#3605=CARTESIAN_POINT('',(-2.203085819736,6.058584098618,2.2));
#3606=CARTESIAN_POINT('Origin',(-2.48869021262498,5.95760769697505,2.19999999999999));
#3607=CARTESIAN_POINT('',(-2.20308581931005,6.05858409876936,2.2));
#3608=CARTESIAN_POINT('Origin',(-2.185761007694,0.,1.1));
#3609=CARTESIAN_POINT('',(-2.185761007694,5.957607696975,2.2));
#3610=CARTESIAN_POINT('Origin',(-14.,11.511309787375,2.8));
#3611=CARTESIAN_POINT('',(-19.957607696975,11.814238992306,2.8));
#3612=CARTESIAN_POINT('Origin',(-14.,11.814238992306,2.7));
#3613=CARTESIAN_POINT('',(-19.957607696975,11.814238992306,2.6));
#3614=CARTESIAN_POINT('Origin',(-14.,12.167065023907,2.6));
#3615=CARTESIAN_POINT('',(-7.941415901382,11.796914180264,2.6));
#3616=CARTESIAN_POINT('Origin',(-7.941415901382,12.158993992037,2.4));
#3617=CARTESIAN_POINT('Origin',(-7.,7.,-1.));
#3618=CARTESIAN_POINT('',(-5.5,5.,-1.));
#3619=CARTESIAN_POINT('',(-9.5,7.,-1.));
#3620=CARTESIAN_POINT('Origin',(-5.5,-5.,-1.));
#3621=CARTESIAN_POINT('Origin',(-1.841006007963,6.058584098618,2.4));
#3622=CARTESIAN_POINT('',(-2.203085819736,6.058584098618,2.2));
#3623=CARTESIAN_POINT('Origin',(-1.832934976093,6.68865076301E-16,2.2));
#3624=CARTESIAN_POINT('',(0.,0.,0.));
#3625=CARTESIAN_POINT('Origin',(-10.87377422201,10.873774222018,3.2));
#3626=CARTESIAN_POINT('',(-9.226474640225,12.521073803811,3.));
#3627=CARTESIAN_POINT('',(-9.226474640225,12.521073803811,3.4));
#3628=CARTESIAN_POINT('',(-9.226474640225,12.521073803811,3.));
#3629=CARTESIAN_POINT('',(-12.52107380381,9.226474640225,3.));
#3630=CARTESIAN_POINT('',(-9.226474640225,12.521073803811,3.));
#3631=CARTESIAN_POINT('',(-12.52107380381,9.226474640225,3.4));
#3632=CARTESIAN_POINT('',(-12.52107380381,9.226474640225,3.));
#3633=CARTESIAN_POINT('',(-9.226474640225,12.521073803811,3.4));
#3634=CARTESIAN_POINT('Origin',(-10.42164787207,10.421647872077,3.4));
#3635=CARTESIAN_POINT('',(-12.52107380381,7.655650477316,3.4));
#3636=CARTESIAN_POINT('',(-12.52107380381,7.655650477316,3.4));
#3637=CARTESIAN_POINT('',(-7.655650477316,12.521073803811,3.4));
#3638=CARTESIAN_POINT('',(-7.655650477316,12.521073803811,3.4));
#3639=CARTESIAN_POINT('',(-7.655650477316,12.521073803811,3.4));
#3640=CARTESIAN_POINT('Origin',(-10.08836214056,10.088362140564,2.65));
#3641=CARTESIAN_POINT('',(-12.52107380381,7.655650477316,1.9));
#3642=CARTESIAN_POINT('',(-12.52107380381,7.655650477316,3.4));
#3643=CARTESIAN_POINT('',(-7.655650477316,12.521073803811,1.9));
#3644=CARTESIAN_POINT('',(-12.52107380381,7.655650477316,1.9));
#3645=CARTESIAN_POINT('',(-7.655650477316,12.521073803811,1.9));
#3646=CARTESIAN_POINT('Origin',(-8.280729820997,12.521073803811,2.838286564146));
#3647=CARTESIAN_POINT('',(-7.65565047731856,12.5210738038198,1.89999999998843));
#3648=CARTESIAN_POINT('Origin',(-12.52107380381,8.280729820846,2.838286564357));
#3649=CARTESIAN_POINT('',(-12.5210738038225,9.22647464024257,2.99999999997488));
#3650=CARTESIAN_POINT('Origin',(-10.42432880352,10.424328803473,2.37053430671));
#3651=CARTESIAN_POINT('',(0.,0.,0.));
#3652=CARTESIAN_POINT('Origin',(10.873774222018,10.873774222018,3.2));
#3653=CARTESIAN_POINT('',(12.521073803811,9.226474640225,3.));
#3654=CARTESIAN_POINT('',(12.521073803811,9.226474640225,3.4));
#3655=CARTESIAN_POINT('',(12.521073803811,9.226474640225,3.));
#3656=CARTESIAN_POINT('',(9.226474640225,12.521073803811,3.));
#3657=CARTESIAN_POINT('',(12.521073803811,9.226474640225,3.));
#3658=CARTESIAN_POINT('',(9.226474640225,12.521073803811,3.4));
#3659=CARTESIAN_POINT('',(9.226474640225,12.521073803811,3.));
#3660=CARTESIAN_POINT('',(12.521073803811,9.226474640225,3.4));
#3661=CARTESIAN_POINT('Origin',(10.421647872077,10.421647872077,3.4));
#3662=CARTESIAN_POINT('',(7.655650477316,12.521073803811,3.4));
#3663=CARTESIAN_POINT('',(7.655650477316,12.521073803811,3.4));
#3664=CARTESIAN_POINT('',(12.521073803811,7.655650477316,3.4));
#3665=CARTESIAN_POINT('',(12.521073803811,7.655650477316,3.4));
#3666=CARTESIAN_POINT('',(12.521073803811,7.655650477316,3.4));
#3667=CARTESIAN_POINT('Origin',(10.088362140564,10.088362140564,2.65));
#3668=CARTESIAN_POINT('',(7.655650477316,12.521073803811,1.9));
#3669=CARTESIAN_POINT('',(7.655650477316,12.521073803811,3.4));
#3670=CARTESIAN_POINT('',(12.521073803811,7.655650477316,1.9));
#3671=CARTESIAN_POINT('',(7.655650477316,12.521073803811,1.9));
#3672=CARTESIAN_POINT('',(12.521073803811,7.655650477316,1.9));
#3673=CARTESIAN_POINT('Origin',(12.521073803811,8.280729820997,2.838286564146));
#3674=CARTESIAN_POINT('',(12.5210738038198,7.65565047732356,1.89999999998843));
#3675=CARTESIAN_POINT('Origin',(8.280729820846,12.521073803811,2.838286564357));
#3676=CARTESIAN_POINT('',(9.22647464024257,12.5210738038275,2.99999999997488));
#3677=CARTESIAN_POINT('Origin',(10.424328803473,10.424328803525,2.37053430671));
#3678=CARTESIAN_POINT('',(0.,0.,0.));
#3679=CARTESIAN_POINT('Origin',(10.873774222018,-10.87377422201,3.2));
#3680=CARTESIAN_POINT('',(9.226474640225,-12.52107380381,3.));
#3681=CARTESIAN_POINT('',(9.226474640225,-12.52107380381,3.4));
#3682=CARTESIAN_POINT('',(9.226474640225,-12.52107380381,3.));
#3683=CARTESIAN_POINT('',(12.521073803811,-9.226474640225,3.));
#3684=CARTESIAN_POINT('',(9.226474640225,-12.52107380381,3.));
#3685=CARTESIAN_POINT('',(12.521073803811,-9.226474640225,3.4));
#3686=CARTESIAN_POINT('',(12.521073803811,-9.226474640225,3.));
#3687=CARTESIAN_POINT('',(9.226474640225,-12.52107380381,3.4));
#3688=CARTESIAN_POINT('Origin',(10.421647872077,-10.42164787207,3.4));
#3689=CARTESIAN_POINT('',(12.521073803811,-7.655650477316,3.4));
#3690=CARTESIAN_POINT('',(12.521073803811,-7.655650477316,3.4));
#3691=CARTESIAN_POINT('',(7.655650477316,-12.52107380381,3.4));
#3692=CARTESIAN_POINT('',(7.655650477316,-12.52107380381,3.4));
#3693=CARTESIAN_POINT('',(7.655650477316,-12.52107380381,3.4));
#3694=CARTESIAN_POINT('Origin',(10.088362140564,-10.08836214056,2.65));
#3695=CARTESIAN_POINT('',(12.521073803811,-7.655650477316,1.9));
#3696=CARTESIAN_POINT('',(12.521073803811,-7.655650477316,3.4));
#3697=CARTESIAN_POINT('',(7.655650477316,-12.52107380381,1.9));
#3698=CARTESIAN_POINT('',(12.521073803811,-7.655650477316,1.9));
#3699=CARTESIAN_POINT('',(7.655650477316,-12.52107380381,1.9));
#3700=CARTESIAN_POINT('Origin',(8.280729820997,-12.52107380381,2.838286564146));
#3701=CARTESIAN_POINT('',(7.65565047732356,-12.5210738038168,1.89999999998843));
#3702=CARTESIAN_POINT('Origin',(12.521073803811,-8.280729820846,2.838286564357));
#3703=CARTESIAN_POINT('',(12.5210738038275,-9.22647464023957,2.99999999997488));
#3704=CARTESIAN_POINT('Origin',(10.424328803525,-10.42432880347,2.37053430671));
#3705=CARTESIAN_POINT('',(0.,0.,0.));
#3706=CARTESIAN_POINT('Origin',(-10.87377422201,-10.87377422201,3.2));
#3707=CARTESIAN_POINT('',(-12.52107380381,-9.226474640225,3.));
#3708=CARTESIAN_POINT('',(-12.52107380381,-9.226474640225,3.4));
#3709=CARTESIAN_POINT('',(-12.52107380381,-9.226474640225,3.));
#3710=CARTESIAN_POINT('',(-9.226474640225,-12.52107380381,3.));
#3711=CARTESIAN_POINT('',(-12.52107380381,-9.226474640225,3.));
#3712=CARTESIAN_POINT('',(-9.226474640225,-12.52107380381,3.4));
#3713=CARTESIAN_POINT('',(-9.226474640225,-12.52107380381,3.));
#3714=CARTESIAN_POINT('',(-12.52107380381,-9.226474640225,3.4));
#3715=CARTESIAN_POINT('Origin',(-10.42164787207,-10.42164787207,3.4));
#3716=CARTESIAN_POINT('',(-7.655650477316,-12.52107380381,3.4));
#3717=CARTESIAN_POINT('',(-7.655650477316,-12.52107380381,3.4));
#3718=CARTESIAN_POINT('',(-12.52107380381,-7.655650477316,3.4));
#3719=CARTESIAN_POINT('',(-12.52107380381,-7.655650477316,3.4));
#3720=CARTESIAN_POINT('',(-12.52107380381,-7.655650477316,3.4));
#3721=CARTESIAN_POINT('Origin',(-10.08836214056,-10.08836214056,2.65));
#3722=CARTESIAN_POINT('',(-7.655650477316,-12.52107380381,1.9));
#3723=CARTESIAN_POINT('',(-7.655650477316,-12.52107380381,3.4));
#3724=CARTESIAN_POINT('',(-12.52107380381,-7.655650477316,1.9));
#3725=CARTESIAN_POINT('',(-7.655650477316,-12.52107380381,1.9));
#3726=CARTESIAN_POINT('',(-12.52107380381,-7.655650477316,1.9));
#3727=CARTESIAN_POINT('Origin',(-12.52107380381,-8.280729820997,2.838286564146));
#3728=CARTESIAN_POINT('',(-12.5210738038168,-7.65565047731856,1.89999999998843));
#3729=CARTESIAN_POINT('Origin',(-8.280729820846,-12.52107380381,2.838286564357));
#3730=CARTESIAN_POINT('',(-9.22647464023957,-12.5210738038225,2.99999999997488));
#3731=CARTESIAN_POINT('Origin',(-10.42432880347,-10.42432880352,2.37053430671));
#3732=CARTESIAN_POINT('',(0.,0.,0.));
#3733=CARTESIAN_POINT('',(0.,0.,0.));
#3734=CARTESIAN_POINT('',(-14.,0.,0.));
#3735=CARTESIAN_POINT('',(-14.,14.,0.));
#3736=CARTESIAN_POINT('',(0.,14.,0.));
#3737=UNCERTAINTY_MEASURE_WITH_UNIT(LENGTH_MEASURE(0.01),#3751,
'DISTANCE_ACCURACY_VALUE',
'Maximum model space distance between geometric entities at asserted c
onnectivities');
#3738=UNCERTAINTY_MEASURE_WITH_UNIT(LENGTH_MEASURE(0.01),#3751,
'DISTANCE_ACCURACY_VALUE',
'Maximum model space distance between geometric entities at asserted c
onnectivities');
#3739=UNCERTAINTY_MEASURE_WITH_UNIT(LENGTH_MEASURE(0.01),#3751,
'DISTANCE_ACCURACY_VALUE',
'Maximum model space distance between geometric entities at asserted c
onnectivities');
#3740=UNCERTAINTY_MEASURE_WITH_UNIT(LENGTH_MEASURE(0.01),#3751,
'DISTANCE_ACCURACY_VALUE',
'Maximum model space distance between geometric entities at asserted c
onnectivities');
#3741=UNCERTAINTY_MEASURE_WITH_UNIT(LENGTH_MEASURE(0.01),#3751,
'DISTANCE_ACCURACY_VALUE',
'Maximum model space distance between geometric entities at asserted c
onnectivities');
#3742=UNCERTAINTY_MEASURE_WITH_UNIT(LENGTH_MEASURE(0.01),#3751,
'DISTANCE_ACCURACY_VALUE',
'Maximum model space distance between geometric entities at asserted c
onnectivities');
#3743=UNCERTAINTY_MEASURE_WITH_UNIT(LENGTH_MEASURE(0.01),#3751,
'DISTANCE_ACCURACY_VALUE',
'Maximum model space distance between geometric entities at asserted c
onnectivities');
#3744=(
GEOMETRIC_REPRESENTATION_CONTEXT(3)
GLOBAL_UNCERTAINTY_ASSIGNED_CONTEXT((#3737))
GLOBAL_UNIT_ASSIGNED_CONTEXT((#3751,#3753,#3754))
REPRESENTATION_CONTEXT('','3D')
);
#3745=(
GEOMETRIC_REPRESENTATION_CONTEXT(3)
GLOBAL_UNCERTAINTY_ASSIGNED_CONTEXT((#3738))
GLOBAL_UNIT_ASSIGNED_CONTEXT((#3751,#3753,#3754))
REPRESENTATION_CONTEXT('','3D')
);
#3746=(
GEOMETRIC_REPRESENTATION_CONTEXT(3)
GLOBAL_UNCERTAINTY_ASSIGNED_CONTEXT((#3739))
GLOBAL_UNIT_ASSIGNED_CONTEXT((#3751,#3753,#3754))
REPRESENTATION_CONTEXT('','3D')
);
#3747=(
GEOMETRIC_REPRESENTATION_CONTEXT(3)
GLOBAL_UNCERTAINTY_ASSIGNED_CONTEXT((#3740))
GLOBAL_UNIT_ASSIGNED_CONTEXT((#3751,#3753,#3754))
REPRESENTATION_CONTEXT('','3D')
);
#3748=(
GEOMETRIC_REPRESENTATION_CONTEXT(3)
GLOBAL_UNCERTAINTY_ASSIGNED_CONTEXT((#3741))
GLOBAL_UNIT_ASSIGNED_CONTEXT((#3751,#3753,#3754))
REPRESENTATION_CONTEXT('','3D')
);
#3749=(
GEOMETRIC_REPRESENTATION_CONTEXT(3)
GLOBAL_UNCERTAINTY_ASSIGNED_CONTEXT((#3742))
GLOBAL_UNIT_ASSIGNED_CONTEXT((#3751,#3753,#3754))
REPRESENTATION_CONTEXT('','3D')
);
#3750=(
GEOMETRIC_REPRESENTATION_CONTEXT(3)
GLOBAL_UNCERTAINTY_ASSIGNED_CONTEXT((#3743))
GLOBAL_UNIT_ASSIGNED_CONTEXT((#3751,#3753,#3754))
REPRESENTATION_CONTEXT('','3D')
);
#3751=(
LENGTH_UNIT()
NAMED_UNIT(*)
SI_UNIT(.MILLI.,.METRE.)
);
#3752=(
LENGTH_UNIT()
NAMED_UNIT(*)
SI_UNIT($,.METRE.)
);
#3753=(
NAMED_UNIT(*)
PLANE_ANGLE_UNIT()
SI_UNIT($,.RADIAN.)
);
#3754=(
NAMED_UNIT(*)
SI_UNIT($,.STERADIAN.)
SOLID_ANGLE_UNIT()
);
#3755=SHAPE_DEFINITION_REPRESENTATION(#3761,#3772);
#3756=SHAPE_DEFINITION_REPRESENTATION(#3762,#3773);
#3757=SHAPE_DEFINITION_REPRESENTATION(#3763,#3774);
#3758=SHAPE_DEFINITION_REPRESENTATION(#3764,#3775);
#3759=SHAPE_DEFINITION_REPRESENTATION(#3765,#3776);
#3760=SHAPE_DEFINITION_REPRESENTATION(#3766,#3777);
#3761=PRODUCT_DEFINITION_SHAPE('',$,#3779);
#3762=PRODUCT_DEFINITION_SHAPE('',$,#3780);
#3763=PRODUCT_DEFINITION_SHAPE('',$,#3781);
#3764=PRODUCT_DEFINITION_SHAPE('',$,#3782);
#3765=PRODUCT_DEFINITION_SHAPE('',$,#3783);
#3766=PRODUCT_DEFINITION_SHAPE('',$,#3784);
#3767=PRODUCT_DEFINITION_SHAPE($,$,#26);
#3768=PRODUCT_DEFINITION_SHAPE($,$,#27);
#3769=PRODUCT_DEFINITION_SHAPE($,$,#28);
#3770=PRODUCT_DEFINITION_SHAPE($,$,#29);
#3771=PRODUCT_DEFINITION_SHAPE($,$,#30);
#3772=SHAPE_REPRESENTATION('',(#2313,#2475,#2476,#2477,#2478,#2479),#3744);
#3773=SHAPE_REPRESENTATION('',(#2314),#3745);
#3774=SHAPE_REPRESENTATION('',(#2447),#3746);
#3775=SHAPE_REPRESENTATION('',(#2454),#3747);
#3776=SHAPE_REPRESENTATION('',(#2461),#3748);
#3777=SHAPE_REPRESENTATION('',(#2468),#3749);
#3778=PRODUCT_DEFINITION_CONTEXT('part definition',#3798,'design');
#3779=PRODUCT_DEFINITION('Open CASCADE STEP translator 7.6 1',
'snap-quarter v2',#3785,#3778);
#3780=PRODUCT_DEFINITION('Open CASCADE STEP translator 7.6 1.1',
'Open CASCADE STEP translator 7.6 1.1',#3786,#3778);
#3781=PRODUCT_DEFINITION('Open CASCADE STEP translator 7.6 1.6',
'Open CASCADE STEP translator 7.6 1.6',#3787,#3778);
#3782=PRODUCT_DEFINITION('Open CASCADE STEP translator 7.6 1.7',
'Open CASCADE STEP translator 7.6 1.7',#3788,#3778);
#3783=PRODUCT_DEFINITION('Open CASCADE STEP translator 7.6 1.8',
'Open CASCADE STEP translator 7.6 1.8',#3789,#3778);
#3784=PRODUCT_DEFINITION('Open CASCADE STEP translator 7.6 1.9',
'Open CASCADE STEP translator 7.6 1.9',#3790,#3778);
#3785=PRODUCT_DEFINITION_FORMATION('',$,#3800);
#3786=PRODUCT_DEFINITION_FORMATION('',$,#3801);
#3787=PRODUCT_DEFINITION_FORMATION('',$,#3802);
#3788=PRODUCT_DEFINITION_FORMATION('',$,#3803);
#3789=PRODUCT_DEFINITION_FORMATION('',$,#3804);
#3790=PRODUCT_DEFINITION_FORMATION('',$,#3805);
#3791=PRODUCT_RELATED_PRODUCT_CATEGORY('snap-quarter v2',
'snap-quarter v2',(#3800));
#3792=PRODUCT_RELATED_PRODUCT_CATEGORY(
'Open CASCADE STEP translator 7.6 1.1',
'Open CASCADE STEP translator 7.6 1.1',(#3801));
#3793=PRODUCT_RELATED_PRODUCT_CATEGORY(
'Open CASCADE STEP translator 7.6 1.6',
'Open CASCADE STEP translator 7.6 1.6',(#3802));
#3794=PRODUCT_RELATED_PRODUCT_CATEGORY(
'Open CASCADE STEP translator 7.6 1.7',
'Open CASCADE STEP translator 7.6 1.7',(#3803));
#3795=PRODUCT_RELATED_PRODUCT_CATEGORY(
'Open CASCADE STEP translator 7.6 1.8',
'Open CASCADE STEP translator 7.6 1.8',(#3804));
#3796=PRODUCT_RELATED_PRODUCT_CATEGORY(
'Open CASCADE STEP translator 7.6 1.9',
'Open CASCADE STEP translator 7.6 1.9',(#3805));
#3797=APPLICATION_PROTOCOL_DEFINITION('international standard',
'automotive_design',2009,#3798);
#3798=APPLICATION_CONTEXT(
'Core Data for Automotive Mechanical Design Process');
#3799=PRODUCT_CONTEXT('part definition',#3798,'mechanical');
#3800=PRODUCT('Open CASCADE STEP translator 7.6 1','snap-quarter v2',
'Open CASCADE Model',(#3799));
#3801=PRODUCT('Open CASCADE STEP translator 7.6 1.1',
'Open CASCADE STEP translator 7.6 1.1',$,(#3799));
#3802=PRODUCT('Open CASCADE STEP translator 7.6 1.6',
'Open CASCADE STEP translator 7.6 1.6',$,(#3799));
#3803=PRODUCT('Open CASCADE STEP translator 7.6 1.7',
'Open CASCADE STEP translator 7.6 1.7',$,(#3799));
#3804=PRODUCT('Open CASCADE STEP translator 7.6 1.8',
'Open CASCADE STEP translator 7.6 1.8',$,(#3799));
#3805=PRODUCT('Open CASCADE STEP translator 7.6 1.9',
'Open CASCADE STEP translator 7.6 1.9',$,(#3799));
#3806=PRESENTATION_STYLE_ASSIGNMENT((#3807));
#3807=SURFACE_STYLE_USAGE(.BOTH.,#3808);
#3808=SURFACE_SIDE_STYLE('',(#3809));
#3809=SURFACE_STYLE_FILL_AREA(#3810);
#3810=FILL_AREA_STYLE('Steel - Satin',(#3811));
#3811=FILL_AREA_STYLE_COLOUR('Steel - Satin',#3812);
#3812=COLOUR_RGB('Steel - Satin',0.627450980392157,0.627450980392157,0.627450980392157);
ENDSEC;
END-ISO-10303-21;
