ISO-10303-21;
HEADER;
/* Generated by software containing ST-Developer
 * from STEP Tools, Inc. (www.steptools.com) 
 */

FILE_DESCRIPTION(
/* description */ ('Open CASCADE Model'),
/* implementation_level */ '2;1');

FILE_NAME(
/* name */ 'snap-half.step',
/* time_stamp */ '2026-08-12T17:09:24+08:00',
/* author */ (''),
/* organization */ (''),
/* preprocessor_version */ 'ST-DEVELOPER v20.1',
/* originating_system */ 'Autodesk Translation Framework v15.8.0.0',
/* authorisation */ '');

FILE_SCHEMA (('AUTOMOTIVE_DESIGN { 1 0 10303 214 3 1 1 }'));
ENDSEC;

DATA;
#10=MECHANICAL_DESIGN_GEOMETRIC_PRESENTATION_REPRESENTATION('',(#65,#66,
#67,#68,#69,#70,#71),#4323);
#11=ITEM_DEFINED_TRANSFORMATION($,$,#2623,#2802);
#12=ITEM_DEFINED_TRANSFORMATION($,$,#2760,#2803);
#13=ITEM_DEFINED_TRANSFORMATION($,$,#2767,#2804);
#14=ITEM_DEFINED_TRANSFORMATION($,$,#2774,#2805);
#15=ITEM_DEFINED_TRANSFORMATION($,$,#2781,#2806);
#16=ITEM_DEFINED_TRANSFORMATION($,$,#2788,#2807);
#17=ITEM_DEFINED_TRANSFORMATION($,$,#2795,#2808);
#18=(
REPRESENTATION_RELATIONSHIP($,$,#4352,#4351)
REPRESENTATION_RELATIONSHIP_WITH_TRANSFORMATION(#11)
SHAPE_REPRESENTATION_RELATIONSHIP()
);
#19=(
REPRESENTATION_RELATIONSHIP($,$,#4353,#4351)
REPRESENTATION_RELATIONSHIP_WITH_TRANSFORMATION(#12)
SHAPE_REPRESENTATION_RELATIONSHIP()
);
#20=(
REPRESENTATION_RELATIONSHIP($,$,#4354,#4351)
REPRESENTATION_RELATIONSHIP_WITH_TRANSFORMATION(#13)
SHAPE_REPRESENTATION_RELATIONSHIP()
);
#21=(
REPRESENTATION_RELATIONSHIP($,$,#4355,#4351)
REPRESENTATION_RELATIONSHIP_WITH_TRANSFORMATION(#14)
SHAPE_REPRESENTATION_RELATIONSHIP()
);
#22=(
REPRESENTATION_RELATIONSHIP($,$,#4356,#4351)
REPRESENTATION_RELATIONSHIP_WITH_TRANSFORMATION(#15)
SHAPE_REPRESENTATION_RELATIONSHIP()
);
#23=(
REPRESENTATION_RELATIONSHIP($,$,#4357,#4351)
REPRESENTATION_RELATIONSHIP_WITH_TRANSFORMATION(#16)
SHAPE_REPRESENTATION_RELATIONSHIP()
);
#24=(
REPRESENTATION_RELATIONSHIP($,$,#4358,#4351)
REPRESENTATION_RELATIONSHIP_WITH_TRANSFORMATION(#17)
SHAPE_REPRESENTATION_RELATIONSHIP()
);
#25=CONTEXT_DEPENDENT_SHAPE_REPRESENTATION(#18,#4344);
#26=CONTEXT_DEPENDENT_SHAPE_REPRESENTATION(#19,#4345);
#27=CONTEXT_DEPENDENT_SHAPE_REPRESENTATION(#20,#4346);
#28=CONTEXT_DEPENDENT_SHAPE_REPRESENTATION(#21,#4347);
#29=CONTEXT_DEPENDENT_SHAPE_REPRESENTATION(#22,#4348);
#30=CONTEXT_DEPENDENT_SHAPE_REPRESENTATION(#23,#4349);
#31=CONTEXT_DEPENDENT_SHAPE_REPRESENTATION(#24,#4350);
#32=NEXT_ASSEMBLY_USAGE_OCCURRENCE(
'Open CASCADE STEP translator 7.6 1.1:1',
'Open CASCADE STEP translator 7.6 1.1:1',
'Open CASCADE STEP translator 7.6 1.1:1',#4360,#4361,
'Open CASCADE STEP translator 7.6 1.1:1');
#33=NEXT_ASSEMBLY_USAGE_OCCURRENCE(
'Open CASCADE STEP translator 7.6 1.3:1',
'Open CASCADE STEP translator 7.6 1.3:1',
'Open CASCADE STEP translator 7.6 1.3:1',#4360,#4362,
'Open CASCADE STEP translator 7.6 1.3:1');
#34=NEXT_ASSEMBLY_USAGE_OCCURRENCE(
'Open CASCADE STEP translator 7.6 1.5:1',
'Open CASCADE STEP translator 7.6 1.5:1',
'Open CASCADE STEP translator 7.6 1.5:1',#4360,#4363,
'Open CASCADE STEP translator 7.6 1.5:1');
#35=NEXT_ASSEMBLY_USAGE_OCCURRENCE(
'Open CASCADE STEP translator 7.6 1.6:1',
'Open CASCADE STEP translator 7.6 1.6:1',
'Open CASCADE STEP translator 7.6 1.6:1',#4360,#4364,
'Open CASCADE STEP translator 7.6 1.6:1');
#36=NEXT_ASSEMBLY_USAGE_OCCURRENCE(
'Open CASCADE STEP translator 7.6 1.7:1',
'Open CASCADE STEP translator 7.6 1.7:1',
'Open CASCADE STEP translator 7.6 1.7:1',#4360,#4365,
'Open CASCADE STEP translator 7.6 1.7:1');
#37=NEXT_ASSEMBLY_USAGE_OCCURRENCE(
'Open CASCADE STEP translator 7.6 1.8:1',
'Open CASCADE STEP translator 7.6 1.8:1',
'Open CASCADE STEP translator 7.6 1.8:1',#4360,#4366,
'Open CASCADE STEP translator 7.6 1.8:1');
#38=NEXT_ASSEMBLY_USAGE_OCCURRENCE(
'Open CASCADE STEP translator 7.6 1.9:1',
'Open CASCADE STEP translator 7.6 1.9:1',
'Open CASCADE STEP translator 7.6 1.9:1',#4360,#4367,
'Open CASCADE STEP translator 7.6 1.9:1');
#39=(
BOUNDED_SURFACE()
B_SPLINE_SURFACE(2,1,((#4094,#4095),(#4096,#4097),(#4098,#4099)),
 .UNSPECIFIED.,.F.,.F.,.F.)
B_SPLINE_SURFACE_WITH_KNOTS((3,3),(2,2),(0.,1.),(0.,0.17872795368),
 .UNSPECIFIED.)
GEOMETRIC_REPRESENTATION_ITEM()
RATIONAL_B_SPLINE_SURFACE(((1.,1.),(3.980533307,3.980533307),(1.,1.)))
REPRESENTATION_ITEM('')
SURFACE()
);
#40=(
BOUNDED_SURFACE()
B_SPLINE_SURFACE(2,1,((#4100,#4101),(#4102,#4103),(#4104,#4105)),
 .UNSPECIFIED.,.F.,.F.,.F.)
B_SPLINE_SURFACE_WITH_KNOTS((3,3),(2,2),(0.,1.),(0.,0.17872795368),
 .UNSPECIFIED.)
GEOMETRIC_REPRESENTATION_ITEM()
RATIONAL_B_SPLINE_SURFACE(((1.,1.),(3.980533307,3.980533307),(1.,1.)))
REPRESENTATION_ITEM('')
SURFACE()
);
#41=(
BOUNDED_SURFACE()
B_SPLINE_SURFACE(2,1,((#4179,#4180),(#4181,#4182),(#4183,#4184)),
 .UNSPECIFIED.,.F.,.F.,.F.)
B_SPLINE_SURFACE_WITH_KNOTS((3,3),(2,2),(0.,1.),(0.,0.17872795368),
 .UNSPECIFIED.)
GEOMETRIC_REPRESENTATION_ITEM()
RATIONAL_B_SPLINE_SURFACE(((1.,1.),(3.980533307,3.980533307),(1.,1.)))
REPRESENTATION_ITEM('')
SURFACE()
);
#42=(
BOUNDED_SURFACE()
B_SPLINE_SURFACE(2,1,((#4185,#4186),(#4187,#4188),(#4189,#4190)),
 .UNSPECIFIED.,.F.,.F.,.F.)
B_SPLINE_SURFACE_WITH_KNOTS((3,3),(2,2),(0.,1.),(0.,0.17872795368),
 .UNSPECIFIED.)
GEOMETRIC_REPRESENTATION_ITEM()
RATIONAL_B_SPLINE_SURFACE(((1.,1.),(3.980533307,3.980533307),(1.,1.)))
REPRESENTATION_ITEM('')
SURFACE()
);
#43=B_SPLINE_CURVE_WITH_KNOTS('',3,(#4042,#4043,#4044,#4045,#4046,#4047,
#4048,#4049,#4050,#4051),.UNSPECIFIED.,.F.,.F.,(4,2,2,2,4),(-0.313846968750809,
-0.172014679868506,-0.0839746938029453,-0.0473067206725077,0.),
 .UNSPECIFIED.);
#44=B_SPLINE_CURVE_WITH_KNOTS('',3,(#4055,#4056,#4057,#4058,#4059,#4060,
#4061,#4062,#4063,#4064),.UNSPECIFIED.,.F.,.F.,(4,2,2,2,4),(-0.653566097626747,
-0.555196396039264,-0.478939558312248,-0.296068016734162,0.),
 .UNSPECIFIED.);
#45=B_SPLINE_CURVE_WITH_KNOTS('',3,(#4068,#4069,#4070,#4071,#4072,#4073,
#4074,#4075,#4076,#4077),.UNSPECIFIED.,.F.,.F.,(4,2,2,2,4),(-0.653566097631933,
-0.555196396039887,-0.478939558312691,-0.296068016733943,0.),
 .UNSPECIFIED.);
#46=B_SPLINE_CURVE_WITH_KNOTS('',3,(#4079,#4080,#4081,#4082,#4083,#4084,
#4085,#4086,#4087,#4088),.UNSPECIFIED.,.F.,.F.,(4,2,2,2,4),(-0.313846983014717,
-0.17201468783004,-0.0839746975088044,-0.0473067226041011,0.),
 .UNSPECIFIED.);
#47=B_SPLINE_CURVE_WITH_KNOTS('',3,(#4127,#4128,#4129,#4130,#4131,#4132,
#4133,#4134,#4135,#4136),.UNSPECIFIED.,.F.,.F.,(4,2,2,2,4),(-0.313846973704227,
-0.172014682530606,-0.0839746950418679,-0.0473067213181352,0.),
 .UNSPECIFIED.);
#48=B_SPLINE_CURVE_WITH_KNOTS('',3,(#4140,#4141,#4142,#4143,#4144,#4145,
#4146,#4147,#4148,#4149),.UNSPECIFIED.,.F.,.F.,(4,2,2,2,4),(-0.653566097611477,
-0.555196396039879,-0.478939558312508,-0.296068016733854,0.),
 .UNSPECIFIED.);
#49=B_SPLINE_CURVE_WITH_KNOTS('',3,(#4153,#4154,#4155,#4156,#4157,#4158,
#4159,#4160,#4161,#4162),.UNSPECIFIED.,.F.,.F.,(4,2,2,2,4),(-0.653566097613968,
-0.555196396039956,-0.478939558312748,-0.296068016733643,0.),
 .UNSPECIFIED.);
#50=B_SPLINE_CURVE_WITH_KNOTS('',3,(#4164,#4165,#4166,#4167,#4168,#4169,
#4170,#4171,#4172,#4173),.UNSPECIFIED.,.F.,.F.,(4,2,2,2,4),(-0.313846987989631,
-0.172014690493335,-0.0839746987482257,-0.0473067232499181,0.),
 .UNSPECIFIED.);
#51=SHAPE_REPRESENTATION_RELATIONSHIP('SRR','None',#4352,#58);
#52=SHAPE_REPRESENTATION_RELATIONSHIP('SRR','None',#4353,#59);
#53=SHAPE_REPRESENTATION_RELATIONSHIP('SRR','None',#4354,#60);
#54=SHAPE_REPRESENTATION_RELATIONSHIP('SRR','None',#4355,#61);
#55=SHAPE_REPRESENTATION_RELATIONSHIP('SRR','None',#4356,#62);
#56=SHAPE_REPRESENTATION_RELATIONSHIP('SRR','None',#4357,#63);
#57=SHAPE_REPRESENTATION_RELATIONSHIP('SRR','None',#4358,#64);
#58=ADVANCED_BREP_SHAPE_REPRESENTATION('',(#72),#4316);
#59=ADVANCED_BREP_SHAPE_REPRESENTATION('',(#73),#4317);
#60=ADVANCED_BREP_SHAPE_REPRESENTATION('',(#74),#4318);
#61=ADVANCED_BREP_SHAPE_REPRESENTATION('',(#75),#4319);
#62=ADVANCED_BREP_SHAPE_REPRESENTATION('',(#76),#4320);
#63=ADVANCED_BREP_SHAPE_REPRESENTATION('',(#77),#4321);
#64=ADVANCED_BREP_SHAPE_REPRESENTATION('',(#78),#4322);
#65=STYLED_ITEM('',(#4395),#72);
#66=STYLED_ITEM('',(#4395),#73);
#67=STYLED_ITEM('',(#4395),#74);
#68=STYLED_ITEM('',(#4395),#75);
#69=STYLED_ITEM('',(#4395),#76);
#70=STYLED_ITEM('',(#4395),#77);
#71=STYLED_ITEM('',(#4395),#78);
#72=MANIFOLD_SOLID_BREP('Body2',#2537);
#73=MANIFOLD_SOLID_BREP('Body1',#2538);
#74=MANIFOLD_SOLID_BREP('Body1',#2539);
#75=MANIFOLD_SOLID_BREP('Body1',#2540);
#76=MANIFOLD_SOLID_BREP('Body1',#2541);
#77=MANIFOLD_SOLID_BREP('Body1',#2542);
#78=MANIFOLD_SOLID_BREP('Body1',#2543);
#79=FACE_BOUND('',#353,.T.);
#80=FACE_BOUND('',#370,.T.);
#81=FACE_BOUND('',#371,.T.);
#82=FACE_BOUND('',#400,.T.);
#83=PLANE('',#2629);
#84=PLANE('',#2630);
#85=PLANE('',#2631);
#86=PLANE('',#2633);
#87=PLANE('',#2634);
#88=PLANE('',#2636);
#89=PLANE('',#2637);
#90=PLANE('',#2638);
#91=PLANE('',#2640);
#92=PLANE('',#2641);
#93=PLANE('',#2642);
#94=PLANE('',#2645);
#95=PLANE('',#2646);
#96=PLANE('',#2647);
#97=PLANE('',#2648);
#98=PLANE('',#2650);
#99=PLANE('',#2651);
#100=PLANE('',#2654);
#101=PLANE('',#2655);
#102=PLANE('',#2656);
#103=PLANE('',#2658);
#104=PLANE('',#2659);
#105=PLANE('',#2661);
#106=PLANE('',#2664);
#107=PLANE('',#2669);
#108=PLANE('',#2670);
#109=PLANE('',#2674);
#110=PLANE('',#2675);
#111=PLANE('',#2676);
#112=PLANE('',#2677);
#113=PLANE('',#2678);
#114=PLANE('',#2679);
#115=PLANE('',#2680);
#116=PLANE('',#2681);
#117=PLANE('',#2683);
#118=PLANE('',#2684);
#119=PLANE('',#2685);
#120=PLANE('',#2687);
#121=PLANE('',#2688);
#122=PLANE('',#2689);
#123=PLANE('',#2692);
#124=PLANE('',#2693);
#125=PLANE('',#2694);
#126=PLANE('',#2695);
#127=PLANE('',#2698);
#128=PLANE('',#2699);
#129=PLANE('',#2702);
#130=PLANE('',#2704);
#131=PLANE('',#2705);
#132=PLANE('',#2710);
#133=PLANE('',#2715);
#134=PLANE('',#2716);
#135=PLANE('',#2717);
#136=PLANE('',#2718);
#137=PLANE('',#2720);
#138=PLANE('',#2723);
#139=PLANE('',#2725);
#140=PLANE('',#2727);
#141=PLANE('',#2730);
#142=PLANE('',#2731);
#143=PLANE('',#2733);
#144=PLANE('',#2734);
#145=PLANE('',#2736);
#146=PLANE('',#2738);
#147=PLANE('',#2739);
#148=PLANE('',#2740);
#149=PLANE('',#2741);
#150=PLANE('',#2747);
#151=PLANE('',#2750);
#152=PLANE('',#2751);
#153=PLANE('',#2752);
#154=PLANE('',#2753);
#155=PLANE('',#2754);
#156=PLANE('',#2755);
#157=PLANE('',#2756);
#158=PLANE('',#2757);
#159=PLANE('',#2758);
#160=PLANE('',#2759);
#161=PLANE('',#2761);
#162=PLANE('',#2762);
#163=PLANE('',#2763);
#164=PLANE('',#2764);
#165=PLANE('',#2765);
#166=PLANE('',#2766);
#167=PLANE('',#2768);
#168=PLANE('',#2769);
#169=PLANE('',#2770);
#170=PLANE('',#2771);
#171=PLANE('',#2772);
#172=PLANE('',#2773);
#173=PLANE('',#2775);
#174=PLANE('',#2776);
#175=PLANE('',#2777);
#176=PLANE('',#2778);
#177=PLANE('',#2779);
#178=PLANE('',#2780);
#179=PLANE('',#2782);
#180=PLANE('',#2783);
#181=PLANE('',#2784);
#182=PLANE('',#2785);
#183=PLANE('',#2786);
#184=PLANE('',#2787);
#185=PLANE('',#2789);
#186=PLANE('',#2790);
#187=PLANE('',#2791);
#188=PLANE('',#2792);
#189=PLANE('',#2793);
#190=PLANE('',#2794);
#191=PLANE('',#2796);
#192=PLANE('',#2797);
#193=PLANE('',#2798);
#194=PLANE('',#2799);
#195=PLANE('',#2800);
#196=PLANE('',#2801);
#197=FACE_OUTER_BOUND('',#325,.T.);
#198=FACE_OUTER_BOUND('',#326,.T.);
#199=FACE_OUTER_BOUND('',#327,.T.);
#200=FACE_OUTER_BOUND('',#328,.T.);
#201=FACE_OUTER_BOUND('',#329,.T.);
#202=FACE_OUTER_BOUND('',#330,.T.);
#203=FACE_OUTER_BOUND('',#331,.T.);
#204=FACE_OUTER_BOUND('',#332,.T.);
#205=FACE_OUTER_BOUND('',#333,.T.);
#206=FACE_OUTER_BOUND('',#334,.T.);
#207=FACE_OUTER_BOUND('',#335,.T.);
#208=FACE_OUTER_BOUND('',#336,.T.);
#209=FACE_OUTER_BOUND('',#337,.T.);
#210=FACE_OUTER_BOUND('',#338,.T.);
#211=FACE_OUTER_BOUND('',#339,.T.);
#212=FACE_OUTER_BOUND('',#340,.T.);
#213=FACE_OUTER_BOUND('',#341,.T.);
#214=FACE_OUTER_BOUND('',#342,.T.);
#215=FACE_OUTER_BOUND('',#343,.T.);
#216=FACE_OUTER_BOUND('',#344,.T.);
#217=FACE_OUTER_BOUND('',#345,.T.);
#218=FACE_OUTER_BOUND('',#346,.T.);
#219=FACE_OUTER_BOUND('',#347,.T.);
#220=FACE_OUTER_BOUND('',#348,.T.);
#221=FACE_OUTER_BOUND('',#349,.T.);
#222=FACE_OUTER_BOUND('',#350,.T.);
#223=FACE_OUTER_BOUND('',#351,.T.);
#224=FACE_OUTER_BOUND('',#352,.T.);
#225=FACE_OUTER_BOUND('',#354,.T.);
#226=FACE_OUTER_BOUND('',#355,.T.);
#227=FACE_OUTER_BOUND('',#356,.T.);
#228=FACE_OUTER_BOUND('',#357,.T.);
#229=FACE_OUTER_BOUND('',#358,.T.);
#230=FACE_OUTER_BOUND('',#359,.T.);
#231=FACE_OUTER_BOUND('',#360,.T.);
#232=FACE_OUTER_BOUND('',#361,.T.);
#233=FACE_OUTER_BOUND('',#362,.T.);
#234=FACE_OUTER_BOUND('',#363,.T.);
#235=FACE_OUTER_BOUND('',#364,.T.);
#236=FACE_OUTER_BOUND('',#365,.T.);
#237=FACE_OUTER_BOUND('',#366,.T.);
#238=FACE_OUTER_BOUND('',#367,.T.);
#239=FACE_OUTER_BOUND('',#368,.T.);
#240=FACE_OUTER_BOUND('',#369,.T.);
#241=FACE_OUTER_BOUND('',#372,.T.);
#242=FACE_OUTER_BOUND('',#373,.T.);
#243=FACE_OUTER_BOUND('',#374,.T.);
#244=FACE_OUTER_BOUND('',#375,.T.);
#245=FACE_OUTER_BOUND('',#376,.T.);
#246=FACE_OUTER_BOUND('',#377,.T.);
#247=FACE_OUTER_BOUND('',#378,.T.);
#248=FACE_OUTER_BOUND('',#379,.T.);
#249=FACE_OUTER_BOUND('',#380,.T.);
#250=FACE_OUTER_BOUND('',#381,.T.);
#251=FACE_OUTER_BOUND('',#382,.T.);
#252=FACE_OUTER_BOUND('',#383,.T.);
#253=FACE_OUTER_BOUND('',#384,.T.);
#254=FACE_OUTER_BOUND('',#385,.T.);
#255=FACE_OUTER_BOUND('',#386,.T.);
#256=FACE_OUTER_BOUND('',#387,.T.);
#257=FACE_OUTER_BOUND('',#388,.T.);
#258=FACE_OUTER_BOUND('',#389,.T.);
#259=FACE_OUTER_BOUND('',#390,.T.);
#260=FACE_OUTER_BOUND('',#391,.T.);
#261=FACE_OUTER_BOUND('',#392,.T.);
#262=FACE_OUTER_BOUND('',#393,.T.);
#263=FACE_OUTER_BOUND('',#394,.T.);
#264=FACE_OUTER_BOUND('',#395,.T.);
#265=FACE_OUTER_BOUND('',#396,.T.);
#266=FACE_OUTER_BOUND('',#397,.T.);
#267=FACE_OUTER_BOUND('',#398,.T.);
#268=FACE_OUTER_BOUND('',#399,.T.);
#269=FACE_OUTER_BOUND('',#401,.T.);
#270=FACE_OUTER_BOUND('',#402,.T.);
#271=FACE_OUTER_BOUND('',#403,.T.);
#272=FACE_OUTER_BOUND('',#404,.T.);
#273=FACE_OUTER_BOUND('',#405,.T.);
#274=FACE_OUTER_BOUND('',#406,.T.);
#275=FACE_OUTER_BOUND('',#407,.T.);
#276=FACE_OUTER_BOUND('',#408,.T.);
#277=FACE_OUTER_BOUND('',#409,.T.);
#278=FACE_OUTER_BOUND('',#410,.T.);
#279=FACE_OUTER_BOUND('',#411,.T.);
#280=FACE_OUTER_BOUND('',#412,.T.);
#281=FACE_OUTER_BOUND('',#413,.T.);
#282=FACE_OUTER_BOUND('',#414,.T.);
#283=FACE_OUTER_BOUND('',#415,.T.);
#284=FACE_OUTER_BOUND('',#416,.T.);
#285=FACE_OUTER_BOUND('',#417,.T.);
#286=FACE_OUTER_BOUND('',#418,.T.);
#287=FACE_OUTER_BOUND('',#419,.T.);
#288=FACE_OUTER_BOUND('',#420,.T.);
#289=FACE_OUTER_BOUND('',#421,.T.);
#290=FACE_OUTER_BOUND('',#422,.T.);
#291=FACE_OUTER_BOUND('',#423,.T.);
#292=FACE_OUTER_BOUND('',#424,.T.);
#293=FACE_OUTER_BOUND('',#425,.T.);
#294=FACE_OUTER_BOUND('',#426,.T.);
#295=FACE_OUTER_BOUND('',#427,.T.);
#296=FACE_OUTER_BOUND('',#428,.T.);
#297=FACE_OUTER_BOUND('',#429,.T.);
#298=FACE_OUTER_BOUND('',#430,.T.);
#299=FACE_OUTER_BOUND('',#431,.T.);
#300=FACE_OUTER_BOUND('',#432,.T.);
#301=FACE_OUTER_BOUND('',#433,.T.);
#302=FACE_OUTER_BOUND('',#434,.T.);
#303=FACE_OUTER_BOUND('',#435,.T.);
#304=FACE_OUTER_BOUND('',#436,.T.);
#305=FACE_OUTER_BOUND('',#437,.T.);
#306=FACE_OUTER_BOUND('',#438,.T.);
#307=FACE_OUTER_BOUND('',#439,.T.);
#308=FACE_OUTER_BOUND('',#440,.T.);
#309=FACE_OUTER_BOUND('',#441,.T.);
#310=FACE_OUTER_BOUND('',#442,.T.);
#311=FACE_OUTER_BOUND('',#443,.T.);
#312=FACE_OUTER_BOUND('',#444,.T.);
#313=FACE_OUTER_BOUND('',#445,.T.);
#314=FACE_OUTER_BOUND('',#446,.T.);
#315=FACE_OUTER_BOUND('',#447,.T.);
#316=FACE_OUTER_BOUND('',#448,.T.);
#317=FACE_OUTER_BOUND('',#449,.T.);
#318=FACE_OUTER_BOUND('',#450,.T.);
#319=FACE_OUTER_BOUND('',#451,.T.);
#320=FACE_OUTER_BOUND('',#452,.T.);
#321=FACE_OUTER_BOUND('',#453,.T.);
#322=FACE_OUTER_BOUND('',#454,.T.);
#323=FACE_OUTER_BOUND('',#455,.T.);
#324=FACE_OUTER_BOUND('',#456,.T.);
#325=EDGE_LOOP('',(#1691,#1692,#1693,#1694,#1695,#1696,#1697,#1698));
#326=EDGE_LOOP('',(#1699,#1700,#1701,#1702,#1703,#1704,#1705,#1706));
#327=EDGE_LOOP('',(#1707,#1708,#1709,#1710));
#328=EDGE_LOOP('',(#1711,#1712,#1713,#1714));
#329=EDGE_LOOP('',(#1715,#1716,#1717,#1718,#1719,#1720,#1721,#1722,#1723,
#1724,#1725,#1726,#1727,#1728));
#330=EDGE_LOOP('',(#1729,#1730,#1731,#1732));
#331=EDGE_LOOP('',(#1733,#1734,#1735,#1736));
#332=EDGE_LOOP('',(#1737,#1738,#1739,#1740));
#333=EDGE_LOOP('',(#1741,#1742,#1743,#1744));
#334=EDGE_LOOP('',(#1745,#1746,#1747,#1748));
#335=EDGE_LOOP('',(#1749,#1750,#1751,#1752));
#336=EDGE_LOOP('',(#1753,#1754,#1755,#1756,#1757,#1758,#1759,#1760,#1761));
#337=EDGE_LOOP('',(#1762,#1763,#1764,#1765));
#338=EDGE_LOOP('',(#1766,#1767,#1768,#1769));
#339=EDGE_LOOP('',(#1770,#1771,#1772,#1773));
#340=EDGE_LOOP('',(#1774,#1775,#1776,#1777));
#341=EDGE_LOOP('',(#1778,#1779,#1780,#1781));
#342=EDGE_LOOP('',(#1782,#1783,#1784,#1785,#1786,#1787,#1788,#1789,#1790));
#343=EDGE_LOOP('',(#1791,#1792,#1793,#1794));
#344=EDGE_LOOP('',(#1795,#1796,#1797,#1798));
#345=EDGE_LOOP('',(#1799,#1800,#1801,#1802,#1803,#1804));
#346=EDGE_LOOP('',(#1805,#1806,#1807,#1808));
#347=EDGE_LOOP('',(#1809,#1810,#1811,#1812,#1813,#1814));
#348=EDGE_LOOP('',(#1815,#1816,#1817,#1818));
#349=EDGE_LOOP('',(#1819,#1820,#1821,#1822,#1823,#1824,#1825,#1826));
#350=EDGE_LOOP('',(#1827,#1828,#1829,#1830,#1831,#1832,#1833,#1834));
#351=EDGE_LOOP('',(#1835,#1836,#1837,#1838,#1839,#1840,#1841,#1842));
#352=EDGE_LOOP('',(#1843,#1844,#1845,#1846,#1847,#1848,#1849,#1850));
#353=EDGE_LOOP('',(#1851,#1852,#1853,#1854));
#354=EDGE_LOOP('',(#1855,#1856,#1857,#1858,#1859,#1860,#1861,#1862,#1863,
#1864,#1865,#1866,#1867,#1868));
#355=EDGE_LOOP('',(#1869,#1870,#1871,#1872,#1873,#1874,#1875,#1876));
#356=EDGE_LOOP('',(#1877,#1878,#1879,#1880));
#357=EDGE_LOOP('',(#1881,#1882,#1883,#1884));
#358=EDGE_LOOP('',(#1885,#1886,#1887,#1888));
#359=EDGE_LOOP('',(#1889,#1890,#1891,#1892));
#360=EDGE_LOOP('',(#1893,#1894,#1895,#1896));
#361=EDGE_LOOP('',(#1897,#1898,#1899,#1900));
#362=EDGE_LOOP('',(#1901,#1902,#1903,#1904));
#363=EDGE_LOOP('',(#1905,#1906,#1907,#1908));
#364=EDGE_LOOP('',(#1909,#1910,#1911,#1912));
#365=EDGE_LOOP('',(#1913,#1914,#1915,#1916));
#366=EDGE_LOOP('',(#1917,#1918,#1919,#1920));
#367=EDGE_LOOP('',(#1921,#1922,#1923,#1924));
#368=EDGE_LOOP('',(#1925,#1926,#1927,#1928));
#369=EDGE_LOOP('',(#1929,#1930,#1931,#1932,#1933,#1934,#1935,#1936));
#370=EDGE_LOOP('',(#1937));
#371=EDGE_LOOP('',(#1938));
#372=EDGE_LOOP('',(#1939,#1940,#1941,#1942));
#373=EDGE_LOOP('',(#1943,#1944,#1945,#1946));
#374=EDGE_LOOP('',(#1947,#1948,#1949,#1950));
#375=EDGE_LOOP('',(#1951,#1952,#1953,#1954,#1955,#1956));
#376=EDGE_LOOP('',(#1957,#1958,#1959,#1960));
#377=EDGE_LOOP('',(#1961,#1962,#1963,#1964,#1965,#1966,#1967,#1968,#1969,
#1970));
#378=EDGE_LOOP('',(#1971,#1972,#1973,#1974));
#379=EDGE_LOOP('',(#1975,#1976,#1977,#1978));
#380=EDGE_LOOP('',(#1979,#1980,#1981,#1982));
#381=EDGE_LOOP('',(#1983,#1984,#1985,#1986,#1987,#1988,#1989,#1990,#1991,
#1992,#1993,#1994,#1995,#1996,#1997,#1998));
#382=EDGE_LOOP('',(#1999,#2000,#2001,#2002,#2003,#2004,#2005,#2006));
#383=EDGE_LOOP('',(#2007,#2008,#2009,#2010,#2011,#2012,#2013,#2014));
#384=EDGE_LOOP('',(#2015,#2016,#2017,#2018,#2019,#2020,#2021,#2022,#2023,
#2024,#2025,#2026,#2027,#2028));
#385=EDGE_LOOP('',(#2029,#2030,#2031,#2032,#2033,#2034,#2035,#2036));
#386=EDGE_LOOP('',(#2037,#2038,#2039,#2040));
#387=EDGE_LOOP('',(#2041,#2042,#2043,#2044,#2045,#2046));
#388=EDGE_LOOP('',(#2047,#2048,#2049,#2050,#2051,#2052,#2053,#2054,#2055,
#2056,#2057,#2058,#2059,#2060));
#389=EDGE_LOOP('',(#2061,#2062,#2063,#2064,#2065,#2066,#2067,#2068,#2069,
#2070,#2071,#2072,#2073,#2074));
#390=EDGE_LOOP('',(#2075,#2076,#2077,#2078));
#391=EDGE_LOOP('',(#2079,#2080,#2081,#2082,#2083,#2084,#2085,#2086,#2087,
#2088));
#392=EDGE_LOOP('',(#2089,#2090,#2091,#2092));
#393=EDGE_LOOP('',(#2093,#2094,#2095,#2096));
#394=EDGE_LOOP('',(#2097,#2098,#2099,#2100));
#395=EDGE_LOOP('',(#2101,#2102,#2103,#2104));
#396=EDGE_LOOP('',(#2105,#2106,#2107,#2108));
#397=EDGE_LOOP('',(#2109,#2110,#2111,#2112,#2113,#2114,#2115,#2116));
#398=EDGE_LOOP('',(#2117,#2118,#2119,#2120));
#399=EDGE_LOOP('',(#2121,#2122,#2123,#2124,#2125,#2126,#2127,#2128));
#400=EDGE_LOOP('',(#2129,#2130,#2131,#2132));
#401=EDGE_LOOP('',(#2133,#2134,#2135,#2136,#2137,#2138,#2139,#2140,#2141,
#2142,#2143,#2144,#2145,#2146));
#402=EDGE_LOOP('',(#2147,#2148,#2149,#2150));
#403=EDGE_LOOP('',(#2151,#2152,#2153,#2154,#2155,#2156,#2157,#2158));
#404=EDGE_LOOP('',(#2159,#2160,#2161,#2162,#2163,#2164,#2165,#2166));
#405=EDGE_LOOP('',(#2167,#2168,#2169,#2170));
#406=EDGE_LOOP('',(#2171,#2172,#2173,#2174,#2175,#2176,#2177,#2178,#2179,
#2180,#2181,#2182,#2183,#2184,#2185,#2186));
#407=EDGE_LOOP('',(#2187,#2188,#2189,#2190));
#408=EDGE_LOOP('',(#2191,#2192,#2193,#2194,#2195,#2196));
#409=EDGE_LOOP('',(#2197,#2198,#2199,#2200));
#410=EDGE_LOOP('',(#2201,#2202,#2203,#2204,#2205,#2206));
#411=EDGE_LOOP('',(#2207,#2208,#2209,#2210));
#412=EDGE_LOOP('',(#2211,#2212,#2213,#2214));
#413=EDGE_LOOP('',(#2215,#2216,#2217,#2218));
#414=EDGE_LOOP('',(#2219,#2220,#2221,#2222));
#415=EDGE_LOOP('',(#2223,#2224,#2225,#2226));
#416=EDGE_LOOP('',(#2227,#2228,#2229,#2230));
#417=EDGE_LOOP('',(#2231,#2232,#2233,#2234));
#418=EDGE_LOOP('',(#2235,#2236,#2237,#2238));
#419=EDGE_LOOP('',(#2239,#2240,#2241,#2242,#2243,#2244));
#420=EDGE_LOOP('',(#2245,#2246,#2247,#2248,#2249,#2250));
#421=EDGE_LOOP('',(#2251,#2252,#2253,#2254));
#422=EDGE_LOOP('',(#2255,#2256,#2257,#2258));
#423=EDGE_LOOP('',(#2259,#2260,#2261,#2262));
#424=EDGE_LOOP('',(#2263,#2264,#2265,#2266));
#425=EDGE_LOOP('',(#2267,#2268,#2269,#2270));
#426=EDGE_LOOP('',(#2271,#2272,#2273,#2274));
#427=EDGE_LOOP('',(#2275,#2276,#2277,#2278,#2279,#2280));
#428=EDGE_LOOP('',(#2281,#2282,#2283,#2284,#2285,#2286));
#429=EDGE_LOOP('',(#2287,#2288,#2289,#2290));
#430=EDGE_LOOP('',(#2291,#2292,#2293,#2294));
#431=EDGE_LOOP('',(#2295,#2296,#2297,#2298));
#432=EDGE_LOOP('',(#2299,#2300,#2301,#2302));
#433=EDGE_LOOP('',(#2303,#2304,#2305,#2306));
#434=EDGE_LOOP('',(#2307,#2308,#2309,#2310));
#435=EDGE_LOOP('',(#2311,#2312,#2313,#2314));
#436=EDGE_LOOP('',(#2315,#2316,#2317,#2318));
#437=EDGE_LOOP('',(#2319,#2320,#2321,#2322));
#438=EDGE_LOOP('',(#2323,#2324,#2325,#2326));
#439=EDGE_LOOP('',(#2327,#2328,#2329,#2330));
#440=EDGE_LOOP('',(#2331,#2332,#2333,#2334));
#441=EDGE_LOOP('',(#2335,#2336,#2337,#2338));
#442=EDGE_LOOP('',(#2339,#2340,#2341,#2342));
#443=EDGE_LOOP('',(#2343,#2344,#2345,#2346));
#444=EDGE_LOOP('',(#2347,#2348,#2349,#2350));
#445=EDGE_LOOP('',(#2351,#2352,#2353,#2354));
#446=EDGE_LOOP('',(#2355,#2356,#2357,#2358));
#447=EDGE_LOOP('',(#2359,#2360,#2361,#2362));
#448=EDGE_LOOP('',(#2363,#2364,#2365,#2366));
#449=EDGE_LOOP('',(#2367,#2368,#2369,#2370));
#450=EDGE_LOOP('',(#2371,#2372,#2373,#2374));
#451=EDGE_LOOP('',(#2375,#2376,#2377,#2378));
#452=EDGE_LOOP('',(#2379,#2380,#2381,#2382));
#453=EDGE_LOOP('',(#2383,#2384,#2385,#2386));
#454=EDGE_LOOP('',(#2387,#2388,#2389,#2390));
#455=EDGE_LOOP('',(#2391,#2392,#2393,#2394));
#456=EDGE_LOOP('',(#2395,#2396,#2397,#2398));
#457=LINE('',#3488,#755);
#458=LINE('',#3492,#756);
#459=LINE('',#3496,#757);
#460=LINE('',#3499,#758);
#461=LINE('',#3502,#759);
#462=LINE('',#3504,#760);
#463=LINE('',#3506,#761);
#464=LINE('',#3508,#762);
#465=LINE('',#3510,#763);
#466=LINE('',#3512,#764);
#467=LINE('',#3513,#765);
#468=LINE('',#3517,#766);
#469=LINE('',#3519,#767);
#470=LINE('',#3521,#768);
#471=LINE('',#3522,#769);
#472=LINE('',#3526,#770);
#473=LINE('',#3528,#771);
#474=LINE('',#3531,#772);
#475=LINE('',#3535,#773);
#476=LINE('',#3537,#774);
#477=LINE('',#3539,#775);
#478=LINE('',#3541,#776);
#479=LINE('',#3543,#777);
#480=LINE('',#3545,#778);
#481=LINE('',#3547,#779);
#482=LINE('',#3549,#780);
#483=LINE('',#3551,#781);
#484=LINE('',#3553,#782);
#485=LINE('',#3555,#783);
#486=LINE('',#3557,#784);
#487=LINE('',#3559,#785);
#488=LINE('',#3560,#786);
#489=LINE('',#3563,#787);
#490=LINE('',#3565,#788);
#491=LINE('',#3569,#789);
#492=LINE('',#3571,#790);
#493=LINE('',#3572,#791);
#494=LINE('',#3575,#792);
#495=LINE('',#3577,#793);
#496=LINE('',#3578,#794);
#497=LINE('',#3581,#795);
#498=LINE('',#3583,#796);
#499=LINE('',#3587,#797);
#500=LINE('',#3589,#798);
#501=LINE('',#3590,#799);
#502=LINE('',#3594,#800);
#503=LINE('',#3596,#801);
#504=LINE('',#3598,#802);
#505=LINE('',#3599,#803);
#506=LINE('',#3603,#804);
#507=LINE('',#3607,#805);
#508=LINE('',#3609,#806);
#509=LINE('',#3611,#807);
#510=LINE('',#3613,#808);
#511=LINE('',#3615,#809);
#512=LINE('',#3618,#810);
#513=LINE('',#3622,#811);
#514=LINE('',#3624,#812);
#515=LINE('',#3626,#813);
#516=LINE('',#3627,#814);
#517=LINE('',#3630,#815);
#518=LINE('',#3632,#816);
#519=LINE('',#3633,#817);
#520=LINE('',#3636,#818);
#521=LINE('',#3638,#819);
#522=LINE('',#3639,#820);
#523=LINE('',#3643,#821);
#524=LINE('',#3646,#822);
#525=LINE('',#3647,#823);
#526=LINE('',#3651,#824);
#527=LINE('',#3653,#825);
#528=LINE('',#3656,#826);
#529=LINE('',#3657,#827);
#530=LINE('',#3659,#828);
#531=LINE('',#3663,#829);
#532=LINE('',#3665,#830);
#533=LINE('',#3666,#831);
#534=LINE('',#3669,#832);
#535=LINE('',#3671,#833);
#536=LINE('',#3672,#834);
#537=LINE('',#3675,#835);
#538=LINE('',#3677,#836);
#539=LINE('',#3680,#837);
#540=LINE('',#3683,#838);
#541=LINE('',#3685,#839);
#542=LINE('',#3686,#840);
#543=LINE('',#3689,#841);
#544=LINE('',#3692,#842);
#545=LINE('',#3694,#843);
#546=LINE('',#3695,#844);
#547=LINE('',#3699,#845);
#548=LINE('',#3702,#846);
#549=LINE('',#3704,#847);
#550=LINE('',#3706,#848);
#551=LINE('',#3708,#849);
#552=LINE('',#3709,#850);
#553=LINE('',#3716,#851);
#554=LINE('',#3719,#852);
#555=LINE('',#3723,#853);
#556=LINE('',#3725,#854);
#557=LINE('',#3727,#855);
#558=LINE('',#3729,#856);
#559=LINE('',#3731,#857);
#560=LINE('',#3732,#858);
#561=LINE('',#3733,#859);
#562=LINE('',#3737,#860);
#563=LINE('',#3739,#861);
#564=LINE('',#3741,#862);
#565=LINE('',#3742,#863);
#566=LINE('',#3744,#864);
#567=LINE('',#3746,#865);
#568=LINE('',#3748,#866);
#569=LINE('',#3750,#867);
#570=LINE('',#3752,#868);
#571=LINE('',#3754,#869);
#572=LINE('',#3756,#870);
#573=LINE('',#3758,#871);
#574=LINE('',#3759,#872);
#575=LINE('',#3764,#873);
#576=LINE('',#3768,#874);
#577=LINE('',#3769,#875);
#578=LINE('',#3772,#876);
#579=LINE('',#3773,#877);
#580=LINE('',#3776,#878);
#581=LINE('',#3777,#879);
#582=LINE('',#3780,#880);
#583=LINE('',#3781,#881);
#584=LINE('',#3784,#882);
#585=LINE('',#3785,#883);
#586=LINE('',#3788,#884);
#587=LINE('',#3790,#885);
#588=LINE('',#3791,#886);
#589=LINE('',#3794,#887);
#590=LINE('',#3795,#888);
#591=LINE('',#3798,#889);
#592=LINE('',#3801,#890);
#593=LINE('',#3804,#891);
#594=LINE('',#3806,#892);
#595=LINE('',#3807,#893);
#596=LINE('',#3810,#894);
#597=LINE('',#3811,#895);
#598=LINE('',#3814,#896);
#599=LINE('',#3818,#897);
#600=LINE('',#3820,#898);
#601=LINE('',#3821,#899);
#602=LINE('',#3823,#900);
#603=LINE('',#3824,#901);
#604=LINE('',#3827,#902);
#605=LINE('',#3829,#903);
#606=LINE('',#3831,#904);
#607=LINE('',#3833,#905);
#608=LINE('',#3834,#906);
#609=LINE('',#3841,#907);
#610=LINE('',#3842,#908);
#611=LINE('',#3845,#909);
#612=LINE('',#3846,#910);
#613=LINE('',#3849,#911);
#614=LINE('',#3851,#912);
#615=LINE('',#3852,#913);
#616=LINE('',#3857,#914);
#617=LINE('',#3860,#915);
#618=LINE('',#3866,#916);
#619=LINE('',#3867,#917);
#620=LINE('',#3870,#918);
#621=LINE('',#3874,#919);
#622=LINE('',#3875,#920);
#623=LINE('',#3878,#921);
#624=LINE('',#3880,#922);
#625=LINE('',#3881,#923);
#626=LINE('',#3885,#924);
#627=LINE('',#3886,#925);
#628=LINE('',#3888,#926);
#629=LINE('',#3892,#927);
#630=LINE('',#3896,#928);
#631=LINE('',#3898,#929);
#632=LINE('',#3899,#930);
#633=LINE('',#3900,#931);
#634=LINE('',#3903,#932);
#635=LINE('',#3907,#933);
#636=LINE('',#3911,#934);
#637=LINE('',#3914,#935);
#638=LINE('',#3915,#936);
#639=LINE('',#3916,#937);
#640=LINE('',#3918,#938);
#641=LINE('',#3920,#939);
#642=LINE('',#3921,#940);
#643=LINE('',#3923,#941);
#644=LINE('',#3926,#942);
#645=LINE('',#3930,#943);
#646=LINE('',#3931,#944);
#647=LINE('',#3932,#945);
#648=LINE('',#3935,#946);
#649=LINE('',#3939,#947);
#650=LINE('',#3941,#948);
#651=LINE('',#3945,#949);
#652=LINE('',#3952,#950);
#653=LINE('',#3953,#951);
#654=LINE('',#3956,#952);
#655=LINE('',#3960,#953);
#656=LINE('',#3961,#954);
#657=LINE('',#3964,#955);
#658=LINE('',#3967,#956);
#659=LINE('',#3969,#957);
#660=LINE('',#3972,#958);
#661=LINE('',#3975,#959);
#662=LINE('',#3977,#960);
#663=LINE('',#3979,#961);
#664=LINE('',#3980,#962);
#665=LINE('',#3983,#963);
#666=LINE('',#3989,#964);
#667=LINE('',#3993,#965);
#668=LINE('',#3998,#966);
#669=LINE('',#4001,#967);
#670=LINE('',#4002,#968);
#671=LINE('',#4004,#969);
#672=LINE('',#4006,#970);
#673=LINE('',#4007,#971);
#674=LINE('',#4008,#972);
#675=LINE('',#4010,#973);
#676=LINE('',#4012,#974);
#677=LINE('',#4015,#975);
#678=LINE('',#4019,#976);
#679=LINE('',#4025,#977);
#680=LINE('',#4027,#978);
#681=LINE('',#4029,#979);
#682=LINE('',#4030,#980);
#683=LINE('',#4034,#981);
#684=LINE('',#4036,#982);
#685=LINE('',#4038,#983);
#686=LINE('',#4039,#984);
#687=LINE('',#4052,#985);
#688=LINE('',#4054,#986);
#689=LINE('',#4067,#987);
#690=LINE('',#4089,#988);
#691=LINE('',#4091,#989);
#692=LINE('',#4093,#990);
#693=LINE('',#4110,#991);
#694=LINE('',#4112,#992);
#695=LINE('',#4114,#993);
#696=LINE('',#4115,#994);
#697=LINE('',#4119,#995);
#698=LINE('',#4121,#996);
#699=LINE('',#4123,#997);
#700=LINE('',#4124,#998);
#701=LINE('',#4137,#999);
#702=LINE('',#4139,#1000);
#703=LINE('',#4152,#1001);
#704=LINE('',#4174,#1002);
#705=LINE('',#4176,#1003);
#706=LINE('',#4178,#1004);
#707=LINE('',#4195,#1005);
#708=LINE('',#4197,#1006);
#709=LINE('',#4199,#1007);
#710=LINE('',#4200,#1008);
#711=LINE('',#4203,#1009);
#712=LINE('',#4205,#1010);
#713=LINE('',#4206,#1011);
#714=LINE('',#4209,#1012);
#715=LINE('',#4211,#1013);
#716=LINE('',#4212,#1014);
#717=LINE('',#4214,#1015);
#718=LINE('',#4216,#1016);
#719=LINE('',#4222,#1017);
#720=LINE('',#4224,#1018);
#721=LINE('',#4226,#1019);
#722=LINE('',#4227,#1020);
#723=LINE('',#4230,#1021);
#724=LINE('',#4232,#1022);
#725=LINE('',#4233,#1023);
#726=LINE('',#4236,#1024);
#727=LINE('',#4238,#1025);
#728=LINE('',#4239,#1026);
#729=LINE('',#4241,#1027);
#730=LINE('',#4243,#1028);
#731=LINE('',#4249,#1029);
#732=LINE('',#4251,#1030);
#733=LINE('',#4253,#1031);
#734=LINE('',#4254,#1032);
#735=LINE('',#4257,#1033);
#736=LINE('',#4259,#1034);
#737=LINE('',#4260,#1035);
#738=LINE('',#4263,#1036);
#739=LINE('',#4265,#1037);
#740=LINE('',#4266,#1038);
#741=LINE('',#4268,#1039);
#742=LINE('',#4270,#1040);
#743=LINE('',#4276,#1041);
#744=LINE('',#4278,#1042);
#745=LINE('',#4280,#1043);
#746=LINE('',#4281,#1044);
#747=LINE('',#4284,#1045);
#748=LINE('',#4286,#1046);
#749=LINE('',#4287,#1047);
#750=LINE('',#4290,#1048);
#751=LINE('',#4292,#1049);
#752=LINE('',#4293,#1050);
#753=LINE('',#4295,#1051);
#754=LINE('',#4297,#1052);
#755=VECTOR('',#2817,10.);
#756=VECTOR('',#2820,10.);
#757=VECTOR('',#2823,10.);
#758=VECTOR('',#2826,10.);
#759=VECTOR('',#2829,10.);
#760=VECTOR('',#2830,10.);
#761=VECTOR('',#2831,10.);
#762=VECTOR('',#2832,10.);
#763=VECTOR('',#2833,10.);
#764=VECTOR('',#2834,10.);
#765=VECTOR('',#2835,10.);
#766=VECTOR('',#2838,10.);
#767=VECTOR('',#2839,10.);
#768=VECTOR('',#2840,10.);
#769=VECTOR('',#2841,10.);
#770=VECTOR('',#2844,10.);
#771=VECTOR('',#2845,10.);
#772=VECTOR('',#2848,10.);
#773=VECTOR('',#2851,10.);
#774=VECTOR('',#2852,10.);
#775=VECTOR('',#2853,10.);
#776=VECTOR('',#2854,10.);
#777=VECTOR('',#2855,10.);
#778=VECTOR('',#2856,10.);
#779=VECTOR('',#2857,10.);
#780=VECTOR('',#2858,10.);
#781=VECTOR('',#2859,10.);
#782=VECTOR('',#2860,10.);
#783=VECTOR('',#2861,10.);
#784=VECTOR('',#2862,10.);
#785=VECTOR('',#2863,10.);
#786=VECTOR('',#2864,10.);
#787=VECTOR('',#2867,10.);
#788=VECTOR('',#2868,10.);
#789=VECTOR('',#2873,10.);
#790=VECTOR('',#2874,10.);
#791=VECTOR('',#2875,10.);
#792=VECTOR('',#2878,10.);
#793=VECTOR('',#2879,10.);
#794=VECTOR('',#2880,10.);
#795=VECTOR('',#2883,10.);
#796=VECTOR('',#2884,10.);
#797=VECTOR('',#2889,10.);
#798=VECTOR('',#2890,10.);
#799=VECTOR('',#2891,10.);
#800=VECTOR('',#2894,10.);
#801=VECTOR('',#2895,1.);
#802=VECTOR('',#2896,10.);
#803=VECTOR('',#2897,10.);
#804=VECTOR('',#2900,10.);
#805=VECTOR('',#2903,10.);
#806=VECTOR('',#2904,1.);
#807=VECTOR('',#2905,10.);
#808=VECTOR('',#2906,10.);
#809=VECTOR('',#2907,1.);
#810=VECTOR('',#2910,1.);
#811=VECTOR('',#2913,10.);
#812=VECTOR('',#2914,1.);
#813=VECTOR('',#2915,10.);
#814=VECTOR('',#2916,10.);
#815=VECTOR('',#2919,10.);
#816=VECTOR('',#2920,10.);
#817=VECTOR('',#2921,10.);
#818=VECTOR('',#2924,10.);
#819=VECTOR('',#2925,10.);
#820=VECTOR('',#2926,10.);
#821=VECTOR('',#2931,10.);
#822=VECTOR('',#2934,10.);
#823=VECTOR('',#2935,10.);
#824=VECTOR('',#2938,10.);
#825=VECTOR('',#2939,1.);
#826=VECTOR('',#2942,10.);
#827=VECTOR('',#2943,10.);
#828=VECTOR('',#2944,10.);
#829=VECTOR('',#2949,10.);
#830=VECTOR('',#2950,10.);
#831=VECTOR('',#2951,10.);
#832=VECTOR('',#2954,10.);
#833=VECTOR('',#2955,10.);
#834=VECTOR('',#2956,10.);
#835=VECTOR('',#2959,10.);
#836=VECTOR('',#2960,10.);
#837=VECTOR('',#2963,10.);
#838=VECTOR('',#2966,10.);
#839=VECTOR('',#2967,10.);
#840=VECTOR('',#2968,10.);
#841=VECTOR('',#2973,10.);
#842=VECTOR('',#2976,10.);
#843=VECTOR('',#2977,10.);
#844=VECTOR('',#2978,10.);
#845=VECTOR('',#2983,10.);
#846=VECTOR('',#2986,10.);
#847=VECTOR('',#2987,10.);
#848=VECTOR('',#2988,10.);
#849=VECTOR('',#2989,10.);
#850=VECTOR('',#2990,10.);
#851=VECTOR('',#2997,10.);
#852=VECTOR('',#3000,10.);
#853=VECTOR('',#3003,10.);
#854=VECTOR('',#3004,10.);
#855=VECTOR('',#3005,10.);
#856=VECTOR('',#3006,10.);
#857=VECTOR('',#3007,10.);
#858=VECTOR('',#3008,10.);
#859=VECTOR('',#3009,10.);
#860=VECTOR('',#3012,10.);
#861=VECTOR('',#3013,10.);
#862=VECTOR('',#3014,10.);
#863=VECTOR('',#3015,10.);
#864=VECTOR('',#3016,10.);
#865=VECTOR('',#3017,10.);
#866=VECTOR('',#3018,10.);
#867=VECTOR('',#3019,10.);
#868=VECTOR('',#3020,10.);
#869=VECTOR('',#3021,10.);
#870=VECTOR('',#3022,10.);
#871=VECTOR('',#3023,10.);
#872=VECTOR('',#3024,10.);
#873=VECTOR('',#3029,10.);
#874=VECTOR('',#3034,10.);
#875=VECTOR('',#3035,10.);
#876=VECTOR('',#3038,10.);
#877=VECTOR('',#3039,10.);
#878=VECTOR('',#3042,10.);
#879=VECTOR('',#3043,10.);
#880=VECTOR('',#3046,10.);
#881=VECTOR('',#3047,10.);
#882=VECTOR('',#3050,10.);
#883=VECTOR('',#3051,10.);
#884=VECTOR('',#3054,10.);
#885=VECTOR('',#3055,10.);
#886=VECTOR('',#3056,10.);
#887=VECTOR('',#3059,10.);
#888=VECTOR('',#3060,10.);
#889=VECTOR('',#3063,10.);
#890=VECTOR('',#3066,10.);
#891=VECTOR('',#3069,10.);
#892=VECTOR('',#3070,10.);
#893=VECTOR('',#3071,10.);
#894=VECTOR('',#3074,10.);
#895=VECTOR('',#3075,10.);
#896=VECTOR('',#3078,10.);
#897=VECTOR('',#3083,1.);
#898=VECTOR('',#3084,1.);
#899=VECTOR('',#3085,1.);
#900=VECTOR('',#3088,1.);
#901=VECTOR('',#3089,1.);
#902=VECTOR('',#3092,10.);
#903=VECTOR('',#3093,10.);
#904=VECTOR('',#3094,10.);
#905=VECTOR('',#3095,10.);
#906=VECTOR('',#3096,10.);
#907=VECTOR('',#3103,10.);
#908=VECTOR('',#3104,10.);
#909=VECTOR('',#3107,10.);
#910=VECTOR('',#3108,10.);
#911=VECTOR('',#3111,1.);
#912=VECTOR('',#3112,1.);
#913=VECTOR('',#3113,1.);
#914=VECTOR('',#3118,1.);
#915=VECTOR('',#3123,1.);
#916=VECTOR('',#3130,1.);
#917=VECTOR('',#3131,1.);
#918=VECTOR('',#3134,10.);
#919=VECTOR('',#3139,10.);
#920=VECTOR('',#3140,10.);
#921=VECTOR('',#3143,1.);
#922=VECTOR('',#3144,1.);
#923=VECTOR('',#3145,1.);
#924=VECTOR('',#3150,1.);
#925=VECTOR('',#3151,2.5);
#926=VECTOR('',#3152,1.);
#927=VECTOR('',#3155,1.);
#928=VECTOR('',#3160,10.);
#929=VECTOR('',#3161,10.);
#930=VECTOR('',#3162,10.);
#931=VECTOR('',#3163,10.);
#932=VECTOR('',#3166,10.);
#933=VECTOR('',#3169,10.);
#934=VECTOR('',#3172,10.);
#935=VECTOR('',#3177,10.);
#936=VECTOR('',#3178,10.);
#937=VECTOR('',#3179,10.);
#938=VECTOR('',#3182,10.);
#939=VECTOR('',#3183,10.);
#940=VECTOR('',#3184,10.);
#941=VECTOR('',#3187,10.);
#942=VECTOR('',#3190,1.);
#943=VECTOR('',#3195,10.);
#944=VECTOR('',#3196,10.);
#945=VECTOR('',#3197,10.);
#946=VECTOR('',#3200,10.);
#947=VECTOR('',#3205,10.);
#948=VECTOR('',#3208,1.);
#949=VECTOR('',#3213,10.);
#950=VECTOR('',#3222,10.);
#951=VECTOR('',#3223,10.);
#952=VECTOR('',#3226,10.);
#953=VECTOR('',#3231,10.);
#954=VECTOR('',#3232,10.);
#955=VECTOR('',#3235,10.);
#956=VECTOR('',#3240,10.);
#957=VECTOR('',#3243,10.);
#958=VECTOR('',#3248,10.);
#959=VECTOR('',#3249,10.);
#960=VECTOR('',#3250,10.);
#961=VECTOR('',#3251,10.);
#962=VECTOR('',#3252,10.);
#963=VECTOR('',#3257,10.);
#964=VECTOR('',#3264,10.);
#965=VECTOR('',#3267,10.);
#966=VECTOR('',#3274,1.);
#967=VECTOR('',#3277,1.);
#968=VECTOR('',#3278,2.5);
#969=VECTOR('',#3281,1.);
#970=VECTOR('',#3284,10.);
#971=VECTOR('',#3285,10.);
#972=VECTOR('',#3286,10.);
#973=VECTOR('',#3289,10.);
#974=VECTOR('',#3292,10.);
#975=VECTOR('',#3297,10.);
#976=VECTOR('',#3304,1.);
#977=VECTOR('',#3311,10.);
#978=VECTOR('',#3312,10.);
#979=VECTOR('',#3313,10.);
#980=VECTOR('',#3314,10.);
#981=VECTOR('',#3317,10.);
#982=VECTOR('',#3318,10.);
#983=VECTOR('',#3319,10.);
#984=VECTOR('',#3320,10.);
#985=VECTOR('',#3323,10.);
#986=VECTOR('',#3324,10.);
#987=VECTOR('',#3327,10.);
#988=VECTOR('',#3328,10.);
#989=VECTOR('',#3331,10.);
#990=VECTOR('',#3334,10.);
#991=VECTOR('',#3339,10.);
#992=VECTOR('',#3340,10.);
#993=VECTOR('',#3341,10.);
#994=VECTOR('',#3342,10.);
#995=VECTOR('',#3345,10.);
#996=VECTOR('',#3346,10.);
#997=VECTOR('',#3347,10.);
#998=VECTOR('',#3348,10.);
#999=VECTOR('',#3351,10.);
#1000=VECTOR('',#3352,10.);
#1001=VECTOR('',#3355,10.);
#1002=VECTOR('',#3356,10.);
#1003=VECTOR('',#3359,10.);
#1004=VECTOR('',#3362,10.);
#1005=VECTOR('',#3367,10.);
#1006=VECTOR('',#3368,10.);
#1007=VECTOR('',#3369,10.);
#1008=VECTOR('',#3370,10.);
#1009=VECTOR('',#3373,10.);
#1010=VECTOR('',#3374,10.);
#1011=VECTOR('',#3375,10.);
#1012=VECTOR('',#3378,10.);
#1013=VECTOR('',#3379,10.);
#1014=VECTOR('',#3380,10.);
#1015=VECTOR('',#3383,10.);
#1016=VECTOR('',#3386,10.);
#1017=VECTOR('',#3393,10.);
#1018=VECTOR('',#3394,10.);
#1019=VECTOR('',#3395,10.);
#1020=VECTOR('',#3396,10.);
#1021=VECTOR('',#3399,10.);
#1022=VECTOR('',#3400,10.);
#1023=VECTOR('',#3401,10.);
#1024=VECTOR('',#3404,10.);
#1025=VECTOR('',#3405,10.);
#1026=VECTOR('',#3406,10.);
#1027=VECTOR('',#3409,10.);
#1028=VECTOR('',#3412,10.);
#1029=VECTOR('',#3419,10.);
#1030=VECTOR('',#3420,10.);
#1031=VECTOR('',#3421,10.);
#1032=VECTOR('',#3422,10.);
#1033=VECTOR('',#3425,10.);
#1034=VECTOR('',#3426,10.);
#1035=VECTOR('',#3427,10.);
#1036=VECTOR('',#3430,10.);
#1037=VECTOR('',#3431,10.);
#1038=VECTOR('',#3432,10.);
#1039=VECTOR('',#3435,10.);
#1040=VECTOR('',#3438,10.);
#1041=VECTOR('',#3445,10.);
#1042=VECTOR('',#3446,10.);
#1043=VECTOR('',#3447,10.);
#1044=VECTOR('',#3448,10.);
#1045=VECTOR('',#3451,10.);
#1046=VECTOR('',#3452,10.);
#1047=VECTOR('',#3453,10.);
#1048=VECTOR('',#3456,10.);
#1049=VECTOR('',#3457,10.);
#1050=VECTOR('',#3458,10.);
#1051=VECTOR('',#3461,10.);
#1052=VECTOR('',#3464,10.);
#1053=CIRCLE('',#2625,0.302929204929915);
#1054=CIRCLE('',#2626,0.302929204930421);
#1055=CIRCLE('',#2627,0.30292920493203);
#1056=CIRCLE('',#2628,0.30292920493203);
#1057=CIRCLE('',#2632,0.30292920493203);
#1058=CIRCLE('',#2635,0.302929204931308);
#1059=CIRCLE('',#2639,0.302929204930917);
#1060=CIRCLE('',#2643,0.302929204930829);
#1061=CIRCLE('',#2644,2.5);
#1062=CIRCLE('',#2649,0.302929204930418);
#1063=CIRCLE('',#2652,2.5);
#1064=CIRCLE('',#2653,0.302929204930837);
#1065=CIRCLE('',#2657,0.30292920493203);
#1066=CIRCLE('',#2660,0.302929204932039);
#1067=CIRCLE('',#2663,0.30292920493077);
#1068=CIRCLE('',#2666,0.30292920493203);
#1069=CIRCLE('',#2667,0.302929204929916);
#1070=CIRCLE('',#2668,0.302929204930421);
#1071=CIRCLE('',#2672,0.302929204930843);
#1072=CIRCLE('',#2673,0.302929204931308);
#1073=CIRCLE('',#2682,0.30292920493121);
#1074=CIRCLE('',#2686,0.302929204932025);
#1075=CIRCLE('',#2690,2.5);
#1076=CIRCLE('',#2691,2.5);
#1077=CIRCLE('',#2696,2.5);
#1078=CIRCLE('',#2697,2.5);
#1079=CIRCLE('',#2700,2.5);
#1080=CIRCLE('',#2701,2.5);
#1081=CIRCLE('',#2703,0.302929204930418);
#1082=CIRCLE('',#2707,2.5);
#1083=CIRCLE('',#2708,2.5);
#1084=CIRCLE('',#2709,2.5);
#1085=CIRCLE('',#2712,0.302929204930982);
#1086=CIRCLE('',#2713,0.302929204931308);
#1087=CIRCLE('',#2714,0.302929204930914);
#1088=CIRCLE('',#2719,2.5);
#1089=CIRCLE('',#2721,2.5);
#1090=CIRCLE('',#2722,0.302929204930917);
#1091=CIRCLE('',#2724,0.302929204930421);
#1092=CIRCLE('',#2726,0.302929204932025);
#1093=CIRCLE('',#2728,2.5);
#1094=CIRCLE('',#2729,2.5);
#1095=CIRCLE('',#2732,0.302929204930922);
#1096=CIRCLE('',#2735,0.30292920493121);
#1097=CIRCLE('',#2744,0.302929204930922);
#1098=CIRCLE('',#2745,0.302929204931235);
#1099=CIRCLE('',#2746,0.302929204931175);
#1100=CIRCLE('',#2749,2.5);
#1101=VERTEX_POINT('',#3484);
#1102=VERTEX_POINT('',#3485);
#1103=VERTEX_POINT('',#3487);
#1104=VERTEX_POINT('',#3489);
#1105=VERTEX_POINT('',#3491);
#1106=VERTEX_POINT('',#3493);
#1107=VERTEX_POINT('',#3495);
#1108=VERTEX_POINT('',#3497);
#1109=VERTEX_POINT('',#3501);
#1110=VERTEX_POINT('',#3503);
#1111=VERTEX_POINT('',#3505);
#1112=VERTEX_POINT('',#3507);
#1113=VERTEX_POINT('',#3509);
#1114=VERTEX_POINT('',#3511);
#1115=VERTEX_POINT('',#3515);
#1116=VERTEX_POINT('',#3516);
#1117=VERTEX_POINT('',#3518);
#1118=VERTEX_POINT('',#3520);
#1119=VERTEX_POINT('',#3524);
#1120=VERTEX_POINT('',#3525);
#1121=VERTEX_POINT('',#3527);
#1122=VERTEX_POINT('',#3529);
#1123=VERTEX_POINT('',#3533);
#1124=VERTEX_POINT('',#3534);
#1125=VERTEX_POINT('',#3536);
#1126=VERTEX_POINT('',#3538);
#1127=VERTEX_POINT('',#3540);
#1128=VERTEX_POINT('',#3542);
#1129=VERTEX_POINT('',#3544);
#1130=VERTEX_POINT('',#3546);
#1131=VERTEX_POINT('',#3548);
#1132=VERTEX_POINT('',#3550);
#1133=VERTEX_POINT('',#3552);
#1134=VERTEX_POINT('',#3554);
#1135=VERTEX_POINT('',#3556);
#1136=VERTEX_POINT('',#3558);
#1137=VERTEX_POINT('',#3562);
#1138=VERTEX_POINT('',#3564);
#1139=VERTEX_POINT('',#3568);
#1140=VERTEX_POINT('',#3570);
#1141=VERTEX_POINT('',#3574);
#1142=VERTEX_POINT('',#3576);
#1143=VERTEX_POINT('',#3580);
#1144=VERTEX_POINT('',#3582);
#1145=VERTEX_POINT('',#3586);
#1146=VERTEX_POINT('',#3588);
#1147=VERTEX_POINT('',#3592);
#1148=VERTEX_POINT('',#3593);
#1149=VERTEX_POINT('',#3595);
#1150=VERTEX_POINT('',#3597);
#1151=VERTEX_POINT('',#3601);
#1152=VERTEX_POINT('',#3602);
#1153=VERTEX_POINT('',#3604);
#1154=VERTEX_POINT('',#3606);
#1155=VERTEX_POINT('',#3608);
#1156=VERTEX_POINT('',#3610);
#1157=VERTEX_POINT('',#3612);
#1158=VERTEX_POINT('',#3614);
#1159=VERTEX_POINT('',#3616);
#1160=VERTEX_POINT('',#3620);
#1161=VERTEX_POINT('',#3621);
#1162=VERTEX_POINT('',#3623);
#1163=VERTEX_POINT('',#3625);
#1164=VERTEX_POINT('',#3629);
#1165=VERTEX_POINT('',#3631);
#1166=VERTEX_POINT('',#3635);
#1167=VERTEX_POINT('',#3637);
#1168=VERTEX_POINT('',#3641);
#1169=VERTEX_POINT('',#3645);
#1170=VERTEX_POINT('',#3649);
#1171=VERTEX_POINT('',#3650);
#1172=VERTEX_POINT('',#3652);
#1173=VERTEX_POINT('',#3655);
#1174=VERTEX_POINT('',#3658);
#1175=VERTEX_POINT('',#3662);
#1176=VERTEX_POINT('',#3664);
#1177=VERTEX_POINT('',#3668);
#1178=VERTEX_POINT('',#3670);
#1179=VERTEX_POINT('',#3674);
#1180=VERTEX_POINT('',#3676);
#1181=VERTEX_POINT('',#3678);
#1182=VERTEX_POINT('',#3682);
#1183=VERTEX_POINT('',#3684);
#1184=VERTEX_POINT('',#3691);
#1185=VERTEX_POINT('',#3693);
#1186=VERTEX_POINT('',#3697);
#1187=VERTEX_POINT('',#3701);
#1188=VERTEX_POINT('',#3703);
#1189=VERTEX_POINT('',#3705);
#1190=VERTEX_POINT('',#3707);
#1191=VERTEX_POINT('',#3711);
#1192=VERTEX_POINT('',#3713);
#1193=VERTEX_POINT('',#3715);
#1194=VERTEX_POINT('',#3717);
#1195=VERTEX_POINT('',#3721);
#1196=VERTEX_POINT('',#3722);
#1197=VERTEX_POINT('',#3724);
#1198=VERTEX_POINT('',#3726);
#1199=VERTEX_POINT('',#3728);
#1200=VERTEX_POINT('',#3730);
#1201=VERTEX_POINT('',#3735);
#1202=VERTEX_POINT('',#3736);
#1203=VERTEX_POINT('',#3738);
#1204=VERTEX_POINT('',#3740);
#1205=VERTEX_POINT('',#3743);
#1206=VERTEX_POINT('',#3745);
#1207=VERTEX_POINT('',#3747);
#1208=VERTEX_POINT('',#3749);
#1209=VERTEX_POINT('',#3751);
#1210=VERTEX_POINT('',#3753);
#1211=VERTEX_POINT('',#3755);
#1212=VERTEX_POINT('',#3757);
#1213=VERTEX_POINT('',#3761);
#1214=VERTEX_POINT('',#3763);
#1215=VERTEX_POINT('',#3767);
#1216=VERTEX_POINT('',#3771);
#1217=VERTEX_POINT('',#3775);
#1218=VERTEX_POINT('',#3779);
#1219=VERTEX_POINT('',#3783);
#1220=VERTEX_POINT('',#3787);
#1221=VERTEX_POINT('',#3789);
#1222=VERTEX_POINT('',#3793);
#1223=VERTEX_POINT('',#3797);
#1224=VERTEX_POINT('',#3799);
#1225=VERTEX_POINT('',#3803);
#1226=VERTEX_POINT('',#3805);
#1227=VERTEX_POINT('',#3809);
#1228=VERTEX_POINT('',#3813);
#1229=VERTEX_POINT('',#3817);
#1230=VERTEX_POINT('',#3819);
#1231=VERTEX_POINT('',#3826);
#1232=VERTEX_POINT('',#3828);
#1233=VERTEX_POINT('',#3830);
#1234=VERTEX_POINT('',#3832);
#1235=VERTEX_POINT('',#3835);
#1236=VERTEX_POINT('',#3837);
#1237=VERTEX_POINT('',#3840);
#1238=VERTEX_POINT('',#3844);
#1239=VERTEX_POINT('',#3848);
#1240=VERTEX_POINT('',#3850);
#1241=VERTEX_POINT('',#3854);
#1242=VERTEX_POINT('',#3856);
#1243=VERTEX_POINT('',#3862);
#1244=VERTEX_POINT('',#3864);
#1245=VERTEX_POINT('',#3869);
#1246=VERTEX_POINT('',#3873);
#1247=VERTEX_POINT('',#3877);
#1248=VERTEX_POINT('',#3879);
#1249=VERTEX_POINT('',#3883);
#1250=VERTEX_POINT('',#3887);
#1251=VERTEX_POINT('',#3889);
#1252=VERTEX_POINT('',#3891);
#1253=VERTEX_POINT('',#3895);
#1254=VERTEX_POINT('',#3897);
#1255=VERTEX_POINT('',#3902);
#1256=VERTEX_POINT('',#3904);
#1257=VERTEX_POINT('',#3906);
#1258=VERTEX_POINT('',#3908);
#1259=VERTEX_POINT('',#3910);
#1260=VERTEX_POINT('',#3919);
#1261=VERTEX_POINT('',#3925);
#1262=VERTEX_POINT('',#3929);
#1263=VERTEX_POINT('',#3934);
#1264=VERTEX_POINT('',#3938);
#1265=VERTEX_POINT('',#3943);
#1266=VERTEX_POINT('',#3947);
#1267=VERTEX_POINT('',#3951);
#1268=VERTEX_POINT('',#3955);
#1269=VERTEX_POINT('',#3959);
#1270=VERTEX_POINT('',#3963);
#1271=VERTEX_POINT('',#3973);
#1272=VERTEX_POINT('',#3974);
#1273=VERTEX_POINT('',#3976);
#1274=VERTEX_POINT('',#3978);
#1275=VERTEX_POINT('',#3986);
#1276=VERTEX_POINT('',#3988);
#1277=VERTEX_POINT('',#3990);
#1278=VERTEX_POINT('',#3992);
#1279=VERTEX_POINT('',#3997);
#1280=VERTEX_POINT('',#3999);
#1281=VERTEX_POINT('',#4023);
#1282=VERTEX_POINT('',#4024);
#1283=VERTEX_POINT('',#4026);
#1284=VERTEX_POINT('',#4028);
#1285=VERTEX_POINT('',#4032);
#1286=VERTEX_POINT('',#4033);
#1287=VERTEX_POINT('',#4035);
#1288=VERTEX_POINT('',#4037);
#1289=VERTEX_POINT('',#4041);
#1290=VERTEX_POINT('',#4053);
#1291=VERTEX_POINT('',#4066);
#1292=VERTEX_POINT('',#4078);
#1293=VERTEX_POINT('',#4108);
#1294=VERTEX_POINT('',#4109);
#1295=VERTEX_POINT('',#4111);
#1296=VERTEX_POINT('',#4113);
#1297=VERTEX_POINT('',#4117);
#1298=VERTEX_POINT('',#4118);
#1299=VERTEX_POINT('',#4120);
#1300=VERTEX_POINT('',#4122);
#1301=VERTEX_POINT('',#4126);
#1302=VERTEX_POINT('',#4138);
#1303=VERTEX_POINT('',#4151);
#1304=VERTEX_POINT('',#4163);
#1305=VERTEX_POINT('',#4193);
#1306=VERTEX_POINT('',#4194);
#1307=VERTEX_POINT('',#4196);
#1308=VERTEX_POINT('',#4198);
#1309=VERTEX_POINT('',#4202);
#1310=VERTEX_POINT('',#4204);
#1311=VERTEX_POINT('',#4208);
#1312=VERTEX_POINT('',#4210);
#1313=VERTEX_POINT('',#4220);
#1314=VERTEX_POINT('',#4221);
#1315=VERTEX_POINT('',#4223);
#1316=VERTEX_POINT('',#4225);
#1317=VERTEX_POINT('',#4229);
#1318=VERTEX_POINT('',#4231);
#1319=VERTEX_POINT('',#4235);
#1320=VERTEX_POINT('',#4237);
#1321=VERTEX_POINT('',#4247);
#1322=VERTEX_POINT('',#4248);
#1323=VERTEX_POINT('',#4250);
#1324=VERTEX_POINT('',#4252);
#1325=VERTEX_POINT('',#4256);
#1326=VERTEX_POINT('',#4258);
#1327=VERTEX_POINT('',#4262);
#1328=VERTEX_POINT('',#4264);
#1329=VERTEX_POINT('',#4274);
#1330=VERTEX_POINT('',#4275);
#1331=VERTEX_POINT('',#4277);
#1332=VERTEX_POINT('',#4279);
#1333=VERTEX_POINT('',#4283);
#1334=VERTEX_POINT('',#4285);
#1335=VERTEX_POINT('',#4289);
#1336=VERTEX_POINT('',#4291);
#1337=EDGE_CURVE('',#1101,#1102,#1053,.T.);
#1338=EDGE_CURVE('',#1103,#1102,#457,.T.);
#1339=EDGE_CURVE('',#1104,#1103,#1054,.T.);
#1340=EDGE_CURVE('',#1105,#1104,#458,.T.);
#1341=EDGE_CURVE('',#1105,#1106,#1055,.T.);
#1342=EDGE_CURVE('',#1106,#1107,#459,.T.);
#1343=EDGE_CURVE('',#1107,#1108,#1056,.T.);
#1344=EDGE_CURVE('',#1101,#1108,#460,.T.);
#1345=EDGE_CURVE('',#1102,#1109,#461,.T.);
#1346=EDGE_CURVE('',#1109,#1110,#462,.T.);
#1347=EDGE_CURVE('',#1110,#1111,#463,.T.);
#1348=EDGE_CURVE('',#1111,#1112,#464,.T.);
#1349=EDGE_CURVE('',#1112,#1113,#465,.T.);
#1350=EDGE_CURVE('',#1113,#1114,#466,.T.);
#1351=EDGE_CURVE('',#1114,#1103,#467,.T.);
#1352=EDGE_CURVE('',#1115,#1116,#468,.T.);
#1353=EDGE_CURVE('',#1117,#1116,#469,.T.);
#1354=EDGE_CURVE('',#1118,#1117,#470,.T.);
#1355=EDGE_CURVE('',#1118,#1115,#471,.T.);
#1356=EDGE_CURVE('',#1119,#1120,#472,.T.);
#1357=EDGE_CURVE('',#1121,#1120,#473,.T.);
#1358=EDGE_CURVE('',#1122,#1121,#1057,.T.);
#1359=EDGE_CURVE('',#1122,#1119,#474,.T.);
#1360=EDGE_CURVE('',#1123,#1124,#475,.T.);
#1361=EDGE_CURVE('',#1124,#1125,#476,.T.);
#1362=EDGE_CURVE('',#1125,#1126,#477,.T.);
#1363=EDGE_CURVE('',#1126,#1127,#478,.T.);
#1364=EDGE_CURVE('',#1127,#1128,#479,.T.);
#1365=EDGE_CURVE('',#1128,#1129,#480,.T.);
#1366=EDGE_CURVE('',#1129,#1130,#481,.T.);
#1367=EDGE_CURVE('',#1130,#1131,#482,.T.);
#1368=EDGE_CURVE('',#1131,#1132,#483,.T.);
#1369=EDGE_CURVE('',#1132,#1133,#484,.T.);
#1370=EDGE_CURVE('',#1134,#1133,#485,.T.);
#1371=EDGE_CURVE('',#1134,#1135,#486,.T.);
#1372=EDGE_CURVE('',#1135,#1136,#487,.T.);
#1373=EDGE_CURVE('',#1136,#1123,#488,.T.);
#1374=EDGE_CURVE('',#1116,#1137,#489,.T.);
#1375=EDGE_CURVE('',#1138,#1137,#490,.T.);
#1376=EDGE_CURVE('',#1117,#1138,#1058,.T.);
#1377=EDGE_CURVE('',#1120,#1139,#491,.T.);
#1378=EDGE_CURVE('',#1139,#1140,#492,.T.);
#1379=EDGE_CURVE('',#1140,#1121,#493,.T.);
#1380=EDGE_CURVE('',#1137,#1141,#494,.T.);
#1381=EDGE_CURVE('',#1142,#1141,#495,.T.);
#1382=EDGE_CURVE('',#1142,#1138,#496,.T.);
#1383=EDGE_CURVE('',#1141,#1143,#497,.T.);
#1384=EDGE_CURVE('',#1144,#1143,#498,.T.);
#1385=EDGE_CURVE('',#1144,#1142,#1059,.T.);
#1386=EDGE_CURVE('',#1143,#1145,#499,.T.);
#1387=EDGE_CURVE('',#1145,#1146,#500,.T.);
#1388=EDGE_CURVE('',#1146,#1144,#501,.T.);
#1389=EDGE_CURVE('',#1147,#1148,#502,.T.);
#1390=EDGE_CURVE('',#1149,#1148,#503,.T.);
#1391=EDGE_CURVE('',#1149,#1150,#504,.T.);
#1392=EDGE_CURVE('',#1150,#1147,#505,.T.);
#1393=EDGE_CURVE('',#1151,#1152,#506,.T.);
#1394=EDGE_CURVE('',#1152,#1153,#1060,.T.);
#1395=EDGE_CURVE('',#1153,#1154,#507,.T.);
#1396=EDGE_CURVE('',#1154,#1155,#508,.T.);
#1397=EDGE_CURVE('',#1155,#1156,#509,.T.);
#1398=EDGE_CURVE('',#1156,#1157,#510,.T.);
#1399=EDGE_CURVE('',#1158,#1157,#511,.T.);
#1400=EDGE_CURVE('',#1158,#1159,#1061,.T.);
#1401=EDGE_CURVE('',#1159,#1151,#512,.T.);
#1402=EDGE_CURVE('',#1160,#1161,#513,.T.);
#1403=EDGE_CURVE('',#1161,#1162,#514,.T.);
#1404=EDGE_CURVE('',#1162,#1163,#515,.T.);
#1405=EDGE_CURVE('',#1163,#1160,#516,.T.);
#1406=EDGE_CURVE('',#1164,#1155,#517,.T.);
#1407=EDGE_CURVE('',#1154,#1165,#518,.T.);
#1408=EDGE_CURVE('',#1165,#1164,#519,.T.);
#1409=EDGE_CURVE('',#1166,#1151,#520,.T.);
#1410=EDGE_CURVE('',#1159,#1167,#521,.T.);
#1411=EDGE_CURVE('',#1167,#1166,#522,.T.);
#1412=EDGE_CURVE('',#1114,#1168,#1062,.T.);
#1413=EDGE_CURVE('',#1104,#1168,#523,.T.);
#1414=EDGE_CURVE('',#1105,#1169,#524,.T.);
#1415=EDGE_CURVE('',#1168,#1169,#525,.T.);
#1416=EDGE_CURVE('',#1170,#1171,#526,.T.);
#1417=EDGE_CURVE('',#1172,#1171,#527,.T.);
#1418=EDGE_CURVE('',#1172,#1149,#1063,.T.);
#1419=EDGE_CURVE('',#1148,#1173,#528,.T.);
#1420=EDGE_CURVE('',#1173,#1162,#529,.T.);
#1421=EDGE_CURVE('',#1161,#1174,#530,.T.);
#1422=EDGE_CURVE('',#1174,#1170,#1064,.T.);
#1423=EDGE_CURVE('',#1171,#1175,#531,.T.);
#1424=EDGE_CURVE('',#1175,#1176,#532,.T.);
#1425=EDGE_CURVE('',#1176,#1172,#533,.T.);
#1426=EDGE_CURVE('',#1106,#1177,#534,.T.);
#1427=EDGE_CURVE('',#1177,#1178,#535,.T.);
#1428=EDGE_CURVE('',#1107,#1178,#536,.T.);
#1429=EDGE_CURVE('',#1178,#1179,#537,.T.);
#1430=EDGE_CURVE('',#1180,#1179,#538,.T.);
#1431=EDGE_CURVE('',#1181,#1180,#1065,.T.);
#1432=EDGE_CURVE('',#1181,#1108,#539,.T.);
#1433=EDGE_CURVE('',#1179,#1182,#540,.T.);
#1434=EDGE_CURVE('',#1183,#1182,#541,.T.);
#1435=EDGE_CURVE('',#1180,#1183,#542,.T.);
#1436=EDGE_CURVE('',#1183,#1169,#1066,.T.);
#1437=EDGE_CURVE('',#1182,#1177,#543,.T.);
#1438=EDGE_CURVE('',#1184,#1119,#544,.T.);
#1439=EDGE_CURVE('',#1185,#1122,#545,.T.);
#1440=EDGE_CURVE('',#1185,#1184,#546,.T.);
#1441=EDGE_CURVE('',#1113,#1186,#1067,.T.);
#1442=EDGE_CURVE('',#1181,#1186,#547,.T.);
#1443=EDGE_CURVE('',#1187,#1101,#548,.T.);
#1444=EDGE_CURVE('',#1186,#1188,#549,.T.);
#1445=EDGE_CURVE('',#1188,#1189,#550,.T.);
#1446=EDGE_CURVE('',#1189,#1190,#551,.T.);
#1447=EDGE_CURVE('',#1190,#1187,#552,.T.);
#1448=EDGE_CURVE('',#1191,#1185,#1068,.T.);
#1449=EDGE_CURVE('',#1140,#1192,#1069,.T.);
#1450=EDGE_CURVE('',#1193,#1192,#553,.T.);
#1451=EDGE_CURVE('',#1194,#1193,#1070,.T.);
#1452=EDGE_CURVE('',#1191,#1194,#554,.T.);
#1453=EDGE_CURVE('',#1195,#1196,#555,.T.);
#1454=EDGE_CURVE('',#1196,#1197,#556,.T.);
#1455=EDGE_CURVE('',#1197,#1198,#557,.T.);
#1456=EDGE_CURVE('',#1198,#1199,#558,.T.);
#1457=EDGE_CURVE('',#1200,#1199,#559,.T.);
#1458=EDGE_CURVE('',#1200,#1134,#560,.T.);
#1459=EDGE_CURVE('',#1133,#1195,#561,.T.);
#1460=EDGE_CURVE('',#1201,#1202,#562,.T.);
#1461=EDGE_CURVE('',#1202,#1203,#563,.T.);
#1462=EDGE_CURVE('',#1203,#1204,#564,.T.);
#1463=EDGE_CURVE('',#1204,#1200,#565,.T.);
#1464=EDGE_CURVE('',#1199,#1205,#566,.T.);
#1465=EDGE_CURVE('',#1205,#1206,#567,.T.);
#1466=EDGE_CURVE('',#1206,#1207,#568,.T.);
#1467=EDGE_CURVE('',#1207,#1208,#569,.T.);
#1468=EDGE_CURVE('',#1208,#1209,#570,.T.);
#1469=EDGE_CURVE('',#1209,#1210,#571,.T.);
#1470=EDGE_CURVE('',#1210,#1211,#572,.T.);
#1471=EDGE_CURVE('',#1211,#1212,#573,.T.);
#1472=EDGE_CURVE('',#1212,#1201,#574,.T.);
#1473=EDGE_CURVE('',#1146,#1213,#1071,.T.);
#1474=EDGE_CURVE('',#1214,#1213,#575,.T.);
#1475=EDGE_CURVE('',#1214,#1118,#1072,.T.);
#1476=EDGE_CURVE('',#1215,#1115,#576,.T.);
#1477=EDGE_CURVE('',#1215,#1214,#577,.T.);
#1478=EDGE_CURVE('',#1216,#1184,#578,.T.);
#1479=EDGE_CURVE('',#1216,#1191,#579,.T.);
#1480=EDGE_CURVE('',#1217,#1216,#580,.T.);
#1481=EDGE_CURVE('',#1217,#1194,#581,.T.);
#1482=EDGE_CURVE('',#1218,#1217,#582,.T.);
#1483=EDGE_CURVE('',#1218,#1193,#583,.T.);
#1484=EDGE_CURVE('',#1219,#1218,#584,.T.);
#1485=EDGE_CURVE('',#1192,#1219,#585,.T.);
#1486=EDGE_CURVE('',#1157,#1220,#586,.T.);
#1487=EDGE_CURVE('',#1220,#1221,#587,.T.);
#1488=EDGE_CURVE('',#1221,#1158,#588,.T.);
#1489=EDGE_CURVE('',#1222,#1215,#589,.T.);
#1490=EDGE_CURVE('',#1213,#1222,#590,.T.);
#1491=EDGE_CURVE('',#1223,#1124,#591,.T.);
#1492=EDGE_CURVE('',#1224,#1223,#1073,.T.);
#1493=EDGE_CURVE('',#1224,#1125,#592,.T.);
#1494=EDGE_CURVE('',#1225,#1211,#593,.T.);
#1495=EDGE_CURVE('',#1226,#1225,#594,.T.);
#1496=EDGE_CURVE('',#1226,#1212,#595,.T.);
#1497=EDGE_CURVE('',#1123,#1227,#596,.T.);
#1498=EDGE_CURVE('',#1227,#1223,#597,.T.);
#1499=EDGE_CURVE('',#1228,#1210,#598,.T.);
#1500=EDGE_CURVE('',#1225,#1228,#1074,.T.);
#1501=EDGE_CURVE('',#1109,#1229,#599,.T.);
#1502=EDGE_CURVE('',#1230,#1229,#600,.T.);
#1503=EDGE_CURVE('',#1110,#1230,#601,.T.);
#1504=EDGE_CURVE('',#1196,#1190,#602,.T.);
#1505=EDGE_CURVE('',#1195,#1187,#603,.T.);
#1506=EDGE_CURVE('',#1204,#1231,#604,.T.);
#1507=EDGE_CURVE('',#1231,#1232,#605,.T.);
#1508=EDGE_CURVE('',#1232,#1233,#606,.T.);
#1509=EDGE_CURVE('',#1233,#1234,#607,.T.);
#1510=EDGE_CURVE('',#1234,#1135,#608,.T.);
#1511=EDGE_CURVE('',#1235,#1235,#1075,.T.);
#1512=EDGE_CURVE('',#1236,#1236,#1076,.T.);
#1513=EDGE_CURVE('',#1203,#1237,#609,.T.);
#1514=EDGE_CURVE('',#1231,#1237,#610,.T.);
#1515=EDGE_CURVE('',#1238,#1209,#611,.T.);
#1516=EDGE_CURVE('',#1238,#1228,#612,.T.);
#1517=EDGE_CURVE('',#1111,#1239,#613,.T.);
#1518=EDGE_CURVE('',#1239,#1240,#614,.T.);
#1519=EDGE_CURVE('',#1112,#1240,#615,.T.);
#1520=EDGE_CURVE('',#1230,#1241,#1077,.T.);
#1521=EDGE_CURVE('',#1241,#1242,#616,.T.);
#1522=EDGE_CURVE('',#1242,#1239,#1078,.T.);
#1523=EDGE_CURVE('',#1197,#1189,#617,.T.);
#1524=EDGE_CURVE('',#1240,#1243,#1079,.T.);
#1525=EDGE_CURVE('',#1243,#1244,#1080,.T.);
#1526=EDGE_CURVE('',#1205,#1244,#618,.T.);
#1527=EDGE_CURVE('',#1198,#1188,#619,.T.);
#1528=EDGE_CURVE('',#1245,#1208,#620,.T.);
#1529=EDGE_CURVE('',#1245,#1238,#1081,.T.);
#1530=EDGE_CURVE('',#1246,#1207,#621,.T.);
#1531=EDGE_CURVE('',#1246,#1245,#622,.T.);
#1532=EDGE_CURVE('',#1131,#1247,#623,.T.);
#1533=EDGE_CURVE('',#1247,#1248,#624,.T.);
#1534=EDGE_CURVE('',#1132,#1248,#625,.T.);
#1535=EDGE_CURVE('',#1249,#1221,#1082,.T.);
#1536=EDGE_CURVE('',#1249,#1244,#626,.T.);
#1537=EDGE_CURVE('',#1243,#1235,#627,.T.);
#1538=EDGE_CURVE('',#1242,#1250,#628,.T.);
#1539=EDGE_CURVE('',#1251,#1250,#1083,.T.);
#1540=EDGE_CURVE('',#1252,#1251,#629,.T.);
#1541=EDGE_CURVE('',#1167,#1252,#1084,.T.);
#1542=EDGE_CURVE('',#1170,#1253,#630,.T.);
#1543=EDGE_CURVE('',#1253,#1254,#631,.T.);
#1544=EDGE_CURVE('',#1254,#1152,#632,.T.);
#1545=EDGE_CURVE('',#1175,#1166,#633,.T.);
#1546=EDGE_CURVE('',#1255,#1174,#634,.T.);
#1547=EDGE_CURVE('',#1255,#1256,#1085,.T.);
#1548=EDGE_CURVE('',#1256,#1257,#635,.T.);
#1549=EDGE_CURVE('',#1257,#1258,#1086,.T.);
#1550=EDGE_CURVE('',#1259,#1258,#636,.T.);
#1551=EDGE_CURVE('',#1253,#1259,#1087,.T.);
#1552=EDGE_CURVE('',#1219,#1220,#637,.T.);
#1553=EDGE_CURVE('',#1232,#1156,#638,.T.);
#1554=EDGE_CURVE('',#1237,#1139,#639,.T.);
#1555=EDGE_CURVE('',#1165,#1160,#640,.T.);
#1556=EDGE_CURVE('',#1153,#1260,#641,.T.);
#1557=EDGE_CURVE('',#1255,#1260,#642,.T.);
#1558=EDGE_CURVE('',#1164,#1163,#643,.T.);
#1559=EDGE_CURVE('',#1261,#1252,#644,.T.);
#1560=EDGE_CURVE('',#1261,#1176,#1088,.T.);
#1561=EDGE_CURVE('',#1262,#1136,#645,.T.);
#1562=EDGE_CURVE('',#1222,#1262,#646,.T.);
#1563=EDGE_CURVE('',#1147,#1145,#647,.T.);
#1564=EDGE_CURVE('',#1150,#1247,#1089,.T.);
#1565=EDGE_CURVE('',#1130,#1263,#648,.T.);
#1566=EDGE_CURVE('',#1263,#1227,#1090,.T.);
#1567=EDGE_CURVE('',#1264,#1202,#649,.T.);
#1568=EDGE_CURVE('',#1264,#1246,#1091,.T.);
#1569=EDGE_CURVE('',#1206,#1249,#650,.T.);
#1570=EDGE_CURVE('',#1265,#1226,#1092,.T.);
#1571=EDGE_CURVE('',#1201,#1265,#651,.T.);
#1572=EDGE_CURVE('',#1248,#1266,#1093,.T.);
#1573=EDGE_CURVE('',#1266,#1229,#1094,.T.);
#1574=EDGE_CURVE('',#1129,#1267,#652,.T.);
#1575=EDGE_CURVE('',#1267,#1263,#653,.T.);
#1576=EDGE_CURVE('',#1128,#1268,#654,.T.);
#1577=EDGE_CURVE('',#1268,#1267,#1095,.T.);
#1578=EDGE_CURVE('',#1127,#1269,#655,.T.);
#1579=EDGE_CURVE('',#1269,#1268,#656,.T.);
#1580=EDGE_CURVE('',#1270,#1126,#657,.T.);
#1581=EDGE_CURVE('',#1269,#1270,#1096,.T.);
#1582=EDGE_CURVE('',#1234,#1262,#658,.T.);
#1583=EDGE_CURVE('',#1270,#1224,#659,.T.);
#1584=EDGE_CURVE('',#1233,#1173,#660,.T.);
#1585=EDGE_CURVE('',#1271,#1272,#661,.T.);
#1586=EDGE_CURVE('',#1273,#1271,#662,.T.);
#1587=EDGE_CURVE('',#1274,#1273,#663,.T.);
#1588=EDGE_CURVE('',#1272,#1274,#664,.T.);
#1589=EDGE_CURVE('',#1265,#1264,#665,.T.);
#1590=EDGE_CURVE('',#1275,#1254,#1097,.T.);
#1591=EDGE_CURVE('',#1276,#1275,#666,.T.);
#1592=EDGE_CURVE('',#1276,#1277,#1098,.T.);
#1593=EDGE_CURVE('',#1277,#1278,#667,.T.);
#1594=EDGE_CURVE('',#1278,#1260,#1099,.T.);
#1595=EDGE_CURVE('',#1261,#1279,#668,.T.);
#1596=EDGE_CURVE('',#1280,#1279,#1100,.T.);
#1597=EDGE_CURVE('',#1241,#1280,#669,.T.);
#1598=EDGE_CURVE('',#1266,#1236,#670,.T.);
#1599=EDGE_CURVE('',#1251,#1279,#671,.T.);
#1600=EDGE_CURVE('',#1257,#1271,#672,.T.);
#1601=EDGE_CURVE('',#1277,#1272,#673,.T.);
#1602=EDGE_CURVE('',#1276,#1258,#674,.T.);
#1603=EDGE_CURVE('',#1256,#1273,#675,.T.);
#1604=EDGE_CURVE('',#1278,#1274,#676,.T.);
#1605=EDGE_CURVE('',#1275,#1259,#677,.T.);
#1606=EDGE_CURVE('',#1250,#1280,#678,.T.);
#1607=EDGE_CURVE('',#1281,#1282,#679,.T.);
#1608=EDGE_CURVE('',#1282,#1283,#680,.T.);
#1609=EDGE_CURVE('',#1283,#1284,#681,.T.);
#1610=EDGE_CURVE('',#1284,#1281,#682,.T.);
#1611=EDGE_CURVE('',#1285,#1286,#683,.T.);
#1612=EDGE_CURVE('',#1286,#1287,#684,.T.);
#1613=EDGE_CURVE('',#1287,#1288,#685,.T.);
#1614=EDGE_CURVE('',#1288,#1285,#686,.T.);
#1615=EDGE_CURVE('',#1283,#1289,#43,.T.);
#1616=EDGE_CURVE('',#1289,#1287,#687,.T.);
#1617=EDGE_CURVE('',#1286,#1290,#688,.T.);
#1618=EDGE_CURVE('',#1290,#1284,#44,.T.);
#1619=EDGE_CURVE('',#1288,#1291,#689,.T.);
#1620=EDGE_CURVE('',#1291,#1282,#45,.T.);
#1621=EDGE_CURVE('',#1281,#1292,#46,.T.);
#1622=EDGE_CURVE('',#1292,#1285,#690,.T.);
#1623=EDGE_CURVE('',#1292,#1290,#691,.T.);
#1624=EDGE_CURVE('',#1289,#1291,#692,.T.);
#1625=EDGE_CURVE('',#1293,#1294,#693,.T.);
#1626=EDGE_CURVE('',#1294,#1295,#694,.T.);
#1627=EDGE_CURVE('',#1295,#1296,#695,.T.);
#1628=EDGE_CURVE('',#1296,#1293,#696,.T.);
#1629=EDGE_CURVE('',#1297,#1298,#697,.T.);
#1630=EDGE_CURVE('',#1298,#1299,#698,.T.);
#1631=EDGE_CURVE('',#1299,#1300,#699,.T.);
#1632=EDGE_CURVE('',#1300,#1297,#700,.T.);
#1633=EDGE_CURVE('',#1295,#1301,#47,.T.);
#1634=EDGE_CURVE('',#1301,#1299,#701,.T.);
#1635=EDGE_CURVE('',#1298,#1302,#702,.T.);
#1636=EDGE_CURVE('',#1302,#1296,#48,.T.);
#1637=EDGE_CURVE('',#1300,#1303,#703,.T.);
#1638=EDGE_CURVE('',#1303,#1294,#49,.T.);
#1639=EDGE_CURVE('',#1293,#1304,#50,.T.);
#1640=EDGE_CURVE('',#1304,#1297,#704,.T.);
#1641=EDGE_CURVE('',#1304,#1302,#705,.T.);
#1642=EDGE_CURVE('',#1301,#1303,#706,.T.);
#1643=EDGE_CURVE('',#1305,#1306,#707,.T.);
#1644=EDGE_CURVE('',#1305,#1307,#708,.T.);
#1645=EDGE_CURVE('',#1307,#1308,#709,.T.);
#1646=EDGE_CURVE('',#1306,#1308,#710,.T.);
#1647=EDGE_CURVE('',#1309,#1308,#711,.T.);
#1648=EDGE_CURVE('',#1310,#1309,#712,.T.);
#1649=EDGE_CURVE('',#1310,#1306,#713,.T.);
#1650=EDGE_CURVE('',#1309,#1311,#714,.T.);
#1651=EDGE_CURVE('',#1311,#1312,#715,.T.);
#1652=EDGE_CURVE('',#1312,#1310,#716,.T.);
#1653=EDGE_CURVE('',#1312,#1305,#717,.T.);
#1654=EDGE_CURVE('',#1307,#1311,#718,.T.);
#1655=EDGE_CURVE('',#1313,#1314,#719,.T.);
#1656=EDGE_CURVE('',#1313,#1315,#720,.T.);
#1657=EDGE_CURVE('',#1315,#1316,#721,.T.);
#1658=EDGE_CURVE('',#1314,#1316,#722,.T.);
#1659=EDGE_CURVE('',#1317,#1316,#723,.T.);
#1660=EDGE_CURVE('',#1318,#1317,#724,.T.);
#1661=EDGE_CURVE('',#1318,#1314,#725,.T.);
#1662=EDGE_CURVE('',#1317,#1319,#726,.T.);
#1663=EDGE_CURVE('',#1319,#1320,#727,.T.);
#1664=EDGE_CURVE('',#1320,#1318,#728,.T.);
#1665=EDGE_CURVE('',#1320,#1313,#729,.T.);
#1666=EDGE_CURVE('',#1315,#1319,#730,.T.);
#1667=EDGE_CURVE('',#1321,#1322,#731,.T.);
#1668=EDGE_CURVE('',#1321,#1323,#732,.T.);
#1669=EDGE_CURVE('',#1323,#1324,#733,.T.);
#1670=EDGE_CURVE('',#1322,#1324,#734,.T.);
#1671=EDGE_CURVE('',#1325,#1324,#735,.T.);
#1672=EDGE_CURVE('',#1326,#1325,#736,.T.);
#1673=EDGE_CURVE('',#1326,#1322,#737,.T.);
#1674=EDGE_CURVE('',#1325,#1327,#738,.T.);
#1675=EDGE_CURVE('',#1327,#1328,#739,.T.);
#1676=EDGE_CURVE('',#1328,#1326,#740,.T.);
#1677=EDGE_CURVE('',#1328,#1321,#741,.T.);
#1678=EDGE_CURVE('',#1323,#1327,#742,.T.);
#1679=EDGE_CURVE('',#1329,#1330,#743,.T.);
#1680=EDGE_CURVE('',#1329,#1331,#744,.T.);
#1681=EDGE_CURVE('',#1331,#1332,#745,.T.);
#1682=EDGE_CURVE('',#1330,#1332,#746,.T.);
#1683=EDGE_CURVE('',#1333,#1332,#747,.T.);
#1684=EDGE_CURVE('',#1334,#1333,#748,.T.);
#1685=EDGE_CURVE('',#1334,#1330,#749,.T.);
#1686=EDGE_CURVE('',#1333,#1335,#750,.T.);
#1687=EDGE_CURVE('',#1335,#1336,#751,.T.);
#1688=EDGE_CURVE('',#1336,#1334,#752,.T.);
#1689=EDGE_CURVE('',#1336,#1329,#753,.T.);
#1690=EDGE_CURVE('',#1331,#1335,#754,.T.);
#1691=ORIENTED_EDGE('',*,*,#1337,.T.);
#1692=ORIENTED_EDGE('',*,*,#1338,.F.);
#1693=ORIENTED_EDGE('',*,*,#1339,.F.);
#1694=ORIENTED_EDGE('',*,*,#1340,.F.);
#1695=ORIENTED_EDGE('',*,*,#1341,.T.);
#1696=ORIENTED_EDGE('',*,*,#1342,.T.);
#1697=ORIENTED_EDGE('',*,*,#1343,.T.);
#1698=ORIENTED_EDGE('',*,*,#1344,.F.);
#1699=ORIENTED_EDGE('',*,*,#1345,.T.);
#1700=ORIENTED_EDGE('',*,*,#1346,.T.);
#1701=ORIENTED_EDGE('',*,*,#1347,.T.);
#1702=ORIENTED_EDGE('',*,*,#1348,.T.);
#1703=ORIENTED_EDGE('',*,*,#1349,.T.);
#1704=ORIENTED_EDGE('',*,*,#1350,.T.);
#1705=ORIENTED_EDGE('',*,*,#1351,.T.);
#1706=ORIENTED_EDGE('',*,*,#1338,.T.);
#1707=ORIENTED_EDGE('',*,*,#1352,.T.);
#1708=ORIENTED_EDGE('',*,*,#1353,.F.);
#1709=ORIENTED_EDGE('',*,*,#1354,.F.);
#1710=ORIENTED_EDGE('',*,*,#1355,.T.);
#1711=ORIENTED_EDGE('',*,*,#1356,.T.);
#1712=ORIENTED_EDGE('',*,*,#1357,.F.);
#1713=ORIENTED_EDGE('',*,*,#1358,.F.);
#1714=ORIENTED_EDGE('',*,*,#1359,.T.);
#1715=ORIENTED_EDGE('',*,*,#1360,.T.);
#1716=ORIENTED_EDGE('',*,*,#1361,.T.);
#1717=ORIENTED_EDGE('',*,*,#1362,.T.);
#1718=ORIENTED_EDGE('',*,*,#1363,.T.);
#1719=ORIENTED_EDGE('',*,*,#1364,.T.);
#1720=ORIENTED_EDGE('',*,*,#1365,.T.);
#1721=ORIENTED_EDGE('',*,*,#1366,.T.);
#1722=ORIENTED_EDGE('',*,*,#1367,.T.);
#1723=ORIENTED_EDGE('',*,*,#1368,.T.);
#1724=ORIENTED_EDGE('',*,*,#1369,.T.);
#1725=ORIENTED_EDGE('',*,*,#1370,.F.);
#1726=ORIENTED_EDGE('',*,*,#1371,.T.);
#1727=ORIENTED_EDGE('',*,*,#1372,.T.);
#1728=ORIENTED_EDGE('',*,*,#1373,.T.);
#1729=ORIENTED_EDGE('',*,*,#1374,.T.);
#1730=ORIENTED_EDGE('',*,*,#1375,.F.);
#1731=ORIENTED_EDGE('',*,*,#1376,.F.);
#1732=ORIENTED_EDGE('',*,*,#1353,.T.);
#1733=ORIENTED_EDGE('',*,*,#1377,.T.);
#1734=ORIENTED_EDGE('',*,*,#1378,.T.);
#1735=ORIENTED_EDGE('',*,*,#1379,.T.);
#1736=ORIENTED_EDGE('',*,*,#1357,.T.);
#1737=ORIENTED_EDGE('',*,*,#1380,.T.);
#1738=ORIENTED_EDGE('',*,*,#1381,.F.);
#1739=ORIENTED_EDGE('',*,*,#1382,.T.);
#1740=ORIENTED_EDGE('',*,*,#1375,.T.);
#1741=ORIENTED_EDGE('',*,*,#1383,.T.);
#1742=ORIENTED_EDGE('',*,*,#1384,.F.);
#1743=ORIENTED_EDGE('',*,*,#1385,.T.);
#1744=ORIENTED_EDGE('',*,*,#1381,.T.);
#1745=ORIENTED_EDGE('',*,*,#1386,.T.);
#1746=ORIENTED_EDGE('',*,*,#1387,.T.);
#1747=ORIENTED_EDGE('',*,*,#1388,.T.);
#1748=ORIENTED_EDGE('',*,*,#1384,.T.);
#1749=ORIENTED_EDGE('',*,*,#1389,.T.);
#1750=ORIENTED_EDGE('',*,*,#1390,.F.);
#1751=ORIENTED_EDGE('',*,*,#1391,.T.);
#1752=ORIENTED_EDGE('',*,*,#1392,.T.);
#1753=ORIENTED_EDGE('',*,*,#1393,.T.);
#1754=ORIENTED_EDGE('',*,*,#1394,.T.);
#1755=ORIENTED_EDGE('',*,*,#1395,.T.);
#1756=ORIENTED_EDGE('',*,*,#1396,.T.);
#1757=ORIENTED_EDGE('',*,*,#1397,.T.);
#1758=ORIENTED_EDGE('',*,*,#1398,.T.);
#1759=ORIENTED_EDGE('',*,*,#1399,.F.);
#1760=ORIENTED_EDGE('',*,*,#1400,.T.);
#1761=ORIENTED_EDGE('',*,*,#1401,.T.);
#1762=ORIENTED_EDGE('',*,*,#1402,.T.);
#1763=ORIENTED_EDGE('',*,*,#1403,.T.);
#1764=ORIENTED_EDGE('',*,*,#1404,.T.);
#1765=ORIENTED_EDGE('',*,*,#1405,.T.);
#1766=ORIENTED_EDGE('',*,*,#1406,.T.);
#1767=ORIENTED_EDGE('',*,*,#1396,.F.);
#1768=ORIENTED_EDGE('',*,*,#1407,.T.);
#1769=ORIENTED_EDGE('',*,*,#1408,.T.);
#1770=ORIENTED_EDGE('',*,*,#1409,.T.);
#1771=ORIENTED_EDGE('',*,*,#1401,.F.);
#1772=ORIENTED_EDGE('',*,*,#1410,.T.);
#1773=ORIENTED_EDGE('',*,*,#1411,.T.);
#1774=ORIENTED_EDGE('',*,*,#1351,.F.);
#1775=ORIENTED_EDGE('',*,*,#1412,.T.);
#1776=ORIENTED_EDGE('',*,*,#1413,.F.);
#1777=ORIENTED_EDGE('',*,*,#1339,.T.);
#1778=ORIENTED_EDGE('',*,*,#1414,.F.);
#1779=ORIENTED_EDGE('',*,*,#1340,.T.);
#1780=ORIENTED_EDGE('',*,*,#1413,.T.);
#1781=ORIENTED_EDGE('',*,*,#1415,.T.);
#1782=ORIENTED_EDGE('',*,*,#1416,.T.);
#1783=ORIENTED_EDGE('',*,*,#1417,.F.);
#1784=ORIENTED_EDGE('',*,*,#1418,.T.);
#1785=ORIENTED_EDGE('',*,*,#1390,.T.);
#1786=ORIENTED_EDGE('',*,*,#1419,.T.);
#1787=ORIENTED_EDGE('',*,*,#1420,.T.);
#1788=ORIENTED_EDGE('',*,*,#1403,.F.);
#1789=ORIENTED_EDGE('',*,*,#1421,.T.);
#1790=ORIENTED_EDGE('',*,*,#1422,.T.);
#1791=ORIENTED_EDGE('',*,*,#1423,.T.);
#1792=ORIENTED_EDGE('',*,*,#1424,.T.);
#1793=ORIENTED_EDGE('',*,*,#1425,.T.);
#1794=ORIENTED_EDGE('',*,*,#1417,.T.);
#1795=ORIENTED_EDGE('',*,*,#1426,.T.);
#1796=ORIENTED_EDGE('',*,*,#1427,.T.);
#1797=ORIENTED_EDGE('',*,*,#1428,.F.);
#1798=ORIENTED_EDGE('',*,*,#1342,.F.);
#1799=ORIENTED_EDGE('',*,*,#1428,.T.);
#1800=ORIENTED_EDGE('',*,*,#1429,.T.);
#1801=ORIENTED_EDGE('',*,*,#1430,.F.);
#1802=ORIENTED_EDGE('',*,*,#1431,.F.);
#1803=ORIENTED_EDGE('',*,*,#1432,.T.);
#1804=ORIENTED_EDGE('',*,*,#1343,.F.);
#1805=ORIENTED_EDGE('',*,*,#1430,.T.);
#1806=ORIENTED_EDGE('',*,*,#1433,.T.);
#1807=ORIENTED_EDGE('',*,*,#1434,.F.);
#1808=ORIENTED_EDGE('',*,*,#1435,.F.);
#1809=ORIENTED_EDGE('',*,*,#1414,.T.);
#1810=ORIENTED_EDGE('',*,*,#1436,.F.);
#1811=ORIENTED_EDGE('',*,*,#1434,.T.);
#1812=ORIENTED_EDGE('',*,*,#1437,.T.);
#1813=ORIENTED_EDGE('',*,*,#1426,.F.);
#1814=ORIENTED_EDGE('',*,*,#1341,.F.);
#1815=ORIENTED_EDGE('',*,*,#1438,.T.);
#1816=ORIENTED_EDGE('',*,*,#1359,.F.);
#1817=ORIENTED_EDGE('',*,*,#1439,.F.);
#1818=ORIENTED_EDGE('',*,*,#1440,.T.);
#1819=ORIENTED_EDGE('',*,*,#1441,.T.);
#1820=ORIENTED_EDGE('',*,*,#1442,.F.);
#1821=ORIENTED_EDGE('',*,*,#1431,.T.);
#1822=ORIENTED_EDGE('',*,*,#1435,.T.);
#1823=ORIENTED_EDGE('',*,*,#1436,.T.);
#1824=ORIENTED_EDGE('',*,*,#1415,.F.);
#1825=ORIENTED_EDGE('',*,*,#1412,.F.);
#1826=ORIENTED_EDGE('',*,*,#1350,.F.);
#1827=ORIENTED_EDGE('',*,*,#1443,.T.);
#1828=ORIENTED_EDGE('',*,*,#1344,.T.);
#1829=ORIENTED_EDGE('',*,*,#1432,.F.);
#1830=ORIENTED_EDGE('',*,*,#1442,.T.);
#1831=ORIENTED_EDGE('',*,*,#1444,.T.);
#1832=ORIENTED_EDGE('',*,*,#1445,.T.);
#1833=ORIENTED_EDGE('',*,*,#1446,.T.);
#1834=ORIENTED_EDGE('',*,*,#1447,.T.);
#1835=ORIENTED_EDGE('',*,*,#1448,.T.);
#1836=ORIENTED_EDGE('',*,*,#1439,.T.);
#1837=ORIENTED_EDGE('',*,*,#1358,.T.);
#1838=ORIENTED_EDGE('',*,*,#1379,.F.);
#1839=ORIENTED_EDGE('',*,*,#1449,.T.);
#1840=ORIENTED_EDGE('',*,*,#1450,.F.);
#1841=ORIENTED_EDGE('',*,*,#1451,.F.);
#1842=ORIENTED_EDGE('',*,*,#1452,.F.);
#1843=ORIENTED_EDGE('',*,*,#1453,.T.);
#1844=ORIENTED_EDGE('',*,*,#1454,.T.);
#1845=ORIENTED_EDGE('',*,*,#1455,.T.);
#1846=ORIENTED_EDGE('',*,*,#1456,.T.);
#1847=ORIENTED_EDGE('',*,*,#1457,.F.);
#1848=ORIENTED_EDGE('',*,*,#1458,.T.);
#1849=ORIENTED_EDGE('',*,*,#1370,.T.);
#1850=ORIENTED_EDGE('',*,*,#1459,.T.);
#1851=ORIENTED_EDGE('',*,*,#1437,.F.);
#1852=ORIENTED_EDGE('',*,*,#1433,.F.);
#1853=ORIENTED_EDGE('',*,*,#1429,.F.);
#1854=ORIENTED_EDGE('',*,*,#1427,.F.);
#1855=ORIENTED_EDGE('',*,*,#1460,.T.);
#1856=ORIENTED_EDGE('',*,*,#1461,.T.);
#1857=ORIENTED_EDGE('',*,*,#1462,.T.);
#1858=ORIENTED_EDGE('',*,*,#1463,.T.);
#1859=ORIENTED_EDGE('',*,*,#1457,.T.);
#1860=ORIENTED_EDGE('',*,*,#1464,.T.);
#1861=ORIENTED_EDGE('',*,*,#1465,.T.);
#1862=ORIENTED_EDGE('',*,*,#1466,.T.);
#1863=ORIENTED_EDGE('',*,*,#1467,.T.);
#1864=ORIENTED_EDGE('',*,*,#1468,.T.);
#1865=ORIENTED_EDGE('',*,*,#1469,.T.);
#1866=ORIENTED_EDGE('',*,*,#1470,.T.);
#1867=ORIENTED_EDGE('',*,*,#1471,.T.);
#1868=ORIENTED_EDGE('',*,*,#1472,.T.);
#1869=ORIENTED_EDGE('',*,*,#1473,.T.);
#1870=ORIENTED_EDGE('',*,*,#1474,.F.);
#1871=ORIENTED_EDGE('',*,*,#1475,.T.);
#1872=ORIENTED_EDGE('',*,*,#1354,.T.);
#1873=ORIENTED_EDGE('',*,*,#1376,.T.);
#1874=ORIENTED_EDGE('',*,*,#1382,.F.);
#1875=ORIENTED_EDGE('',*,*,#1385,.F.);
#1876=ORIENTED_EDGE('',*,*,#1388,.F.);
#1877=ORIENTED_EDGE('',*,*,#1476,.T.);
#1878=ORIENTED_EDGE('',*,*,#1355,.F.);
#1879=ORIENTED_EDGE('',*,*,#1475,.F.);
#1880=ORIENTED_EDGE('',*,*,#1477,.F.);
#1881=ORIENTED_EDGE('',*,*,#1478,.T.);
#1882=ORIENTED_EDGE('',*,*,#1440,.F.);
#1883=ORIENTED_EDGE('',*,*,#1448,.F.);
#1884=ORIENTED_EDGE('',*,*,#1479,.F.);
#1885=ORIENTED_EDGE('',*,*,#1480,.T.);
#1886=ORIENTED_EDGE('',*,*,#1479,.T.);
#1887=ORIENTED_EDGE('',*,*,#1452,.T.);
#1888=ORIENTED_EDGE('',*,*,#1481,.F.);
#1889=ORIENTED_EDGE('',*,*,#1482,.T.);
#1890=ORIENTED_EDGE('',*,*,#1481,.T.);
#1891=ORIENTED_EDGE('',*,*,#1451,.T.);
#1892=ORIENTED_EDGE('',*,*,#1483,.F.);
#1893=ORIENTED_EDGE('',*,*,#1484,.T.);
#1894=ORIENTED_EDGE('',*,*,#1483,.T.);
#1895=ORIENTED_EDGE('',*,*,#1450,.T.);
#1896=ORIENTED_EDGE('',*,*,#1485,.T.);
#1897=ORIENTED_EDGE('',*,*,#1486,.T.);
#1898=ORIENTED_EDGE('',*,*,#1487,.T.);
#1899=ORIENTED_EDGE('',*,*,#1488,.T.);
#1900=ORIENTED_EDGE('',*,*,#1399,.T.);
#1901=ORIENTED_EDGE('',*,*,#1489,.T.);
#1902=ORIENTED_EDGE('',*,*,#1477,.T.);
#1903=ORIENTED_EDGE('',*,*,#1474,.T.);
#1904=ORIENTED_EDGE('',*,*,#1490,.T.);
#1905=ORIENTED_EDGE('',*,*,#1361,.F.);
#1906=ORIENTED_EDGE('',*,*,#1491,.F.);
#1907=ORIENTED_EDGE('',*,*,#1492,.F.);
#1908=ORIENTED_EDGE('',*,*,#1493,.T.);
#1909=ORIENTED_EDGE('',*,*,#1471,.F.);
#1910=ORIENTED_EDGE('',*,*,#1494,.F.);
#1911=ORIENTED_EDGE('',*,*,#1495,.F.);
#1912=ORIENTED_EDGE('',*,*,#1496,.T.);
#1913=ORIENTED_EDGE('',*,*,#1360,.F.);
#1914=ORIENTED_EDGE('',*,*,#1497,.T.);
#1915=ORIENTED_EDGE('',*,*,#1498,.T.);
#1916=ORIENTED_EDGE('',*,*,#1491,.T.);
#1917=ORIENTED_EDGE('',*,*,#1470,.F.);
#1918=ORIENTED_EDGE('',*,*,#1499,.F.);
#1919=ORIENTED_EDGE('',*,*,#1500,.F.);
#1920=ORIENTED_EDGE('',*,*,#1494,.T.);
#1921=ORIENTED_EDGE('',*,*,#1346,.F.);
#1922=ORIENTED_EDGE('',*,*,#1501,.T.);
#1923=ORIENTED_EDGE('',*,*,#1502,.F.);
#1924=ORIENTED_EDGE('',*,*,#1503,.F.);
#1925=ORIENTED_EDGE('',*,*,#1447,.F.);
#1926=ORIENTED_EDGE('',*,*,#1504,.F.);
#1927=ORIENTED_EDGE('',*,*,#1453,.F.);
#1928=ORIENTED_EDGE('',*,*,#1505,.T.);
#1929=ORIENTED_EDGE('',*,*,#1371,.F.);
#1930=ORIENTED_EDGE('',*,*,#1458,.F.);
#1931=ORIENTED_EDGE('',*,*,#1463,.F.);
#1932=ORIENTED_EDGE('',*,*,#1506,.T.);
#1933=ORIENTED_EDGE('',*,*,#1507,.T.);
#1934=ORIENTED_EDGE('',*,*,#1508,.T.);
#1935=ORIENTED_EDGE('',*,*,#1509,.T.);
#1936=ORIENTED_EDGE('',*,*,#1510,.T.);
#1937=ORIENTED_EDGE('',*,*,#1511,.F.);
#1938=ORIENTED_EDGE('',*,*,#1512,.F.);
#1939=ORIENTED_EDGE('',*,*,#1462,.F.);
#1940=ORIENTED_EDGE('',*,*,#1513,.T.);
#1941=ORIENTED_EDGE('',*,*,#1514,.F.);
#1942=ORIENTED_EDGE('',*,*,#1506,.F.);
#1943=ORIENTED_EDGE('',*,*,#1469,.F.);
#1944=ORIENTED_EDGE('',*,*,#1515,.F.);
#1945=ORIENTED_EDGE('',*,*,#1516,.T.);
#1946=ORIENTED_EDGE('',*,*,#1499,.T.);
#1947=ORIENTED_EDGE('',*,*,#1348,.F.);
#1948=ORIENTED_EDGE('',*,*,#1517,.T.);
#1949=ORIENTED_EDGE('',*,*,#1518,.T.);
#1950=ORIENTED_EDGE('',*,*,#1519,.F.);
#1951=ORIENTED_EDGE('',*,*,#1347,.F.);
#1952=ORIENTED_EDGE('',*,*,#1503,.T.);
#1953=ORIENTED_EDGE('',*,*,#1520,.T.);
#1954=ORIENTED_EDGE('',*,*,#1521,.T.);
#1955=ORIENTED_EDGE('',*,*,#1522,.T.);
#1956=ORIENTED_EDGE('',*,*,#1517,.F.);
#1957=ORIENTED_EDGE('',*,*,#1446,.F.);
#1958=ORIENTED_EDGE('',*,*,#1523,.F.);
#1959=ORIENTED_EDGE('',*,*,#1454,.F.);
#1960=ORIENTED_EDGE('',*,*,#1504,.T.);
#1961=ORIENTED_EDGE('',*,*,#1444,.F.);
#1962=ORIENTED_EDGE('',*,*,#1441,.F.);
#1963=ORIENTED_EDGE('',*,*,#1349,.F.);
#1964=ORIENTED_EDGE('',*,*,#1519,.T.);
#1965=ORIENTED_EDGE('',*,*,#1524,.T.);
#1966=ORIENTED_EDGE('',*,*,#1525,.T.);
#1967=ORIENTED_EDGE('',*,*,#1526,.F.);
#1968=ORIENTED_EDGE('',*,*,#1464,.F.);
#1969=ORIENTED_EDGE('',*,*,#1456,.F.);
#1970=ORIENTED_EDGE('',*,*,#1527,.T.);
#1971=ORIENTED_EDGE('',*,*,#1468,.F.);
#1972=ORIENTED_EDGE('',*,*,#1528,.F.);
#1973=ORIENTED_EDGE('',*,*,#1529,.T.);
#1974=ORIENTED_EDGE('',*,*,#1515,.T.);
#1975=ORIENTED_EDGE('',*,*,#1467,.F.);
#1976=ORIENTED_EDGE('',*,*,#1530,.F.);
#1977=ORIENTED_EDGE('',*,*,#1531,.T.);
#1978=ORIENTED_EDGE('',*,*,#1528,.T.);
#1979=ORIENTED_EDGE('',*,*,#1368,.F.);
#1980=ORIENTED_EDGE('',*,*,#1532,.T.);
#1981=ORIENTED_EDGE('',*,*,#1533,.T.);
#1982=ORIENTED_EDGE('',*,*,#1534,.F.);
#1983=ORIENTED_EDGE('',*,*,#1410,.F.);
#1984=ORIENTED_EDGE('',*,*,#1400,.F.);
#1985=ORIENTED_EDGE('',*,*,#1488,.F.);
#1986=ORIENTED_EDGE('',*,*,#1535,.F.);
#1987=ORIENTED_EDGE('',*,*,#1536,.T.);
#1988=ORIENTED_EDGE('',*,*,#1525,.F.);
#1989=ORIENTED_EDGE('',*,*,#1537,.T.);
#1990=ORIENTED_EDGE('',*,*,#1511,.T.);
#1991=ORIENTED_EDGE('',*,*,#1537,.F.);
#1992=ORIENTED_EDGE('',*,*,#1524,.F.);
#1993=ORIENTED_EDGE('',*,*,#1518,.F.);
#1994=ORIENTED_EDGE('',*,*,#1522,.F.);
#1995=ORIENTED_EDGE('',*,*,#1538,.T.);
#1996=ORIENTED_EDGE('',*,*,#1539,.F.);
#1997=ORIENTED_EDGE('',*,*,#1540,.F.);
#1998=ORIENTED_EDGE('',*,*,#1541,.F.);
#1999=ORIENTED_EDGE('',*,*,#1423,.F.);
#2000=ORIENTED_EDGE('',*,*,#1416,.F.);
#2001=ORIENTED_EDGE('',*,*,#1542,.T.);
#2002=ORIENTED_EDGE('',*,*,#1543,.T.);
#2003=ORIENTED_EDGE('',*,*,#1544,.T.);
#2004=ORIENTED_EDGE('',*,*,#1393,.F.);
#2005=ORIENTED_EDGE('',*,*,#1409,.F.);
#2006=ORIENTED_EDGE('',*,*,#1545,.F.);
#2007=ORIENTED_EDGE('',*,*,#1422,.F.);
#2008=ORIENTED_EDGE('',*,*,#1546,.F.);
#2009=ORIENTED_EDGE('',*,*,#1547,.T.);
#2010=ORIENTED_EDGE('',*,*,#1548,.T.);
#2011=ORIENTED_EDGE('',*,*,#1549,.T.);
#2012=ORIENTED_EDGE('',*,*,#1550,.F.);
#2013=ORIENTED_EDGE('',*,*,#1551,.F.);
#2014=ORIENTED_EDGE('',*,*,#1542,.F.);
#2015=ORIENTED_EDGE('',*,*,#1377,.F.);
#2016=ORIENTED_EDGE('',*,*,#1356,.F.);
#2017=ORIENTED_EDGE('',*,*,#1438,.F.);
#2018=ORIENTED_EDGE('',*,*,#1478,.F.);
#2019=ORIENTED_EDGE('',*,*,#1480,.F.);
#2020=ORIENTED_EDGE('',*,*,#1482,.F.);
#2021=ORIENTED_EDGE('',*,*,#1484,.F.);
#2022=ORIENTED_EDGE('',*,*,#1552,.T.);
#2023=ORIENTED_EDGE('',*,*,#1486,.F.);
#2024=ORIENTED_EDGE('',*,*,#1398,.F.);
#2025=ORIENTED_EDGE('',*,*,#1553,.F.);
#2026=ORIENTED_EDGE('',*,*,#1507,.F.);
#2027=ORIENTED_EDGE('',*,*,#1514,.T.);
#2028=ORIENTED_EDGE('',*,*,#1554,.T.);
#2029=ORIENTED_EDGE('',*,*,#1421,.F.);
#2030=ORIENTED_EDGE('',*,*,#1402,.F.);
#2031=ORIENTED_EDGE('',*,*,#1555,.F.);
#2032=ORIENTED_EDGE('',*,*,#1407,.F.);
#2033=ORIENTED_EDGE('',*,*,#1395,.F.);
#2034=ORIENTED_EDGE('',*,*,#1556,.T.);
#2035=ORIENTED_EDGE('',*,*,#1557,.F.);
#2036=ORIENTED_EDGE('',*,*,#1546,.T.);
#2037=ORIENTED_EDGE('',*,*,#1405,.F.);
#2038=ORIENTED_EDGE('',*,*,#1558,.F.);
#2039=ORIENTED_EDGE('',*,*,#1408,.F.);
#2040=ORIENTED_EDGE('',*,*,#1555,.T.);
#2041=ORIENTED_EDGE('',*,*,#1424,.F.);
#2042=ORIENTED_EDGE('',*,*,#1545,.T.);
#2043=ORIENTED_EDGE('',*,*,#1411,.F.);
#2044=ORIENTED_EDGE('',*,*,#1541,.T.);
#2045=ORIENTED_EDGE('',*,*,#1559,.F.);
#2046=ORIENTED_EDGE('',*,*,#1560,.T.);
#2047=ORIENTED_EDGE('',*,*,#1373,.F.);
#2048=ORIENTED_EDGE('',*,*,#1561,.F.);
#2049=ORIENTED_EDGE('',*,*,#1562,.F.);
#2050=ORIENTED_EDGE('',*,*,#1490,.F.);
#2051=ORIENTED_EDGE('',*,*,#1473,.F.);
#2052=ORIENTED_EDGE('',*,*,#1387,.F.);
#2053=ORIENTED_EDGE('',*,*,#1563,.F.);
#2054=ORIENTED_EDGE('',*,*,#1392,.F.);
#2055=ORIENTED_EDGE('',*,*,#1564,.T.);
#2056=ORIENTED_EDGE('',*,*,#1532,.F.);
#2057=ORIENTED_EDGE('',*,*,#1367,.F.);
#2058=ORIENTED_EDGE('',*,*,#1565,.T.);
#2059=ORIENTED_EDGE('',*,*,#1566,.T.);
#2060=ORIENTED_EDGE('',*,*,#1497,.F.);
#2061=ORIENTED_EDGE('',*,*,#1461,.F.);
#2062=ORIENTED_EDGE('',*,*,#1567,.F.);
#2063=ORIENTED_EDGE('',*,*,#1568,.T.);
#2064=ORIENTED_EDGE('',*,*,#1530,.T.);
#2065=ORIENTED_EDGE('',*,*,#1466,.F.);
#2066=ORIENTED_EDGE('',*,*,#1569,.T.);
#2067=ORIENTED_EDGE('',*,*,#1535,.T.);
#2068=ORIENTED_EDGE('',*,*,#1487,.F.);
#2069=ORIENTED_EDGE('',*,*,#1552,.F.);
#2070=ORIENTED_EDGE('',*,*,#1485,.F.);
#2071=ORIENTED_EDGE('',*,*,#1449,.F.);
#2072=ORIENTED_EDGE('',*,*,#1378,.F.);
#2073=ORIENTED_EDGE('',*,*,#1554,.F.);
#2074=ORIENTED_EDGE('',*,*,#1513,.F.);
#2075=ORIENTED_EDGE('',*,*,#1472,.F.);
#2076=ORIENTED_EDGE('',*,*,#1496,.F.);
#2077=ORIENTED_EDGE('',*,*,#1570,.F.);
#2078=ORIENTED_EDGE('',*,*,#1571,.F.);
#2079=ORIENTED_EDGE('',*,*,#1443,.F.);
#2080=ORIENTED_EDGE('',*,*,#1505,.F.);
#2081=ORIENTED_EDGE('',*,*,#1459,.F.);
#2082=ORIENTED_EDGE('',*,*,#1369,.F.);
#2083=ORIENTED_EDGE('',*,*,#1534,.T.);
#2084=ORIENTED_EDGE('',*,*,#1572,.T.);
#2085=ORIENTED_EDGE('',*,*,#1573,.T.);
#2086=ORIENTED_EDGE('',*,*,#1501,.F.);
#2087=ORIENTED_EDGE('',*,*,#1345,.F.);
#2088=ORIENTED_EDGE('',*,*,#1337,.F.);
#2089=ORIENTED_EDGE('',*,*,#1366,.F.);
#2090=ORIENTED_EDGE('',*,*,#1574,.T.);
#2091=ORIENTED_EDGE('',*,*,#1575,.T.);
#2092=ORIENTED_EDGE('',*,*,#1565,.F.);
#2093=ORIENTED_EDGE('',*,*,#1365,.F.);
#2094=ORIENTED_EDGE('',*,*,#1576,.T.);
#2095=ORIENTED_EDGE('',*,*,#1577,.T.);
#2096=ORIENTED_EDGE('',*,*,#1574,.F.);
#2097=ORIENTED_EDGE('',*,*,#1364,.F.);
#2098=ORIENTED_EDGE('',*,*,#1578,.T.);
#2099=ORIENTED_EDGE('',*,*,#1579,.T.);
#2100=ORIENTED_EDGE('',*,*,#1576,.F.);
#2101=ORIENTED_EDGE('',*,*,#1363,.F.);
#2102=ORIENTED_EDGE('',*,*,#1580,.F.);
#2103=ORIENTED_EDGE('',*,*,#1581,.F.);
#2104=ORIENTED_EDGE('',*,*,#1578,.F.);
#2105=ORIENTED_EDGE('',*,*,#1372,.F.);
#2106=ORIENTED_EDGE('',*,*,#1510,.F.);
#2107=ORIENTED_EDGE('',*,*,#1582,.T.);
#2108=ORIENTED_EDGE('',*,*,#1561,.T.);
#2109=ORIENTED_EDGE('',*,*,#1581,.T.);
#2110=ORIENTED_EDGE('',*,*,#1583,.T.);
#2111=ORIENTED_EDGE('',*,*,#1492,.T.);
#2112=ORIENTED_EDGE('',*,*,#1498,.F.);
#2113=ORIENTED_EDGE('',*,*,#1566,.F.);
#2114=ORIENTED_EDGE('',*,*,#1575,.F.);
#2115=ORIENTED_EDGE('',*,*,#1577,.F.);
#2116=ORIENTED_EDGE('',*,*,#1579,.F.);
#2117=ORIENTED_EDGE('',*,*,#1362,.F.);
#2118=ORIENTED_EDGE('',*,*,#1493,.F.);
#2119=ORIENTED_EDGE('',*,*,#1583,.F.);
#2120=ORIENTED_EDGE('',*,*,#1580,.T.);
#2121=ORIENTED_EDGE('',*,*,#1420,.F.);
#2122=ORIENTED_EDGE('',*,*,#1584,.F.);
#2123=ORIENTED_EDGE('',*,*,#1508,.F.);
#2124=ORIENTED_EDGE('',*,*,#1553,.T.);
#2125=ORIENTED_EDGE('',*,*,#1397,.F.);
#2126=ORIENTED_EDGE('',*,*,#1406,.F.);
#2127=ORIENTED_EDGE('',*,*,#1558,.T.);
#2128=ORIENTED_EDGE('',*,*,#1404,.F.);
#2129=ORIENTED_EDGE('',*,*,#1585,.F.);
#2130=ORIENTED_EDGE('',*,*,#1586,.F.);
#2131=ORIENTED_EDGE('',*,*,#1587,.F.);
#2132=ORIENTED_EDGE('',*,*,#1588,.F.);
#2133=ORIENTED_EDGE('',*,*,#1489,.F.);
#2134=ORIENTED_EDGE('',*,*,#1562,.T.);
#2135=ORIENTED_EDGE('',*,*,#1582,.F.);
#2136=ORIENTED_EDGE('',*,*,#1509,.F.);
#2137=ORIENTED_EDGE('',*,*,#1584,.T.);
#2138=ORIENTED_EDGE('',*,*,#1419,.F.);
#2139=ORIENTED_EDGE('',*,*,#1389,.F.);
#2140=ORIENTED_EDGE('',*,*,#1563,.T.);
#2141=ORIENTED_EDGE('',*,*,#1386,.F.);
#2142=ORIENTED_EDGE('',*,*,#1383,.F.);
#2143=ORIENTED_EDGE('',*,*,#1380,.F.);
#2144=ORIENTED_EDGE('',*,*,#1374,.F.);
#2145=ORIENTED_EDGE('',*,*,#1352,.F.);
#2146=ORIENTED_EDGE('',*,*,#1476,.F.);
#2147=ORIENTED_EDGE('',*,*,#1460,.F.);
#2148=ORIENTED_EDGE('',*,*,#1571,.T.);
#2149=ORIENTED_EDGE('',*,*,#1589,.T.);
#2150=ORIENTED_EDGE('',*,*,#1567,.T.);
#2151=ORIENTED_EDGE('',*,*,#1568,.F.);
#2152=ORIENTED_EDGE('',*,*,#1589,.F.);
#2153=ORIENTED_EDGE('',*,*,#1570,.T.);
#2154=ORIENTED_EDGE('',*,*,#1495,.T.);
#2155=ORIENTED_EDGE('',*,*,#1500,.T.);
#2156=ORIENTED_EDGE('',*,*,#1516,.F.);
#2157=ORIENTED_EDGE('',*,*,#1529,.F.);
#2158=ORIENTED_EDGE('',*,*,#1531,.F.);
#2159=ORIENTED_EDGE('',*,*,#1394,.F.);
#2160=ORIENTED_EDGE('',*,*,#1544,.F.);
#2161=ORIENTED_EDGE('',*,*,#1590,.F.);
#2162=ORIENTED_EDGE('',*,*,#1591,.F.);
#2163=ORIENTED_EDGE('',*,*,#1592,.T.);
#2164=ORIENTED_EDGE('',*,*,#1593,.T.);
#2165=ORIENTED_EDGE('',*,*,#1594,.T.);
#2166=ORIENTED_EDGE('',*,*,#1556,.F.);
#2167=ORIENTED_EDGE('',*,*,#1465,.F.);
#2168=ORIENTED_EDGE('',*,*,#1526,.T.);
#2169=ORIENTED_EDGE('',*,*,#1536,.F.);
#2170=ORIENTED_EDGE('',*,*,#1569,.F.);
#2171=ORIENTED_EDGE('',*,*,#1425,.F.);
#2172=ORIENTED_EDGE('',*,*,#1560,.F.);
#2173=ORIENTED_EDGE('',*,*,#1595,.T.);
#2174=ORIENTED_EDGE('',*,*,#1596,.F.);
#2175=ORIENTED_EDGE('',*,*,#1597,.F.);
#2176=ORIENTED_EDGE('',*,*,#1520,.F.);
#2177=ORIENTED_EDGE('',*,*,#1502,.T.);
#2178=ORIENTED_EDGE('',*,*,#1573,.F.);
#2179=ORIENTED_EDGE('',*,*,#1598,.T.);
#2180=ORIENTED_EDGE('',*,*,#1512,.T.);
#2181=ORIENTED_EDGE('',*,*,#1598,.F.);
#2182=ORIENTED_EDGE('',*,*,#1572,.F.);
#2183=ORIENTED_EDGE('',*,*,#1533,.F.);
#2184=ORIENTED_EDGE('',*,*,#1564,.F.);
#2185=ORIENTED_EDGE('',*,*,#1391,.F.);
#2186=ORIENTED_EDGE('',*,*,#1418,.F.);
#2187=ORIENTED_EDGE('',*,*,#1540,.T.);
#2188=ORIENTED_EDGE('',*,*,#1599,.T.);
#2189=ORIENTED_EDGE('',*,*,#1595,.F.);
#2190=ORIENTED_EDGE('',*,*,#1559,.T.);
#2191=ORIENTED_EDGE('',*,*,#1600,.T.);
#2192=ORIENTED_EDGE('',*,*,#1585,.T.);
#2193=ORIENTED_EDGE('',*,*,#1601,.F.);
#2194=ORIENTED_EDGE('',*,*,#1592,.F.);
#2195=ORIENTED_EDGE('',*,*,#1602,.T.);
#2196=ORIENTED_EDGE('',*,*,#1549,.F.);
#2197=ORIENTED_EDGE('',*,*,#1603,.T.);
#2198=ORIENTED_EDGE('',*,*,#1586,.T.);
#2199=ORIENTED_EDGE('',*,*,#1600,.F.);
#2200=ORIENTED_EDGE('',*,*,#1548,.F.);
#2201=ORIENTED_EDGE('',*,*,#1557,.T.);
#2202=ORIENTED_EDGE('',*,*,#1594,.F.);
#2203=ORIENTED_EDGE('',*,*,#1604,.T.);
#2204=ORIENTED_EDGE('',*,*,#1587,.T.);
#2205=ORIENTED_EDGE('',*,*,#1603,.F.);
#2206=ORIENTED_EDGE('',*,*,#1547,.F.);
#2207=ORIENTED_EDGE('',*,*,#1601,.T.);
#2208=ORIENTED_EDGE('',*,*,#1588,.T.);
#2209=ORIENTED_EDGE('',*,*,#1604,.F.);
#2210=ORIENTED_EDGE('',*,*,#1593,.F.);
#2211=ORIENTED_EDGE('',*,*,#1602,.F.);
#2212=ORIENTED_EDGE('',*,*,#1591,.T.);
#2213=ORIENTED_EDGE('',*,*,#1605,.T.);
#2214=ORIENTED_EDGE('',*,*,#1550,.T.);
#2215=ORIENTED_EDGE('',*,*,#1543,.F.);
#2216=ORIENTED_EDGE('',*,*,#1551,.T.);
#2217=ORIENTED_EDGE('',*,*,#1605,.F.);
#2218=ORIENTED_EDGE('',*,*,#1590,.T.);
#2219=ORIENTED_EDGE('',*,*,#1445,.F.);
#2220=ORIENTED_EDGE('',*,*,#1527,.F.);
#2221=ORIENTED_EDGE('',*,*,#1455,.F.);
#2222=ORIENTED_EDGE('',*,*,#1523,.T.);
#2223=ORIENTED_EDGE('',*,*,#1538,.F.);
#2224=ORIENTED_EDGE('',*,*,#1521,.F.);
#2225=ORIENTED_EDGE('',*,*,#1597,.T.);
#2226=ORIENTED_EDGE('',*,*,#1606,.F.);
#2227=ORIENTED_EDGE('',*,*,#1596,.T.);
#2228=ORIENTED_EDGE('',*,*,#1599,.F.);
#2229=ORIENTED_EDGE('',*,*,#1539,.T.);
#2230=ORIENTED_EDGE('',*,*,#1606,.T.);
#2231=ORIENTED_EDGE('',*,*,#1607,.T.);
#2232=ORIENTED_EDGE('',*,*,#1608,.T.);
#2233=ORIENTED_EDGE('',*,*,#1609,.T.);
#2234=ORIENTED_EDGE('',*,*,#1610,.T.);
#2235=ORIENTED_EDGE('',*,*,#1611,.T.);
#2236=ORIENTED_EDGE('',*,*,#1612,.T.);
#2237=ORIENTED_EDGE('',*,*,#1613,.T.);
#2238=ORIENTED_EDGE('',*,*,#1614,.T.);
#2239=ORIENTED_EDGE('',*,*,#1609,.F.);
#2240=ORIENTED_EDGE('',*,*,#1615,.T.);
#2241=ORIENTED_EDGE('',*,*,#1616,.T.);
#2242=ORIENTED_EDGE('',*,*,#1612,.F.);
#2243=ORIENTED_EDGE('',*,*,#1617,.T.);
#2244=ORIENTED_EDGE('',*,*,#1618,.T.);
#2245=ORIENTED_EDGE('',*,*,#1619,.T.);
#2246=ORIENTED_EDGE('',*,*,#1620,.T.);
#2247=ORIENTED_EDGE('',*,*,#1607,.F.);
#2248=ORIENTED_EDGE('',*,*,#1621,.T.);
#2249=ORIENTED_EDGE('',*,*,#1622,.T.);
#2250=ORIENTED_EDGE('',*,*,#1614,.F.);
#2251=ORIENTED_EDGE('',*,*,#1622,.F.);
#2252=ORIENTED_EDGE('',*,*,#1623,.T.);
#2253=ORIENTED_EDGE('',*,*,#1617,.F.);
#2254=ORIENTED_EDGE('',*,*,#1611,.F.);
#2255=ORIENTED_EDGE('',*,*,#1616,.F.);
#2256=ORIENTED_EDGE('',*,*,#1624,.T.);
#2257=ORIENTED_EDGE('',*,*,#1619,.F.);
#2258=ORIENTED_EDGE('',*,*,#1613,.F.);
#2259=ORIENTED_EDGE('',*,*,#1620,.F.);
#2260=ORIENTED_EDGE('',*,*,#1624,.F.);
#2261=ORIENTED_EDGE('',*,*,#1615,.F.);
#2262=ORIENTED_EDGE('',*,*,#1608,.F.);
#2263=ORIENTED_EDGE('',*,*,#1618,.F.);
#2264=ORIENTED_EDGE('',*,*,#1623,.F.);
#2265=ORIENTED_EDGE('',*,*,#1621,.F.);
#2266=ORIENTED_EDGE('',*,*,#1610,.F.);
#2267=ORIENTED_EDGE('',*,*,#1625,.T.);
#2268=ORIENTED_EDGE('',*,*,#1626,.T.);
#2269=ORIENTED_EDGE('',*,*,#1627,.T.);
#2270=ORIENTED_EDGE('',*,*,#1628,.T.);
#2271=ORIENTED_EDGE('',*,*,#1629,.T.);
#2272=ORIENTED_EDGE('',*,*,#1630,.T.);
#2273=ORIENTED_EDGE('',*,*,#1631,.T.);
#2274=ORIENTED_EDGE('',*,*,#1632,.T.);
#2275=ORIENTED_EDGE('',*,*,#1627,.F.);
#2276=ORIENTED_EDGE('',*,*,#1633,.T.);
#2277=ORIENTED_EDGE('',*,*,#1634,.T.);
#2278=ORIENTED_EDGE('',*,*,#1630,.F.);
#2279=ORIENTED_EDGE('',*,*,#1635,.T.);
#2280=ORIENTED_EDGE('',*,*,#1636,.T.);
#2281=ORIENTED_EDGE('',*,*,#1637,.T.);
#2282=ORIENTED_EDGE('',*,*,#1638,.T.);
#2283=ORIENTED_EDGE('',*,*,#1625,.F.);
#2284=ORIENTED_EDGE('',*,*,#1639,.T.);
#2285=ORIENTED_EDGE('',*,*,#1640,.T.);
#2286=ORIENTED_EDGE('',*,*,#1632,.F.);
#2287=ORIENTED_EDGE('',*,*,#1640,.F.);
#2288=ORIENTED_EDGE('',*,*,#1641,.T.);
#2289=ORIENTED_EDGE('',*,*,#1635,.F.);
#2290=ORIENTED_EDGE('',*,*,#1629,.F.);
#2291=ORIENTED_EDGE('',*,*,#1634,.F.);
#2292=ORIENTED_EDGE('',*,*,#1642,.T.);
#2293=ORIENTED_EDGE('',*,*,#1637,.F.);
#2294=ORIENTED_EDGE('',*,*,#1631,.F.);
#2295=ORIENTED_EDGE('',*,*,#1638,.F.);
#2296=ORIENTED_EDGE('',*,*,#1642,.F.);
#2297=ORIENTED_EDGE('',*,*,#1633,.F.);
#2298=ORIENTED_EDGE('',*,*,#1626,.F.);
#2299=ORIENTED_EDGE('',*,*,#1636,.F.);
#2300=ORIENTED_EDGE('',*,*,#1641,.F.);
#2301=ORIENTED_EDGE('',*,*,#1639,.F.);
#2302=ORIENTED_EDGE('',*,*,#1628,.F.);
#2303=ORIENTED_EDGE('',*,*,#1643,.F.);
#2304=ORIENTED_EDGE('',*,*,#1644,.T.);
#2305=ORIENTED_EDGE('',*,*,#1645,.T.);
#2306=ORIENTED_EDGE('',*,*,#1646,.F.);
#2307=ORIENTED_EDGE('',*,*,#1647,.F.);
#2308=ORIENTED_EDGE('',*,*,#1648,.F.);
#2309=ORIENTED_EDGE('',*,*,#1649,.T.);
#2310=ORIENTED_EDGE('',*,*,#1646,.T.);
#2311=ORIENTED_EDGE('',*,*,#1650,.T.);
#2312=ORIENTED_EDGE('',*,*,#1651,.T.);
#2313=ORIENTED_EDGE('',*,*,#1652,.T.);
#2314=ORIENTED_EDGE('',*,*,#1648,.T.);
#2315=ORIENTED_EDGE('',*,*,#1652,.F.);
#2316=ORIENTED_EDGE('',*,*,#1653,.T.);
#2317=ORIENTED_EDGE('',*,*,#1643,.T.);
#2318=ORIENTED_EDGE('',*,*,#1649,.F.);
#2319=ORIENTED_EDGE('',*,*,#1645,.F.);
#2320=ORIENTED_EDGE('',*,*,#1654,.T.);
#2321=ORIENTED_EDGE('',*,*,#1650,.F.);
#2322=ORIENTED_EDGE('',*,*,#1647,.T.);
#2323=ORIENTED_EDGE('',*,*,#1654,.F.);
#2324=ORIENTED_EDGE('',*,*,#1644,.F.);
#2325=ORIENTED_EDGE('',*,*,#1653,.F.);
#2326=ORIENTED_EDGE('',*,*,#1651,.F.);
#2327=ORIENTED_EDGE('',*,*,#1655,.F.);
#2328=ORIENTED_EDGE('',*,*,#1656,.T.);
#2329=ORIENTED_EDGE('',*,*,#1657,.T.);
#2330=ORIENTED_EDGE('',*,*,#1658,.F.);
#2331=ORIENTED_EDGE('',*,*,#1659,.F.);
#2332=ORIENTED_EDGE('',*,*,#1660,.F.);
#2333=ORIENTED_EDGE('',*,*,#1661,.T.);
#2334=ORIENTED_EDGE('',*,*,#1658,.T.);
#2335=ORIENTED_EDGE('',*,*,#1662,.T.);
#2336=ORIENTED_EDGE('',*,*,#1663,.T.);
#2337=ORIENTED_EDGE('',*,*,#1664,.T.);
#2338=ORIENTED_EDGE('',*,*,#1660,.T.);
#2339=ORIENTED_EDGE('',*,*,#1664,.F.);
#2340=ORIENTED_EDGE('',*,*,#1665,.T.);
#2341=ORIENTED_EDGE('',*,*,#1655,.T.);
#2342=ORIENTED_EDGE('',*,*,#1661,.F.);
#2343=ORIENTED_EDGE('',*,*,#1657,.F.);
#2344=ORIENTED_EDGE('',*,*,#1666,.T.);
#2345=ORIENTED_EDGE('',*,*,#1662,.F.);
#2346=ORIENTED_EDGE('',*,*,#1659,.T.);
#2347=ORIENTED_EDGE('',*,*,#1666,.F.);
#2348=ORIENTED_EDGE('',*,*,#1656,.F.);
#2349=ORIENTED_EDGE('',*,*,#1665,.F.);
#2350=ORIENTED_EDGE('',*,*,#1663,.F.);
#2351=ORIENTED_EDGE('',*,*,#1667,.F.);
#2352=ORIENTED_EDGE('',*,*,#1668,.T.);
#2353=ORIENTED_EDGE('',*,*,#1669,.T.);
#2354=ORIENTED_EDGE('',*,*,#1670,.F.);
#2355=ORIENTED_EDGE('',*,*,#1671,.F.);
#2356=ORIENTED_EDGE('',*,*,#1672,.F.);
#2357=ORIENTED_EDGE('',*,*,#1673,.T.);
#2358=ORIENTED_EDGE('',*,*,#1670,.T.);
#2359=ORIENTED_EDGE('',*,*,#1674,.T.);
#2360=ORIENTED_EDGE('',*,*,#1675,.T.);
#2361=ORIENTED_EDGE('',*,*,#1676,.T.);
#2362=ORIENTED_EDGE('',*,*,#1672,.T.);
#2363=ORIENTED_EDGE('',*,*,#1676,.F.);
#2364=ORIENTED_EDGE('',*,*,#1677,.T.);
#2365=ORIENTED_EDGE('',*,*,#1667,.T.);
#2366=ORIENTED_EDGE('',*,*,#1673,.F.);
#2367=ORIENTED_EDGE('',*,*,#1669,.F.);
#2368=ORIENTED_EDGE('',*,*,#1678,.T.);
#2369=ORIENTED_EDGE('',*,*,#1674,.F.);
#2370=ORIENTED_EDGE('',*,*,#1671,.T.);
#2371=ORIENTED_EDGE('',*,*,#1678,.F.);
#2372=ORIENTED_EDGE('',*,*,#1668,.F.);
#2373=ORIENTED_EDGE('',*,*,#1677,.F.);
#2374=ORIENTED_EDGE('',*,*,#1675,.F.);
#2375=ORIENTED_EDGE('',*,*,#1679,.F.);
#2376=ORIENTED_EDGE('',*,*,#1680,.T.);
#2377=ORIENTED_EDGE('',*,*,#1681,.T.);
#2378=ORIENTED_EDGE('',*,*,#1682,.F.);
#2379=ORIENTED_EDGE('',*,*,#1683,.F.);
#2380=ORIENTED_EDGE('',*,*,#1684,.F.);
#2381=ORIENTED_EDGE('',*,*,#1685,.T.);
#2382=ORIENTED_EDGE('',*,*,#1682,.T.);
#2383=ORIENTED_EDGE('',*,*,#1686,.T.);
#2384=ORIENTED_EDGE('',*,*,#1687,.T.);
#2385=ORIENTED_EDGE('',*,*,#1688,.T.);
#2386=ORIENTED_EDGE('',*,*,#1684,.T.);
#2387=ORIENTED_EDGE('',*,*,#1688,.F.);
#2388=ORIENTED_EDGE('',*,*,#1689,.T.);
#2389=ORIENTED_EDGE('',*,*,#1679,.T.);
#2390=ORIENTED_EDGE('',*,*,#1685,.F.);
#2391=ORIENTED_EDGE('',*,*,#1681,.F.);
#2392=ORIENTED_EDGE('',*,*,#1690,.T.);
#2393=ORIENTED_EDGE('',*,*,#1686,.F.);
#2394=ORIENTED_EDGE('',*,*,#1683,.T.);
#2395=ORIENTED_EDGE('',*,*,#1690,.F.);
#2396=ORIENTED_EDGE('',*,*,#1680,.F.);
#2397=ORIENTED_EDGE('',*,*,#1689,.F.);
#2398=ORIENTED_EDGE('',*,*,#1687,.F.);
#2399=CYLINDRICAL_SURFACE('',#2624,0.302929204929915);
#2400=CYLINDRICAL_SURFACE('',#2662,0.30292920493077);
#2401=CYLINDRICAL_SURFACE('',#2665,0.302929204929916);
#2402=CYLINDRICAL_SURFACE('',#2671,0.302929204930843);
#2403=CYLINDRICAL_SURFACE('',#2706,2.5);
#2404=CYLINDRICAL_SURFACE('',#2711,0.302929204930837);
#2405=CYLINDRICAL_SURFACE('',#2737,0.30292920493083);
#2406=CYLINDRICAL_SURFACE('',#2742,0.302929204930759);
#2407=CYLINDRICAL_SURFACE('',#2743,0.302929204930829);
#2408=CYLINDRICAL_SURFACE('',#2748,2.5);
#2409=ADVANCED_FACE('',(#197),#2399,.F.);
#2410=ADVANCED_FACE('',(#198),#83,.T.);
#2411=ADVANCED_FACE('',(#199),#84,.T.);
#2412=ADVANCED_FACE('',(#200),#85,.T.);
#2413=ADVANCED_FACE('',(#201),#86,.T.);
#2414=ADVANCED_FACE('',(#202),#87,.T.);
#2415=ADVANCED_FACE('',(#203),#88,.T.);
#2416=ADVANCED_FACE('',(#204),#89,.T.);
#2417=ADVANCED_FACE('',(#205),#90,.T.);
#2418=ADVANCED_FACE('',(#206),#91,.T.);
#2419=ADVANCED_FACE('',(#207),#92,.F.);
#2420=ADVANCED_FACE('',(#208),#93,.F.);
#2421=ADVANCED_FACE('',(#209),#94,.T.);
#2422=ADVANCED_FACE('',(#210),#95,.F.);
#2423=ADVANCED_FACE('',(#211),#96,.F.);
#2424=ADVANCED_FACE('',(#212),#97,.T.);
#2425=ADVANCED_FACE('',(#213),#98,.T.);
#2426=ADVANCED_FACE('',(#214),#99,.F.);
#2427=ADVANCED_FACE('',(#215),#100,.T.);
#2428=ADVANCED_FACE('',(#216),#101,.T.);
#2429=ADVANCED_FACE('',(#217),#102,.T.);
#2430=ADVANCED_FACE('',(#218),#103,.T.);
#2431=ADVANCED_FACE('',(#219),#104,.T.);
#2432=ADVANCED_FACE('',(#220),#105,.T.);
#2433=ADVANCED_FACE('',(#221),#2400,.F.);
#2434=ADVANCED_FACE('',(#222),#106,.T.);
#2435=ADVANCED_FACE('',(#223),#2401,.F.);
#2436=ADVANCED_FACE('',(#224,#79),#107,.T.);
#2437=ADVANCED_FACE('',(#225),#108,.T.);
#2438=ADVANCED_FACE('',(#226),#2402,.F.);
#2439=ADVANCED_FACE('',(#227),#109,.T.);
#2440=ADVANCED_FACE('',(#228),#110,.T.);
#2441=ADVANCED_FACE('',(#229),#111,.T.);
#2442=ADVANCED_FACE('',(#230),#112,.T.);
#2443=ADVANCED_FACE('',(#231),#113,.T.);
#2444=ADVANCED_FACE('',(#232),#114,.T.);
#2445=ADVANCED_FACE('',(#233),#115,.T.);
#2446=ADVANCED_FACE('',(#234),#116,.T.);
#2447=ADVANCED_FACE('',(#235),#117,.T.);
#2448=ADVANCED_FACE('',(#236),#118,.T.);
#2449=ADVANCED_FACE('',(#237),#119,.T.);
#2450=ADVANCED_FACE('',(#238),#120,.T.);
#2451=ADVANCED_FACE('',(#239),#121,.T.);
#2452=ADVANCED_FACE('',(#240,#80,#81),#122,.T.);
#2453=ADVANCED_FACE('',(#241),#123,.T.);
#2454=ADVANCED_FACE('',(#242),#124,.T.);
#2455=ADVANCED_FACE('',(#243),#125,.F.);
#2456=ADVANCED_FACE('',(#244),#126,.T.);
#2457=ADVANCED_FACE('',(#245),#127,.T.);
#2458=ADVANCED_FACE('',(#246),#128,.F.);
#2459=ADVANCED_FACE('',(#247),#129,.T.);
#2460=ADVANCED_FACE('',(#248),#130,.T.);
#2461=ADVANCED_FACE('',(#249),#131,.F.);
#2462=ADVANCED_FACE('',(#250),#2403,.F.);
#2463=ADVANCED_FACE('',(#251),#132,.T.);
#2464=ADVANCED_FACE('',(#252),#2404,.F.);
#2465=ADVANCED_FACE('',(#253),#133,.T.);
#2466=ADVANCED_FACE('',(#254),#134,.T.);
#2467=ADVANCED_FACE('',(#255),#135,.T.);
#2468=ADVANCED_FACE('',(#256),#136,.T.);
#2469=ADVANCED_FACE('',(#257),#137,.T.);
#2470=ADVANCED_FACE('',(#258),#138,.T.);
#2471=ADVANCED_FACE('',(#259),#139,.T.);
#2472=ADVANCED_FACE('',(#260),#140,.F.);
#2473=ADVANCED_FACE('',(#261),#141,.T.);
#2474=ADVANCED_FACE('',(#262),#142,.T.);
#2475=ADVANCED_FACE('',(#263),#143,.T.);
#2476=ADVANCED_FACE('',(#264),#144,.T.);
#2477=ADVANCED_FACE('',(#265),#145,.T.);
#2478=ADVANCED_FACE('',(#266),#2405,.F.);
#2479=ADVANCED_FACE('',(#267),#146,.T.);
#2480=ADVANCED_FACE('',(#268,#82),#147,.T.);
#2481=ADVANCED_FACE('',(#269),#148,.T.);
#2482=ADVANCED_FACE('',(#270),#149,.T.);
#2483=ADVANCED_FACE('',(#271),#2406,.F.);
#2484=ADVANCED_FACE('',(#272),#2407,.F.);
#2485=ADVANCED_FACE('',(#273),#150,.T.);
#2486=ADVANCED_FACE('',(#274),#2408,.F.);
#2487=ADVANCED_FACE('',(#275),#151,.F.);
#2488=ADVANCED_FACE('',(#276),#152,.T.);
#2489=ADVANCED_FACE('',(#277),#153,.T.);
#2490=ADVANCED_FACE('',(#278),#154,.T.);
#2491=ADVANCED_FACE('',(#279),#155,.T.);
#2492=ADVANCED_FACE('',(#280),#156,.T.);
#2493=ADVANCED_FACE('',(#281),#157,.T.);
#2494=ADVANCED_FACE('',(#282),#158,.F.);
#2495=ADVANCED_FACE('',(#283),#159,.T.);
#2496=ADVANCED_FACE('',(#284),#160,.F.);
#2497=ADVANCED_FACE('',(#285),#161,.T.);
#2498=ADVANCED_FACE('',(#286),#162,.T.);
#2499=ADVANCED_FACE('',(#287),#163,.T.);
#2500=ADVANCED_FACE('',(#288),#164,.T.);
#2501=ADVANCED_FACE('',(#289),#165,.T.);
#2502=ADVANCED_FACE('',(#290),#166,.T.);
#2503=ADVANCED_FACE('',(#291),#39,.T.);
#2504=ADVANCED_FACE('',(#292),#40,.T.);
#2505=ADVANCED_FACE('',(#293),#167,.T.);
#2506=ADVANCED_FACE('',(#294),#168,.T.);
#2507=ADVANCED_FACE('',(#295),#169,.T.);
#2508=ADVANCED_FACE('',(#296),#170,.T.);
#2509=ADVANCED_FACE('',(#297),#171,.T.);
#2510=ADVANCED_FACE('',(#298),#172,.T.);
#2511=ADVANCED_FACE('',(#299),#41,.T.);
#2512=ADVANCED_FACE('',(#300),#42,.T.);
#2513=ADVANCED_FACE('',(#301),#173,.T.);
#2514=ADVANCED_FACE('',(#302),#174,.T.);
#2515=ADVANCED_FACE('',(#303),#175,.T.);
#2516=ADVANCED_FACE('',(#304),#176,.T.);
#2517=ADVANCED_FACE('',(#305),#177,.T.);
#2518=ADVANCED_FACE('',(#306),#178,.T.);
#2519=ADVANCED_FACE('',(#307),#179,.T.);
#2520=ADVANCED_FACE('',(#308),#180,.T.);
#2521=ADVANCED_FACE('',(#309),#181,.T.);
#2522=ADVANCED_FACE('',(#310),#182,.T.);
#2523=ADVANCED_FACE('',(#311),#183,.T.);
#2524=ADVANCED_FACE('',(#312),#184,.T.);
#2525=ADVANCED_FACE('',(#313),#185,.T.);
#2526=ADVANCED_FACE('',(#314),#186,.T.);
#2527=ADVANCED_FACE('',(#315),#187,.T.);
#2528=ADVANCED_FACE('',(#316),#188,.T.);
#2529=ADVANCED_FACE('',(#317),#189,.T.);
#2530=ADVANCED_FACE('',(#318),#190,.T.);
#2531=ADVANCED_FACE('',(#319),#191,.T.);
#2532=ADVANCED_FACE('',(#320),#192,.T.);
#2533=ADVANCED_FACE('',(#321),#193,.T.);
#2534=ADVANCED_FACE('',(#322),#194,.T.);
#2535=ADVANCED_FACE('',(#323),#195,.T.);
#2536=ADVANCED_FACE('',(#324),#196,.T.);
#2537=CLOSED_SHELL('',(#2409,#2410,#2411,#2412,#2413,#2414,#2415,#2416,
#2417,#2418,#2419,#2420,#2421,#2422,#2423,#2424,#2425,#2426,#2427,#2428,
#2429,#2430,#2431,#2432,#2433,#2434,#2435,#2436,#2437,#2438,#2439,#2440,
#2441,#2442,#2443,#2444,#2445,#2446,#2447,#2448,#2449,#2450,#2451,#2452,
#2453,#2454,#2455,#2456,#2457,#2458,#2459,#2460,#2461,#2462,#2463,#2464,
#2465,#2466,#2467,#2468,#2469,#2470,#2471,#2472,#2473,#2474,#2475,#2476,
#2477,#2478,#2479,#2480,#2481,#2482,#2483,#2484,#2485,#2486,#2487,#2488,
#2489,#2490,#2491,#2492,#2493,#2494,#2495,#2496));
#2538=CLOSED_SHELL('',(#2497,#2498,#2499,#2500,#2501,#2502,#2503,#2504));
#2539=CLOSED_SHELL('',(#2505,#2506,#2507,#2508,#2509,#2510,#2511,#2512));
#2540=CLOSED_SHELL('',(#2513,#2514,#2515,#2516,#2517,#2518));
#2541=CLOSED_SHELL('',(#2519,#2520,#2521,#2522,#2523,#2524));
#2542=CLOSED_SHELL('',(#2525,#2526,#2527,#2528,#2529,#2530));
#2543=CLOSED_SHELL('',(#2531,#2532,#2533,#2534,#2535,#2536));
#2544=DERIVED_UNIT_ELEMENT(#2558,1.);
#2545=DERIVED_UNIT_ELEMENT(#4325,-3.);
#2546=DERIVED_UNIT_ELEMENT(#2558,1.);
#2547=DERIVED_UNIT_ELEMENT(#4325,-3.);
#2548=DERIVED_UNIT_ELEMENT(#2558,1.);
#2549=DERIVED_UNIT_ELEMENT(#4325,-3.);
#2550=DERIVED_UNIT_ELEMENT(#2558,1.);
#2551=DERIVED_UNIT_ELEMENT(#4325,-3.);
#2552=DERIVED_UNIT_ELEMENT(#2558,1.);
#2553=DERIVED_UNIT_ELEMENT(#4325,-3.);
#2554=DERIVED_UNIT_ELEMENT(#2558,1.);
#2555=DERIVED_UNIT_ELEMENT(#4325,-3.);
#2556=DERIVED_UNIT_ELEMENT(#2558,1.);
#2557=DERIVED_UNIT_ELEMENT(#4325,-3.);
#2558=(
MASS_UNIT()
NAMED_UNIT(*)
SI_UNIT(.KILO.,.GRAM.)
);
#2559=DERIVED_UNIT((#2544,#2545));
#2560=DERIVED_UNIT((#2546,#2547));
#2561=DERIVED_UNIT((#2548,#2549));
#2562=DERIVED_UNIT((#2550,#2551));
#2563=DERIVED_UNIT((#2552,#2553));
#2564=DERIVED_UNIT((#2554,#2555));
#2565=DERIVED_UNIT((#2556,#2557));
#2566=MEASURE_REPRESENTATION_ITEM('density measure',
POSITIVE_RATIO_MEASURE(7850.),#2559);
#2567=MEASURE_REPRESENTATION_ITEM('density measure',
POSITIVE_RATIO_MEASURE(7850.),#2560);
#2568=MEASURE_REPRESENTATION_ITEM('density measure',
POSITIVE_RATIO_MEASURE(7850.),#2561);
#2569=MEASURE_REPRESENTATION_ITEM('density measure',
POSITIVE_RATIO_MEASURE(7850.),#2562);
#2570=MEASURE_REPRESENTATION_ITEM('density measure',
POSITIVE_RATIO_MEASURE(7850.),#2563);
#2571=MEASURE_REPRESENTATION_ITEM('density measure',
POSITIVE_RATIO_MEASURE(7850.),#2564);
#2572=MEASURE_REPRESENTATION_ITEM('density measure',
POSITIVE_RATIO_MEASURE(7850.),#2565);
#2573=PROPERTY_DEFINITION_REPRESENTATION(#2608,#2587);
#2574=PROPERTY_DEFINITION_REPRESENTATION(#2609,#2588);
#2575=PROPERTY_DEFINITION_REPRESENTATION(#2610,#2589);
#2576=PROPERTY_DEFINITION_REPRESENTATION(#2611,#2590);
#2577=PROPERTY_DEFINITION_REPRESENTATION(#2612,#2591);
#2578=PROPERTY_DEFINITION_REPRESENTATION(#2613,#2592);
#2579=PROPERTY_DEFINITION_REPRESENTATION(#2614,#2593);
#2580=PROPERTY_DEFINITION_REPRESENTATION(#2615,#2594);
#2581=PROPERTY_DEFINITION_REPRESENTATION(#2616,#2595);
#2582=PROPERTY_DEFINITION_REPRESENTATION(#2617,#2596);
#2583=PROPERTY_DEFINITION_REPRESENTATION(#2618,#2597);
#2584=PROPERTY_DEFINITION_REPRESENTATION(#2619,#2598);
#2585=PROPERTY_DEFINITION_REPRESENTATION(#2620,#2599);
#2586=PROPERTY_DEFINITION_REPRESENTATION(#2621,#2600);
#2587=REPRESENTATION('material name',(#2601),#4316);
#2588=REPRESENTATION('density',(#2566),#4316);
#2589=REPRESENTATION('material name',(#2602),#4317);
#2590=REPRESENTATION('density',(#2567),#4317);
#2591=REPRESENTATION('material name',(#2603),#4318);
#2592=REPRESENTATION('density',(#2568),#4318);
#2593=REPRESENTATION('material name',(#2604),#4319);
#2594=REPRESENTATION('density',(#2569),#4319);
#2595=REPRESENTATION('material name',(#2605),#4320);
#2596=REPRESENTATION('density',(#2570),#4320);
#2597=REPRESENTATION('material name',(#2606),#4321);
#2598=REPRESENTATION('density',(#2571),#4321);
#2599=REPRESENTATION('material name',(#2607),#4322);
#2600=REPRESENTATION('density',(#2572),#4322);
#2601=DESCRIPTIVE_REPRESENTATION_ITEM('Steel','Steel');
#2602=DESCRIPTIVE_REPRESENTATION_ITEM('Steel','Steel');
#2603=DESCRIPTIVE_REPRESENTATION_ITEM('Steel','Steel');
#2604=DESCRIPTIVE_REPRESENTATION_ITEM('Steel','Steel');
#2605=DESCRIPTIVE_REPRESENTATION_ITEM('Steel','Steel');
#2606=DESCRIPTIVE_REPRESENTATION_ITEM('Steel','Steel');
#2607=DESCRIPTIVE_REPRESENTATION_ITEM('Steel','Steel');
#2608=PROPERTY_DEFINITION('material property','material name',#4361);
#2609=PROPERTY_DEFINITION('material property','density of part',#4361);
#2610=PROPERTY_DEFINITION('material property','material name',#4362);
#2611=PROPERTY_DEFINITION('material property','density of part',#4362);
#2612=PROPERTY_DEFINITION('material property','material name',#4363);
#2613=PROPERTY_DEFINITION('material property','density of part',#4363);
#2614=PROPERTY_DEFINITION('material property','material name',#4364);
#2615=PROPERTY_DEFINITION('material property','density of part',#4364);
#2616=PROPERTY_DEFINITION('material property','material name',#4365);
#2617=PROPERTY_DEFINITION('material property','density of part',#4365);
#2618=PROPERTY_DEFINITION('material property','material name',#4366);
#2619=PROPERTY_DEFINITION('material property','density of part',#4366);
#2620=PROPERTY_DEFINITION('material property','material name',#4367);
#2621=PROPERTY_DEFINITION('material property','density of part',#4367);
#2622=AXIS2_PLACEMENT_3D('',#3481,#2809,#2810);
#2623=AXIS2_PLACEMENT_3D('',#3482,#2811,#2812);
#2624=AXIS2_PLACEMENT_3D('',#3483,#2813,#2814);
#2625=AXIS2_PLACEMENT_3D('',#3486,#2815,#2816);
#2626=AXIS2_PLACEMENT_3D('',#3490,#2818,#2819);
#2627=AXIS2_PLACEMENT_3D('',#3494,#2821,#2822);
#2628=AXIS2_PLACEMENT_3D('',#3498,#2824,#2825);
#2629=AXIS2_PLACEMENT_3D('',#3500,#2827,#2828);
#2630=AXIS2_PLACEMENT_3D('',#3514,#2836,#2837);
#2631=AXIS2_PLACEMENT_3D('',#3523,#2842,#2843);
#2632=AXIS2_PLACEMENT_3D('',#3530,#2846,#2847);
#2633=AXIS2_PLACEMENT_3D('',#3532,#2849,#2850);
#2634=AXIS2_PLACEMENT_3D('',#3561,#2865,#2866);
#2635=AXIS2_PLACEMENT_3D('',#3566,#2869,#2870);
#2636=AXIS2_PLACEMENT_3D('',#3567,#2871,#2872);
#2637=AXIS2_PLACEMENT_3D('',#3573,#2876,#2877);
#2638=AXIS2_PLACEMENT_3D('',#3579,#2881,#2882);
#2639=AXIS2_PLACEMENT_3D('',#3584,#2885,#2886);
#2640=AXIS2_PLACEMENT_3D('',#3585,#2887,#2888);
#2641=AXIS2_PLACEMENT_3D('',#3591,#2892,#2893);
#2642=AXIS2_PLACEMENT_3D('',#3600,#2898,#2899);
#2643=AXIS2_PLACEMENT_3D('',#3605,#2901,#2902);
#2644=AXIS2_PLACEMENT_3D('',#3617,#2908,#2909);
#2645=AXIS2_PLACEMENT_3D('',#3619,#2911,#2912);
#2646=AXIS2_PLACEMENT_3D('',#3628,#2917,#2918);
#2647=AXIS2_PLACEMENT_3D('',#3634,#2922,#2923);
#2648=AXIS2_PLACEMENT_3D('',#3640,#2927,#2928);
#2649=AXIS2_PLACEMENT_3D('',#3642,#2929,#2930);
#2650=AXIS2_PLACEMENT_3D('',#3644,#2932,#2933);
#2651=AXIS2_PLACEMENT_3D('',#3648,#2936,#2937);
#2652=AXIS2_PLACEMENT_3D('',#3654,#2940,#2941);
#2653=AXIS2_PLACEMENT_3D('',#3660,#2945,#2946);
#2654=AXIS2_PLACEMENT_3D('',#3661,#2947,#2948);
#2655=AXIS2_PLACEMENT_3D('',#3667,#2952,#2953);
#2656=AXIS2_PLACEMENT_3D('',#3673,#2957,#2958);
#2657=AXIS2_PLACEMENT_3D('',#3679,#2961,#2962);
#2658=AXIS2_PLACEMENT_3D('',#3681,#2964,#2965);
#2659=AXIS2_PLACEMENT_3D('',#3687,#2969,#2970);
#2660=AXIS2_PLACEMENT_3D('',#3688,#2971,#2972);
#2661=AXIS2_PLACEMENT_3D('',#3690,#2974,#2975);
#2662=AXIS2_PLACEMENT_3D('',#3696,#2979,#2980);
#2663=AXIS2_PLACEMENT_3D('',#3698,#2981,#2982);
#2664=AXIS2_PLACEMENT_3D('',#3700,#2984,#2985);
#2665=AXIS2_PLACEMENT_3D('',#3710,#2991,#2992);
#2666=AXIS2_PLACEMENT_3D('',#3712,#2993,#2994);
#2667=AXIS2_PLACEMENT_3D('',#3714,#2995,#2996);
#2668=AXIS2_PLACEMENT_3D('',#3718,#2998,#2999);
#2669=AXIS2_PLACEMENT_3D('',#3720,#3001,#3002);
#2670=AXIS2_PLACEMENT_3D('',#3734,#3010,#3011);
#2671=AXIS2_PLACEMENT_3D('',#3760,#3025,#3026);
#2672=AXIS2_PLACEMENT_3D('',#3762,#3027,#3028);
#2673=AXIS2_PLACEMENT_3D('',#3765,#3030,#3031);
#2674=AXIS2_PLACEMENT_3D('',#3766,#3032,#3033);
#2675=AXIS2_PLACEMENT_3D('',#3770,#3036,#3037);
#2676=AXIS2_PLACEMENT_3D('',#3774,#3040,#3041);
#2677=AXIS2_PLACEMENT_3D('',#3778,#3044,#3045);
#2678=AXIS2_PLACEMENT_3D('',#3782,#3048,#3049);
#2679=AXIS2_PLACEMENT_3D('',#3786,#3052,#3053);
#2680=AXIS2_PLACEMENT_3D('',#3792,#3057,#3058);
#2681=AXIS2_PLACEMENT_3D('',#3796,#3061,#3062);
#2682=AXIS2_PLACEMENT_3D('',#3800,#3064,#3065);
#2683=AXIS2_PLACEMENT_3D('',#3802,#3067,#3068);
#2684=AXIS2_PLACEMENT_3D('',#3808,#3072,#3073);
#2685=AXIS2_PLACEMENT_3D('',#3812,#3076,#3077);
#2686=AXIS2_PLACEMENT_3D('',#3815,#3079,#3080);
#2687=AXIS2_PLACEMENT_3D('',#3816,#3081,#3082);
#2688=AXIS2_PLACEMENT_3D('',#3822,#3086,#3087);
#2689=AXIS2_PLACEMENT_3D('',#3825,#3090,#3091);
#2690=AXIS2_PLACEMENT_3D('',#3836,#3097,#3098);
#2691=AXIS2_PLACEMENT_3D('',#3838,#3099,#3100);
#2692=AXIS2_PLACEMENT_3D('',#3839,#3101,#3102);
#2693=AXIS2_PLACEMENT_3D('',#3843,#3105,#3106);
#2694=AXIS2_PLACEMENT_3D('',#3847,#3109,#3110);
#2695=AXIS2_PLACEMENT_3D('',#3853,#3114,#3115);
#2696=AXIS2_PLACEMENT_3D('',#3855,#3116,#3117);
#2697=AXIS2_PLACEMENT_3D('',#3858,#3119,#3120);
#2698=AXIS2_PLACEMENT_3D('',#3859,#3121,#3122);
#2699=AXIS2_PLACEMENT_3D('',#3861,#3124,#3125);
#2700=AXIS2_PLACEMENT_3D('',#3863,#3126,#3127);
#2701=AXIS2_PLACEMENT_3D('',#3865,#3128,#3129);
#2702=AXIS2_PLACEMENT_3D('',#3868,#3132,#3133);
#2703=AXIS2_PLACEMENT_3D('',#3871,#3135,#3136);
#2704=AXIS2_PLACEMENT_3D('',#3872,#3137,#3138);
#2705=AXIS2_PLACEMENT_3D('',#3876,#3141,#3142);
#2706=AXIS2_PLACEMENT_3D('',#3882,#3146,#3147);
#2707=AXIS2_PLACEMENT_3D('',#3884,#3148,#3149);
#2708=AXIS2_PLACEMENT_3D('',#3890,#3153,#3154);
#2709=AXIS2_PLACEMENT_3D('',#3893,#3156,#3157);
#2710=AXIS2_PLACEMENT_3D('',#3894,#3158,#3159);
#2711=AXIS2_PLACEMENT_3D('',#3901,#3164,#3165);
#2712=AXIS2_PLACEMENT_3D('',#3905,#3167,#3168);
#2713=AXIS2_PLACEMENT_3D('',#3909,#3170,#3171);
#2714=AXIS2_PLACEMENT_3D('',#3912,#3173,#3174);
#2715=AXIS2_PLACEMENT_3D('',#3913,#3175,#3176);
#2716=AXIS2_PLACEMENT_3D('',#3917,#3180,#3181);
#2717=AXIS2_PLACEMENT_3D('',#3922,#3185,#3186);
#2718=AXIS2_PLACEMENT_3D('',#3924,#3188,#3189);
#2719=AXIS2_PLACEMENT_3D('',#3927,#3191,#3192);
#2720=AXIS2_PLACEMENT_3D('',#3928,#3193,#3194);
#2721=AXIS2_PLACEMENT_3D('',#3933,#3198,#3199);
#2722=AXIS2_PLACEMENT_3D('',#3936,#3201,#3202);
#2723=AXIS2_PLACEMENT_3D('',#3937,#3203,#3204);
#2724=AXIS2_PLACEMENT_3D('',#3940,#3206,#3207);
#2725=AXIS2_PLACEMENT_3D('',#3942,#3209,#3210);
#2726=AXIS2_PLACEMENT_3D('',#3944,#3211,#3212);
#2727=AXIS2_PLACEMENT_3D('',#3946,#3214,#3215);
#2728=AXIS2_PLACEMENT_3D('',#3948,#3216,#3217);
#2729=AXIS2_PLACEMENT_3D('',#3949,#3218,#3219);
#2730=AXIS2_PLACEMENT_3D('',#3950,#3220,#3221);
#2731=AXIS2_PLACEMENT_3D('',#3954,#3224,#3225);
#2732=AXIS2_PLACEMENT_3D('',#3957,#3227,#3228);
#2733=AXIS2_PLACEMENT_3D('',#3958,#3229,#3230);
#2734=AXIS2_PLACEMENT_3D('',#3962,#3233,#3234);
#2735=AXIS2_PLACEMENT_3D('',#3965,#3236,#3237);
#2736=AXIS2_PLACEMENT_3D('',#3966,#3238,#3239);
#2737=AXIS2_PLACEMENT_3D('',#3968,#3241,#3242);
#2738=AXIS2_PLACEMENT_3D('',#3970,#3244,#3245);
#2739=AXIS2_PLACEMENT_3D('',#3971,#3246,#3247);
#2740=AXIS2_PLACEMENT_3D('',#3981,#3253,#3254);
#2741=AXIS2_PLACEMENT_3D('',#3982,#3255,#3256);
#2742=AXIS2_PLACEMENT_3D('',#3984,#3258,#3259);
#2743=AXIS2_PLACEMENT_3D('',#3985,#3260,#3261);
#2744=AXIS2_PLACEMENT_3D('',#3987,#3262,#3263);
#2745=AXIS2_PLACEMENT_3D('',#3991,#3265,#3266);
#2746=AXIS2_PLACEMENT_3D('',#3994,#3268,#3269);
#2747=AXIS2_PLACEMENT_3D('',#3995,#3270,#3271);
#2748=AXIS2_PLACEMENT_3D('',#3996,#3272,#3273);
#2749=AXIS2_PLACEMENT_3D('',#4000,#3275,#3276);
#2750=AXIS2_PLACEMENT_3D('',#4003,#3279,#3280);
#2751=AXIS2_PLACEMENT_3D('',#4005,#3282,#3283);
#2752=AXIS2_PLACEMENT_3D('',#4009,#3287,#3288);
#2753=AXIS2_PLACEMENT_3D('',#4011,#3290,#3291);
#2754=AXIS2_PLACEMENT_3D('',#4013,#3293,#3294);
#2755=AXIS2_PLACEMENT_3D('',#4014,#3295,#3296);
#2756=AXIS2_PLACEMENT_3D('',#4016,#3298,#3299);
#2757=AXIS2_PLACEMENT_3D('',#4017,#3300,#3301);
#2758=AXIS2_PLACEMENT_3D('',#4018,#3302,#3303);
#2759=AXIS2_PLACEMENT_3D('',#4020,#3305,#3306);
#2760=AXIS2_PLACEMENT_3D('',#4021,#3307,#3308);
#2761=AXIS2_PLACEMENT_3D('',#4022,#3309,#3310);
#2762=AXIS2_PLACEMENT_3D('',#4031,#3315,#3316);
#2763=AXIS2_PLACEMENT_3D('',#4040,#3321,#3322);
#2764=AXIS2_PLACEMENT_3D('',#4065,#3325,#3326);
#2765=AXIS2_PLACEMENT_3D('',#4090,#3329,#3330);
#2766=AXIS2_PLACEMENT_3D('',#4092,#3332,#3333);
#2767=AXIS2_PLACEMENT_3D('',#4106,#3335,#3336);
#2768=AXIS2_PLACEMENT_3D('',#4107,#3337,#3338);
#2769=AXIS2_PLACEMENT_3D('',#4116,#3343,#3344);
#2770=AXIS2_PLACEMENT_3D('',#4125,#3349,#3350);
#2771=AXIS2_PLACEMENT_3D('',#4150,#3353,#3354);
#2772=AXIS2_PLACEMENT_3D('',#4175,#3357,#3358);
#2773=AXIS2_PLACEMENT_3D('',#4177,#3360,#3361);
#2774=AXIS2_PLACEMENT_3D('',#4191,#3363,#3364);
#2775=AXIS2_PLACEMENT_3D('',#4192,#3365,#3366);
#2776=AXIS2_PLACEMENT_3D('',#4201,#3371,#3372);
#2777=AXIS2_PLACEMENT_3D('',#4207,#3376,#3377);
#2778=AXIS2_PLACEMENT_3D('',#4213,#3381,#3382);
#2779=AXIS2_PLACEMENT_3D('',#4215,#3384,#3385);
#2780=AXIS2_PLACEMENT_3D('',#4217,#3387,#3388);
#2781=AXIS2_PLACEMENT_3D('',#4218,#3389,#3390);
#2782=AXIS2_PLACEMENT_3D('',#4219,#3391,#3392);
#2783=AXIS2_PLACEMENT_3D('',#4228,#3397,#3398);
#2784=AXIS2_PLACEMENT_3D('',#4234,#3402,#3403);
#2785=AXIS2_PLACEMENT_3D('',#4240,#3407,#3408);
#2786=AXIS2_PLACEMENT_3D('',#4242,#3410,#3411);
#2787=AXIS2_PLACEMENT_3D('',#4244,#3413,#3414);
#2788=AXIS2_PLACEMENT_3D('',#4245,#3415,#3416);
#2789=AXIS2_PLACEMENT_3D('',#4246,#3417,#3418);
#2790=AXIS2_PLACEMENT_3D('',#4255,#3423,#3424);
#2791=AXIS2_PLACEMENT_3D('',#4261,#3428,#3429);
#2792=AXIS2_PLACEMENT_3D('',#4267,#3433,#3434);
#2793=AXIS2_PLACEMENT_3D('',#4269,#3436,#3437);
#2794=AXIS2_PLACEMENT_3D('',#4271,#3439,#3440);
#2795=AXIS2_PLACEMENT_3D('',#4272,#3441,#3442);
#2796=AXIS2_PLACEMENT_3D('',#4273,#3443,#3444);
#2797=AXIS2_PLACEMENT_3D('',#4282,#3449,#3450);
#2798=AXIS2_PLACEMENT_3D('',#4288,#3454,#3455);
#2799=AXIS2_PLACEMENT_3D('',#4294,#3459,#3460);
#2800=AXIS2_PLACEMENT_3D('',#4296,#3462,#3463);
#2801=AXIS2_PLACEMENT_3D('',#4298,#3465,#3466);
#2802=AXIS2_PLACEMENT_3D('',#4299,#3467,#3468);
#2803=AXIS2_PLACEMENT_3D('',#4300,#3469,#3470);
#2804=AXIS2_PLACEMENT_3D('',#4301,#3471,#3472);
#2805=AXIS2_PLACEMENT_3D('',#4302,#3473,#3474);
#2806=AXIS2_PLACEMENT_3D('',#4303,#3475,#3476);
#2807=AXIS2_PLACEMENT_3D('',#4304,#3477,#3478);
#2808=AXIS2_PLACEMENT_3D('',#4305,#3479,#3480);
#2809=DIRECTION('axis',(0.,0.,1.));
#2810=DIRECTION('refdir',(1.,0.,0.));
#2811=DIRECTION('axis',(0.,0.,1.));
#2812=DIRECTION('refdir',(1.,0.,0.));
#2813=DIRECTION('center_axis',(0.,0.,-1.));
#2814=DIRECTION('ref_axis',(-0.707106781187713,0.707106781185382,0.));
#2815=DIRECTION('center_axis',(0.,0.,-1.));
#2816=DIRECTION('ref_axis',(-0.707106781187713,0.707106781185382,0.));
#2817=DIRECTION('',(0.,0.,-1.));
#2818=DIRECTION('center_axis',(0.,0.,-1.));
#2819=DIRECTION('ref_axis',(-1.38535438801518E-12,1.,0.));
#2820=DIRECTION('',(0.,0.,1.));
#2821=DIRECTION('center_axis',(0.,0.,-1.));
#2822=DIRECTION('ref_axis',(-0.942809041408124,0.333333333825309,0.));
#2823=DIRECTION('',(0.,0.,-1.));
#2824=DIRECTION('center_axis',(0.,0.,1.));
#2825=DIRECTION('ref_axis',(-1.,-8.79590087624016E-14,0.));
#2826=DIRECTION('',(0.,0.,1.));
#2827=DIRECTION('center_axis',(-1.,0.,0.));
#2828=DIRECTION('ref_axis',(0.,0.,-1.));
#2829=DIRECTION('',(0.,-1.,0.));
#2830=DIRECTION('',(0.,0.,-1.));
#2831=DIRECTION('',(0.,-1.,0.));
#2832=DIRECTION('',(0.,0.,1.));
#2833=DIRECTION('',(0.,-1.,0.));
#2834=DIRECTION('',(0.,0.,1.));
#2835=DIRECTION('',(0.,1.,0.));
#2836=DIRECTION('center_axis',(1.,5.995885853104E-30,5.06182320652E-30));
#2837=DIRECTION('ref_axis',(-5.995885853104E-30,1.,-2.39269462459448E-76));
#2838=DIRECTION('',(-5.06182320652E-30,5.06182320652E-30,1.));
#2839=DIRECTION('',(0.,1.,0.));
#2840=DIRECTION('',(0.,0.,1.));
#2841=DIRECTION('',(0.,1.,0.));
#2842=DIRECTION('center_axis',(-3.972125863759E-33,1.54394938698E-29,1.));
#2843=DIRECTION('ref_axis',(0.,1.,-1.54394938698E-29));
#2844=DIRECTION('',(0.707106781186548,0.707106781186548,-1.09145620962897E-29));
#2845=DIRECTION('',(1.,0.,0.));
#2846=DIRECTION('center_axis',(0.,0.,1.));
#2847=DIRECTION('ref_axis',(8.79590087624016E-14,-1.,0.));
#2848=DIRECTION('',(0.,-1.,0.));
#2849=DIRECTION('center_axis',(-0.707106781186548,0.707106781186548,0.));
#2850=DIRECTION('ref_axis',(0.707106781186548,0.707106781186548,0.));
#2851=DIRECTION('',(0.,0.,1.));
#2852=DIRECTION('',(0.707106781186548,0.707106781186548,-8.75700331716053E-19));
#2853=DIRECTION('',(4.863320335676E-30,4.863320335676E-30,1.));
#2854=DIRECTION('',(-0.707106781186548,-0.707106781186548,8.75700331711817E-19));
#2855=DIRECTION('',(0.,0.,1.));
#2856=DIRECTION('',(-0.707106781186548,-0.707106781186548,1.2302034888234E-18));
#2857=DIRECTION('',(0.,0.,-1.));
#2858=DIRECTION('',(-0.707106781186548,-0.707106781186548,0.));
#2859=DIRECTION('',(0.,0.,1.));
#2860=DIRECTION('',(-0.707106781186547,-0.707106781186547,0.));
#2861=DIRECTION('',(0.,0.,-1.));
#2862=DIRECTION('',(0.707106781186548,0.707106781186548,3.3502975790484E-34));
#2863=DIRECTION('',(0.,0.,-1.));
#2864=DIRECTION('',(-0.707106781186548,-0.707106781186548,0.));
#2865=DIRECTION('center_axis',(7.450660370853E-20,-1.31293388939E-18,-1.));
#2866=DIRECTION('ref_axis',(0.,-1.,1.31293388939E-18));
#2867=DIRECTION('',(0.707106781186548,-0.707106781186548,9.81068581162778E-19));
#2868=DIRECTION('',(1.,0.,0.));
#2869=DIRECTION('center_axis',(0.,0.,-1.));
#2870=DIRECTION('ref_axis',(-1.83247934922107E-14,1.,0.));
#2871=DIRECTION('center_axis',(-9.380824734267E-33,1.,0.));
#2872=DIRECTION('ref_axis',(1.,9.380824734267E-33,0.));
#2873=DIRECTION('',(0.,0.,-1.));
#2874=DIRECTION('',(-1.,-9.380824734267E-33,0.));
#2875=DIRECTION('',(0.,0.,1.));
#2876=DIRECTION('center_axis',(0.,-1.,0.));
#2877=DIRECTION('ref_axis',(0.,0.,-1.));
#2878=DIRECTION('',(0.,0.,1.));
#2879=DIRECTION('',(1.,0.,0.));
#2880=DIRECTION('',(0.,0.,-1.));
#2881=DIRECTION('center_axis',(-1.739770458378E-18,5.255456429514E-30,-1.));
#2882=DIRECTION('ref_axis',(-1.,-3.11645510056255E-64,1.739770458378E-18));
#2883=DIRECTION('',(0.707106781186548,-0.707106781186548,-1.23020348883083E-18));
#2884=DIRECTION('',(1.,0.,0.));
#2885=DIRECTION('center_axis',(0.,0.,-1.));
#2886=DIRECTION('ref_axis',(-1.,2.63877026288174E-13,0.));
#2887=DIRECTION('center_axis',(0.,1.,0.));
#2888=DIRECTION('ref_axis',(0.,0.,1.));
#2889=DIRECTION('',(0.,0.,-1.));
#2890=DIRECTION('',(-1.,0.,0.));
#2891=DIRECTION('',(0.,0.,1.));
#2892=DIRECTION('center_axis',(0.,1.,0.));
#2893=DIRECTION('ref_axis',(0.,0.,1.));
#2894=DIRECTION('',(0.,0.,1.));
#2895=DIRECTION('',(1.,0.,0.));
#2896=DIRECTION('',(0.,0.,-1.));
#2897=DIRECTION('',(1.,0.,0.));
#2898=DIRECTION('center_axis',(0.,0.,1.));
#2899=DIRECTION('ref_axis',(1.,0.,0.));
#2900=DIRECTION('',(0.,-1.,0.));
#2901=DIRECTION('center_axis',(0.,0.,1.));
#2902=DIRECTION('ref_axis',(0.707106781186548,-0.707106781186548,0.));
#2903=DIRECTION('',(0.,1.,0.));
#2904=DIRECTION('',(1.,0.,0.));
#2905=DIRECTION('',(0.,-1.,0.));
#2906=DIRECTION('',(-0.707106781186547,-0.707106781186547,0.));
#2907=DIRECTION('',(1.,0.,0.));
#2908=DIRECTION('center_axis',(0.,0.,1.));
#2909=DIRECTION('ref_axis',(1.,0.,0.));
#2910=DIRECTION('',(1.,0.,0.));
#2911=DIRECTION('center_axis',(0.,1.,0.));
#2912=DIRECTION('ref_axis',(0.,0.,1.));
#2913=DIRECTION('',(0.,0.,1.));
#2914=DIRECTION('',(1.,0.,0.));
#2915=DIRECTION('',(0.,0.,-1.));
#2916=DIRECTION('',(-1.,0.,0.));
#2917=DIRECTION('center_axis',(0.,1.,0.));
#2918=DIRECTION('ref_axis',(0.,0.,1.));
#2919=DIRECTION('',(0.,0.,1.));
#2920=DIRECTION('',(0.,0.,-1.));
#2921=DIRECTION('',(1.,0.,0.));
#2922=DIRECTION('center_axis',(0.,1.,0.));
#2923=DIRECTION('ref_axis',(0.,0.,1.));
#2924=DIRECTION('',(0.,0.,1.));
#2925=DIRECTION('',(0.,0.,-1.));
#2926=DIRECTION('',(1.,0.,0.));
#2927=DIRECTION('center_axis',(-1.941521240897E-17,-3.519443672328E-19,
-1.));
#2928=DIRECTION('ref_axis',(-1.,5.49378888432953E-52,1.941521240897E-17));
#2929=DIRECTION('center_axis',(0.,0.,-1.));
#2930=DIRECTION('ref_axis',(1.3853543880152E-12,-1.,0.));
#2931=DIRECTION('',(0.,-1.,0.));
#2932=DIRECTION('center_axis',(1.,-5.464713477698E-33,3.912338674446E-29));
#2933=DIRECTION('ref_axis',(-3.912338674446E-29,0.,1.));
#2934=DIRECTION('',(0.,-1.,0.));
#2935=DIRECTION('',(0.,0.,-1.));
#2936=DIRECTION('center_axis',(0.,0.,1.));
#2937=DIRECTION('ref_axis',(1.,0.,0.));
#2938=DIRECTION('',(0.,-1.,0.));
#2939=DIRECTION('',(1.,0.,0.));
#2940=DIRECTION('center_axis',(0.,0.,1.));
#2941=DIRECTION('ref_axis',(1.,0.,0.));
#2942=DIRECTION('',(0.707106781186548,-0.707106781186548,0.));
#2943=DIRECTION('',(0.,-1.,0.));
#2944=DIRECTION('',(0.,1.,0.));
#2945=DIRECTION('center_axis',(0.,0.,1.));
#2946=DIRECTION('ref_axis',(0.707106781186544,0.707106781186551,0.));
#2947=DIRECTION('center_axis',(0.,1.,0.));
#2948=DIRECTION('ref_axis',(0.,0.,1.));
#2949=DIRECTION('',(0.,0.,-1.));
#2950=DIRECTION('',(-1.,0.,0.));
#2951=DIRECTION('',(0.,0.,1.));
#2952=DIRECTION('center_axis',(-5.995885853104E-30,-1.,4.863320335676E-30));
#2953=DIRECTION('ref_axis',(-1.,5.995885853104E-30,0.));
#2954=DIRECTION('',(-1.,0.,0.));
#2955=DIRECTION('',(0.,0.,-1.));
#2956=DIRECTION('',(-1.,0.,0.));
#2957=DIRECTION('center_axis',(-2.533913349662E-18,1.477895753699E-19,1.));
#2958=DIRECTION('ref_axis',(1.,-1.99326107247361E-53,2.533913349662E-18));
#2959=DIRECTION('',(0.,-1.,0.));
#2960=DIRECTION('',(-1.,0.,0.));
#2961=DIRECTION('center_axis',(-6.27051516414939E-14,-1.07585031771964E-14,
1.));
#2962=DIRECTION('ref_axis',(-0.942809041408124,-0.333333333825309,-6.23042978733678E-14));
#2963=DIRECTION('',(0.,1.,0.));
#2964=DIRECTION('center_axis',(-5.995885853104E-30,1.,5.06182320652E-30));
#2965=DIRECTION('ref_axis',(1.,5.995885853104E-30,0.));
#2966=DIRECTION('',(0.,0.,1.));
#2967=DIRECTION('',(-1.,0.,0.));
#2968=DIRECTION('',(0.,0.,1.));
#2969=DIRECTION('center_axis',(-8.987065258768E-30,-9.492878013641E-33,
-1.));
#2970=DIRECTION('ref_axis',(-1.,-2.41377627196759E-78,8.987065258768E-30));
#2971=DIRECTION('center_axis',(0.,0.,-1.));
#2972=DIRECTION('ref_axis',(-1.,1.06283802254565E-13,0.));
#2973=DIRECTION('',(0.,1.,0.));
#2974=DIRECTION('center_axis',(1.,-5.995885853104E-30,4.863320335676E-30));
#2975=DIRECTION('ref_axis',(5.995885853104E-30,1.,1.49652776122972E-75));
#2976=DIRECTION('',(4.863320335676E-30,4.863320335676E-30,-1.));
#2977=DIRECTION('',(0.,0.,-1.));
#2978=DIRECTION('',(0.,-1.,0.));
#2979=DIRECTION('center_axis',(0.,0.,-1.));
#2980=DIRECTION('ref_axis',(-0.707106781187711,-0.707106781185384,0.));
#2981=DIRECTION('center_axis',(0.,0.,-1.));
#2982=DIRECTION('ref_axis',(-0.707106781187711,-0.707106781185384,0.));
#2983=DIRECTION('',(0.,0.,-1.));
#2984=DIRECTION('center_axis',(1.,0.,0.));
#2985=DIRECTION('ref_axis',(0.,0.,1.));
#2986=DIRECTION('',(0.,1.,0.));
#2987=DIRECTION('',(0.,1.,0.));
#2988=DIRECTION('',(0.,0.,-1.));
#2989=DIRECTION('',(0.,1.,0.));
#2990=DIRECTION('',(0.,0.,1.));
#2991=DIRECTION('center_axis',(0.,0.,-1.));
#2992=DIRECTION('ref_axis',(-0.707106781185384,-0.707106781187711,0.));
#2993=DIRECTION('center_axis',(0.,0.,-1.));
#2994=DIRECTION('ref_axis',(-0.333333333825309,-0.942809041408124,0.));
#2995=DIRECTION('center_axis',(0.,0.,-1.));
#2996=DIRECTION('ref_axis',(-0.707106781185384,-0.707106781187711,0.));
#2997=DIRECTION('',(0.,0.,-1.));
#2998=DIRECTION('center_axis',(0.,0.,-1.));
#2999=DIRECTION('ref_axis',(-1.,-1.38535438801518E-12,0.));
#3000=DIRECTION('',(0.,0.,1.));
#3001=DIRECTION('center_axis',(-1.,0.,0.));
#3002=DIRECTION('ref_axis',(0.,0.,-1.));
#3003=DIRECTION('',(0.,0.,-1.));
#3004=DIRECTION('',(0.,-1.,0.));
#3005=DIRECTION('',(0.,0.,1.));
#3006=DIRECTION('',(0.,-1.,0.));
#3007=DIRECTION('',(0.,0.,-1.));
#3008=DIRECTION('',(0.,1.,1.263476339806E-33));
#3009=DIRECTION('',(0.,-1.,0.));
#3010=DIRECTION('center_axis',(-0.707106781186548,-0.707106781186548,0.));
#3011=DIRECTION('ref_axis',(0.707106781186548,-0.707106781186548,0.));
#3012=DIRECTION('',(0.,0.,-1.));
#3013=DIRECTION('',(0.707106781186548,-0.707106781186548,0.));
#3014=DIRECTION('',(0.,0.,1.));
#3015=DIRECTION('',(-0.707106781186548,0.707106781186548,1.45179561758632E-33));
#3016=DIRECTION('',(0.707106781186548,-0.707106781186548,0.));
#3017=DIRECTION('',(0.,0.,-1.));
#3018=DIRECTION('',(0.707106781186548,-0.707106781186548,0.));
#3019=DIRECTION('',(0.,0.,1.));
#3020=DIRECTION('',(0.707106781186548,-0.707106781186548,-1.47906573749808E-18));
#3021=DIRECTION('',(0.,0.,-1.));
#3022=DIRECTION('',(0.707106781186548,-0.707106781186548,2.58037420390136E-29));
#3023=DIRECTION('',(-5.06182320652E-30,5.06182320652E-30,-1.));
#3024=DIRECTION('',(-0.707106781186548,0.707106781186548,-1.09201795305577E-29));
#3025=DIRECTION('center_axis',(0.,0.,-1.));
#3026=DIRECTION('ref_axis',(-0.707106781186549,0.707106781186546,0.));
#3027=DIRECTION('center_axis',(0.,0.,-1.));
#3028=DIRECTION('ref_axis',(-0.707106781186549,0.707106781186546,0.));
#3029=DIRECTION('',(0.,0.,-1.));
#3030=DIRECTION('center_axis',(-2.7091335029524E-15,3.18106956360928E-14,
1.));
#3031=DIRECTION('ref_axis',(-0.333333333828225,0.942809041407093,-3.11521489367581E-14));
#3032=DIRECTION('center_axis',(-7.450660370854E-20,1.312933889396E-18,1.));
#3033=DIRECTION('ref_axis',(0.,1.,-1.312933889396E-18));
#3034=DIRECTION('',(-0.707106781186548,0.707106781186548,-9.81068581167028E-19));
#3035=DIRECTION('',(-1.,0.,0.));
#3036=DIRECTION('center_axis',(-1.749746583023E-32,-3.650949941738E-29,
-1.));
#3037=DIRECTION('ref_axis',(0.,-1.,3.650949941738E-29));
#3038=DIRECTION('',(-0.707106781186548,-0.707106781186548,2.58284871924978E-29));
#3039=DIRECTION('',(-1.,0.,0.));
#3040=DIRECTION('center_axis',(0.,1.,0.));
#3041=DIRECTION('ref_axis',(0.,0.,1.));
#3042=DIRECTION('',(0.,0.,-1.));
#3043=DIRECTION('',(-1.,0.,0.));
#3044=DIRECTION('center_axis',(-2.091714825611E-18,1.448778030724E-31,-1.));
#3045=DIRECTION('ref_axis',(-1.,-2.18229216324971E-66,2.091714825611E-18));
#3046=DIRECTION('',(-0.707106781186548,-0.707106781186548,1.47906573749787E-18));
#3047=DIRECTION('',(-1.,0.,0.));
#3048=DIRECTION('center_axis',(0.,-1.,0.));
#3049=DIRECTION('ref_axis',(0.,0.,-1.));
#3050=DIRECTION('',(0.,0.,1.));
#3051=DIRECTION('',(1.,0.,0.));
#3052=DIRECTION('center_axis',(0.,1.,0.));
#3053=DIRECTION('ref_axis',(0.,0.,1.));
#3054=DIRECTION('',(0.,0.,-1.));
#3055=DIRECTION('',(-1.,0.,0.));
#3056=DIRECTION('',(0.,0.,1.));
#3057=DIRECTION('center_axis',(9.380824734267E-33,-1.,0.));
#3058=DIRECTION('ref_axis',(-1.,-9.380824734267E-33,0.));
#3059=DIRECTION('',(0.,0.,1.));
#3060=DIRECTION('',(1.,9.380824734267E-33,0.));
#3061=DIRECTION('center_axis',(-7.450660370854E-20,1.312933889396E-18,1.));
#3062=DIRECTION('ref_axis',(0.,1.,-1.312933889396E-18));
#3063=DIRECTION('',(-1.,0.,0.));
#3064=DIRECTION('center_axis',(-1.34676366800834E-14,-9.45158472765907E-14,
1.));
#3065=DIRECTION('ref_axis',(-1.09948760953299E-14,1.,9.43726864849153E-14));
#3066=DIRECTION('',(0.,1.,0.));
#3067=DIRECTION('center_axis',(-1.,-5.995885853104E-30,5.06182320652E-30));
#3068=DIRECTION('ref_axis',(5.995885853104E-30,-1.,-2.39269462459448E-76));
#3069=DIRECTION('',(0.,-1.,0.));
#3070=DIRECTION('',(0.,0.,1.));
#3071=DIRECTION('',(0.,-1.,0.));
#3072=DIRECTION('center_axis',(9.380824734267E-33,-1.,0.));
#3073=DIRECTION('ref_axis',(-1.,-9.380824734267E-33,0.));
#3074=DIRECTION('',(1.,0.,0.));
#3075=DIRECTION('',(0.,0.,1.));
#3076=DIRECTION('center_axis',(-1.749746583023E-32,-3.650949941738E-29,
-1.));
#3077=DIRECTION('ref_axis',(0.,-1.,3.650949941738E-29));
#3078=DIRECTION('',(-1.,0.,0.));
#3079=DIRECTION('center_axis',(2.15170063543894E-14,-1.25410303282985E-13,
-1.));
#3080=DIRECTION('ref_axis',(-1.09948760953004E-13,-1.,1.24608595746737E-13));
#3081=DIRECTION('center_axis',(0.,1.,0.));
#3082=DIRECTION('ref_axis',(0.,0.,1.));
#3083=DIRECTION('',(1.,0.,0.));
#3084=DIRECTION('',(0.,0.,1.));
#3085=DIRECTION('',(1.,0.,0.));
#3086=DIRECTION('center_axis',(0.,1.,0.));
#3087=DIRECTION('ref_axis',(0.,0.,1.));
#3088=DIRECTION('',(1.,0.,0.));
#3089=DIRECTION('',(1.,0.,0.));
#3090=DIRECTION('center_axis',(7.896727123784E-34,-1.263476339806E-33,1.));
#3091=DIRECTION('ref_axis',(0.,1.,1.263476339806E-33));
#3092=DIRECTION('',(1.,0.,0.));
#3093=DIRECTION('',(0.70710678118662,0.707106781186475,0.));
#3094=DIRECTION('',(0.,1.,0.));
#3095=DIRECTION('',(-0.707106781186548,0.707106781186548,0.));
#3096=DIRECTION('',(-1.,0.,0.));
#3097=DIRECTION('center_axis',(0.,0.,1.));
#3098=DIRECTION('ref_axis',(1.,0.,0.));
#3099=DIRECTION('center_axis',(0.,0.,1.));
#3100=DIRECTION('ref_axis',(1.,0.,0.));
#3101=DIRECTION('center_axis',(0.,-1.,0.));
#3102=DIRECTION('ref_axis',(0.,0.,-1.));
#3103=DIRECTION('',(1.,0.,0.));
#3104=DIRECTION('',(0.,0.,-1.));
#3105=DIRECTION('center_axis',(0.,1.,0.));
#3106=DIRECTION('ref_axis',(0.,0.,1.));
#3107=DIRECTION('',(-1.,0.,0.));
#3108=DIRECTION('',(0.,0.,-1.));
#3109=DIRECTION('center_axis',(0.,1.,0.));
#3110=DIRECTION('ref_axis',(0.,0.,1.));
#3111=DIRECTION('',(1.,0.,0.));
#3112=DIRECTION('',(0.,0.,1.));
#3113=DIRECTION('',(1.,0.,0.));
#3114=DIRECTION('center_axis',(0.,0.,-1.));
#3115=DIRECTION('ref_axis',(-1.,0.,0.));
#3116=DIRECTION('center_axis',(0.,0.,1.));
#3117=DIRECTION('ref_axis',(1.,0.,0.));
#3118=DIRECTION('',(0.,-1.,0.));
#3119=DIRECTION('center_axis',(0.,0.,1.));
#3120=DIRECTION('ref_axis',(1.,0.,0.));
#3121=DIRECTION('center_axis',(0.,0.,-1.));
#3122=DIRECTION('ref_axis',(-1.,0.,0.));
#3123=DIRECTION('',(1.,0.,0.));
#3124=DIRECTION('center_axis',(0.,0.,1.));
#3125=DIRECTION('ref_axis',(1.,0.,0.));
#3126=DIRECTION('center_axis',(0.,0.,1.));
#3127=DIRECTION('ref_axis',(1.,0.,0.));
#3128=DIRECTION('center_axis',(0.,0.,1.));
#3129=DIRECTION('ref_axis',(1.,0.,0.));
#3130=DIRECTION('',(1.,0.,0.));
#3131=DIRECTION('',(1.,0.,0.));
#3132=DIRECTION('center_axis',(-2.091714825611E-18,1.448778030724E-31,-1.));
#3133=DIRECTION('ref_axis',(-1.,-2.18229216324971E-66,2.091714825611E-18));
#3134=DIRECTION('',(-1.,0.,0.));
#3135=DIRECTION('center_axis',(0.,0.,-1.));
#3136=DIRECTION('ref_axis',(1.,1.3853543880152E-12,0.));
#3137=DIRECTION('center_axis',(0.,-1.,0.));
#3138=DIRECTION('ref_axis',(0.,0.,-1.));
#3139=DIRECTION('',(-1.,0.,0.));
#3140=DIRECTION('',(0.,0.,1.));
#3141=DIRECTION('center_axis',(0.,1.,0.));
#3142=DIRECTION('ref_axis',(0.,0.,1.));
#3143=DIRECTION('',(1.,0.,0.));
#3144=DIRECTION('',(0.,0.,1.));
#3145=DIRECTION('',(1.,0.,0.));
#3146=DIRECTION('center_axis',(0.,0.,1.));
#3147=DIRECTION('ref_axis',(1.,0.,0.));
#3148=DIRECTION('center_axis',(0.,0.,1.));
#3149=DIRECTION('ref_axis',(1.,0.,0.));
#3150=DIRECTION('',(0.,0.,1.));
#3151=DIRECTION('',(0.,0.,1.));
#3152=DIRECTION('',(0.,0.,1.));
#3153=DIRECTION('center_axis',(0.,0.,1.));
#3154=DIRECTION('ref_axis',(1.,0.,0.));
#3155=DIRECTION('',(0.,0.,1.));
#3156=DIRECTION('center_axis',(0.,0.,1.));
#3157=DIRECTION('ref_axis',(1.,0.,0.));
#3158=DIRECTION('center_axis',(1.,0.,0.));
#3159=DIRECTION('ref_axis',(0.,0.,1.));
#3160=DIRECTION('',(0.,0.,1.));
#3161=DIRECTION('',(0.,-1.,0.));
#3162=DIRECTION('',(0.,0.,-1.));
#3163=DIRECTION('',(0.,-1.,0.));
#3164=DIRECTION('center_axis',(0.,0.,-1.));
#3165=DIRECTION('ref_axis',(0.707106781186544,0.707106781186551,0.));
#3166=DIRECTION('',(0.,0.,-1.));
#3167=DIRECTION('center_axis',(-3.08944560043955E-14,-8.04936967417439E-15,
1.));
#3168=DIRECTION('ref_axis',(0.942809041407029,0.333333333828404,3.20683886114031E-14));
#3169=DIRECTION('',(0.,0.,1.));
#3170=DIRECTION('center_axis',(-6.36213912721844E-14,-5.41826700590445E-15,
-1.));
#3171=DIRECTION('ref_axis',(1.,1.09948760953264E-14,-6.41367772227373E-14));
#3172=DIRECTION('',(0.,0.,-1.));
#3173=DIRECTION('center_axis',(0.,0.,-1.));
#3174=DIRECTION('ref_axis',(2.71206943685071E-13,1.,0.));
#3175=DIRECTION('center_axis',(0.707106781186548,-0.707106781186548,0.));
#3176=DIRECTION('ref_axis',(-0.707106781186548,-0.707106781186548,0.));
#3177=DIRECTION('',(0.70710678118662,0.707106781186475,0.));
#3178=DIRECTION('',(0.,0.,-1.));
#3179=DIRECTION('',(0.70710678118662,0.707106781186475,0.));
#3180=DIRECTION('center_axis',(-1.,0.,0.));
#3181=DIRECTION('ref_axis',(0.,0.,-1.));
#3182=DIRECTION('',(0.,1.,0.));
#3183=DIRECTION('',(0.,0.,1.));
#3184=DIRECTION('',(0.,-1.,0.));
#3185=DIRECTION('center_axis',(0.,0.,-1.));
#3186=DIRECTION('ref_axis',(-1.,0.,0.));
#3187=DIRECTION('',(0.,1.,0.));
#3188=DIRECTION('center_axis',(0.,0.,-1.));
#3189=DIRECTION('ref_axis',(-1.,0.,0.));
#3190=DIRECTION('',(0.,-1.,0.));
#3191=DIRECTION('center_axis',(0.,0.,1.));
#3192=DIRECTION('ref_axis',(1.,0.,0.));
#3193=DIRECTION('center_axis',(0.,0.,-1.));
#3194=DIRECTION('ref_axis',(-1.,0.,0.));
#3195=DIRECTION('',(-1.,0.,0.));
#3196=DIRECTION('',(-0.707106781186548,0.707106781186548,0.));
#3197=DIRECTION('',(-0.707106781186548,0.707106781186548,0.));
#3198=DIRECTION('center_axis',(0.,0.,1.));
#3199=DIRECTION('ref_axis',(1.,0.,0.));
#3200=DIRECTION('',(1.,0.,0.));
#3201=DIRECTION('center_axis',(0.,0.,1.));
#3202=DIRECTION('ref_axis',(1.,2.63877026288174E-13,0.));
#3203=DIRECTION('center_axis',(0.,0.,-1.));
#3204=DIRECTION('ref_axis',(-1.,0.,0.));
#3205=DIRECTION('',(-1.,0.,0.));
#3206=DIRECTION('center_axis',(0.,0.,1.));
#3207=DIRECTION('ref_axis',(1.,-1.38535438801518E-12,0.));
#3208=DIRECTION('',(1.,0.,0.));
#3209=DIRECTION('center_axis',(-3.972125863759E-33,1.54394938698E-29,1.));
#3210=DIRECTION('ref_axis',(0.,1.,-1.54394938698E-29));
#3211=DIRECTION('center_axis',(-2.70913350295817E-15,3.18106956365325E-14,
1.));
#3212=DIRECTION('ref_axis',(0.333333333825288,-0.942809041408131,3.11521489366844E-14));
#3213=DIRECTION('',(1.,0.,0.));
#3214=DIRECTION('center_axis',(0.,0.,1.));
#3215=DIRECTION('ref_axis',(1.,0.,0.));
#3216=DIRECTION('center_axis',(0.,0.,1.));
#3217=DIRECTION('ref_axis',(1.,0.,0.));
#3218=DIRECTION('center_axis',(0.,0.,1.));
#3219=DIRECTION('ref_axis',(1.,0.,0.));
#3220=DIRECTION('center_axis',(0.,1.,0.));
#3221=DIRECTION('ref_axis',(0.,0.,1.));
#3222=DIRECTION('',(1.,0.,0.));
#3223=DIRECTION('',(0.,0.,-1.));
#3224=DIRECTION('center_axis',(-1.739770458378E-18,5.255456429514E-30,-1.));
#3225=DIRECTION('ref_axis',(-1.,-3.11645510056255E-64,1.739770458378E-18));
#3226=DIRECTION('',(1.,0.,0.));
#3227=DIRECTION('center_axis',(0.,0.,-1.));
#3228=DIRECTION('ref_axis',(1.,-2.6387702628817E-13,0.));
#3229=DIRECTION('center_axis',(0.,-1.,0.));
#3230=DIRECTION('ref_axis',(0.,0.,-1.));
#3231=DIRECTION('',(1.,0.,0.));
#3232=DIRECTION('',(0.,0.,1.));
#3233=DIRECTION('center_axis',(7.450660370853E-20,-1.31293388939E-18,-1.));
#3234=DIRECTION('ref_axis',(0.,-1.,1.31293388939E-18));
#3235=DIRECTION('',(0.,1.,0.));
#3236=DIRECTION('center_axis',(0.,0.,-1.));
#3237=DIRECTION('ref_axis',(0.333333333828296,0.942809041407068,0.));
#3238=DIRECTION('center_axis',(0.,1.,0.));
#3239=DIRECTION('ref_axis',(0.,0.,1.));
#3240=DIRECTION('',(0.,0.,-1.));
#3241=DIRECTION('center_axis',(0.,0.,-1.));
#3242=DIRECTION('ref_axis',(0.707106781186549,0.707106781186546,0.));
#3243=DIRECTION('',(0.,0.,-1.));
#3244=DIRECTION('center_axis',(-1.,5.995885853104E-30,4.863320335676E-30));
#3245=DIRECTION('ref_axis',(-5.995885853104E-30,-1.,1.49652776122972E-75));
#3246=DIRECTION('center_axis',(1.,0.,0.));
#3247=DIRECTION('ref_axis',(0.,0.,1.));
#3248=DIRECTION('',(0.,0.,-1.));
#3249=DIRECTION('',(0.,-1.,0.));
#3250=DIRECTION('',(0.,0.,1.));
#3251=DIRECTION('',(0.,1.,0.));
#3252=DIRECTION('',(0.,0.,-1.));
#3253=DIRECTION('center_axis',(0.707106781186548,0.707106781186548,0.));
#3254=DIRECTION('ref_axis',(-0.707106781186548,0.707106781186548,0.));
#3255=DIRECTION('center_axis',(-9.380824734267E-33,1.,0.));
#3256=DIRECTION('ref_axis',(1.,9.380824734267E-33,0.));
#3257=DIRECTION('',(0.,0.,-1.));
#3258=DIRECTION('center_axis',(0.,0.,-1.));
#3259=DIRECTION('ref_axis',(0.707106781185388,-0.707106781187707,0.));
#3260=DIRECTION('center_axis',(0.,0.,-1.));
#3261=DIRECTION('ref_axis',(0.707106781186548,-0.707106781186548,0.));
#3262=DIRECTION('center_axis',(0.,0.,-1.));
#3263=DIRECTION('ref_axis',(-2.6387702628817E-13,-1.,0.));
#3264=DIRECTION('',(0.,0.,1.));
#3265=DIRECTION('center_axis',(6.36213912721702E-14,-5.41826700590359E-15,
-1.));
#3266=DIRECTION('ref_axis',(0.942809041407071,-0.333333333828287,6.23042978735312E-14));
#3267=DIRECTION('',(0.,0.,-1.));
#3268=DIRECTION('center_axis',(3.08944560043518E-14,-8.04936967416783E-15,
1.));
#3269=DIRECTION('ref_axis',(1.,4.03145456828812E-14,-3.11521489367718E-14));
#3270=DIRECTION('center_axis',(0.,1.,0.));
#3271=DIRECTION('ref_axis',(0.,0.,1.));
#3272=DIRECTION('center_axis',(0.,0.,1.));
#3273=DIRECTION('ref_axis',(1.,0.,0.));
#3274=DIRECTION('',(0.,0.,1.));
#3275=DIRECTION('center_axis',(0.,0.,1.));
#3276=DIRECTION('ref_axis',(1.,0.,0.));
#3277=DIRECTION('',(0.,0.,1.));
#3278=DIRECTION('',(0.,0.,1.));
#3279=DIRECTION('center_axis',(1.,0.,0.));
#3280=DIRECTION('ref_axis',(0.,0.,1.));
#3281=DIRECTION('',(0.,1.,0.));
#3282=DIRECTION('center_axis',(5.214296133274E-30,4.90733524434E-33,-1.));
#3283=DIRECTION('ref_axis',(-1.,-3.79339147205316E-79,-5.214296133274E-30));
#3284=DIRECTION('',(1.,0.,0.));
#3285=DIRECTION('',(1.,0.,0.));
#3286=DIRECTION('',(0.,1.,0.));
#3287=DIRECTION('center_axis',(5.995885853104E-30,-1.,5.06182320652E-30));
#3288=DIRECTION('ref_axis',(-1.,-5.995885853104E-30,0.));
#3289=DIRECTION('',(1.,0.,0.));
#3290=DIRECTION('center_axis',(2.533913349659E-18,1.477895753699E-19,1.));
#3291=DIRECTION('ref_axis',(1.,1.84637695031155E-53,-2.533913349659E-18));
#3292=DIRECTION('',(1.,0.,0.));
#3293=DIRECTION('center_axis',(5.995885853104E-30,1.,4.863320335676E-30));
#3294=DIRECTION('ref_axis',(1.,-5.995885853104E-30,0.));
#3295=DIRECTION('center_axis',(-1.,5.464713477698E-33,3.912338674446E-29));
#3296=DIRECTION('ref_axis',(-3.912338674446E-29,0.,-1.));
#3297=DIRECTION('',(0.,1.,0.));
#3298=DIRECTION('center_axis',(-1.941521240897E-17,-5.696287093705E-34,
-1.));
#3299=DIRECTION('ref_axis',(-1.,-9.38044341573063E-68,1.941521240897E-17));
#3300=DIRECTION('center_axis',(0.,1.,0.));
#3301=DIRECTION('ref_axis',(0.,0.,1.));
#3302=DIRECTION('center_axis',(1.,0.,0.));
#3303=DIRECTION('ref_axis',(0.,0.,1.));
#3304=DIRECTION('',(0.,1.,0.));
#3305=DIRECTION('center_axis',(0.,0.,1.));
#3306=DIRECTION('ref_axis',(1.,0.,0.));
#3307=DIRECTION('axis',(0.,0.,1.));
#3308=DIRECTION('refdir',(1.,0.,0.));
#3309=DIRECTION('center_axis',(1.,2.254761254996E-32,2.098137800316E-30));
#3310=DIRECTION('ref_axis',(-2.098137800316E-30,0.,1.));
#3311=DIRECTION('',(0.,-1.,0.));
#3312=DIRECTION('',(0.,0.,-1.));
#3313=DIRECTION('',(0.,1.,0.));
#3314=DIRECTION('',(0.,0.,1.));
#3315=DIRECTION('center_axis',(-1.,0.,0.));
#3316=DIRECTION('ref_axis',(0.,0.,-1.));
#3317=DIRECTION('',(0.,0.,-1.));
#3318=DIRECTION('',(0.,-1.,0.));
#3319=DIRECTION('',(0.,0.,1.));
#3320=DIRECTION('',(0.,1.,0.));
#3321=DIRECTION('center_axis',(0.81660126198101,3.52054564026704E-12,-0.577202199347007));
#3322=DIRECTION('ref_axis',(0.577202199347007,2.77665152894291E-28,0.81660126198101));
#3323=DIRECTION('',(-0.188977041375343,-0.944885209069824,-0.267356727078441));
#3324=DIRECTION('',(0.188977041990433,-0.94488520894678,0.267356727078536));
#3325=DIRECTION('center_axis',(0.816601261979401,-4.62522264186427E-12,
0.577202199349283));
#3326=DIRECTION('ref_axis',(-0.577202199349283,-2.29985240069376E-28,0.816601261979401));
#3327=DIRECTION('',(0.188977041990433,0.94488520894678,-0.267356727078536));
#3328=DIRECTION('',(-0.188977041910285,0.944885208946687,0.267356727135514));
#3329=DIRECTION('center_axis',(0.980580675782766,0.196116134678953,7.91926382828111E-11));
#3330=DIRECTION('ref_axis',(-0.196116134678953,0.980580675782766,-2.63444715516185E-27));
#3331=DIRECTION('',(0.,0.,-1.));
#3332=DIRECTION('center_axis',(0.980580675782766,-0.196116134678953,-7.91926402732111E-11));
#3333=DIRECTION('ref_axis',(0.196116134678953,0.980580675782766,-2.26579539093421E-27));
#3334=DIRECTION('',(0.,0.,1.));
#3335=DIRECTION('axis',(0.,0.,1.));
#3336=DIRECTION('refdir',(1.,0.,0.));
#3337=DIRECTION('center_axis',(-1.,-2.254761254996E-32,2.098137800316E-30));
#3338=DIRECTION('ref_axis',(-2.098137800316E-30,0.,-1.));
#3339=DIRECTION('',(0.,1.,0.));
#3340=DIRECTION('',(0.,0.,-1.));
#3341=DIRECTION('',(0.,-1.,0.));
#3342=DIRECTION('',(0.,0.,1.));
#3343=DIRECTION('center_axis',(1.,0.,0.));
#3344=DIRECTION('ref_axis',(0.,0.,1.));
#3345=DIRECTION('',(0.,0.,-1.));
#3346=DIRECTION('',(0.,1.,0.));
#3347=DIRECTION('',(0.,0.,1.));
#3348=DIRECTION('',(0.,-1.,0.));
#3349=DIRECTION('center_axis',(-0.81660126198101,-3.52054564026704E-12,
-0.577202199347007));
#3350=DIRECTION('ref_axis',(0.577202199347007,2.77665152894291E-28,-0.81660126198101));
#3351=DIRECTION('',(0.188977041910119,0.944885208946852,-0.267356727135049));
#3352=DIRECTION('',(-0.188977041982132,0.944885208948317,0.267356727078971));
#3353=DIRECTION('center_axis',(-0.816601261979401,4.62522264186427E-12,
0.577202199349283));
#3354=DIRECTION('ref_axis',(-0.577202199349283,-2.29985240069376E-28,-0.816601261979401));
#3355=DIRECTION('',(-0.188977041982132,-0.944885208948317,-0.267356727078971));
#3356=DIRECTION('',(0.188977041910285,-0.944885208946687,0.267356727135514));
#3357=DIRECTION('center_axis',(-0.980580675782766,-0.196116134678953,7.91926382828111E-11));
#3358=DIRECTION('ref_axis',(0.196116134678953,-0.980580675782766,-2.63444715516185E-27));
#3359=DIRECTION('',(0.,0.,-1.));
#3360=DIRECTION('center_axis',(-0.980580675782766,0.196116134678953,-7.91926402732111E-11));
#3361=DIRECTION('ref_axis',(-0.196116134678953,-0.980580675782766,-2.26579539093421E-27));
#3362=DIRECTION('',(0.,0.,1.));
#3363=DIRECTION('axis',(0.,0.,1.));
#3364=DIRECTION('refdir',(1.,0.,0.));
#3365=DIRECTION('center_axis',(-0.707106781186548,0.707106781186548,0.));
#3366=DIRECTION('ref_axis',(-0.707106781186548,-0.707106781186548,0.));
#3367=DIRECTION('',(0.,0.,1.));
#3368=DIRECTION('',(-0.70710678118644,-0.707106781186655,0.));
#3369=DIRECTION('',(0.,0.,1.));
#3370=DIRECTION('',(-0.70710678118644,-0.707106781186655,0.));
#3371=DIRECTION('center_axis',(0.,0.,1.));
#3372=DIRECTION('ref_axis',(1.,0.,0.));
#3373=DIRECTION('',(0.,1.,0.));
#3374=DIRECTION('',(-0.707106781186475,-0.70710678118662,0.));
#3375=DIRECTION('',(-1.,0.,0.));
#3376=DIRECTION('center_axis',(0.707106781186548,-0.707106781186548,0.));
#3377=DIRECTION('ref_axis',(0.707106781186548,0.707106781186548,0.));
#3378=DIRECTION('',(0.,0.,-1.));
#3379=DIRECTION('',(0.707106781186475,0.70710678118662,0.));
#3380=DIRECTION('',(0.,0.,1.));
#3381=DIRECTION('center_axis',(0.,1.,0.));
#3382=DIRECTION('ref_axis',(0.,0.,1.));
#3383=DIRECTION('',(-0.819128258320143,-1.296817032224E-10,0.573610404736011));
#3384=DIRECTION('center_axis',(-1.,5.878912729271E-30,-8.9418137656E-30));
#3385=DIRECTION('ref_axis',(8.9418137656E-30,0.,-1.));
#3386=DIRECTION('',(-1.15348273422232E-10,-0.819128258334385,-0.573610404715672));
#3387=DIRECTION('center_axis',(-0.497564983086954,0.497564983051954,-0.710533725621935));
#3388=DIRECTION('ref_axis',(-0.819128258277429,1.377000533885E-13,0.573610404797007));
#3389=DIRECTION('axis',(0.,0.,1.));
#3390=DIRECTION('refdir',(1.,0.,0.));
#3391=DIRECTION('center_axis',(0.707106781186548,0.707106781186548,0.));
#3392=DIRECTION('ref_axis',(0.707106781186548,-0.707106781186548,0.));
#3393=DIRECTION('',(0.,0.,1.));
#3394=DIRECTION('',(-0.707106781186547,0.707106781186547,0.));
#3395=DIRECTION('',(0.,0.,1.));
#3396=DIRECTION('',(-0.707106781186547,0.707106781186547,0.));
#3397=DIRECTION('center_axis',(0.,0.,1.));
#3398=DIRECTION('ref_axis',(1.,0.,0.));
#3399=DIRECTION('',(1.,0.,0.));
#3400=DIRECTION('',(-0.707106781186548,0.707106781186548,0.));
#3401=DIRECTION('',(0.,1.,0.));
#3402=DIRECTION('center_axis',(-0.707106781186548,-0.707106781186548,0.));
#3403=DIRECTION('ref_axis',(-0.707106781186548,0.707106781186548,0.));
#3404=DIRECTION('',(0.,0.,-1.));
#3405=DIRECTION('',(0.707106781186548,-0.707106781186548,0.));
#3406=DIRECTION('',(0.,0.,1.));
#3407=DIRECTION('center_axis',(1.,0.,0.));
#3408=DIRECTION('ref_axis',(0.,0.,1.));
#3409=DIRECTION('',(-1.296817032224E-10,0.819128258320143,0.573610404736011));
#3410=DIRECTION('center_axis',(5.878912729271E-30,1.,-8.9418137656E-30));
#3411=DIRECTION('ref_axis',(-3.55210870280977E-76,8.9418137656E-30,1.));
#3412=DIRECTION('',(-0.819128258334385,1.15348273422232E-10,-0.573610404715672));
#3413=DIRECTION('center_axis',(0.497564983051954,0.497564983086954,-0.710533725621935));
#3414=DIRECTION('ref_axis',(-1.37685972263957E-13,-0.819128258277429,-0.573610404797007));
#3415=DIRECTION('axis',(0.,0.,1.));
#3416=DIRECTION('refdir',(1.,0.,0.));
#3417=DIRECTION('center_axis',(0.707106781186548,-0.707106781186548,0.));
#3418=DIRECTION('ref_axis',(0.707106781186548,0.707106781186548,0.));
#3419=DIRECTION('',(0.,0.,1.));
#3420=DIRECTION('',(0.707106781186655,0.70710678118644,0.));
#3421=DIRECTION('',(0.,0.,1.));
#3422=DIRECTION('',(0.707106781186655,0.70710678118644,0.));
#3423=DIRECTION('center_axis',(0.,0.,1.));
#3424=DIRECTION('ref_axis',(1.,0.,0.));
#3425=DIRECTION('',(0.,-1.,0.));
#3426=DIRECTION('',(0.70710678118662,0.707106781186475,0.));
#3427=DIRECTION('',(1.,0.,0.));
#3428=DIRECTION('center_axis',(-0.707106781186548,0.707106781186548,0.));
#3429=DIRECTION('ref_axis',(-0.707106781186548,-0.707106781186548,0.));
#3430=DIRECTION('',(0.,0.,-1.));
#3431=DIRECTION('',(-0.70710678118662,-0.707106781186475,0.));
#3432=DIRECTION('',(0.,0.,1.));
#3433=DIRECTION('center_axis',(0.,-1.,0.));
#3434=DIRECTION('ref_axis',(0.,0.,-1.));
#3435=DIRECTION('',(0.819128258320143,1.296817032224E-10,0.573610404736011));
#3436=DIRECTION('center_axis',(1.,-5.878912729271E-30,-8.9418137656E-30));
#3437=DIRECTION('ref_axis',(8.9418137656E-30,0.,1.));
#3438=DIRECTION('',(1.15348273422232E-10,0.819128258334385,-0.573610404715672));
#3439=DIRECTION('center_axis',(0.497564983086954,-0.497564983051954,-0.710533725621935));
#3440=DIRECTION('ref_axis',(-0.819128258277429,1.377000533885E-13,-0.573610404797007));
#3441=DIRECTION('axis',(0.,0.,1.));
#3442=DIRECTION('refdir',(1.,0.,0.));
#3443=DIRECTION('center_axis',(-0.707106781186548,-0.707106781186548,0.));
#3444=DIRECTION('ref_axis',(-0.707106781186548,0.707106781186548,0.));
#3445=DIRECTION('',(0.,0.,1.));
#3446=DIRECTION('',(0.707106781186547,-0.707106781186547,0.));
#3447=DIRECTION('',(0.,0.,1.));
#3448=DIRECTION('',(0.707106781186547,-0.707106781186547,0.));
#3449=DIRECTION('center_axis',(0.,0.,1.));
#3450=DIRECTION('ref_axis',(1.,0.,0.));
#3451=DIRECTION('',(-1.,0.,0.));
#3452=DIRECTION('',(0.707106781186547,-0.707106781186547,0.));
#3453=DIRECTION('',(0.,-1.,0.));
#3454=DIRECTION('center_axis',(0.707106781186548,0.707106781186548,0.));
#3455=DIRECTION('ref_axis',(0.707106781186548,-0.707106781186548,0.));
#3456=DIRECTION('',(0.,0.,-1.));
#3457=DIRECTION('',(-0.707106781186547,0.707106781186547,0.));
#3458=DIRECTION('',(0.,0.,1.));
#3459=DIRECTION('center_axis',(-1.,0.,0.));
#3460=DIRECTION('ref_axis',(0.,0.,-1.));
#3461=DIRECTION('',(1.296817032224E-10,-0.819128258320143,0.573610404736011));
#3462=DIRECTION('center_axis',(-5.878912729271E-30,-1.,-8.9418137656E-30));
#3463=DIRECTION('ref_axis',(-3.55210870280977E-76,8.9418137656E-30,-1.));
#3464=DIRECTION('',(0.819128258334385,-1.15348273422232E-10,-0.573610404715672));
#3465=DIRECTION('center_axis',(-0.497564983051954,-0.497564983086954,-0.710533725621935));
#3466=DIRECTION('ref_axis',(-1.37685972263957E-13,-0.819128258277429,0.573610404797007));
#3467=DIRECTION('',(0.,0.,1.));
#3468=DIRECTION('',(1.,0.,0.));
#3469=DIRECTION('',(0.,0.,1.));
#3470=DIRECTION('',(1.,0.,0.));
#3471=DIRECTION('',(0.,0.,1.));
#3472=DIRECTION('',(1.,0.,0.));
#3473=DIRECTION('',(0.,0.,1.));
#3474=DIRECTION('',(1.,0.,0.));
#3475=DIRECTION('',(0.,0.,1.));
#3476=DIRECTION('',(1.,0.,0.));
#3477=DIRECTION('',(0.,0.,1.));
#3478=DIRECTION('',(1.,0.,0.));
#3479=DIRECTION('',(0.,0.,1.));
#3480=DIRECTION('',(1.,0.,0.));
#3481=CARTESIAN_POINT('',(0.,0.,0.));
#3482=CARTESIAN_POINT('',(0.,0.,0.));
#3483=CARTESIAN_POINT('Origin',(-11.5113097873697,5.95760769697614,0.));
#3484=CARTESIAN_POINT('',(-11.8142389923,5.957607696975,1.9));
#3485=CARTESIAN_POINT('',(-11.20838058244,5.957607696975,1.9));
#3486=CARTESIAN_POINT('Origin',(-11.5113097873697,5.95760769697614,1.9));
#3487=CARTESIAN_POINT('',(-11.20838058244,5.957607696975,2.8));
#3488=CARTESIAN_POINT('',(-11.20838058244,5.957607696975,2.8));
#3489=CARTESIAN_POINT('',(-11.8142389923,5.957607696975,2.8));
#3490=CARTESIAN_POINT('Origin',(-11.5113097873696,5.95760769697558,2.8));
#3491=CARTESIAN_POINT('',(-11.8142389923,5.957607696975,2.6));
#3492=CARTESIAN_POINT('',(-11.8142389923,5.957607696975,2.6));
#3493=CARTESIAN_POINT('',(-11.79691418026,6.058584098618,2.6));
#3494=CARTESIAN_POINT('Origin',(-11.511309787368,5.95760769697503,2.6));
#3495=CARTESIAN_POINT('',(-11.79691418026,6.058584098618,2.2));
#3496=CARTESIAN_POINT('',(-11.796914180684,6.05858409876936,2.6));
#3497=CARTESIAN_POINT('',(-11.8142389923,5.957607696975,2.2));
#3498=CARTESIAN_POINT('Origin',(-11.511309787368,5.95760769697503,2.2));
#3499=CARTESIAN_POINT('',(-11.8142389923,5.957607696975,0.));
#3500=CARTESIAN_POINT('Origin',(-11.20838058244,0.,1.4));
#3501=CARTESIAN_POINT('',(-11.20838058244,5.5,1.9));
#3502=CARTESIAN_POINT('',(-11.20838058244,2.75,1.9));
#3503=CARTESIAN_POINT('',(-11.20838058244,5.5,0.));
#3504=CARTESIAN_POINT('',(-11.20838058244,5.5,0.2));
#3505=CARTESIAN_POINT('',(-11.20838058244,-5.5,0.));
#3506=CARTESIAN_POINT('',(-11.20838058244,1.801006729461E-16,-5.55111512312578E-16));
#3507=CARTESIAN_POINT('',(-11.20838058244,-5.5,1.9));
#3508=CARTESIAN_POINT('',(-11.20838058244,-5.5,0.2));
#3509=CARTESIAN_POINT('',(-11.20838058244,-5.957607696975,1.9));
#3510=CARTESIAN_POINT('',(-11.20838058244,-4.25,1.9));
#3511=CARTESIAN_POINT('',(-11.20838058244,-5.957607696975,2.8));
#3512=CARTESIAN_POINT('',(-11.20838058244,-5.957607696975,0.));
#3513=CARTESIAN_POINT('',(-11.20838058244,-5.957607696975,2.8));
#3514=CARTESIAN_POINT('Origin',(-6.058584098618,12.158993992037,2.4));
#3515=CARTESIAN_POINT('',(-6.058584098618,12.235308379746,2.2));
#3516=CARTESIAN_POINT('',(-6.058584098618,12.235308379746,2.6));
#3517=CARTESIAN_POINT('',(-6.058584098618,12.235308379746,2.05));
#3518=CARTESIAN_POINT('',(-6.058584098618,11.796914180264,2.6));
#3519=CARTESIAN_POINT('',(-6.058584098618,11.796914180264,2.6));
#3520=CARTESIAN_POINT('',(-6.058584098618,11.796914180264,2.2));
#3521=CARTESIAN_POINT('',(-6.05858409876936,11.79691418069,2.2));
#3522=CARTESIAN_POINT('',(-6.058584098618,11.796914180264,2.2));
#3523=CARTESIAN_POINT('Origin',(-7.661152489457E-16,-12.1670650239,2.2));
#3524=CARTESIAN_POINT('',(-6.058584098618,-12.235308379742,2.2));
#3525=CARTESIAN_POINT('',(-5.637514711176,-11.8142389923,2.2));
#3526=CARTESIAN_POINT('',(-3.453404115412,-9.630128396536,2.2));
#3527=CARTESIAN_POINT('',(-5.957607696975,-11.8142389923,2.2));
#3528=CARTESIAN_POINT('',(-5.957607696975,-11.8142389923,2.2));
#3529=CARTESIAN_POINT('',(-6.058584098618,-11.79691418026,2.2));
#3530=CARTESIAN_POINT('Origin',(-5.95760769697503,-11.511309787368,2.2));
#3531=CARTESIAN_POINT('',(-6.058584098618,-11.79691418026,2.2));
#3532=CARTESIAN_POINT('Origin',(-10.08836214056,10.088362140564,1.7));
#3533=CARTESIAN_POINT('',(-8.36248528882085,11.814238992306,0.));
#3534=CARTESIAN_POINT('',(-8.362485288818,11.814238992306,2.2));
#3535=CARTESIAN_POINT('',(-8.362485288818,11.814238992306,1.4));
#3536=CARTESIAN_POINT('',(-7.941415901382,12.235308379742,2.2));
#3537=CARTESIAN_POINT('',(-10.5465958845842,9.63012839653975,2.2));
#3538=CARTESIAN_POINT('',(-7.941415901382,12.235308379742,2.6));
#3539=CARTESIAN_POINT('',(-7.941415901382,12.235308379742,2.05));
#3540=CARTESIAN_POINT('',(-8.362485288818,11.814238992306,2.6));
#3541=CARTESIAN_POINT('',(-10.5465958845842,9.63012839653975,2.6));
#3542=CARTESIAN_POINT('',(-8.362485288818,11.814238992306,2.8));
#3543=CARTESIAN_POINT('',(-8.362485288818,11.814238992306,2.2));
#3544=CARTESIAN_POINT('',(-8.96834369867999,11.208380582444,2.8));
#3545=CARTESIAN_POINT('',(-10.7105346937172,9.46618958740675,2.8));
#3546=CARTESIAN_POINT('',(-8.96834369868273,11.208380582444,0.));
#3547=CARTESIAN_POINT('',(-8.96834369868,11.208380582444,1.55));
#3548=CARTESIAN_POINT('',(-11.6767242811262,8.5,0.));
#3549=CARTESIAN_POINT('',(-13.588362140561,6.588362140563,-5.55111512312578E-16));
#3550=CARTESIAN_POINT('',(-11.676724281124,8.5,1.9));
#3551=CARTESIAN_POINT('',(-11.676724281124,8.5,0.35));
#3552=CARTESIAN_POINT('',(-12.52107380381,7.655650477316,1.9));
#3553=CARTESIAN_POINT('',(-13.463362140561,6.713362140563,1.9));
#3554=CARTESIAN_POINT('',(-12.52107380381,7.655650477316,3.4));
#3555=CARTESIAN_POINT('',(-12.52107380381,7.655650477316,3.4));
#3556=CARTESIAN_POINT('',(-7.655650477316,12.521073803811,3.4));
#3557=CARTESIAN_POINT('',(-13.588362140561,6.588362140563,3.4));
#3558=CARTESIAN_POINT('',(-7.655650477316,12.521073803811,0.));
#3559=CARTESIAN_POINT('',(-7.655650477313,12.521073803811,1.7));
#3560=CARTESIAN_POINT('',(-13.588362140561,6.588362140563,-5.55111512312578E-16));
#3561=CARTESIAN_POINT('Origin',(-2.279976269782E-16,12.167065023907,2.6));
#3562=CARTESIAN_POINT('',(-5.637514711178,11.814238992306,2.6));
#3563=CARTESIAN_POINT('',(-3.45340411541275,9.63012839654075,2.6));
#3564=CARTESIAN_POINT('',(-5.957607696975,11.814238992306,2.6));
#3565=CARTESIAN_POINT('',(-5.957607696975,11.814238992306,2.6));
#3566=CARTESIAN_POINT('Origin',(-5.95760769697499,11.5113097873747,2.6));
#3567=CARTESIAN_POINT('Origin',(0.,-11.8142389923,1.1));
#3568=CARTESIAN_POINT('',(-5.637514711176,-11.8142389923,0.));
#3569=CARTESIAN_POINT('',(-5.637514711176,-11.8142389923,1.4));
#3570=CARTESIAN_POINT('',(-5.957607696975,-11.8142389923,0.));
#3571=CARTESIAN_POINT('',(-7.,-11.8142389923,-5.55111512312578E-16));
#3572=CARTESIAN_POINT('',(-5.957607696975,-11.8142389923,0.));
#3573=CARTESIAN_POINT('Origin',(0.,11.814238992306,2.7));
#3574=CARTESIAN_POINT('',(-5.637514711178,11.814238992306,2.8));
#3575=CARTESIAN_POINT('',(-5.637514711178,11.814238992306,2.2));
#3576=CARTESIAN_POINT('',(-5.957607696975,11.814238992306,2.8));
#3577=CARTESIAN_POINT('',(-5.957607696975,11.814238992306,2.8));
#3578=CARTESIAN_POINT('',(-5.957607696975,11.814238992306,2.8));
#3579=CARTESIAN_POINT('Origin',(-1.218921110193E-15,11.511309787375,2.8));
#3580=CARTESIAN_POINT('',(-5.031656301316,11.208380582444,2.8));
#3581=CARTESIAN_POINT('',(-3.28946530627975,9.46618958740775,2.8));
#3582=CARTESIAN_POINT('',(-5.957607696975,11.208380582444,2.8));
#3583=CARTESIAN_POINT('',(-5.957607696975,11.208380582444,2.8));
#3584=CARTESIAN_POINT('Origin',(-5.95760769697508,11.5113097873749,2.8));
#3585=CARTESIAN_POINT('Origin',(1.207156532775E-16,11.208380582444,1.4));
#3586=CARTESIAN_POINT('',(-5.031656301317,11.208380582444,-5.55111512312578E-16));
#3587=CARTESIAN_POINT('',(-5.031656301316,11.208380582444,1.55));
#3588=CARTESIAN_POINT('',(-5.957607696975,11.208380582444,0.));
#3589=CARTESIAN_POINT('',(-7.,11.208380582444,-5.55111512312578E-16));
#3590=CARTESIAN_POINT('',(-5.957607696975,11.208380582444,0.));
#3591=CARTESIAN_POINT('Origin',(-5.,8.5,-1.));
#3592=CARTESIAN_POINT('',(-2.323275718873,8.5,-5.55111512312578E-16));
#3593=CARTESIAN_POINT('',(-2.323275718872,8.5,1.9));
#3594=CARTESIAN_POINT('',(-2.323275718872,8.5,0.35));
#3595=CARTESIAN_POINT('',(-5.,8.5,1.9));
#3596=CARTESIAN_POINT('',(-5.,8.5,1.9));
#3597=CARTESIAN_POINT('',(-5.,8.5,0.));
#3598=CARTESIAN_POINT('',(-5.,8.5,-1.));
#3599=CARTESIAN_POINT('',(-9.5,8.5,-5.55111512312578E-16));
#3600=CARTESIAN_POINT('Origin',(-5.,-8.5,1.9));
#3601=CARTESIAN_POINT('',(-2.791619417556,-5.5,1.9));
#3602=CARTESIAN_POINT('',(-2.791619417556,-5.957607696975,1.9));
#3603=CARTESIAN_POINT('',(-2.791619417556,-4.25,1.9));
#3604=CARTESIAN_POINT('',(-2.185761007694,-5.957607696975,1.9));
#3605=CARTESIAN_POINT('Origin',(-2.48869021262486,-5.95760769697514,1.9));
#3606=CARTESIAN_POINT('',(-2.185761007694,-5.5,1.9));
#3607=CARTESIAN_POINT('',(-2.185761007694,-4.25,1.9));
#3608=CARTESIAN_POINT('',(-1.478926196189,-5.5,1.9));
#3609=CARTESIAN_POINT('',(-5.,-5.5,1.9));
#3610=CARTESIAN_POINT('',(-1.478926196189,-7.655650477316,1.9));
#3611=CARTESIAN_POINT('',(-1.478926196189,-4.25,1.9));
#3612=CARTESIAN_POINT('',(-2.323275718876,-8.5,1.9));
#3613=CARTESIAN_POINT('',(-3.786637859437,-9.963362140561,1.9));
#3614=CARTESIAN_POINT('',(-5.,-8.5,1.9));
#3615=CARTESIAN_POINT('',(-5.,-8.5,1.9));
#3616=CARTESIAN_POINT('',(-5.,-5.5,1.9));
#3617=CARTESIAN_POINT('Origin',(-7.,-7.,1.9));
#3618=CARTESIAN_POINT('',(-5.,-5.5,1.9));
#3619=CARTESIAN_POINT('Origin',(-5.,5.5,-1.));
#3620=CARTESIAN_POINT('',(-2.185761007694,5.5,-5.55111512312578E-16));
#3621=CARTESIAN_POINT('',(-2.185761007694,5.5,1.9));
#3622=CARTESIAN_POINT('',(-2.185761007694,5.5,0.0499999999999998));
#3623=CARTESIAN_POINT('',(-1.478926196189,5.5,1.9));
#3624=CARTESIAN_POINT('',(-5.,5.5,1.9));
#3625=CARTESIAN_POINT('',(-1.478926196189,5.5,-5.55111512312578E-16));
#3626=CARTESIAN_POINT('',(-1.478926196189,5.5,0.35));
#3627=CARTESIAN_POINT('',(-9.5,5.5,-5.55111512312578E-16));
#3628=CARTESIAN_POINT('Origin',(-5.,-5.5,-1.));
#3629=CARTESIAN_POINT('',(-1.478926196189,-5.5,-5.55111512312578E-16));
#3630=CARTESIAN_POINT('',(-1.478926196189,-5.5,0.35));
#3631=CARTESIAN_POINT('',(-2.185761007694,-5.5,-5.55111512312578E-16));
#3632=CARTESIAN_POINT('',(-2.185761007694,-5.5,0.0499999999999998));
#3633=CARTESIAN_POINT('',(-9.5,-5.5,-5.55111512312578E-16));
#3634=CARTESIAN_POINT('Origin',(-5.,-5.5,-1.));
#3635=CARTESIAN_POINT('',(-2.791619417556,-5.5,-5.55111512312578E-16));
#3636=CARTESIAN_POINT('',(-2.791619417556,-5.5,0.2));
#3637=CARTESIAN_POINT('',(-5.,-5.5,0.));
#3638=CARTESIAN_POINT('',(-5.,-5.5,-1.));
#3639=CARTESIAN_POINT('',(-9.5,-5.5,-5.55111512312578E-16));
#3640=CARTESIAN_POINT('Origin',(-11.51130978737,-1.659807469199E-15,2.8));
#3641=CARTESIAN_POINT('',(-11.8142389923,-5.957607696975,2.8));
#3642=CARTESIAN_POINT('Origin',(-11.5113097873704,-5.95760769697558,2.8));
#3643=CARTESIAN_POINT('',(-11.8142389923,5.957607696975,2.8));
#3644=CARTESIAN_POINT('Origin',(-11.8142389923,1.37458103945E-16,2.7));
#3645=CARTESIAN_POINT('',(-11.8142389923,-5.957607696975,2.6));
#3646=CARTESIAN_POINT('',(-11.8142389923,5.957607696975,2.6));
#3647=CARTESIAN_POINT('',(-11.8142389923,-5.957607696975,2.8));
#3648=CARTESIAN_POINT('Origin',(-5.,5.5,1.9));
#3649=CARTESIAN_POINT('',(-2.791619417556,5.957607696975,1.9));
#3650=CARTESIAN_POINT('',(-2.791619417556,5.5,1.9));
#3651=CARTESIAN_POINT('',(-2.791619417556,2.75,1.9));
#3652=CARTESIAN_POINT('',(-5.,5.5,1.9));
#3653=CARTESIAN_POINT('',(-5.,5.5,1.9));
#3654=CARTESIAN_POINT('Origin',(-7.,7.,1.9));
#3655=CARTESIAN_POINT('',(-1.478926196189,7.655650477316,1.9));
#3656=CARTESIAN_POINT('',(-3.036637859436,9.213362140564,1.9));
#3657=CARTESIAN_POINT('',(-1.478926196189,2.75,1.9));
#3658=CARTESIAN_POINT('',(-2.185761007694,5.957607696975,1.9));
#3659=CARTESIAN_POINT('',(-2.185761007694,2.75,1.9));
#3660=CARTESIAN_POINT('Origin',(-2.48869021262486,5.95760769697514,1.9));
#3661=CARTESIAN_POINT('Origin',(-5.,5.5,-1.));
#3662=CARTESIAN_POINT('',(-2.791619417556,5.5,-5.55111512312578E-16));
#3663=CARTESIAN_POINT('',(-2.791619417556,5.5,0.2));
#3664=CARTESIAN_POINT('',(-5.,5.5,0.));
#3665=CARTESIAN_POINT('',(-9.5,5.5,-5.55111512312578E-16));
#3666=CARTESIAN_POINT('',(-5.,5.5,-1.));
#3667=CARTESIAN_POINT('Origin',(-12.15899399203,6.058584098618,2.4));
#3668=CARTESIAN_POINT('',(-12.52107380381,6.058584098618,2.6));
#3669=CARTESIAN_POINT('',(-11.79691418026,6.058584098618,2.6));
#3670=CARTESIAN_POINT('',(-12.52107380381,6.058584098618,2.2));
#3671=CARTESIAN_POINT('',(-12.52107380381,6.058584098618,2.6));
#3672=CARTESIAN_POINT('',(-11.79691418026,6.058584098618,2.2));
#3673=CARTESIAN_POINT('Origin',(-12.1670650239,1.545197187577E-16,2.2));
#3674=CARTESIAN_POINT('',(-12.52107380381,-6.058584098618,2.2));
#3675=CARTESIAN_POINT('',(-12.52107380381,6.058584098618,2.2));
#3676=CARTESIAN_POINT('',(-11.79691418026,-6.058584098618,2.2));
#3677=CARTESIAN_POINT('',(-11.79691418026,-6.058584098618,2.2));
#3678=CARTESIAN_POINT('',(-11.8142389923,-5.957607696975,2.2));
#3679=CARTESIAN_POINT('Origin',(-11.511309787368,-5.95760769697503,2.20000000000002));
#3680=CARTESIAN_POINT('',(-11.8142389923,-5.957607696975,2.2));
#3681=CARTESIAN_POINT('Origin',(-12.15899399203,-6.058584098618,2.4));
#3682=CARTESIAN_POINT('',(-12.52107380381,-6.058584098618,2.6));
#3683=CARTESIAN_POINT('',(-12.52107380381,-6.058584098618,2.2));
#3684=CARTESIAN_POINT('',(-11.79691418026,-6.058584098618,2.6));
#3685=CARTESIAN_POINT('',(-11.79691418026,-6.058584098618,2.6));
#3686=CARTESIAN_POINT('',(-11.796914180684,-6.05858409876936,2.2));
#3687=CARTESIAN_POINT('Origin',(-12.1670650239,6.68865076301E-16,2.6));
#3688=CARTESIAN_POINT('Origin',(-11.511309787368,-5.95760769697503,2.6));
#3689=CARTESIAN_POINT('',(-12.52107380381,-6.058584098618,2.6));
#3690=CARTESIAN_POINT('Origin',(-6.058584098618,-12.15899399203,2.4));
#3691=CARTESIAN_POINT('',(-6.058584098618,-12.235308379742,2.6));
#3692=CARTESIAN_POINT('',(-6.058584098618,-12.235308379742,2.05));
#3693=CARTESIAN_POINT('',(-6.058584098618,-11.79691418026,2.6));
#3694=CARTESIAN_POINT('',(-6.05858409876936,-11.796914180684,2.6));
#3695=CARTESIAN_POINT('',(-6.058584098618,-11.79691418026,2.6));
#3696=CARTESIAN_POINT('Origin',(-11.5113097873691,-5.95760769697554,0.));
#3697=CARTESIAN_POINT('',(-11.8142389923,-5.957607696975,1.9));
#3698=CARTESIAN_POINT('Origin',(-11.5113097873691,-5.95760769697554,1.9));
#3699=CARTESIAN_POINT('',(-11.8142389923,-5.957607696975,2.2));
#3700=CARTESIAN_POINT('Origin',(-11.8142389923,0.,1.1));
#3701=CARTESIAN_POINT('',(-11.8142389923,5.5,1.9));
#3702=CARTESIAN_POINT('',(-11.8142389923,2.75,1.9));
#3703=CARTESIAN_POINT('',(-11.8142389923,-5.5,1.9));
#3704=CARTESIAN_POINT('',(-11.8142389923,-4.25,1.9));
#3705=CARTESIAN_POINT('',(-11.8142389923,-5.5,0.));
#3706=CARTESIAN_POINT('',(-11.8142389923,-5.5,0.0499999999999998));
#3707=CARTESIAN_POINT('',(-11.8142389923,5.5,0.));
#3708=CARTESIAN_POINT('',(-11.8142389923,1.801006729461E-16,-5.55111512312578E-16));
#3709=CARTESIAN_POINT('',(-11.8142389923,5.5,0.0499999999999998));
#3710=CARTESIAN_POINT('Origin',(-5.95760769697614,-11.5113097873697,0.));
#3711=CARTESIAN_POINT('',(-5.957607696975,-11.8142389923,2.6));
#3712=CARTESIAN_POINT('Origin',(-5.95760769697503,-11.511309787368,2.6));
#3713=CARTESIAN_POINT('',(-5.957607696975,-11.20838058244,0.));
#3714=CARTESIAN_POINT('Origin',(-5.95760769697614,-11.5113097873697,-5.55111512312578E-16));
#3715=CARTESIAN_POINT('',(-5.957607696975,-11.20838058244,2.8));
#3716=CARTESIAN_POINT('',(-5.957607696975,-11.20838058244,2.8));
#3717=CARTESIAN_POINT('',(-5.957607696975,-11.8142389923,2.8));
#3718=CARTESIAN_POINT('Origin',(-5.95760769697558,-11.5113097873696,2.8));
#3719=CARTESIAN_POINT('',(-5.957607696975,-11.8142389923,2.6));
#3720=CARTESIAN_POINT('Origin',(-12.52107380381,-9.493497238419E-17,1.7));
#3721=CARTESIAN_POINT('',(-12.52107380381,5.5,1.9));
#3722=CARTESIAN_POINT('',(-12.52107380381,5.5,0.));
#3723=CARTESIAN_POINT('',(-12.52107380381,5.5,0.35));
#3724=CARTESIAN_POINT('',(-12.52107380381,-5.5,0.));
#3725=CARTESIAN_POINT('',(-12.52107380381,1.32633186754005E-16,-5.55111512312578E-16));
#3726=CARTESIAN_POINT('',(-12.52107380381,-5.5,1.9));
#3727=CARTESIAN_POINT('',(-12.52107380381,-5.5,0.35));
#3728=CARTESIAN_POINT('',(-12.52107380381,-7.655650477316,1.9));
#3729=CARTESIAN_POINT('',(-12.52107380381,-4.25,1.9));
#3730=CARTESIAN_POINT('',(-12.52107380381,-7.655650477316,3.4));
#3731=CARTESIAN_POINT('',(-12.52107380381,-7.655650477316,3.4));
#3732=CARTESIAN_POINT('',(-12.52107380381,2.32689116168555E-16,3.4));
#3733=CARTESIAN_POINT('',(-12.52107380381,2.75,1.9));
#3734=CARTESIAN_POINT('Origin',(-10.08836214056,-10.08836214056,1.7));
#3735=CARTESIAN_POINT('',(-8.36248528882,-11.8142389923,2.2));
#3736=CARTESIAN_POINT('',(-8.36248528882,-11.8142389923,-5.55111512312578E-16));
#3737=CARTESIAN_POINT('',(-8.36248528882,-11.8142389923,1.4));
#3738=CARTESIAN_POINT('',(-7.655650477316,-12.52107380381,0.));
#3739=CARTESIAN_POINT('',(-13.58836214056,-6.58836214056,-5.55111512312578E-16));
#3740=CARTESIAN_POINT('',(-7.655650477316,-12.52107380381,3.4));
#3741=CARTESIAN_POINT('',(-7.65565047731,-12.52107380381,1.7));
#3742=CARTESIAN_POINT('',(-13.58836214056,-6.58836214056,3.4));
#3743=CARTESIAN_POINT('',(-11.67672428112,-8.5,1.9));
#3744=CARTESIAN_POINT('',(-12.71336214056,-7.46336214056,1.9));
#3745=CARTESIAN_POINT('',(-11.67672428112,-8.5,-5.55111512312578E-16));
#3746=CARTESIAN_POINT('',(-11.67672428112,-8.5,0.35));
#3747=CARTESIAN_POINT('',(-8.96834369868,-11.20838058244,-5.55111512312578E-16));
#3748=CARTESIAN_POINT('',(-13.58836214056,-6.58836214056,-5.55111512312578E-16));
#3749=CARTESIAN_POINT('',(-8.96834369868,-11.20838058244,2.8));
#3750=CARTESIAN_POINT('',(-8.96834369868,-11.20838058244,1.55));
#3751=CARTESIAN_POINT('',(-8.36248528882,-11.8142389923,2.8));
#3752=CARTESIAN_POINT('',(-10.7105346937175,-9.4661895874025,2.8));
#3753=CARTESIAN_POINT('',(-8.36248528882,-11.8142389923,2.6));
#3754=CARTESIAN_POINT('',(-8.36248528882,-11.8142389923,2.2));
#3755=CARTESIAN_POINT('',(-7.941415901382,-12.235308379738,2.6));
#3756=CARTESIAN_POINT('',(-10.546595884585,-9.630128396535,2.6));
#3757=CARTESIAN_POINT('',(-7.941415901382,-12.235308379738,2.2));
#3758=CARTESIAN_POINT('',(-7.941415901382,-12.235308379738,2.05));
#3759=CARTESIAN_POINT('',(-10.546595884585,-9.630128396535,2.2));
#3760=CARTESIAN_POINT('Origin',(-5.95760769697513,11.5113097873751,0.));
#3761=CARTESIAN_POINT('',(-5.957607696975,11.814238992306,0.));
#3762=CARTESIAN_POINT('Origin',(-5.95760769697513,11.5113097873751,-5.55111512312578E-16));
#3763=CARTESIAN_POINT('',(-5.957607696975,11.814238992306,2.2));
#3764=CARTESIAN_POINT('',(-5.957607696975,11.814238992306,2.2));
#3765=CARTESIAN_POINT('Origin',(-5.957607696975,11.5113097873747,2.20000000000001));
#3766=CARTESIAN_POINT('Origin',(1.048140749615E-16,12.167065023907,2.2));
#3767=CARTESIAN_POINT('',(-5.637514711178,11.814238992306,2.2));
#3768=CARTESIAN_POINT('',(-3.45340411541275,9.63012839654075,2.2));
#3769=CARTESIAN_POINT('',(5.957607696975,11.814238992306,2.2));
#3770=CARTESIAN_POINT('Origin',(7.780013811578E-16,-12.1670650239,2.6));
#3771=CARTESIAN_POINT('',(-5.637514711176,-11.8142389923,2.6));
#3772=CARTESIAN_POINT('',(-3.453404115412,-9.630128396536,2.6));
#3773=CARTESIAN_POINT('',(5.957607696975,-11.8142389923,2.6));
#3774=CARTESIAN_POINT('Origin',(0.,-11.8142389923,2.7));
#3775=CARTESIAN_POINT('',(-5.637514711176,-11.8142389923,2.8));
#3776=CARTESIAN_POINT('',(-5.637514711176,-11.8142389923,2.2));
#3777=CARTESIAN_POINT('',(5.957607696975,-11.8142389923,2.8));
#3778=CARTESIAN_POINT('Origin',(-1.326981492302E-15,-11.51130978737,2.8));
#3779=CARTESIAN_POINT('',(-5.031656301316,-11.20838058244,2.8));
#3780=CARTESIAN_POINT('',(-3.2894653062795,-9.4661895874035,2.8));
#3781=CARTESIAN_POINT('',(5.957607696975,-11.20838058244,2.8));
#3782=CARTESIAN_POINT('Origin',(-1.207156532775E-16,-11.20838058244,1.4));
#3783=CARTESIAN_POINT('',(-5.03165630131373,-11.20838058244,-5.55111512312578E-16));
#3784=CARTESIAN_POINT('',(-5.031656301316,-11.20838058244,1.55));
#3785=CARTESIAN_POINT('',(-7.,-11.20838058244,-5.55111512312578E-16));
#3786=CARTESIAN_POINT('Origin',(-5.,-8.5,-1.));
#3787=CARTESIAN_POINT('',(-2.323275718876,-8.5,0.));
#3788=CARTESIAN_POINT('',(-2.323275718876,-8.5,0.35));
#3789=CARTESIAN_POINT('',(-5.,-8.5,0.));
#3790=CARTESIAN_POINT('',(-9.5,-8.5,-5.55111512312578E-16));
#3791=CARTESIAN_POINT('',(-5.,-8.5,-1.));
#3792=CARTESIAN_POINT('Origin',(0.,11.814238992306,1.1));
#3793=CARTESIAN_POINT('',(-5.637514711178,11.814238992306,0.));
#3794=CARTESIAN_POINT('',(-5.637514711178,11.814238992306,1.4));
#3795=CARTESIAN_POINT('',(-7.,11.814238992306,-5.55111512312578E-16));
#3796=CARTESIAN_POINT('Origin',(-14.,12.167065023907,2.2));
#3797=CARTESIAN_POINT('',(-8.042392303025,11.814238992306,2.2));
#3798=CARTESIAN_POINT('',(-8.042392303025,11.814238992306,2.2));
#3799=CARTESIAN_POINT('',(-7.941415901382,11.796914180264,2.2));
#3800=CARTESIAN_POINT('Origin',(-8.042392303025,11.5113097873748,2.19999999999997));
#3801=CARTESIAN_POINT('',(-7.941415901382,11.796914180264,2.2));
#3802=CARTESIAN_POINT('Origin',(-7.941415901382,-12.15899399203,2.4));
#3803=CARTESIAN_POINT('',(-7.941415901382,-11.79691418026,2.6));
#3804=CARTESIAN_POINT('',(-7.941415901382,-11.79691418026,2.6));
#3805=CARTESIAN_POINT('',(-7.941415901382,-11.79691418026,2.2));
#3806=CARTESIAN_POINT('',(-7.94141590123064,-11.796914180684,2.2));
#3807=CARTESIAN_POINT('',(-7.941415901382,-11.79691418026,2.2));
#3808=CARTESIAN_POINT('Origin',(-14.,11.814238992306,1.1));
#3809=CARTESIAN_POINT('',(-8.042392303025,11.814238992306,-5.55111512312578E-16));
#3810=CARTESIAN_POINT('',(-19.957607696975,11.814238992306,-5.55111512312578E-16));
#3811=CARTESIAN_POINT('',(-8.042392303025,11.814238992306,-5.55111512312578E-16));
#3812=CARTESIAN_POINT('Origin',(-14.,-12.1670650239,2.6));
#3813=CARTESIAN_POINT('',(-8.042392303025,-11.8142389923,2.6));
#3814=CARTESIAN_POINT('',(-8.042392303025,-11.8142389923,2.6));
#3815=CARTESIAN_POINT('Origin',(-8.04239230302497,-11.511309787368,2.59999999999996));
#3816=CARTESIAN_POINT('Origin',(-19.,5.5,-1.));
#3817=CARTESIAN_POINT('',(-9.,5.5,1.9));
#3818=CARTESIAN_POINT('',(-19.,5.5,1.9));
#3819=CARTESIAN_POINT('',(-9.,5.5,-5.55111512312578E-16));
#3820=CARTESIAN_POINT('',(-9.,5.5,-1.));
#3821=CARTESIAN_POINT('',(-16.5,5.5,-5.55111512312578E-16));
#3822=CARTESIAN_POINT('Origin',(-19.,5.5,-1.));
#3823=CARTESIAN_POINT('',(-16.5,5.5,-5.55111512312578E-16));
#3824=CARTESIAN_POINT('',(-19.,5.5,1.9));
#3825=CARTESIAN_POINT('Origin',(-14.,5.603132047213E-16,3.4));
#3826=CARTESIAN_POINT('',(-6.344349522684,-12.52107380381,3.4));
#3827=CARTESIAN_POINT('',(-21.655650477316,-12.52107380381,3.4));
#3828=CARTESIAN_POINT('',(-1.478926196189,-7.655650477316,3.4));
#3829=CARTESIAN_POINT('',(-6.344349522684,-12.52107380381,3.4));
#3830=CARTESIAN_POINT('',(-1.478926196189,7.655650477316,3.4));
#3831=CARTESIAN_POINT('',(-1.478926196189,-7.655650477316,3.4));
#3832=CARTESIAN_POINT('',(-6.344349522684,12.521073803811,3.4));
#3833=CARTESIAN_POINT('',(-1.478926196189,7.655650477316,3.4));
#3834=CARTESIAN_POINT('',(-6.344349522684,12.521073803811,3.4));
#3835=CARTESIAN_POINT('',(-9.5,-7.,3.4));
#3836=CARTESIAN_POINT('Origin',(-7.,-7.,3.4));
#3837=CARTESIAN_POINT('',(-9.5,7.,3.4));
#3838=CARTESIAN_POINT('Origin',(-7.,7.,3.4));
#3839=CARTESIAN_POINT('Origin',(-14.,-12.52107380381,1.7));
#3840=CARTESIAN_POINT('',(-6.344349522684,-12.52107380381,-5.55111512312578E-16));
#3841=CARTESIAN_POINT('',(-21.655650477316,-12.52107380381,-5.55111512312578E-16));
#3842=CARTESIAN_POINT('',(-6.344349522684,-12.52107380381,3.4));
#3843=CARTESIAN_POINT('Origin',(-14.,-11.8142389923,2.7));
#3844=CARTESIAN_POINT('',(-8.042392303025,-11.8142389923,2.8));
#3845=CARTESIAN_POINT('',(-8.042392303025,-11.8142389923,2.8));
#3846=CARTESIAN_POINT('',(-8.042392303025,-11.8142389923,2.8));
#3847=CARTESIAN_POINT('Origin',(-19.,-5.5,-1.));
#3848=CARTESIAN_POINT('',(-9.,-5.5,-5.55111512312578E-16));
#3849=CARTESIAN_POINT('',(-16.5,-5.5,-5.55111512312578E-16));
#3850=CARTESIAN_POINT('',(-9.,-5.5,1.9));
#3851=CARTESIAN_POINT('',(-9.,-5.5,-1.));
#3852=CARTESIAN_POINT('',(-19.,-5.5,1.9));
#3853=CARTESIAN_POINT('Origin',(-14.,3.602013458922E-16,-5.55111512312578E-16));
#3854=CARTESIAN_POINT('',(-8.5,5.,-5.55111512312578E-16));
#3855=CARTESIAN_POINT('Origin',(-7.,7.,-5.55111512312578E-16));
#3856=CARTESIAN_POINT('',(-8.5,-5.,-5.55111512312578E-16));
#3857=CARTESIAN_POINT('',(-8.5,-2.5,-5.55111512312578E-16));
#3858=CARTESIAN_POINT('Origin',(-7.,-7.,-5.55111512312578E-16));
#3859=CARTESIAN_POINT('Origin',(-14.,3.602013458922E-16,-5.55111512312578E-16));
#3860=CARTESIAN_POINT('',(-16.5,-5.5,-5.55111512312578E-16));
#3861=CARTESIAN_POINT('Origin',(-19.,-8.5,1.9));
#3862=CARTESIAN_POINT('',(-9.5,-7.,1.9));
#3863=CARTESIAN_POINT('Origin',(-7.,-7.,1.9));
#3864=CARTESIAN_POINT('',(-9.,-8.5,1.9));
#3865=CARTESIAN_POINT('Origin',(-7.,-7.,1.9));
#3866=CARTESIAN_POINT('',(-19.,-8.5,1.9));
#3867=CARTESIAN_POINT('',(-19.,-5.5,1.9));
#3868=CARTESIAN_POINT('Origin',(-14.,-11.51130978737,2.8));
#3869=CARTESIAN_POINT('',(-8.042392303025,-11.20838058244,2.8));
#3870=CARTESIAN_POINT('',(-8.042392303025,-11.20838058244,2.8));
#3871=CARTESIAN_POINT('Origin',(-8.04239230302442,-11.5113097873704,2.8));
#3872=CARTESIAN_POINT('Origin',(-14.,-11.20838058244,1.4));
#3873=CARTESIAN_POINT('',(-8.042392303025,-11.20838058244,-5.55111512312578E-16));
#3874=CARTESIAN_POINT('',(-8.042392303025,-11.20838058244,-5.55111512312578E-16));
#3875=CARTESIAN_POINT('',(-8.042392303025,-11.20838058244,-5.55111512312578E-16));
#3876=CARTESIAN_POINT('Origin',(-19.,8.5,-1.));
#3877=CARTESIAN_POINT('',(-9.,8.5,-5.55111512312578E-16));
#3878=CARTESIAN_POINT('',(-16.5,8.5,-5.55111512312578E-16));
#3879=CARTESIAN_POINT('',(-9.,8.5,1.9));
#3880=CARTESIAN_POINT('',(-9.,8.5,-1.));
#3881=CARTESIAN_POINT('',(-19.,8.5,1.9));
#3882=CARTESIAN_POINT('Origin',(-7.,-7.,-1.));
#3883=CARTESIAN_POINT('',(-9.,-8.5,-5.55111512312578E-16));
#3884=CARTESIAN_POINT('Origin',(-7.,-7.,-5.55111512312578E-16));
#3885=CARTESIAN_POINT('',(-9.,-8.5,-1.));
#3886=CARTESIAN_POINT('',(-9.5,-7.,-1.));
#3887=CARTESIAN_POINT('',(-8.5,-5.,1.9));
#3888=CARTESIAN_POINT('',(-8.5,-5.,-1.));
#3889=CARTESIAN_POINT('',(-5.5,-5.,1.9));
#3890=CARTESIAN_POINT('Origin',(-7.,-7.,1.9));
#3891=CARTESIAN_POINT('',(-5.5,-5.,-5.55111512312578E-16));
#3892=CARTESIAN_POINT('',(-5.5,-5.,-1.));
#3893=CARTESIAN_POINT('Origin',(-7.,-7.,-5.55111512312578E-16));
#3894=CARTESIAN_POINT('Origin',(-2.791619417556,-1.207156532775E-16,1.4));
#3895=CARTESIAN_POINT('',(-2.791619417556,5.957607696975,2.8));
#3896=CARTESIAN_POINT('',(-2.791619417556,5.957607696975,-5.55111512312578E-16));
#3897=CARTESIAN_POINT('',(-2.791619417556,-5.957607696975,2.8));
#3898=CARTESIAN_POINT('',(-2.791619417556,5.957607696975,2.8));
#3899=CARTESIAN_POINT('',(-2.791619417556,-5.957607696975,2.8));
#3900=CARTESIAN_POINT('',(-2.791619417556,5.957607696975,-5.55111512312578E-16));
#3901=CARTESIAN_POINT('Origin',(-2.48869021262486,5.95760769697514,-5.55111512312578E-16));
#3902=CARTESIAN_POINT('',(-2.185761007694,5.957607696975,2.2));
#3903=CARTESIAN_POINT('',(-2.185761007694,5.957607696975,2.2));
#3904=CARTESIAN_POINT('',(-2.203085819736,6.058584098618,2.2));
#3905=CARTESIAN_POINT('Origin',(-2.48869021262498,5.95760769697505,2.19999999999999));
#3906=CARTESIAN_POINT('',(-2.203085819736,6.058584098618,2.6));
#3907=CARTESIAN_POINT('',(-2.20308581931005,6.05858409876936,2.2));
#3908=CARTESIAN_POINT('',(-2.185761007694,5.957607696975,2.6));
#3909=CARTESIAN_POINT('Origin',(-2.48869021262531,5.95760769697499,2.60000000000002));
#3910=CARTESIAN_POINT('',(-2.185761007694,5.957607696975,2.8));
#3911=CARTESIAN_POINT('',(-2.185761007694,5.957607696975,2.8));
#3912=CARTESIAN_POINT('Origin',(-2.48869021262508,5.95760769697509,2.8));
#3913=CARTESIAN_POINT('Origin',(-3.911637859436,-10.08836214056,1.7));
#3914=CARTESIAN_POINT('',(-6.344349522684,-12.52107380381,-5.55111512312578E-16));
#3915=CARTESIAN_POINT('',(-1.478926196189,-7.655650477316,3.4));
#3916=CARTESIAN_POINT('',(-6.344349522684,-12.52107380381,-5.55111512312578E-16));
#3917=CARTESIAN_POINT('Origin',(-2.185761007694,0.,1.1));
#3918=CARTESIAN_POINT('',(-2.185761007694,-5.957607696975,-5.55111512312578E-16));
#3919=CARTESIAN_POINT('',(-2.185761007694,-5.957607696975,2.2));
#3920=CARTESIAN_POINT('',(-2.185761007694,-5.957607696975,-5.55111512312578E-16));
#3921=CARTESIAN_POINT('',(-2.185761007694,5.957607696975,2.2));
#3922=CARTESIAN_POINT('Origin',(-14.,3.602013458922E-16,-5.55111512312578E-16));
#3923=CARTESIAN_POINT('',(-1.478926196189,-7.655650477316,-5.55111512312578E-16));
#3924=CARTESIAN_POINT('Origin',(-14.,3.602013458922E-16,-5.55111512312578E-16));
#3925=CARTESIAN_POINT('',(-5.5,5.,-5.55111512312578E-16));
#3926=CARTESIAN_POINT('',(-5.5,-2.5,-5.55111512312578E-16));
#3927=CARTESIAN_POINT('Origin',(-7.,7.,-5.55111512312578E-16));
#3928=CARTESIAN_POINT('Origin',(-14.,3.602013458922E-16,-5.55111512312578E-16));
#3929=CARTESIAN_POINT('',(-6.344349522684,12.521073803811,-5.55111512312578E-16));
#3930=CARTESIAN_POINT('',(-6.344349522684,12.521073803811,-5.55111512312578E-16));
#3931=CARTESIAN_POINT('',(-1.478926196189,7.655650477316,-5.55111512312578E-16));
#3932=CARTESIAN_POINT('',(-1.478926196189,7.655650477316,-5.55111512312578E-16));
#3933=CARTESIAN_POINT('Origin',(-7.,7.,-5.55111512312578E-16));
#3934=CARTESIAN_POINT('',(-8.042392303025,11.208380582444,-5.55111512312578E-16));
#3935=CARTESIAN_POINT('',(-19.957607696975,11.208380582444,-5.55111512312578E-16));
#3936=CARTESIAN_POINT('Origin',(-8.04239230302492,11.5113097873749,-5.55111512312578E-16));
#3937=CARTESIAN_POINT('Origin',(-14.,3.602013458922E-16,-5.55111512312578E-16));
#3938=CARTESIAN_POINT('',(-8.042392303025,-11.8142389923,-5.55111512312578E-16));
#3939=CARTESIAN_POINT('',(-8.042392303025,-11.8142389923,-5.55111512312578E-16));
#3940=CARTESIAN_POINT('Origin',(-8.04239230302442,-11.5113097873696,-5.55111512312578E-16));
#3941=CARTESIAN_POINT('',(-16.5,-8.5,-5.55111512312578E-16));
#3942=CARTESIAN_POINT('Origin',(-14.,-12.1670650239,2.2));
#3943=CARTESIAN_POINT('',(-8.042392303025,-11.8142389923,2.2));
#3944=CARTESIAN_POINT('Origin',(-8.04239230302496,-11.511309787368,2.19999999999999));
#3945=CARTESIAN_POINT('',(-19.957607696975,-11.8142389923,2.2));
#3946=CARTESIAN_POINT('Origin',(-19.,5.5,1.9));
#3947=CARTESIAN_POINT('',(-9.5,7.,1.9));
#3948=CARTESIAN_POINT('Origin',(-7.,7.,1.9));
#3949=CARTESIAN_POINT('Origin',(-7.,7.,1.9));
#3950=CARTESIAN_POINT('Origin',(-14.,11.208380582444,1.4));
#3951=CARTESIAN_POINT('',(-8.042392303025,11.208380582444,2.8));
#3952=CARTESIAN_POINT('',(-19.957607696975,11.208380582444,2.8));
#3953=CARTESIAN_POINT('',(-8.042392303025,11.208380582444,2.8));
#3954=CARTESIAN_POINT('Origin',(-14.,11.511309787375,2.8));
#3955=CARTESIAN_POINT('',(-8.042392303025,11.814238992306,2.8));
#3956=CARTESIAN_POINT('',(-19.957607696975,11.814238992306,2.8));
#3957=CARTESIAN_POINT('Origin',(-8.04239230302492,11.5113097873751,2.8));
#3958=CARTESIAN_POINT('Origin',(-14.,11.814238992306,2.7));
#3959=CARTESIAN_POINT('',(-8.042392303025,11.814238992306,2.6));
#3960=CARTESIAN_POINT('',(-19.957607696975,11.814238992306,2.6));
#3961=CARTESIAN_POINT('',(-8.042392303025,11.814238992306,2.6));
#3962=CARTESIAN_POINT('Origin',(-14.,12.167065023907,2.6));
#3963=CARTESIAN_POINT('',(-7.941415901382,11.796914180264,2.6));
#3964=CARTESIAN_POINT('',(-7.941415901382,11.796914180264,2.6));
#3965=CARTESIAN_POINT('Origin',(-8.042392303025,11.5113097873748,2.6));
#3966=CARTESIAN_POINT('Origin',(-14.,12.521073803811,1.7));
#3967=CARTESIAN_POINT('',(-6.344349522684,12.521073803811,3.4));
#3968=CARTESIAN_POINT('Origin',(-8.04239230302486,11.5113097873751,-5.55111512312578E-16));
#3969=CARTESIAN_POINT('',(-7.94141590123064,11.79691418069,2.6));
#3970=CARTESIAN_POINT('Origin',(-7.941415901382,12.158993992037,2.4));
#3971=CARTESIAN_POINT('Origin',(-1.478926196189,9.493497238419E-17,1.7));
#3972=CARTESIAN_POINT('',(-1.478926196189,7.655650477316,3.4));
#3973=CARTESIAN_POINT('',(-1.478926196189,6.058584098618,2.6));
#3974=CARTESIAN_POINT('',(-1.478926196189,-6.058584098618,2.6));
#3975=CARTESIAN_POINT('',(-1.478926196189,6.058584098618,2.6));
#3976=CARTESIAN_POINT('',(-1.478926196189,6.058584098618,2.2));
#3977=CARTESIAN_POINT('',(-1.478926196189,6.058584098618,2.2));
#3978=CARTESIAN_POINT('',(-1.478926196189,-6.058584098618,2.2));
#3979=CARTESIAN_POINT('',(-1.478926196189,-6.058584098618,2.2));
#3980=CARTESIAN_POINT('',(-1.478926196189,-6.058584098618,2.6));
#3981=CARTESIAN_POINT('Origin',(-3.911637859436,10.088362140564,1.7));
#3982=CARTESIAN_POINT('Origin',(-14.,-11.8142389923,1.1));
#3983=CARTESIAN_POINT('',(-8.042392303025,-11.8142389923,2.2));
#3984=CARTESIAN_POINT('Origin',(-8.04239230302446,-11.5113097873691,-5.55111512312578E-16));
#3985=CARTESIAN_POINT('Origin',(-2.48869021262486,-5.95760769697514,-5.55111512312578E-16));
#3986=CARTESIAN_POINT('',(-2.185761007694,-5.957607696975,2.8));
#3987=CARTESIAN_POINT('Origin',(-2.48869021262492,-5.95760769697508,2.8));
#3988=CARTESIAN_POINT('',(-2.185761007694,-5.957607696975,2.6));
#3989=CARTESIAN_POINT('',(-2.185761007694,-5.957607696975,2.6));
#3990=CARTESIAN_POINT('',(-2.203085819736,-6.058584098618,2.6));
#3991=CARTESIAN_POINT('Origin',(-2.48869021262524,-5.957607696975,2.59999999999998));
#3992=CARTESIAN_POINT('',(-2.203085819736,-6.058584098618,2.2));
#3993=CARTESIAN_POINT('',(-2.20308581931005,-6.05858409876936,2.6));
#3994=CARTESIAN_POINT('Origin',(-2.48869021262518,-5.95760769697501,2.20000000000001));
#3995=CARTESIAN_POINT('Origin',(-19.,-8.5,-1.));
#3996=CARTESIAN_POINT('Origin',(-7.,7.,-1.));
#3997=CARTESIAN_POINT('',(-5.5,5.,1.9));
#3998=CARTESIAN_POINT('',(-5.5,5.,-1.));
#3999=CARTESIAN_POINT('',(-8.5,5.,1.9));
#4000=CARTESIAN_POINT('Origin',(-7.,7.,1.9));
#4001=CARTESIAN_POINT('',(-8.5,5.,-1.));
#4002=CARTESIAN_POINT('',(-9.5,7.,-1.));
#4003=CARTESIAN_POINT('Origin',(-5.5,-5.,-1.));
#4004=CARTESIAN_POINT('',(-5.5,-5.,1.9));
#4005=CARTESIAN_POINT('Origin',(-1.832934976093,1.545197187577E-16,2.6));
#4006=CARTESIAN_POINT('',(-2.203085819736,6.058584098618,2.6));
#4007=CARTESIAN_POINT('',(-2.203085819736,-6.058584098618,2.6));
#4008=CARTESIAN_POINT('',(-2.185761007694,-5.957607696975,2.6));
#4009=CARTESIAN_POINT('Origin',(-1.841006007963,6.058584098618,2.4));
#4010=CARTESIAN_POINT('',(-2.203085819736,6.058584098618,2.2));
#4011=CARTESIAN_POINT('Origin',(-1.832934976093,6.68865076301E-16,2.2));
#4012=CARTESIAN_POINT('',(-2.203085819736,-6.058584098618,2.2));
#4013=CARTESIAN_POINT('Origin',(-1.841006007963,-6.058584098618,2.4));
#4014=CARTESIAN_POINT('Origin',(-2.185761007694,-1.37458103945E-16,2.7));
#4015=CARTESIAN_POINT('',(-2.185761007694,-5.957607696975,2.8));
#4016=CARTESIAN_POINT('Origin',(-2.488690212625,-9.120296250025E-16,2.8));
#4017=CARTESIAN_POINT('Origin',(-19.,-5.5,-1.));
#4018=CARTESIAN_POINT('Origin',(-8.5,-5.,-1.));
#4019=CARTESIAN_POINT('',(-8.5,-5.,1.9));
#4020=CARTESIAN_POINT('Origin',(-8.5,-5.,1.9));
#4021=CARTESIAN_POINT('',(0.,0.,0.));
#4022=CARTESIAN_POINT('Origin',(12.924979410386,2.454102135988E-17,1.1));
#4023=CARTESIAN_POINT('',(12.924979410386,1.933402529509,1.428571429));
#4024=CARTESIAN_POINT('',(12.924979410386,-1.933402529509,1.428571429));
#4025=CARTESIAN_POINT('',(12.924979410386,1.933402529509,1.428571429));
#4026=CARTESIAN_POINT('',(12.924979410386,-1.933402529509,0.771428571));
#4027=CARTESIAN_POINT('',(12.924979410386,-1.933402529509,1.428571429));
#4028=CARTESIAN_POINT('',(12.924979410386,1.933402529509,0.771428571));
#4029=CARTESIAN_POINT('',(12.924979410386,-1.933402529509,0.771428571));
#4030=CARTESIAN_POINT('',(12.924979410386,1.933402529509,0.771428571));
#4031=CARTESIAN_POINT('Origin',(12.521073803811,0.,1.1));
#4032=CARTESIAN_POINT('',(12.521073803811,5.452725688756,2.));
#4033=CARTESIAN_POINT('',(12.521073803811,5.452725688756,0.2));
#4034=CARTESIAN_POINT('',(12.521073803811,5.452725688756,2.));
#4035=CARTESIAN_POINT('',(12.521073803811,-5.452725688756,0.2));
#4036=CARTESIAN_POINT('',(12.521073803811,5.452725688756,0.2));
#4037=CARTESIAN_POINT('',(12.521073803811,-5.452725688756,2.));
#4038=CARTESIAN_POINT('',(12.521073803811,-5.452725688756,0.2));
#4039=CARTESIAN_POINT('',(12.521073803811,-5.452725688756,2.));
#4040=CARTESIAN_POINT('Origin',(12.684248459592,-1.390999350584E-8,0.430852602427));
#4041=CARTESIAN_POINT('',(12.630845386356,-4.903867774012,0.355300193));
#4042=CARTESIAN_POINT('Ctrl Pts',(12.924979410386,-1.933402529509,0.771428571180853));
#4043=CARTESIAN_POINT('Ctrl Pts',(12.924979410386,-2.91852558669531,0.771428571174844));
#4044=CARTESIAN_POINT('Ctrl Pts',(12.9189726856881,-3.2062335065723,0.762930511092537));
#4045=CARTESIAN_POINT('Ctrl Pts',(12.8773371450862,-3.60383039972721,0.704026308997225));
#4046=CARTESIAN_POINT('Ctrl Pts',(12.850392025673,-3.77267265563922,0.665905493552098));
#4047=CARTESIAN_POINT('Ctrl Pts',(12.7728785043969,-4.18461342685662,0.556242641664631));
#4048=CARTESIAN_POINT('Ctrl Pts',(12.7467160773298,-4.31906649219635,0.519229146244956));
#4049=CARTESIAN_POINT('Ctrl Pts',(12.6937538775625,-4.5885966312679,0.444300465763328));
#4050=CARTESIAN_POINT('Ctrl Pts',(12.6606450001706,-4.75486970514351,0.397459426189714));
#4051=CARTESIAN_POINT('Ctrl Pts',(12.6308453863672,-4.90386777395589,0.355300192793748));
#4052=CARTESIAN_POINT('',(12.6308453863688,-4.90386777401516,0.355300193));
#4053=CARTESIAN_POINT('',(12.630845386356,4.903867774012,0.355300193));
#4054=CARTESIAN_POINT('',(12.521073803811,5.452725688756,0.2));
#4055=CARTESIAN_POINT('Ctrl Pts',(12.6308453863642,4.903867773971,0.355300192849291));
#4056=CARTESIAN_POINT('Ctrl Pts',(12.6606221249875,4.7549840810591,0.397427063405992));
#4057=CARTESIAN_POINT('Ctrl Pts',(12.6936974101986,4.58888008588188,0.444220578180753));
#4058=CARTESIAN_POINT('Ctrl Pts',(12.7466200627223,4.31955814506394,0.519093308891433));
#4059=CARTESIAN_POINT('Ctrl Pts',(12.7727543452963,4.1852550046175,0.55606698667073));
#4060=CARTESIAN_POINT('Ctrl Pts',(12.8501491377228,3.77400706340415,0.665561865997822));
#4061=CARTESIAN_POINT('Ctrl Pts',(12.877110825245,3.60526087047895,0.703706121300914));
#4062=CARTESIAN_POINT('Ctrl Pts',(12.9189510783183,3.20761119632979,0.762899941938622));
#4063=CARTESIAN_POINT('Ctrl Pts',(12.924979410386,2.92029591862288,0.771428571210461));
#4064=CARTESIAN_POINT('Ctrl Pts',(12.924979410386,1.93340252950901,0.771428571204444));
#4065=CARTESIAN_POINT('Origin',(12.684248459592,1.390737392681E-8,1.769147397581));
#4066=CARTESIAN_POINT('',(12.630845386356,-4.903867774012,1.844699807));
#4067=CARTESIAN_POINT('',(12.521073803811,-5.452725688756,2.));
#4068=CARTESIAN_POINT('Ctrl Pts',(12.6308453863641,-4.90386777397146,1.84469980714901));
#4069=CARTESIAN_POINT('Ctrl Pts',(12.6606221249808,-4.75498408109254,1.80257293660217));
#4070=CARTESIAN_POINT('Ctrl Pts',(12.6936974101972,-4.58888008588912,1.75577942182056));
#4071=CARTESIAN_POINT('Ctrl Pts',(12.7466200627219,-4.31955814506587,1.68090669110935));
#4072=CARTESIAN_POINT('Ctrl Pts',(12.7727543452961,-4.18525500461871,1.64393301333032));
#4073=CARTESIAN_POINT('Ctrl Pts',(12.8501491377229,-3.77400706340407,1.53443813400431));
#4074=CARTESIAN_POINT('Ctrl Pts',(12.8771108252451,-3.60526087047853,1.49629387870168));
#4075=CARTESIAN_POINT('Ctrl Pts',(12.9189510783183,-3.20761119632917,1.43710005806519));
#4076=CARTESIAN_POINT('Ctrl Pts',(12.924979410386,-2.92029591862214,1.42857142879397));
#4077=CARTESIAN_POINT('Ctrl Pts',(12.924979410386,-1.933402529509,1.42857142880188));
#4078=CARTESIAN_POINT('',(12.630845386356,4.903867774012,1.844699807));
#4079=CARTESIAN_POINT('Ctrl Pts',(12.924979410386,1.933402529509,1.42857142883286));
#4080=CARTESIAN_POINT('Ctrl Pts',(12.924979410386,2.91852558915739,1.42857142884076));
#4081=CARTESIAN_POINT('Ctrl Pts',(12.9189726855881,3.20623350752789,1.43706948906502));
#4082=CARTESIAN_POINT('Ctrl Pts',(12.8773371450858,3.60383039973047,1.49597369101984));
#4083=CARTESIAN_POINT('Ctrl Pts',(12.8503920256722,3.77267265564449,1.53409450646571));
#4084=CARTESIAN_POINT('Ctrl Pts',(12.7728785043926,4.18461342687896,1.64375735835816));
#4085=CARTESIAN_POINT('Ctrl Pts',(12.746716077323,4.3190664922312,1.68077085378144));
#4086=CARTESIAN_POINT('Ctrl Pts',(12.6937538777777,4.58859663017254,1.75569953394914));
#4087=CARTESIAN_POINT('Ctrl Pts',(12.6606450013882,4.75486969905546,1.80254057210457));
#4088=CARTESIAN_POINT('Ctrl Pts',(12.6308453863681,4.90386777395161,1.84469980722198));
#4089=CARTESIAN_POINT('',(12.6308453864685,4.90386777401238,1.84469980707995));
#4090=CARTESIAN_POINT('Origin',(12.572129670699,5.19744635338,1.100000000048));
#4091=CARTESIAN_POINT('',(12.630845386356,4.903867774012,1.844699807));
#4092=CARTESIAN_POINT('Origin',(12.572129670699,-5.19744635338,1.099999999952));
#4093=CARTESIAN_POINT('',(12.630845386356,-4.903867774012,0.355300193));
#4094=CARTESIAN_POINT('Ctrl Pts',(12.630845386356,-4.903867774012,0.355300193));
#4095=CARTESIAN_POINT('Ctrl Pts',(12.630845386356,-4.903867774012,2.1425797298));
#4096=CARTESIAN_POINT('Ctrl Pts',(12.924979410386,-3.433197655884,0.355300193));
#4097=CARTESIAN_POINT('Ctrl Pts',(12.924979410386,-3.433197655884,2.1425797298));
#4098=CARTESIAN_POINT('Ctrl Pts',(12.924979410386,-1.933402529509,0.355300193));
#4099=CARTESIAN_POINT('Ctrl Pts',(12.924979410386,-1.933402529509,2.1425797298));
#4100=CARTESIAN_POINT('Ctrl Pts',(12.630845386356,4.903867774012,1.844699807));
#4101=CARTESIAN_POINT('Ctrl Pts',(12.630845386356,4.903867774012,0.0574202701999998));
#4102=CARTESIAN_POINT('Ctrl Pts',(12.924979410386,3.433197655884,1.844699807));
#4103=CARTESIAN_POINT('Ctrl Pts',(12.924979410386,3.433197655884,0.0574202701999998));
#4104=CARTESIAN_POINT('Ctrl Pts',(12.924979410386,1.933402529509,1.844699807));
#4105=CARTESIAN_POINT('Ctrl Pts',(12.924979410386,1.933402529509,0.0574202701999998));
#4106=CARTESIAN_POINT('',(0.,0.,0.));
#4107=CARTESIAN_POINT('Origin',(-12.92497941038,-2.454102135988E-17,1.1));
#4108=CARTESIAN_POINT('',(-12.92497941038,-1.933402529509,1.428571429));
#4109=CARTESIAN_POINT('',(-12.92497941038,1.933402529509,1.428571429));
#4110=CARTESIAN_POINT('',(-12.92497941038,-1.933402529509,1.428571429));
#4111=CARTESIAN_POINT('',(-12.92497941038,1.933402529509,0.771428571));
#4112=CARTESIAN_POINT('',(-12.92497941038,1.933402529509,1.428571429));
#4113=CARTESIAN_POINT('',(-12.92497941038,-1.933402529509,0.771428571));
#4114=CARTESIAN_POINT('',(-12.92497941038,1.933402529509,0.771428571));
#4115=CARTESIAN_POINT('',(-12.92497941038,-1.933402529509,0.771428571));
#4116=CARTESIAN_POINT('Origin',(-12.52107380381,0.,1.1));
#4117=CARTESIAN_POINT('',(-12.52107380381,-5.452725688756,2.));
#4118=CARTESIAN_POINT('',(-12.52107380381,-5.452725688756,0.2));
#4119=CARTESIAN_POINT('',(-12.52107380381,-5.452725688756,2.));
#4120=CARTESIAN_POINT('',(-12.52107380381,5.452725688756,0.2));
#4121=CARTESIAN_POINT('',(-12.52107380381,-5.452725688756,0.2));
#4122=CARTESIAN_POINT('',(-12.52107380381,5.452725688756,2.));
#4123=CARTESIAN_POINT('',(-12.52107380381,5.452725688756,0.2));
#4124=CARTESIAN_POINT('',(-12.52107380381,5.452725688756,2.));
#4125=CARTESIAN_POINT('Origin',(-12.68424845959,1.390999350584E-8,0.430852602427));
#4126=CARTESIAN_POINT('',(-12.63084538635,4.903867774012,0.355300193));
#4127=CARTESIAN_POINT('Ctrl Pts',(-12.92497941038,1.933402529509,0.771428571175195));
#4128=CARTESIAN_POINT('Ctrl Pts',(-12.92497941038,2.91852558669379,0.771428571169185));
#4129=CARTESIAN_POINT('Ctrl Pts',(-12.9189726856821,3.20623350657117,0.762930511086905));
#4130=CARTESIAN_POINT('Ctrl Pts',(-12.8773371450803,3.60383039972704,0.704026308991675));
#4131=CARTESIAN_POINT('Ctrl Pts',(-12.8503920256669,3.77267265564001,0.66590549354629));
#4132=CARTESIAN_POINT('Ctrl Pts',(-12.7728785043896,4.18461342686324,0.556242641657182));
#4133=CARTESIAN_POINT('Ctrl Pts',(-12.7467160773218,4.31906649220665,0.519229146236461));
#4134=CARTESIAN_POINT('Ctrl Pts',(-12.6937538776285,4.58859663090157,0.44430046585947));
#4135=CARTESIAN_POINT('Ctrl Pts',(-12.6606450005716,4.7548697031086,0.39745942675983));
#4136=CARTESIAN_POINT('Ctrl Pts',(-12.6308453863615,4.90386777395445,0.355300192788488));
#4137=CARTESIAN_POINT('',(-12.6308453864586,4.90386777401199,0.355300192925873));
#4138=CARTESIAN_POINT('',(-12.63084538635,-4.903867774012,0.355300193));
#4139=CARTESIAN_POINT('',(-12.52107380381,-5.452725688756,0.2));
#4140=CARTESIAN_POINT('Ctrl Pts',(-12.6308453863585,-4.90386777396957,0.355300192844031));
#4141=CARTESIAN_POINT('Ctrl Pts',(-12.6606221250091,-4.75498408092122,0.397427063439342));
#4142=CARTESIAN_POINT('Ctrl Pts',(-12.6936974101975,-4.5888800858566,0.444220578182121));
#4143=CARTESIAN_POINT('Ctrl Pts',(-12.7466200627162,-4.31955814506449,0.519093308885622));
#4144=CARTESIAN_POINT('Ctrl Pts',(-12.7727543452903,-4.18525500461738,0.556066986665109));
#4145=CARTESIAN_POINT('Ctrl Pts',(-12.850149137717,-3.77400706340351,0.665561865992332));
#4146=CARTESIAN_POINT('Ctrl Pts',(-12.8771108252392,-3.60526087047812,0.703706121295452));
#4147=CARTESIAN_POINT('Ctrl Pts',(-12.9189510783123,-3.20761119632895,0.762899941932983));
#4148=CARTESIAN_POINT('Ctrl Pts',(-12.92497941038,-2.92029591862185,0.771428571204803));
#4149=CARTESIAN_POINT('Ctrl Pts',(-12.92497941038,-1.93340252950901,0.771428571198786));
#4150=CARTESIAN_POINT('Origin',(-12.68424845959,-1.390737392681E-8,1.769147397581));
#4151=CARTESIAN_POINT('',(-12.63084538635,4.903867774012,1.844699807));
#4152=CARTESIAN_POINT('',(-12.52107380381,5.452725688756,2.));
#4153=CARTESIAN_POINT('Ctrl Pts',(-12.6308453863584,4.90386777397003,1.84469980715427));
#4154=CARTESIAN_POINT('Ctrl Pts',(-12.660622125003,4.75498408095135,1.80257293656789));
#4155=CARTESIAN_POINT('Ctrl Pts',(-12.6936974101962,4.58888008586321,1.75577942181901));
#4156=CARTESIAN_POINT('Ctrl Pts',(-12.7466200627161,4.31955814506493,1.68090669111475));
#4157=CARTESIAN_POINT('Ctrl Pts',(-12.7727543452901,4.18525500461835,1.64393301333588));
#4158=CARTESIAN_POINT('Ctrl Pts',(-12.850149137717,3.77400706340306,1.5344381340097));
#4159=CARTESIAN_POINT('Ctrl Pts',(-12.8771108252393,3.60526087047752,1.49629387870712));
#4160=CARTESIAN_POINT('Ctrl Pts',(-12.9189510783123,3.20761119632833,1.43710005807083));
#4161=CARTESIAN_POINT('Ctrl Pts',(-12.92497941038,2.92029591862114,1.42857142879963));
#4162=CARTESIAN_POINT('Ctrl Pts',(-12.92497941038,1.933402529509,1.42857142880753));
#4163=CARTESIAN_POINT('',(-12.63084538635,-4.903867774012,1.844699807));
#4164=CARTESIAN_POINT('Ctrl Pts',(-12.92497941038,-1.933402529509,1.42857142883852));
#4165=CARTESIAN_POINT('Ctrl Pts',(-12.92497941038,-2.91852558907389,1.42857142884641));
#4166=CARTESIAN_POINT('Ctrl Pts',(-12.9189726855855,-3.20623350749546,1.43706948906588));
#4167=CARTESIAN_POINT('Ctrl Pts',(-12.8773371450797,-3.60383039973133,1.49597369102562));
#4168=CARTESIAN_POINT('Ctrl Pts',(-12.8503920256659,-3.77267265564625,1.53409450647177));
#4169=CARTESIAN_POINT('Ctrl Pts',(-12.7728785043853,-4.18461342688601,1.64375735836572));
#4170=CARTESIAN_POINT('Ctrl Pts',(-12.746716077315,-4.3190664922415,1.68077085378993));
#4171=CARTESIAN_POINT('Ctrl Pts',(-12.6937538778437,-4.5885966298062,1.755699533853));
#4172=CARTESIAN_POINT('Ctrl Pts',(-12.6606450017893,-4.75486969701995,1.80254057153429));
#4173=CARTESIAN_POINT('Ctrl Pts',(-12.6308453863624,-4.90386777395018,1.84469980722724));
#4174=CARTESIAN_POINT('',(-12.6308453864665,-4.90386777401238,1.84469980707995));
#4175=CARTESIAN_POINT('Origin',(-12.57212967069,-5.19744635338,1.100000000048));
#4176=CARTESIAN_POINT('',(-12.63084538635,-4.903867774012,1.844699807));
#4177=CARTESIAN_POINT('Origin',(-12.57212967069,5.19744635338,1.099999999952));
#4178=CARTESIAN_POINT('',(-12.63084538635,4.903867774012,0.355300193));
#4179=CARTESIAN_POINT('Ctrl Pts',(-12.63084538635,4.903867774012,0.355300193));
#4180=CARTESIAN_POINT('Ctrl Pts',(-12.63084538635,4.903867774012,2.1425797298));
#4181=CARTESIAN_POINT('Ctrl Pts',(-12.92497941038,3.433197655884,0.355300193));
#4182=CARTESIAN_POINT('Ctrl Pts',(-12.92497941038,3.433197655884,2.1425797298));
#4183=CARTESIAN_POINT('Ctrl Pts',(-12.92497941038,1.933402529509,0.355300193));
#4184=CARTESIAN_POINT('Ctrl Pts',(-12.92497941038,1.933402529509,2.1425797298));
#4185=CARTESIAN_POINT('Ctrl Pts',(-12.63084538635,-4.903867774012,1.844699807));
#4186=CARTESIAN_POINT('Ctrl Pts',(-12.63084538635,-4.903867774012,0.0574202701999998));
#4187=CARTESIAN_POINT('Ctrl Pts',(-12.92497941038,-3.433197655884,1.844699807));
#4188=CARTESIAN_POINT('Ctrl Pts',(-12.92497941038,-3.433197655884,0.0574202701999998));
#4189=CARTESIAN_POINT('Ctrl Pts',(-12.92497941038,-1.933402529509,1.844699807));
#4190=CARTESIAN_POINT('Ctrl Pts',(-12.92497941038,-1.933402529509,0.0574202701999998));
#4191=CARTESIAN_POINT('',(0.,0.,0.));
#4192=CARTESIAN_POINT('Origin',(-10.87377422201,10.873774222018,3.2));
#4193=CARTESIAN_POINT('',(-9.226474640225,12.521073803811,3.));
#4194=CARTESIAN_POINT('',(-9.226474640225,12.521073803811,3.4));
#4195=CARTESIAN_POINT('',(-9.226474640225,12.521073803811,3.));
#4196=CARTESIAN_POINT('',(-12.52107380381,9.226474640225,3.));
#4197=CARTESIAN_POINT('',(-9.226474640225,12.521073803811,3.));
#4198=CARTESIAN_POINT('',(-12.52107380381,9.226474640225,3.4));
#4199=CARTESIAN_POINT('',(-12.52107380381,9.226474640225,3.));
#4200=CARTESIAN_POINT('',(-9.226474640225,12.521073803811,3.4));
#4201=CARTESIAN_POINT('Origin',(-10.42164787207,10.421647872077,3.4));
#4202=CARTESIAN_POINT('',(-12.52107380381,7.655650477316,3.4));
#4203=CARTESIAN_POINT('',(-12.52107380381,7.655650477316,3.4));
#4204=CARTESIAN_POINT('',(-7.655650477316,12.521073803811,3.4));
#4205=CARTESIAN_POINT('',(-7.655650477316,12.521073803811,3.4));
#4206=CARTESIAN_POINT('',(-7.655650477316,12.521073803811,3.4));
#4207=CARTESIAN_POINT('Origin',(-10.08836214056,10.088362140564,2.65));
#4208=CARTESIAN_POINT('',(-12.52107380381,7.655650477316,1.9));
#4209=CARTESIAN_POINT('',(-12.52107380381,7.655650477316,3.4));
#4210=CARTESIAN_POINT('',(-7.655650477316,12.521073803811,1.9));
#4211=CARTESIAN_POINT('',(-12.52107380381,7.655650477316,1.9));
#4212=CARTESIAN_POINT('',(-7.655650477316,12.521073803811,1.9));
#4213=CARTESIAN_POINT('Origin',(-8.280729820997,12.521073803811,2.838286564146));
#4214=CARTESIAN_POINT('',(-7.65565047731856,12.5210738038198,1.89999999998843));
#4215=CARTESIAN_POINT('Origin',(-12.52107380381,8.280729820846,2.838286564357));
#4216=CARTESIAN_POINT('',(-12.5210738038225,9.22647464024257,2.99999999997488));
#4217=CARTESIAN_POINT('Origin',(-10.42432880352,10.424328803473,2.37053430671));
#4218=CARTESIAN_POINT('',(0.,0.,0.));
#4219=CARTESIAN_POINT('Origin',(10.873774222018,10.873774222018,3.2));
#4220=CARTESIAN_POINT('',(12.521073803811,9.226474640225,3.));
#4221=CARTESIAN_POINT('',(12.521073803811,9.226474640225,3.4));
#4222=CARTESIAN_POINT('',(12.521073803811,9.226474640225,3.));
#4223=CARTESIAN_POINT('',(9.226474640225,12.521073803811,3.));
#4224=CARTESIAN_POINT('',(12.521073803811,9.226474640225,3.));
#4225=CARTESIAN_POINT('',(9.226474640225,12.521073803811,3.4));
#4226=CARTESIAN_POINT('',(9.226474640225,12.521073803811,3.));
#4227=CARTESIAN_POINT('',(12.521073803811,9.226474640225,3.4));
#4228=CARTESIAN_POINT('Origin',(10.421647872077,10.421647872077,3.4));
#4229=CARTESIAN_POINT('',(7.655650477316,12.521073803811,3.4));
#4230=CARTESIAN_POINT('',(7.655650477316,12.521073803811,3.4));
#4231=CARTESIAN_POINT('',(12.521073803811,7.655650477316,3.4));
#4232=CARTESIAN_POINT('',(12.521073803811,7.655650477316,3.4));
#4233=CARTESIAN_POINT('',(12.521073803811,7.655650477316,3.4));
#4234=CARTESIAN_POINT('Origin',(10.088362140564,10.088362140564,2.65));
#4235=CARTESIAN_POINT('',(7.655650477316,12.521073803811,1.9));
#4236=CARTESIAN_POINT('',(7.655650477316,12.521073803811,3.4));
#4237=CARTESIAN_POINT('',(12.521073803811,7.655650477316,1.9));
#4238=CARTESIAN_POINT('',(7.655650477316,12.521073803811,1.9));
#4239=CARTESIAN_POINT('',(12.521073803811,7.655650477316,1.9));
#4240=CARTESIAN_POINT('Origin',(12.521073803811,8.280729820997,2.838286564146));
#4241=CARTESIAN_POINT('',(12.5210738038198,7.65565047732356,1.89999999998843));
#4242=CARTESIAN_POINT('Origin',(8.280729820846,12.521073803811,2.838286564357));
#4243=CARTESIAN_POINT('',(9.22647464024257,12.5210738038275,2.99999999997488));
#4244=CARTESIAN_POINT('Origin',(10.424328803473,10.424328803525,2.37053430671));
#4245=CARTESIAN_POINT('',(0.,0.,0.));
#4246=CARTESIAN_POINT('Origin',(10.873774222018,-10.87377422201,3.2));
#4247=CARTESIAN_POINT('',(9.226474640225,-12.52107380381,3.));
#4248=CARTESIAN_POINT('',(9.226474640225,-12.52107380381,3.4));
#4249=CARTESIAN_POINT('',(9.226474640225,-12.52107380381,3.));
#4250=CARTESIAN_POINT('',(12.521073803811,-9.226474640225,3.));
#4251=CARTESIAN_POINT('',(9.226474640225,-12.52107380381,3.));
#4252=CARTESIAN_POINT('',(12.521073803811,-9.226474640225,3.4));
#4253=CARTESIAN_POINT('',(12.521073803811,-9.226474640225,3.));
#4254=CARTESIAN_POINT('',(9.226474640225,-12.52107380381,3.4));
#4255=CARTESIAN_POINT('Origin',(10.421647872077,-10.42164787207,3.4));
#4256=CARTESIAN_POINT('',(12.521073803811,-7.655650477316,3.4));
#4257=CARTESIAN_POINT('',(12.521073803811,-7.655650477316,3.4));
#4258=CARTESIAN_POINT('',(7.655650477316,-12.52107380381,3.4));
#4259=CARTESIAN_POINT('',(7.655650477316,-12.52107380381,3.4));
#4260=CARTESIAN_POINT('',(7.655650477316,-12.52107380381,3.4));
#4261=CARTESIAN_POINT('Origin',(10.088362140564,-10.08836214056,2.65));
#4262=CARTESIAN_POINT('',(12.521073803811,-7.655650477316,1.9));
#4263=CARTESIAN_POINT('',(12.521073803811,-7.655650477316,3.4));
#4264=CARTESIAN_POINT('',(7.655650477316,-12.52107380381,1.9));
#4265=CARTESIAN_POINT('',(12.521073803811,-7.655650477316,1.9));
#4266=CARTESIAN_POINT('',(7.655650477316,-12.52107380381,1.9));
#4267=CARTESIAN_POINT('Origin',(8.280729820997,-12.52107380381,2.838286564146));
#4268=CARTESIAN_POINT('',(7.65565047732356,-12.5210738038168,1.89999999998843));
#4269=CARTESIAN_POINT('Origin',(12.521073803811,-8.280729820846,2.838286564357));
#4270=CARTESIAN_POINT('',(12.5210738038275,-9.22647464023957,2.99999999997488));
#4271=CARTESIAN_POINT('Origin',(10.424328803525,-10.42432880347,2.37053430671));
#4272=CARTESIAN_POINT('',(0.,0.,0.));
#4273=CARTESIAN_POINT('Origin',(-10.87377422201,-10.87377422201,3.2));
#4274=CARTESIAN_POINT('',(-12.52107380381,-9.226474640225,3.));
#4275=CARTESIAN_POINT('',(-12.52107380381,-9.226474640225,3.4));
#4276=CARTESIAN_POINT('',(-12.52107380381,-9.226474640225,3.));
#4277=CARTESIAN_POINT('',(-9.226474640225,-12.52107380381,3.));
#4278=CARTESIAN_POINT('',(-12.52107380381,-9.226474640225,3.));
#4279=CARTESIAN_POINT('',(-9.226474640225,-12.52107380381,3.4));
#4280=CARTESIAN_POINT('',(-9.226474640225,-12.52107380381,3.));
#4281=CARTESIAN_POINT('',(-12.52107380381,-9.226474640225,3.4));
#4282=CARTESIAN_POINT('Origin',(-10.42164787207,-10.42164787207,3.4));
#4283=CARTESIAN_POINT('',(-7.655650477316,-12.52107380381,3.4));
#4284=CARTESIAN_POINT('',(-7.655650477316,-12.52107380381,3.4));
#4285=CARTESIAN_POINT('',(-12.52107380381,-7.655650477316,3.4));
#4286=CARTESIAN_POINT('',(-12.52107380381,-7.655650477316,3.4));
#4287=CARTESIAN_POINT('',(-12.52107380381,-7.655650477316,3.4));
#4288=CARTESIAN_POINT('Origin',(-10.08836214056,-10.08836214056,2.65));
#4289=CARTESIAN_POINT('',(-7.655650477316,-12.52107380381,1.9));
#4290=CARTESIAN_POINT('',(-7.655650477316,-12.52107380381,3.4));
#4291=CARTESIAN_POINT('',(-12.52107380381,-7.655650477316,1.9));
#4292=CARTESIAN_POINT('',(-7.655650477316,-12.52107380381,1.9));
#4293=CARTESIAN_POINT('',(-12.52107380381,-7.655650477316,1.9));
#4294=CARTESIAN_POINT('Origin',(-12.52107380381,-8.280729820997,2.838286564146));
#4295=CARTESIAN_POINT('',(-12.5210738038168,-7.65565047731856,1.89999999998843));
#4296=CARTESIAN_POINT('Origin',(-8.280729820846,-12.52107380381,2.838286564357));
#4297=CARTESIAN_POINT('',(-9.22647464023957,-12.5210738038225,2.99999999997488));
#4298=CARTESIAN_POINT('Origin',(-10.42432880347,-10.42432880352,2.37053430671));
#4299=CARTESIAN_POINT('',(0.,0.,0.));
#4300=CARTESIAN_POINT('',(-14.,0.,0.));
#4301=CARTESIAN_POINT('',(0.,0.,0.));
#4302=CARTESIAN_POINT('',(0.,0.,0.));
#4303=CARTESIAN_POINT('',(-14.,0.,0.));
#4304=CARTESIAN_POINT('',(-14.,0.,0.));
#4305=CARTESIAN_POINT('',(0.,0.,0.));
#4306=UNCERTAINTY_MEASURE_WITH_UNIT(LENGTH_MEASURE(0.01),#4324,
'DISTANCE_ACCURACY_VALUE',
'Maximum model space distance between geometric entities at asserted c
onnectivities');
#4307=UNCERTAINTY_MEASURE_WITH_UNIT(LENGTH_MEASURE(0.01),#4324,
'DISTANCE_ACCURACY_VALUE',
'Maximum model space distance between geometric entities at asserted c
onnectivities');
#4308=UNCERTAINTY_MEASURE_WITH_UNIT(LENGTH_MEASURE(0.01),#4324,
'DISTANCE_ACCURACY_VALUE',
'Maximum model space distance between geometric entities at asserted c
onnectivities');
#4309=UNCERTAINTY_MEASURE_WITH_UNIT(LENGTH_MEASURE(0.01),#4324,
'DISTANCE_ACCURACY_VALUE',
'Maximum model space distance between geometric entities at asserted c
onnectivities');
#4310=UNCERTAINTY_MEASURE_WITH_UNIT(LENGTH_MEASURE(0.01),#4324,
'DISTANCE_ACCURACY_VALUE',
'Maximum model space distance between geometric entities at asserted c
onnectivities');
#4311=UNCERTAINTY_MEASURE_WITH_UNIT(LENGTH_MEASURE(0.01),#4324,
'DISTANCE_ACCURACY_VALUE',
'Maximum model space distance between geometric entities at asserted c
onnectivities');
#4312=UNCERTAINTY_MEASURE_WITH_UNIT(LENGTH_MEASURE(0.01),#4324,
'DISTANCE_ACCURACY_VALUE',
'Maximum model space distance between geometric entities at asserted c
onnectivities');
#4313=UNCERTAINTY_MEASURE_WITH_UNIT(LENGTH_MEASURE(0.01),#4324,
'DISTANCE_ACCURACY_VALUE',
'Maximum model space distance between geometric entities at asserted c
onnectivities');
#4314=UNCERTAINTY_MEASURE_WITH_UNIT(LENGTH_MEASURE(0.01),#4324,
'DISTANCE_ACCURACY_VALUE',
'Maximum model space distance between geometric entities at asserted c
onnectivities');
#4315=(
GEOMETRIC_REPRESENTATION_CONTEXT(3)
GLOBAL_UNCERTAINTY_ASSIGNED_CONTEXT((#4306))
GLOBAL_UNIT_ASSIGNED_CONTEXT((#4324,#4326,#4327))
REPRESENTATION_CONTEXT('','3D')
);
#4316=(
GEOMETRIC_REPRESENTATION_CONTEXT(3)
GLOBAL_UNCERTAINTY_ASSIGNED_CONTEXT((#4307))
GLOBAL_UNIT_ASSIGNED_CONTEXT((#4324,#4326,#4327))
REPRESENTATION_CONTEXT('','3D')
);
#4317=(
GEOMETRIC_REPRESENTATION_CONTEXT(3)
GLOBAL_UNCERTAINTY_ASSIGNED_CONTEXT((#4308))
GLOBAL_UNIT_ASSIGNED_CONTEXT((#4324,#4326,#4327))
REPRESENTATION_CONTEXT('','3D')
);
#4318=(
GEOMETRIC_REPRESENTATION_CONTEXT(3)
GLOBAL_UNCERTAINTY_ASSIGNED_CONTEXT((#4309))
GLOBAL_UNIT_ASSIGNED_CONTEXT((#4324,#4326,#4327))
REPRESENTATION_CONTEXT('','3D')
);
#4319=(
GEOMETRIC_REPRESENTATION_CONTEXT(3)
GLOBAL_UNCERTAINTY_ASSIGNED_CONTEXT((#4310))
GLOBAL_UNIT_ASSIGNED_CONTEXT((#4324,#4326,#4327))
REPRESENTATION_CONTEXT('','3D')
);
#4320=(
GEOMETRIC_REPRESENTATION_CONTEXT(3)
GLOBAL_UNCERTAINTY_ASSIGNED_CONTEXT((#4311))
GLOBAL_UNIT_ASSIGNED_CONTEXT((#4324,#4326,#4327))
REPRESENTATION_CONTEXT('','3D')
);
#4321=(
GEOMETRIC_REPRESENTATION_CONTEXT(3)
GLOBAL_UNCERTAINTY_ASSIGNED_CONTEXT((#4312))
GLOBAL_UNIT_ASSIGNED_CONTEXT((#4324,#4326,#4327))
REPRESENTATION_CONTEXT('','3D')
);
#4322=(
GEOMETRIC_REPRESENTATION_CONTEXT(3)
GLOBAL_UNCERTAINTY_ASSIGNED_CONTEXT((#4313))
GLOBAL_UNIT_ASSIGNED_CONTEXT((#4324,#4326,#4327))
REPRESENTATION_CONTEXT('','3D')
);
#4323=(
GEOMETRIC_REPRESENTATION_CONTEXT(3)
GLOBAL_UNCERTAINTY_ASSIGNED_CONTEXT((#4314))
GLOBAL_UNIT_ASSIGNED_CONTEXT((#4324,#4326,#4327))
REPRESENTATION_CONTEXT('','3D')
);
#4324=(
LENGTH_UNIT()
NAMED_UNIT(*)
SI_UNIT(.MILLI.,.METRE.)
);
#4325=(
LENGTH_UNIT()
NAMED_UNIT(*)
SI_UNIT($,.METRE.)
);
#4326=(
NAMED_UNIT(*)
PLANE_ANGLE_UNIT()
SI_UNIT($,.RADIAN.)
);
#4327=(
NAMED_UNIT(*)
SI_UNIT($,.STERADIAN.)
SOLID_ANGLE_UNIT()
);
#4328=SHAPE_DEFINITION_REPRESENTATION(#4336,#4351);
#4329=SHAPE_DEFINITION_REPRESENTATION(#4337,#4352);
#4330=SHAPE_DEFINITION_REPRESENTATION(#4338,#4353);
#4331=SHAPE_DEFINITION_REPRESENTATION(#4339,#4354);
#4332=SHAPE_DEFINITION_REPRESENTATION(#4340,#4355);
#4333=SHAPE_DEFINITION_REPRESENTATION(#4341,#4356);
#4334=SHAPE_DEFINITION_REPRESENTATION(#4342,#4357);
#4335=SHAPE_DEFINITION_REPRESENTATION(#4343,#4358);
#4336=PRODUCT_DEFINITION_SHAPE('',$,#4360);
#4337=PRODUCT_DEFINITION_SHAPE('',$,#4361);
#4338=PRODUCT_DEFINITION_SHAPE('',$,#4362);
#4339=PRODUCT_DEFINITION_SHAPE('',$,#4363);
#4340=PRODUCT_DEFINITION_SHAPE('',$,#4364);
#4341=PRODUCT_DEFINITION_SHAPE('',$,#4365);
#4342=PRODUCT_DEFINITION_SHAPE('',$,#4366);
#4343=PRODUCT_DEFINITION_SHAPE('',$,#4367);
#4344=PRODUCT_DEFINITION_SHAPE($,$,#32);
#4345=PRODUCT_DEFINITION_SHAPE($,$,#33);
#4346=PRODUCT_DEFINITION_SHAPE($,$,#34);
#4347=PRODUCT_DEFINITION_SHAPE($,$,#35);
#4348=PRODUCT_DEFINITION_SHAPE($,$,#36);
#4349=PRODUCT_DEFINITION_SHAPE($,$,#37);
#4350=PRODUCT_DEFINITION_SHAPE($,$,#38);
#4351=SHAPE_REPRESENTATION('',(#2622,#2802,#2803,#2804,#2805,#2806,#2807,
#2808),#4315);
#4352=SHAPE_REPRESENTATION('',(#2623),#4316);
#4353=SHAPE_REPRESENTATION('',(#2760),#4317);
#4354=SHAPE_REPRESENTATION('',(#2767),#4318);
#4355=SHAPE_REPRESENTATION('',(#2774),#4319);
#4356=SHAPE_REPRESENTATION('',(#2781),#4320);
#4357=SHAPE_REPRESENTATION('',(#2788),#4321);
#4358=SHAPE_REPRESENTATION('',(#2795),#4322);
#4359=PRODUCT_DEFINITION_CONTEXT('part definition',#4385,'design');
#4360=PRODUCT_DEFINITION('Open CASCADE STEP translator 7.6 1',
'snap-half v2',#4368,#4359);
#4361=PRODUCT_DEFINITION('Open CASCADE STEP translator 7.6 1.1',
'Open CASCADE STEP translator 7.6 1.1',#4369,#4359);
#4362=PRODUCT_DEFINITION('Open CASCADE STEP translator 7.6 1.3',
'Open CASCADE STEP translator 7.6 1.3',#4370,#4359);
#4363=PRODUCT_DEFINITION('Open CASCADE STEP translator 7.6 1.5',
'Open CASCADE STEP translator 7.6 1.5',#4371,#4359);
#4364=PRODUCT_DEFINITION('Open CASCADE STEP translator 7.6 1.6',
'Open CASCADE STEP translator 7.6 1.6',#4372,#4359);
#4365=PRODUCT_DEFINITION('Open CASCADE STEP translator 7.6 1.7',
'Open CASCADE STEP translator 7.6 1.7',#4373,#4359);
#4366=PRODUCT_DEFINITION('Open CASCADE STEP translator 7.6 1.8',
'Open CASCADE STEP translator 7.6 1.8',#4374,#4359);
#4367=PRODUCT_DEFINITION('Open CASCADE STEP translator 7.6 1.9',
'Open CASCADE STEP translator 7.6 1.9',#4375,#4359);
#4368=PRODUCT_DEFINITION_FORMATION('',$,#4387);
#4369=PRODUCT_DEFINITION_FORMATION('',$,#4388);
#4370=PRODUCT_DEFINITION_FORMATION('',$,#4389);
#4371=PRODUCT_DEFINITION_FORMATION('',$,#4390);
#4372=PRODUCT_DEFINITION_FORMATION('',$,#4391);
#4373=PRODUCT_DEFINITION_FORMATION('',$,#4392);
#4374=PRODUCT_DEFINITION_FORMATION('',$,#4393);
#4375=PRODUCT_DEFINITION_FORMATION('',$,#4394);
#4376=PRODUCT_RELATED_PRODUCT_CATEGORY('snap-half v2','snap-half v2',(#4387));
#4377=PRODUCT_RELATED_PRODUCT_CATEGORY(
'Open CASCADE STEP translator 7.6 1.1',
'Open CASCADE STEP translator 7.6 1.1',(#4388));
#4378=PRODUCT_RELATED_PRODUCT_CATEGORY(
'Open CASCADE STEP translator 7.6 1.3',
'Open CASCADE STEP translator 7.6 1.3',(#4389));
#4379=PRODUCT_RELATED_PRODUCT_CATEGORY(
'Open CASCADE STEP translator 7.6 1.5',
'Open CASCADE STEP translator 7.6 1.5',(#4390));
#4380=PRODUCT_RELATED_PRODUCT_CATEGORY(
'Open CASCADE STEP translator 7.6 1.6',
'Open CASCADE STEP translator 7.6 1.6',(#4391));
#4381=PRODUCT_RELATED_PRODUCT_CATEGORY(
'Open CASCADE STEP translator 7.6 1.7',
'Open CASCADE STEP translator 7.6 1.7',(#4392));
#4382=PRODUCT_RELATED_PRODUCT_CATEGORY(
'Open CASCADE STEP translator 7.6 1.8',
'Open CASCADE STEP translator 7.6 1.8',(#4393));
#4383=PRODUCT_RELATED_PRODUCT_CATEGORY(
'Open CASCADE STEP translator 7.6 1.9',
'Open CASCADE STEP translator 7.6 1.9',(#4394));
#4384=APPLICATION_PROTOCOL_DEFINITION('international standard',
'automotive_design',2009,#4385);
#4385=APPLICATION_CONTEXT(
'Core Data for Automotive Mechanical Design Process');
#4386=PRODUCT_CONTEXT('part definition',#4385,'mechanical');
#4387=PRODUCT('Open CASCADE STEP translator 7.6 1','snap-half v2',
'Open CASCADE Model',(#4386));
#4388=PRODUCT('Open CASCADE STEP translator 7.6 1.1',
'Open CASCADE STEP translator 7.6 1.1',$,(#4386));
#4389=PRODUCT('Open CASCADE STEP translator 7.6 1.3',
'Open CASCADE STEP translator 7.6 1.3',$,(#4386));
#4390=PRODUCT('Open CASCADE STEP translator 7.6 1.5',
'Open CASCADE STEP translator 7.6 1.5',$,(#4386));
#4391=PRODUCT('Open CASCADE STEP translator 7.6 1.6',
'Open CASCADE STEP translator 7.6 1.6',$,(#4386));
#4392=PRODUCT('Open CASCADE STEP translator 7.6 1.7',
'Open CASCADE STEP translator 7.6 1.7',$,(#4386));
#4393=PRODUCT('Open CASCADE STEP translator 7.6 1.8',
'Open CASCADE STEP translator 7.6 1.8',$,(#4386));
#4394=PRODUCT('Open CASCADE STEP translator 7.6 1.9',
'Open CASCADE STEP translator 7.6 1.9',$,(#4386));
#4395=PRESENTATION_STYLE_ASSIGNMENT((#4396));
#4396=SURFACE_STYLE_USAGE(.BOTH.,#4397);
#4397=SURFACE_SIDE_STYLE('',(#4398));
#4398=SURFACE_STYLE_FILL_AREA(#4399);
#4399=FILL_AREA_STYLE('Steel - Satin',(#4400));
#4400=FILL_AREA_STYLE_COLOUR('Steel - Satin',#4401);
#4401=COLOUR_RGB('Steel - Satin',0.627450980392157,0.627450980392157,0.627450980392157);
ENDSEC;
END-ISO-10303-21;
