ISO-10303-21;
HEADER;
FILE_DESCRIPTION(('Open CASCADE Model'),'2;1');
FILE_NAME('Open CASCADE Shape Model','2026-08-09T22:59:12',('Author'),(
    'Open CASCADE'),'Open CASCADE STEP processor 7.6','Open CASCADE 7.6'
  ,'Unknown');
FILE_SCHEMA((
'AP242_MANAGED_MODEL_BASED_3D_ENGINEERING_MIM_LF. {1 0 10303 442 1 1 4 
}'));
ENDSEC;
DATA;
#1 = APPLICATION_PROTOCOL_DEFINITION('international standard',
  'ap242_managed_model_based_3d_engineering',2013,#2);
#2 = APPLICATION_CONTEXT('Managed model based 3d engineering');
#3 = SHAPE_DEFINITION_REPRESENTATION(#4,#10);
#4 = PRODUCT_DEFINITION_SHAPE('','',#5);
#5 = PRODUCT_DEFINITION('design','',#6,#9);
#6 = PRODUCT_DEFINITION_FORMATION('','',#7);
#7 = PRODUCT('Open CASCADE STEP translator 7.6 1',
  'Open CASCADE STEP translator 7.6 1','',(#8));
#8 = PRODUCT_CONTEXT('',#2,'mechanical');
#9 = PRODUCT_DEFINITION_CONTEXT('part definition',#2,'design');
#10 = ADVANCED_BREP_SHAPE_REPRESENTATION('',(#11,#15),#10596);
#11 = AXIS2_PLACEMENT_3D('',#12,#13,#14);
#12 = CARTESIAN_POINT('',(0.,0.,0.));
#13 = DIRECTION('',(0.,0.,1.));
#14 = DIRECTION('',(1.,0.,-0.));
#15 = MANIFOLD_SOLID_BREP('',#16);
#16 = CLOSED_SHELL('',(#17,#192,#334,#480,#612,#689,#830,#893,#974,#1593
    ,#1647,#1729,#1856,#1942,#1996,#2072,#2149,#2262,#2353,#2408,#2462,
    #2543,#2593,#2647,#2702,#2756,#2811,#2888,#2942,#2997,#3051,#3111,
    #3214,#3291,#3345,#3400,#3454,#3487,#3542,#3596,#3651,#3705,#3738,
    #3792,#3874,#3928,#3995,#4050,#4104,#4180,#4257,#4369,#4432,#4486,
    #4518,#4573,#4628,#4682,#4763,#4813,#4867,#4922,#4976,#5031,#5108,
    #5162,#5217,#5271,#5331,#5380,#5412,#5494,#5571,#5625,#5680,#5734,
    #5767,#5822,#5876,#5931,#5985,#6018,#6067,#6149,#6203,#6253,#6308,
    #6357,#6433,#6555,#6588,#6629,#6683,#6737,#6769,#6824,#6874,#6928,
    #7072,#7099,#7126,#7153,#7180,#7207,#7284,#7333,#7383,#7432,#7487,
    #7536,#7568,#7622,#7694,#7743,#7793,#7842,#7870,#7897,#7924,#7951,
    #7978,#7985,#8067,#8121,#8171,#8221,#8252,#8285,#8318,#8372,#8421,
    #8428,#8483,#8537,#8591,#8618,#8625,#8679,#8829,#8883,#8933,#8940,
    #8973,#9027,#9082,#9199,#9253,#9375,#9458,#9508,#9541,#9595,#9713,
    #9762,#9851,#9905,#10023,#10134,#10161,#10246,#10279,#10358,#10385,
    #10464,#10491,#10589));
#17 = ADVANCED_FACE('',(#18),#32,.T.);
#18 = FACE_BOUND('',#19,.F.);
#19 = EDGE_LOOP('',(#20,#55,#137,#165));
#20 = ORIENTED_EDGE('',*,*,#21,.F.);
#21 = EDGE_CURVE('',#22,#24,#26,.T.);
#22 = VERTEX_POINT('',#23);
#23 = CARTESIAN_POINT('',(37.94,-41.69,25.753578643763));
#24 = VERTEX_POINT('',#25);
#25 = CARTESIAN_POINT('',(37.94,-41.69,4.75));
#26 = SURFACE_CURVE('',#27,(#31,#43),.PCURVE_S1.);
#27 = LINE('',#28,#29);
#28 = CARTESIAN_POINT('',(37.94,-41.69,25.753578643763));
#29 = VECTOR('',#30,1.);
#30 = DIRECTION('',(3.382960341242E-16,3.382960341242E-15,-1.));
#31 = PCURVE('',#32,#37);
#32 = CYLINDRICAL_SURFACE('',#33,3.75);
#33 = AXIS2_PLACEMENT_3D('',#34,#35,#36);
#34 = CARTESIAN_POINT('',(37.94,-37.94,4.75));
#35 = DIRECTION('',(-0.,0.,-1.));
#36 = DIRECTION('',(1.894780628694E-15,-1.,-0.));
#37 = DEFINITIONAL_REPRESENTATION('',(#38),#42);
#38 = LINE('',#39,#40);
#39 = CARTESIAN_POINT('',(-0.,-21.00357864376));
#40 = VECTOR('',#41,1.);
#41 = DIRECTION('',(0.,1.));
#42 = ( GEOMETRIC_REPRESENTATION_CONTEXT(2) 
PARAMETRIC_REPRESENTATION_CONTEXT() REPRESENTATION_CONTEXT('2D SPACE',''
  ) );
#43 = PCURVE('',#44,#49);
#44 = PLANE('',#45);
#45 = AXIS2_PLACEMENT_3D('',#46,#47,#48);
#46 = CARTESIAN_POINT('',(-37.94,-41.69,4.75));
#47 = DIRECTION('',(0.,1.,0.));
#48 = DIRECTION('',(1.,0.,0.));
#49 = DEFINITIONAL_REPRESENTATION('',(#50),#54);
#50 = LINE('',#51,#52);
#51 = CARTESIAN_POINT('',(75.88,-21.00357864376));
#52 = VECTOR('',#53,1.);
#53 = DIRECTION('',(3.382960341242E-16,1.));
#54 = ( GEOMETRIC_REPRESENTATION_CONTEXT(2) 
PARAMETRIC_REPRESENTATION_CONTEXT() REPRESENTATION_CONTEXT('2D SPACE',''
  ) );
#55 = ORIENTED_EDGE('',*,*,#56,.T.);
#56 = EDGE_CURVE('',#22,#57,#59,.T.);
#57 = VERTEX_POINT('',#58);
#58 = CARTESIAN_POINT('',(41.69,-37.94,25.753578643763));
#59 = SURFACE_CURVE('',#60,(#68,#80),.PCURVE_S1.);
#60 = ( BOUNDED_CURVE() B_SPLINE_CURVE(6,(#61,#62,#63,#64,#65,#66,#67),
.UNSPECIFIED.,.F.,.F.) B_SPLINE_CURVE_WITH_KNOTS((7,7),(327.08194490192,
332.9724311274),.PIECEWISE_BEZIER_KNOTS.) CURVE() 
GEOMETRIC_REPRESENTATION_ITEM() RATIONAL_B_SPLINE_CURVE((1.072232817804,
    1.072232817804,1.072232817804,1.072232817804,1.072232817804,
1.072232817804,1.072232817804)) REPRESENTATION_ITEM('') );
#61 = CARTESIAN_POINT('',(37.94,-41.69,25.753578643763));
#62 = CARTESIAN_POINT('',(38.921743209937,-41.69,25.753578643763));
#63 = CARTESIAN_POINT('',(39.903419281981,-41.38164856765,
    25.753578643763));
#64 = CARTESIAN_POINT('',(40.764456910678,-40.76445691067,
    25.753578643763));
#65 = CARTESIAN_POINT('',(41.38164856765,-39.90341928198,25.753578643763
    ));
#66 = CARTESIAN_POINT('',(41.69,-38.92174320993,25.753578643763));
#67 = CARTESIAN_POINT('',(41.69,-37.94,25.753578643763));
#68 = PCURVE('',#32,#69);
#69 = DEFINITIONAL_REPRESENTATION('',(#70),#79);
#70 = B_SPLINE_CURVE_WITH_KNOTS('',7,(#71,#72,#73,#74,#75,#76,#77,#78),
  .UNSPECIFIED.,.F.,.F.,(8,8),(327.08194490192,332.9724311274),
  .PIECEWISE_BEZIER_KNOTS.);
#71 = CARTESIAN_POINT('',(-2.811871071407E-16,-21.00357864376));
#72 = CARTESIAN_POINT('',(-0.224398447985,-21.00357864376));
#73 = CARTESIAN_POINT('',(-0.448781245184,-21.00357864376));
#74 = CARTESIAN_POINT('',(-0.673245917337,-21.00357864376));
#75 = CARTESIAN_POINT('',(-0.897550409458,-21.00357864376));
#76 = CARTESIAN_POINT('',(-1.122015081612,-21.00357864376));
#77 = CARTESIAN_POINT('',(-1.346397878809,-21.00357864376));
#78 = CARTESIAN_POINT('',(-1.570796326795,-21.00357864376));
#79 = ( GEOMETRIC_REPRESENTATION_CONTEXT(2) 
PARAMETRIC_REPRESENTATION_CONTEXT() REPRESENTATION_CONTEXT('2D SPACE',''
  ) );
#80 = PCURVE('',#81,#131);
#81 = ( BOUNDED_SURFACE() B_SPLINE_SURFACE(6,6,(
    (#82,#83,#84,#85,#86,#87,#88)
    ,(#89,#90,#91,#92,#93,#94,#95)
    ,(#96,#97,#98,#99,#100,#101,#102)
    ,(#103,#104,#105,#106,#107,#108,#109)
    ,(#110,#111,#112,#113,#114,#115,#116)
    ,(#117,#118,#119,#120,#121,#122,#123)
    ,(#124,#125,#126,#127,#128,#129,#130
)),.UNSPECIFIED.,.F.,.F.,.F.) B_SPLINE_SURFACE_WITH_KNOTS((7,7),(7,7),(
    0.,5.890486225481),(327.08194490192,332.9724311274),
.PIECEWISE_BEZIER_KNOTS.) GEOMETRIC_REPRESENTATION_ITEM() 
RATIONAL_B_SPLINE_SURFACE((
    (1.072232817804,1.072232817804,1.072232817804,1.072232817804
      ,1.072232817804,1.072232817804,1.072232817804)
    ,(1.021749326913,1.021749326913,1.021749326913,1.021749326913
      ,1.021749326913,1.021749326913,1.021749326913)
    ,(0.995386527149,0.995386527149,0.995386527149,0.995386527149
      ,0.995386527149,0.995386527149,0.995386527149)
    ,(0.986647331348,0.986647331348,0.986647331348,0.986647331348
      ,0.986647331348,0.986647331348,0.986647331348)
    ,(0.995386527149,0.995386527149,0.995386527149,0.995386527149
      ,0.995386527149,0.995386527149,0.995386527149)
    ,(1.021749326913,1.021749326913,1.021749326913,1.021749326913
      ,1.021749326913,1.021749326913,1.021749326913)
    ,(1.072232817804,1.072232817804,1.072232817804,1.072232817804
      ,1.072232817804,1.072232817804,1.072232817804
))) REPRESENTATION_ITEM('') SURFACE() );
#82 = CARTESIAN_POINT('',(37.94,-41.51928932188,25.824289321881));
#83 = CARTESIAN_POINT('',(38.877051463509,-41.51928932188,
    25.824289321881));
#84 = CARTESIAN_POINT('',(39.814038845432,-41.22497492476,
    25.824289321881));
#85 = CARTESIAN_POINT('',(40.635879589468,-40.63587958946,
    25.824289321881));
#86 = CARTESIAN_POINT('',(41.224974924762,-39.81403884543,
    25.824289321881));
#87 = CARTESIAN_POINT('',(41.519289321881,-38.8770514635,25.824289321881
    ));
#88 = CARTESIAN_POINT('',(41.519289321881,-37.94,25.824289321881));
#89 = CARTESIAN_POINT('',(37.94,-41.54842783971,25.853427839718));
#90 = CARTESIAN_POINT('',(38.884679874718,-41.54842783971,
    25.853427839718));
#91 = CARTESIAN_POINT('',(39.82929514617,-41.25171746827,25.853427839718
    ));
#92 = CARTESIAN_POINT('',(40.657826386286,-40.65782638628,
    25.853427839718));
#93 = CARTESIAN_POINT('',(41.251717468276,-39.82929514617,
    25.853427839718));
#94 = CARTESIAN_POINT('',(41.548427839718,-38.88467987471,
    25.853427839718));
#95 = CARTESIAN_POINT('',(41.548427839718,-37.94,25.853427839718));
#96 = CARTESIAN_POINT('',(37.94,-41.58983075771,25.866642448902));
#97 = CARTESIAN_POINT('',(38.895519083681,-41.58983075771,
    25.866642448902));
#98 = CARTESIAN_POINT('',(39.850972822843,-41.28971594652,
    25.866642448902));
#99 = CARTESIAN_POINT('',(40.689010588381,-40.68901058838,
    25.866642448902));
#100 = CARTESIAN_POINT('',(41.28971594652,-39.85097282284,
    25.866642448902));
#101 = CARTESIAN_POINT('',(41.589830757713,-38.89551908368,
    25.866642448902));
#102 = CARTESIAN_POINT('',(41.589830757713,-37.94,25.866642448902));
#103 = CARTESIAN_POINT('',(37.94,-41.63391778512,25.859605556234));
#104 = CARTESIAN_POINT('',(38.907060987629,-41.63391778512,
    25.859605556234));
#105 = CARTESIAN_POINT('',(39.87405584143,-41.33017782778,
    25.859605556234));
#106 = CARTESIAN_POINT('',(40.722216430844,-40.72221643084,
    25.859605556234));
#107 = CARTESIAN_POINT('',(41.330177827782,-39.87405584143,
    25.859605556234));
#108 = CARTESIAN_POINT('',(41.633917785122,-38.90706098762,
    25.859605556234));
#109 = CARTESIAN_POINT('',(41.633917785122,-37.94,25.859605556234));
#110 = CARTESIAN_POINT('',(37.94,-41.67006785568,25.833407154715));
#111 = CARTESIAN_POINT('',(38.916525010647,-41.67006785568,
    25.833407154715));
#112 = CARTESIAN_POINT('',(39.892983240255,-41.36335538473,
    25.833407154715));
#113 = CARTESIAN_POINT('',(40.749444248613,-40.74944424861,
    25.833407154715));
#114 = CARTESIAN_POINT('',(41.363355384739,-39.89298324025,
    25.833407154715));
#115 = CARTESIAN_POINT('',(41.670067855689,-38.91652501064,
    25.833407154715));
#116 = CARTESIAN_POINT('',(41.670067855689,-37.94,25.833407154715));
#117 = CARTESIAN_POINT('',(37.94,-41.69,25.794786730874));
#118 = CARTESIAN_POINT('',(38.921743209937,-41.69,25.794786730874));
#119 = CARTESIAN_POINT('',(39.903419281981,-41.38164856765,
    25.794786730874));
#120 = CARTESIAN_POINT('',(40.764456910678,-40.76445691067,
    25.794786730874));
#121 = CARTESIAN_POINT('',(41.38164856765,-39.90341928198,
    25.794786730874));
#122 = CARTESIAN_POINT('',(41.69,-38.92174320993,25.794786730874));
#123 = CARTESIAN_POINT('',(41.69,-37.94,25.794786730874));
#124 = CARTESIAN_POINT('',(37.94,-41.69,25.753578643763));
#125 = CARTESIAN_POINT('',(38.921743209937,-41.69,25.753578643763));
#126 = CARTESIAN_POINT('',(39.903419281981,-41.38164856765,
    25.753578643763));
#127 = CARTESIAN_POINT('',(40.764456910678,-40.76445691067,
    25.753578643763));
#128 = CARTESIAN_POINT('',(41.38164856765,-39.90341928198,
    25.753578643763));
#129 = CARTESIAN_POINT('',(41.69,-38.92174320993,25.753578643763));
#130 = CARTESIAN_POINT('',(41.69,-37.94,25.753578643763));
#131 = DEFINITIONAL_REPRESENTATION('',(#132),#136);
#132 = LINE('',#133,#134);
#133 = CARTESIAN_POINT('',(5.890486225481,0.));
#134 = VECTOR('',#135,1.);
#135 = DIRECTION('',(0.,1.));
#136 = ( GEOMETRIC_REPRESENTATION_CONTEXT(2) 
PARAMETRIC_REPRESENTATION_CONTEXT() REPRESENTATION_CONTEXT('2D SPACE',''
  ) );
#137 = ORIENTED_EDGE('',*,*,#138,.F.);
#138 = EDGE_CURVE('',#139,#57,#141,.T.);
#139 = VERTEX_POINT('',#140);
#140 = CARTESIAN_POINT('',(41.69,-37.94,4.75));
#141 = SURFACE_CURVE('',#142,(#146,#153),.PCURVE_S1.);
#142 = LINE('',#143,#144);
#143 = CARTESIAN_POINT('',(41.69,-37.94,4.75));
#144 = VECTOR('',#145,1.);
#145 = DIRECTION('',(0.,-3.382960341242E-16,1.));
#146 = PCURVE('',#32,#147);
#147 = DEFINITIONAL_REPRESENTATION('',(#148),#152);
#148 = LINE('',#149,#150);
#149 = CARTESIAN_POINT('',(-1.570796326795,0.));
#150 = VECTOR('',#151,1.);
#151 = DIRECTION('',(-0.,-1.));
#152 = ( GEOMETRIC_REPRESENTATION_CONTEXT(2) 
PARAMETRIC_REPRESENTATION_CONTEXT() REPRESENTATION_CONTEXT('2D SPACE',''
  ) );
#153 = PCURVE('',#154,#159);
#154 = PLANE('',#155);
#155 = AXIS2_PLACEMENT_3D('',#156,#157,#158);
#156 = CARTESIAN_POINT('',(41.69,-37.94,4.75));
#157 = DIRECTION('',(-1.,0.,0.));
#158 = DIRECTION('',(0.,1.,0.));
#159 = DEFINITIONAL_REPRESENTATION('',(#160),#164);
#160 = LINE('',#161,#162);
#161 = CARTESIAN_POINT('',(0.,0.));
#162 = VECTOR('',#163,1.);
#163 = DIRECTION('',(-3.382960341242E-16,-1.));
#164 = ( GEOMETRIC_REPRESENTATION_CONTEXT(2) 
PARAMETRIC_REPRESENTATION_CONTEXT() REPRESENTATION_CONTEXT('2D SPACE',''
  ) );
#165 = ORIENTED_EDGE('',*,*,#166,.F.);
#166 = EDGE_CURVE('',#24,#139,#167,.T.);
#167 = SURFACE_CURVE('',#168,(#173,#180),.PCURVE_S1.);
#168 = CIRCLE('',#169,3.75);
#169 = AXIS2_PLACEMENT_3D('',#170,#171,#172);
#170 = CARTESIAN_POINT('',(37.94,-37.94,4.75));
#171 = DIRECTION('',(0.,-0.,1.));
#172 = DIRECTION('',(1.894780628694E-15,-1.,-0.));
#173 = PCURVE('',#32,#174);
#174 = DEFINITIONAL_REPRESENTATION('',(#175),#179);
#175 = LINE('',#176,#177);
#176 = CARTESIAN_POINT('',(-0.,0.));
#177 = VECTOR('',#178,1.);
#178 = DIRECTION('',(-1.,0.));
#179 = ( GEOMETRIC_REPRESENTATION_CONTEXT(2) 
PARAMETRIC_REPRESENTATION_CONTEXT() REPRESENTATION_CONTEXT('2D SPACE',''
  ) );
#180 = PCURVE('',#181,#186);
#181 = CONICAL_SURFACE('',#182,3.75,0.785398163397);
#182 = AXIS2_PLACEMENT_3D('',#183,#184,#185);
#183 = CARTESIAN_POINT('',(37.94,-37.94,4.75));
#184 = DIRECTION('',(-0.,0.,1.));
#185 = DIRECTION('',(0.,-1.,0.));
#186 = DEFINITIONAL_REPRESENTATION('',(#187),#191);
#187 = LINE('',#188,#189);
#188 = CARTESIAN_POINT('',(0.,-0.));
#189 = VECTOR('',#190,1.);
#190 = DIRECTION('',(1.,0.));
#191 = ( GEOMETRIC_REPRESENTATION_CONTEXT(2) 
PARAMETRIC_REPRESENTATION_CONTEXT() REPRESENTATION_CONTEXT('2D SPACE',''
  ) );
#192 = ADVANCED_FACE('',(#193),#44,.F.);
#193 = FACE_BOUND('',#194,.F.);
#194 = EDGE_LOOP('',(#195,#225,#251,#252,#280,#308));
#195 = ORIENTED_EDGE('',*,*,#196,.F.);
#196 = EDGE_CURVE('',#197,#199,#201,.T.);
#197 = VERTEX_POINT('',#198);
#198 = CARTESIAN_POINT('',(-37.94,-41.69,25.753578643763));
#199 = VERTEX_POINT('',#200);
#200 = CARTESIAN_POINT('',(-37.94,-41.69,4.75));
#201 = SURFACE_CURVE('',#202,(#206,#213),.PCURVE_S1.);
#202 = LINE('',#203,#204);
#203 = CARTESIAN_POINT('',(-37.94,-41.69,25.753578643763));
#204 = VECTOR('',#205,1.);
#205 = DIRECTION('',(3.382960341242E-16,0.,-1.));
#206 = PCURVE('',#44,#207);
#207 = DEFINITIONAL_REPRESENTATION('',(#208),#212);
#208 = LINE('',#209,#210);
#209 = CARTESIAN_POINT('',(-7.105427357601E-15,-21.00357864376));
#210 = VECTOR('',#211,1.);
#211 = DIRECTION('',(3.382960341242E-16,1.));
#212 = ( GEOMETRIC_REPRESENTATION_CONTEXT(2) 
PARAMETRIC_REPRESENTATION_CONTEXT() REPRESENTATION_CONTEXT('2D SPACE',''
  ) );
#213 = PCURVE('',#214,#219);
#214 = CYLINDRICAL_SURFACE('',#215,3.75);
#215 = AXIS2_PLACEMENT_3D('',#216,#217,#218);
#216 = CARTESIAN_POINT('',(-37.94,-37.94,4.75));
#217 = DIRECTION('',(-0.,-0.,-1.));
#218 = DIRECTION('',(-1.,-1.894780628694E-15,0.));
#219 = DEFINITIONAL_REPRESENTATION('',(#220),#224);
#220 = LINE('',#221,#222);
#221 = CARTESIAN_POINT('',(-1.570796326795,-21.00357864376));
#222 = VECTOR('',#223,1.);
#223 = DIRECTION('',(0.,1.));
#224 = ( GEOMETRIC_REPRESENTATION_CONTEXT(2) 
PARAMETRIC_REPRESENTATION_CONTEXT() REPRESENTATION_CONTEXT('2D SPACE',''
  ) );
#225 = ORIENTED_EDGE('',*,*,#226,.T.);
#226 = EDGE_CURVE('',#197,#22,#227,.T.);
#227 = SURFACE_CURVE('',#228,(#232,#239),.PCURVE_S1.);
#228 = LINE('',#229,#230);
#229 = CARTESIAN_POINT('',(-37.94,-41.69,25.753578643763));
#230 = VECTOR('',#231,1.);
#231 = DIRECTION('',(1.,-9.743057409101E-16,9.743057409101E-16));
#232 = PCURVE('',#44,#233);
#233 = DEFINITIONAL_REPRESENTATION('',(#234),#238);
#234 = LINE('',#235,#236);
#235 = CARTESIAN_POINT('',(-7.105427357601E-15,-21.00357864376));
#236 = VECTOR('',#237,1.);
#237 = DIRECTION('',(1.,-9.743057409101E-16));
#238 = ( GEOMETRIC_REPRESENTATION_CONTEXT(2) 
PARAMETRIC_REPRESENTATION_CONTEXT() REPRESENTATION_CONTEXT('2D SPACE',''
  ) );
#239 = PCURVE('',#240,#245);
#240 = CYLINDRICAL_SURFACE('',#241,0.1);
#241 = AXIS2_PLACEMENT_3D('',#242,#243,#244);
#242 = CARTESIAN_POINT('',(-37.94,-41.59,25.753578643763));
#243 = DIRECTION('',(1.,-9.743057409101E-16,9.743057409101E-16));
#244 = DIRECTION('',(0.,0.707106781187,0.707106781187));
#245 = DEFINITIONAL_REPRESENTATION('',(#246),#250);
#246 = LINE('',#247,#248);
#247 = CARTESIAN_POINT('',(2.356194490192,0.));
#248 = VECTOR('',#249,1.);
#249 = DIRECTION('',(0.,1.));
#250 = ( GEOMETRIC_REPRESENTATION_CONTEXT(2) 
PARAMETRIC_REPRESENTATION_CONTEXT() REPRESENTATION_CONTEXT('2D SPACE',''
  ) );
#251 = ORIENTED_EDGE('',*,*,#21,.T.);
#252 = ORIENTED_EDGE('',*,*,#253,.F.);
#253 = EDGE_CURVE('',#254,#24,#256,.T.);
#254 = VERTEX_POINT('',#255);
#255 = CARTESIAN_POINT('',(4.06,-41.69,4.75));
#256 = SURFACE_CURVE('',#257,(#261,#268),.PCURVE_S1.);
#257 = LINE('',#258,#259);
#258 = CARTESIAN_POINT('',(-41.69,-41.69,4.75));
#259 = VECTOR('',#260,1.);
#260 = DIRECTION('',(1.,0.,0.));
#261 = PCURVE('',#44,#262);
#262 = DEFINITIONAL_REPRESENTATION('',(#263),#267);
#263 = LINE('',#264,#265);
#264 = CARTESIAN_POINT('',(-3.75,0.));
#265 = VECTOR('',#266,1.);
#266 = DIRECTION('',(1.,0.));
#267 = ( GEOMETRIC_REPRESENTATION_CONTEXT(2) 
PARAMETRIC_REPRESENTATION_CONTEXT() REPRESENTATION_CONTEXT('2D SPACE',''
  ) );
#268 = PCURVE('',#269,#274);
#269 = PLANE('',#270);
#270 = AXIS2_PLACEMENT_3D('',#271,#272,#273);
#271 = CARTESIAN_POINT('',(0.31,-41.69,4.75));
#272 = DIRECTION('',(0.,-0.707106781187,-0.707106781187));
#273 = DIRECTION('',(5.928301633513E-16,0.707106781187,-0.707106781187)
  );
#274 = DEFINITIONAL_REPRESENTATION('',(#275),#279);
#275 = LINE('',#276,#277);
#276 = CARTESIAN_POINT('',(-2.489886686075E-14,-42.));
#277 = VECTOR('',#278,1.);
#278 = DIRECTION('',(5.928301633513E-16,1.));
#279 = ( GEOMETRIC_REPRESENTATION_CONTEXT(2) 
PARAMETRIC_REPRESENTATION_CONTEXT() REPRESENTATION_CONTEXT('2D SPACE',''
  ) );
#280 = ORIENTED_EDGE('',*,*,#281,.F.);
#281 = EDGE_CURVE('',#282,#254,#284,.T.);
#282 = VERTEX_POINT('',#283);
#283 = CARTESIAN_POINT('',(-4.06,-41.69,4.75));
#284 = SURFACE_CURVE('',#285,(#289,#296),.PCURVE_S1.);
#285 = LINE('',#286,#287);
#286 = CARTESIAN_POINT('',(-41.69,-41.69,4.75));
#287 = VECTOR('',#288,1.);
#288 = DIRECTION('',(1.,0.,0.));
#289 = PCURVE('',#44,#290);
#290 = DEFINITIONAL_REPRESENTATION('',(#291),#295);
#291 = LINE('',#292,#293);
#292 = CARTESIAN_POINT('',(-3.75,0.));
#293 = VECTOR('',#294,1.);
#294 = DIRECTION('',(1.,0.));
#295 = ( GEOMETRIC_REPRESENTATION_CONTEXT(2) 
PARAMETRIC_REPRESENTATION_CONTEXT() REPRESENTATION_CONTEXT('2D SPACE',''
  ) );
#296 = PCURVE('',#297,#302);
#297 = PLANE('',#298);
#298 = AXIS2_PLACEMENT_3D('',#299,#300,#301);
#299 = CARTESIAN_POINT('',(0.,1.391457369516E-15,4.75));
#300 = DIRECTION('',(0.,0.,1.));
#301 = DIRECTION('',(1.,0.,-0.));
#302 = DEFINITIONAL_REPRESENTATION('',(#303),#307);
#303 = LINE('',#304,#305);
#304 = CARTESIAN_POINT('',(-41.69,-41.69));
#305 = VECTOR('',#306,1.);
#306 = DIRECTION('',(1.,0.));
#307 = ( GEOMETRIC_REPRESENTATION_CONTEXT(2) 
PARAMETRIC_REPRESENTATION_CONTEXT() REPRESENTATION_CONTEXT('2D SPACE',''
  ) );
#308 = ORIENTED_EDGE('',*,*,#309,.F.);
#309 = EDGE_CURVE('',#199,#282,#310,.T.);
#310 = SURFACE_CURVE('',#311,(#315,#322),.PCURVE_S1.);
#311 = LINE('',#312,#313);
#312 = CARTESIAN_POINT('',(-41.69,-41.69,4.75));
#313 = VECTOR('',#314,1.);
#314 = DIRECTION('',(1.,0.,0.));
#315 = PCURVE('',#44,#316);
#316 = DEFINITIONAL_REPRESENTATION('',(#317),#321);
#317 = LINE('',#318,#319);
#318 = CARTESIAN_POINT('',(-3.75,0.));
#319 = VECTOR('',#320,1.);
#320 = DIRECTION('',(1.,0.));
#321 = ( GEOMETRIC_REPRESENTATION_CONTEXT(2) 
PARAMETRIC_REPRESENTATION_CONTEXT() REPRESENTATION_CONTEXT('2D SPACE',''
  ) );
#322 = PCURVE('',#323,#328);
#323 = PLANE('',#324);
#324 = AXIS2_PLACEMENT_3D('',#325,#326,#327);
#325 = CARTESIAN_POINT('',(-41.69,-41.69,4.75));
#326 = DIRECTION('',(0.,-0.707106781187,-0.707106781187));
#327 = DIRECTION('',(5.928301633513E-16,0.707106781187,-0.707106781187)
  );
#328 = DEFINITIONAL_REPRESENTATION('',(#329),#333);
#329 = LINE('',#330,#331);
#330 = CARTESIAN_POINT('',(0.,0.));
#331 = VECTOR('',#332,1.);
#332 = DIRECTION('',(5.928301633513E-16,1.));
#333 = ( GEOMETRIC_REPRESENTATION_CONTEXT(2) 
PARAMETRIC_REPRESENTATION_CONTEXT() REPRESENTATION_CONTEXT('2D SPACE',''
  ) );
#334 = ADVANCED_FACE('',(#335),#81,.T.);
#335 = FACE_BOUND('',#336,.T.);
#336 = EDGE_LOOP('',(#337,#388,#389,#445));
#337 = ORIENTED_EDGE('',*,*,#338,.T.);
#338 = EDGE_CURVE('',#339,#22,#341,.T.);
#339 = VERTEX_POINT('',#340);
#340 = CARTESIAN_POINT('',(37.94,-41.51928932188,25.824289321881));
#341 = SURFACE_CURVE('',#342,(#347,#381),.PCURVE_S1.);
#342 = CIRCLE('',#343,0.1);
#343 = AXIS2_PLACEMENT_3D('',#344,#345,#346);
#344 = CARTESIAN_POINT('',(37.94,-41.59,25.753578643763));
#345 = DIRECTION('',(1.,-9.743057409101E-16,9.743057409101E-16));
#346 = DIRECTION('',(0.,0.707106781187,0.707106781187));
#347 = PCURVE('',#81,#348);
#348 = DEFINITIONAL_REPRESENTATION('',(#349),#380);
#349 = B_SPLINE_CURVE_WITH_KNOTS('',8,(#350,#351,#352,#353,#354,#355,
    #356,#357,#358,#359,#360,#361,#362,#363,#364,#365,#366,#367,#368,
    #369,#370,#371,#372,#373,#374,#375,#376,#377,#378,#379),
  .UNSPECIFIED.,.F.,.F.,(9,7,7,7,9),(0.,0.589048622548,1.178097245096,
    1.767145867644,2.356194490192),.UNSPECIFIED.);
#350 = CARTESIAN_POINT('',(0.,327.08194490192));
#351 = CARTESIAN_POINT('',(0.184087089946,327.08194490192));
#352 = CARTESIAN_POINT('',(0.368166478449,327.08194490192));
#353 = CARTESIAN_POINT('',(0.552244538413,327.08194490192));
#354 = CARTESIAN_POINT('',(0.736318800403,327.08194490192));
#355 = CARTESIAN_POINT('',(0.920393405026,327.08194490192));
#356 = CARTESIAN_POINT('',(1.104471349899,327.08194490192));
#357 = CARTESIAN_POINT('',(1.288547048471,327.08194490192));
#358 = CARTESIAN_POINT('',(1.65669838765,327.08194490192));
#359 = CARTESIAN_POINT('',(1.84077431029,327.08194490192));
#360 = CARTESIAN_POINT('',(2.024861036919,327.08194490192));
#361 = CARTESIAN_POINT('',(2.208925916494,327.08194490191));
#362 = CARTESIAN_POINT('',(2.393013418395,327.08194490193));
#363 = CARTESIAN_POINT('',(2.577086915918,327.08194490192));
#364 = CARTESIAN_POINT('',(2.761165415527,327.08194490192));
#365 = CARTESIAN_POINT('',(3.129320809954,327.08194490192));
#366 = CARTESIAN_POINT('',(3.313399309562,327.08194490192));
#367 = CARTESIAN_POINT('',(3.497472807088,327.08194490192));
#368 = CARTESIAN_POINT('',(3.681560308983,327.08194490192));
#369 = CARTESIAN_POINT('',(3.865625188565,327.08194490192));
#370 = CARTESIAN_POINT('',(4.049711915189,327.08194490192));
#371 = CARTESIAN_POINT('',(4.23378783783,327.08194490192));
#372 = CARTESIAN_POINT('',(4.601939177011,327.08194490192));
#373 = CARTESIAN_POINT('',(4.786014875584,327.08194490193));
#374 = CARTESIAN_POINT('',(4.970092820454,327.08194490189));
#375 = CARTESIAN_POINT('',(5.154167425078,327.08194490195));
#376 = CARTESIAN_POINT('',(5.338241687069,327.08194490189));
#377 = CARTESIAN_POINT('',(5.522319747034,327.08194490193));
#378 = CARTESIAN_POINT('',(5.706399135535,327.08194490192));
#379 = CARTESIAN_POINT('',(5.890486225481,327.08194490192));
#380 = ( GEOMETRIC_REPRESENTATION_CONTEXT(2) 
PARAMETRIC_REPRESENTATION_CONTEXT() REPRESENTATION_CONTEXT('2D SPACE',''
  ) );
#381 = PCURVE('',#240,#382);
#382 = DEFINITIONAL_REPRESENTATION('',(#383),#387);
#383 = LINE('',#384,#385);
#384 = CARTESIAN_POINT('',(0.,75.88));
#385 = VECTOR('',#386,1.);
#386 = DIRECTION('',(1.,0.));
#387 = ( GEOMETRIC_REPRESENTATION_CONTEXT(2) 
PARAMETRIC_REPRESENTATION_CONTEXT() REPRESENTATION_CONTEXT('2D SPACE',''
  ) );
#388 = ORIENTED_EDGE('',*,*,#56,.T.);
#389 = ORIENTED_EDGE('',*,*,#390,.F.);
#390 = EDGE_CURVE('',#391,#57,#393,.T.);
#391 = VERTEX_POINT('',#392);
#392 = CARTESIAN_POINT('',(41.519289321881,-37.94,25.824289321881));
#393 = SURFACE_CURVE('',#394,(#399,#433),.PCURVE_S1.);
#394 = CIRCLE('',#395,0.1);
#395 = AXIS2_PLACEMENT_3D('',#396,#397,#398);
#396 = CARTESIAN_POINT('',(41.59,-37.94,25.753578643763));
#397 = DIRECTION('',(9.743057409101E-16,1.,9.743057409101E-16));
#398 = DIRECTION('',(-0.707106781187,0.,0.707106781187));
#399 = PCURVE('',#81,#400);
#400 = DEFINITIONAL_REPRESENTATION('',(#401),#432);
#401 = B_SPLINE_CURVE_WITH_KNOTS('',8,(#402,#403,#404,#405,#406,#407,
    #408,#409,#410,#411,#412,#413,#414,#415,#416,#417,#418,#419,#420,
    #421,#422,#423,#424,#425,#426,#427,#428,#429,#430,#431),
  .UNSPECIFIED.,.F.,.F.,(9,7,7,7,9),(0.,0.589048622548,1.178097245096,
    1.767145867644,2.356194490192),.UNSPECIFIED.);
#402 = CARTESIAN_POINT('',(0.,332.9724311274));
#403 = CARTESIAN_POINT('',(0.184087089946,332.9724311274));
#404 = CARTESIAN_POINT('',(0.368166478441,332.97243112739));
#405 = CARTESIAN_POINT('',(0.552244538412,332.97243112741));
#406 = CARTESIAN_POINT('',(0.736318800403,332.97243112738));
#407 = CARTESIAN_POINT('',(0.920393405024,332.97243112742));
#408 = CARTESIAN_POINT('',(1.104471349896,332.97243112739));
#409 = CARTESIAN_POINT('',(1.288547048469,332.9724311274));
#410 = CARTESIAN_POINT('',(1.656698387651,332.9724311274));
#411 = CARTESIAN_POINT('',(1.840774310293,332.97243112739));
#412 = CARTESIAN_POINT('',(2.024861036913,332.97243112742));
#413 = CARTESIAN_POINT('',(2.2089259165,332.97243112738));
#414 = CARTESIAN_POINT('',(2.393013418392,332.97243112742));
#415 = CARTESIAN_POINT('',(2.577086915919,332.97243112739));
#416 = CARTESIAN_POINT('',(2.761165415527,332.9724311274));
#417 = CARTESIAN_POINT('',(3.129320809954,332.9724311274));
#418 = CARTESIAN_POINT('',(3.313399309562,332.9724311274));
#419 = CARTESIAN_POINT('',(3.497472807089,332.9724311274));
#420 = CARTESIAN_POINT('',(3.681560308981,332.9724311274));
#421 = CARTESIAN_POINT('',(3.865625188568,332.9724311274));
#422 = CARTESIAN_POINT('',(4.049711915188,332.9724311274));
#423 = CARTESIAN_POINT('',(4.23378783783,332.9724311274));
#424 = CARTESIAN_POINT('',(4.601939177012,332.9724311274));
#425 = CARTESIAN_POINT('',(4.786014875584,332.97243112741));
#426 = CARTESIAN_POINT('',(4.970092820457,332.97243112738));
#427 = CARTESIAN_POINT('',(5.154167425078,332.97243112742));
#428 = CARTESIAN_POINT('',(5.338241687068,332.97243112738));
#429 = CARTESIAN_POINT('',(5.52231974704,332.97243112741));
#430 = CARTESIAN_POINT('',(5.706399135535,332.9724311274));
#431 = CARTESIAN_POINT('',(5.890486225481,332.9724311274));
#432 = ( GEOMETRIC_REPRESENTATION_CONTEXT(2) 
PARAMETRIC_REPRESENTATION_CONTEXT() REPRESENTATION_CONTEXT('2D SPACE',''
  ) );
#433 = PCURVE('',#434,#439);
#434 = CYLINDRICAL_SURFACE('',#435,0.1);
#435 = AXIS2_PLACEMENT_3D('',#436,#437,#438);
#436 = CARTESIAN_POINT('',(41.59,-37.94,25.753578643763));
#437 = DIRECTION('',(9.743057409101E-16,1.,9.743057409101E-16));
#438 = DIRECTION('',(-0.707106781187,0.,0.707106781187));
#439 = DEFINITIONAL_REPRESENTATION('',(#440),#444);
#440 = LINE('',#441,#442);
#441 = CARTESIAN_POINT('',(0.,3.221957731744E-16));
#442 = VECTOR('',#443,1.);
#443 = DIRECTION('',(1.,0.));
#444 = ( GEOMETRIC_REPRESENTATION_CONTEXT(2) 
PARAMETRIC_REPRESENTATION_CONTEXT() REPRESENTATION_CONTEXT('2D SPACE',''
  ) );
#445 = ORIENTED_EDGE('',*,*,#446,.F.);
#446 = EDGE_CURVE('',#339,#391,#447,.T.);
#447 = SURFACE_CURVE('',#448,(#456,#463),.PCURVE_S1.);
#448 = ( BOUNDED_CURVE() B_SPLINE_CURVE(6,(#449,#450,#451,#452,#453,#454
,#455),.UNSPECIFIED.,.F.,.F.) B_SPLINE_CURVE_WITH_KNOTS((7,7),(
327.08194490192,332.9724311274),.PIECEWISE_BEZIER_KNOTS.) CURVE() 
GEOMETRIC_REPRESENTATION_ITEM() RATIONAL_B_SPLINE_CURVE((1.072232817804,
    1.072232817804,1.072232817804,1.072232817804,1.072232817804,
1.072232817804,1.072232817804)) REPRESENTATION_ITEM('') );
#449 = CARTESIAN_POINT('',(37.94,-41.51928932188,25.824289321881));
#450 = CARTESIAN_POINT('',(38.877051463509,-41.51928932188,
    25.824289321881));
#451 = CARTESIAN_POINT('',(39.814038845432,-41.22497492476,
    25.824289321881));
#452 = CARTESIAN_POINT('',(40.635879589468,-40.63587958946,
    25.824289321881));
#453 = CARTESIAN_POINT('',(41.224974924762,-39.81403884543,
    25.824289321881));
#454 = CARTESIAN_POINT('',(41.519289321881,-38.8770514635,
    25.824289321881));
#455 = CARTESIAN_POINT('',(41.519289321881,-37.94,25.824289321881));
#456 = PCURVE('',#81,#457);
#457 = DEFINITIONAL_REPRESENTATION('',(#458),#462);
#458 = LINE('',#459,#460);
#459 = CARTESIAN_POINT('',(0.,0.));
#460 = VECTOR('',#461,1.);
#461 = DIRECTION('',(0.,1.));
#462 = ( GEOMETRIC_REPRESENTATION_CONTEXT(2) 
PARAMETRIC_REPRESENTATION_CONTEXT() REPRESENTATION_CONTEXT('2D SPACE',''
  ) );
#463 = PCURVE('',#464,#469);
#464 = CONICAL_SURFACE('',#465,3.75,0.785398163397);
#465 = AXIS2_PLACEMENT_3D('',#466,#467,#468);
#466 = CARTESIAN_POINT('',(37.94,-37.94,25.995));
#467 = DIRECTION('',(-0.,0.,1.));
#468 = DIRECTION('',(0.,-1.,0.));
#469 = DEFINITIONAL_REPRESENTATION('',(#470),#479);
#470 = B_SPLINE_CURVE_WITH_KNOTS('',7,(#471,#472,#473,#474,#475,#476,
    #477,#478),.UNSPECIFIED.,.F.,.F.,(8,8),(327.08194490192,
    332.9724311274),.PIECEWISE_BEZIER_KNOTS.);
#471 = CARTESIAN_POINT('',(-5.187980024693E-17,-0.170710678119));
#472 = CARTESIAN_POINT('',(0.224398447985,-0.170710678119));
#473 = CARTESIAN_POINT('',(0.448781245184,-0.170710678119));
#474 = CARTESIAN_POINT('',(0.673245917336,-0.170710678119));
#475 = CARTESIAN_POINT('',(0.897550409458,-0.170710678119));
#476 = CARTESIAN_POINT('',(1.122015081612,-0.170710678119));
#477 = CARTESIAN_POINT('',(1.346397878809,-0.170710678119));
#478 = CARTESIAN_POINT('',(1.570796326795,-0.170710678119));
#479 = ( GEOMETRIC_REPRESENTATION_CONTEXT(2) 
PARAMETRIC_REPRESENTATION_CONTEXT() REPRESENTATION_CONTEXT('2D SPACE',''
  ) );
#480 = ADVANCED_FACE('',(#481),#154,.F.);
#481 = FACE_BOUND('',#482,.F.);
#482 = EDGE_LOOP('',(#483,#513,#541,#564,#590,#591));
#483 = ORIENTED_EDGE('',*,*,#484,.F.);
#484 = EDGE_CURVE('',#485,#487,#489,.T.);
#485 = VERTEX_POINT('',#486);
#486 = CARTESIAN_POINT('',(41.69,37.94,4.75));
#487 = VERTEX_POINT('',#488);
#488 = CARTESIAN_POINT('',(41.69,37.94,25.753578643763));
#489 = SURFACE_CURVE('',#490,(#494,#501),.PCURVE_S1.);
#490 = LINE('',#491,#492);
#491 = CARTESIAN_POINT('',(41.69,37.94,4.75));
#492 = VECTOR('',#493,1.);
#493 = DIRECTION('',(3.382960341242E-15,-3.382960341242E-16,1.));
#494 = PCURVE('',#154,#495);
#495 = DEFINITIONAL_REPRESENTATION('',(#496),#500);
#496 = LINE('',#497,#498);
#497 = CARTESIAN_POINT('',(75.88,0.));
#498 = VECTOR('',#499,1.);
#499 = DIRECTION('',(-3.382960341242E-16,-1.));
#500 = ( GEOMETRIC_REPRESENTATION_CONTEXT(2) 
PARAMETRIC_REPRESENTATION_CONTEXT() REPRESENTATION_CONTEXT('2D SPACE',''
  ) );
#501 = PCURVE('',#502,#507);
#502 = CYLINDRICAL_SURFACE('',#503,3.75);
#503 = AXIS2_PLACEMENT_3D('',#504,#505,#506);
#504 = CARTESIAN_POINT('',(37.94,37.94,4.75));
#505 = DIRECTION('',(-0.,0.,-1.));
#506 = DIRECTION('',(1.,1.894780628694E-15,0.));
#507 = DEFINITIONAL_REPRESENTATION('',(#508),#512);
#508 = LINE('',#509,#510);
#509 = CARTESIAN_POINT('',(-0.,0.));
#510 = VECTOR('',#511,1.);
#511 = DIRECTION('',(-0.,-1.));
#512 = ( GEOMETRIC_REPRESENTATION_CONTEXT(2) 
PARAMETRIC_REPRESENTATION_CONTEXT() REPRESENTATION_CONTEXT('2D SPACE',''
  ) );
#513 = ORIENTED_EDGE('',*,*,#514,.F.);
#514 = EDGE_CURVE('',#515,#485,#517,.T.);
#515 = VERTEX_POINT('',#516);
#516 = CARTESIAN_POINT('',(41.69,4.06,4.75));
#517 = SURFACE_CURVE('',#518,(#522,#529),.PCURVE_S1.);
#518 = LINE('',#519,#520);
#519 = CARTESIAN_POINT('',(41.69,-41.69,4.75));
#520 = VECTOR('',#521,1.);
#521 = DIRECTION('',(0.,1.,0.));
#522 = PCURVE('',#154,#523);
#523 = DEFINITIONAL_REPRESENTATION('',(#524),#528);
#524 = LINE('',#525,#526);
#525 = CARTESIAN_POINT('',(-3.75,0.));
#526 = VECTOR('',#527,1.);
#527 = DIRECTION('',(1.,0.));
#528 = ( GEOMETRIC_REPRESENTATION_CONTEXT(2) 
PARAMETRIC_REPRESENTATION_CONTEXT() REPRESENTATION_CONTEXT('2D SPACE',''
  ) );
#529 = PCURVE('',#530,#535);
#530 = PLANE('',#531);
#531 = AXIS2_PLACEMENT_3D('',#532,#533,#534);
#532 = CARTESIAN_POINT('',(41.69,0.31,4.75));
#533 = DIRECTION('',(0.707106781187,0.,-0.707106781187));
#534 = DIRECTION('',(-0.707106781187,5.928301633513E-16,-0.707106781187)
  );
#535 = DEFINITIONAL_REPRESENTATION('',(#536),#540);
#536 = LINE('',#537,#538);
#537 = CARTESIAN_POINT('',(-2.489886686075E-14,-42.));
#538 = VECTOR('',#539,1.);
#539 = DIRECTION('',(5.928301633513E-16,1.));
#540 = ( GEOMETRIC_REPRESENTATION_CONTEXT(2) 
PARAMETRIC_REPRESENTATION_CONTEXT() REPRESENTATION_CONTEXT('2D SPACE',''
  ) );
#541 = ORIENTED_EDGE('',*,*,#542,.F.);
#542 = EDGE_CURVE('',#543,#515,#545,.T.);
#543 = VERTEX_POINT('',#544);
#544 = CARTESIAN_POINT('',(41.69,-4.06,4.75));
#545 = SURFACE_CURVE('',#546,(#550,#557),.PCURVE_S1.);
#546 = LINE('',#547,#548);
#547 = CARTESIAN_POINT('',(41.69,-41.69,4.75));
#548 = VECTOR('',#549,1.);
#549 = DIRECTION('',(0.,1.,0.));
#550 = PCURVE('',#154,#551);
#551 = DEFINITIONAL_REPRESENTATION('',(#552),#556);
#552 = LINE('',#553,#554);
#553 = CARTESIAN_POINT('',(-3.75,0.));
#554 = VECTOR('',#555,1.);
#555 = DIRECTION('',(1.,0.));
#556 = ( GEOMETRIC_REPRESENTATION_CONTEXT(2) 
PARAMETRIC_REPRESENTATION_CONTEXT() REPRESENTATION_CONTEXT('2D SPACE',''
  ) );
#557 = PCURVE('',#297,#558);
#558 = DEFINITIONAL_REPRESENTATION('',(#559),#563);
#559 = LINE('',#560,#561);
#560 = CARTESIAN_POINT('',(41.69,-41.69));
#561 = VECTOR('',#562,1.);
#562 = DIRECTION('',(0.,1.));
#563 = ( GEOMETRIC_REPRESENTATION_CONTEXT(2) 
PARAMETRIC_REPRESENTATION_CONTEXT() REPRESENTATION_CONTEXT('2D SPACE',''
  ) );
#564 = ORIENTED_EDGE('',*,*,#565,.F.);
#565 = EDGE_CURVE('',#139,#543,#566,.T.);
#566 = SURFACE_CURVE('',#567,(#571,#578),.PCURVE_S1.);
#567 = LINE('',#568,#569);
#568 = CARTESIAN_POINT('',(41.69,-41.69,4.75));
#569 = VECTOR('',#570,1.);
#570 = DIRECTION('',(0.,1.,0.));
#571 = PCURVE('',#154,#572);
#572 = DEFINITIONAL_REPRESENTATION('',(#573),#577);
#573 = LINE('',#574,#575);
#574 = CARTESIAN_POINT('',(-3.75,0.));
#575 = VECTOR('',#576,1.);
#576 = DIRECTION('',(1.,0.));
#577 = ( GEOMETRIC_REPRESENTATION_CONTEXT(2) 
PARAMETRIC_REPRESENTATION_CONTEXT() REPRESENTATION_CONTEXT('2D SPACE',''
  ) );
#578 = PCURVE('',#579,#584);
#579 = PLANE('',#580);
#580 = AXIS2_PLACEMENT_3D('',#581,#582,#583);
#581 = CARTESIAN_POINT('',(41.69,-41.69,4.75));
#582 = DIRECTION('',(0.707106781187,0.,-0.707106781187));
#583 = DIRECTION('',(-0.707106781187,5.928301633513E-16,-0.707106781187)
  );
#584 = DEFINITIONAL_REPRESENTATION('',(#585),#589);
#585 = LINE('',#586,#587);
#586 = CARTESIAN_POINT('',(0.,0.));
#587 = VECTOR('',#588,1.);
#588 = DIRECTION('',(5.928301633513E-16,1.));
#589 = ( GEOMETRIC_REPRESENTATION_CONTEXT(2) 
PARAMETRIC_REPRESENTATION_CONTEXT() REPRESENTATION_CONTEXT('2D SPACE',''
  ) );
#590 = ORIENTED_EDGE('',*,*,#138,.T.);
#591 = ORIENTED_EDGE('',*,*,#592,.T.);
#592 = EDGE_CURVE('',#57,#487,#593,.T.);
#593 = SURFACE_CURVE('',#594,(#598,#605),.PCURVE_S1.);
#594 = LINE('',#595,#596);
#595 = CARTESIAN_POINT('',(41.69,-37.94,25.753578643763));
#596 = VECTOR('',#597,1.);
#597 = DIRECTION('',(9.743057409101E-16,1.,9.743057409101E-16));
#598 = PCURVE('',#154,#599);
#599 = DEFINITIONAL_REPRESENTATION('',(#600),#604);
#600 = LINE('',#601,#602);
#601 = CARTESIAN_POINT('',(-7.105427357601E-15,-21.00357864376));
#602 = VECTOR('',#603,1.);
#603 = DIRECTION('',(1.,-9.743057409101E-16));
#604 = ( GEOMETRIC_REPRESENTATION_CONTEXT(2) 
PARAMETRIC_REPRESENTATION_CONTEXT() REPRESENTATION_CONTEXT('2D SPACE',''
  ) );
#605 = PCURVE('',#434,#606);
#606 = DEFINITIONAL_REPRESENTATION('',(#607),#611);
#607 = LINE('',#608,#609);
#608 = CARTESIAN_POINT('',(2.356194490192,0.));
#609 = VECTOR('',#610,1.);
#610 = DIRECTION('',(0.,1.));
#611 = ( GEOMETRIC_REPRESENTATION_CONTEXT(2) 
PARAMETRIC_REPRESENTATION_CONTEXT() REPRESENTATION_CONTEXT('2D SPACE',''
  ) );
#612 = ADVANCED_FACE('',(#613),#181,.T.);
#613 = FACE_BOUND('',#614,.T.);
#614 = EDGE_LOOP('',(#615,#616,#639,#668));
#615 = ORIENTED_EDGE('',*,*,#166,.F.);
#616 = ORIENTED_EDGE('',*,*,#617,.F.);
#617 = EDGE_CURVE('',#618,#24,#620,.T.);
#618 = VERTEX_POINT('',#619);
#619 = CARTESIAN_POINT('',(37.94,-39.54,2.6));
#620 = SURFACE_CURVE('',#621,(#625,#632),.PCURVE_S1.);
#621 = LINE('',#622,#623);
#622 = CARTESIAN_POINT('',(37.94,-41.69,4.75));
#623 = VECTOR('',#624,1.);
#624 = DIRECTION('',(0.,-0.707106781187,0.707106781187));
#625 = PCURVE('',#181,#626);
#626 = DEFINITIONAL_REPRESENTATION('',(#627),#631);
#627 = LINE('',#628,#629);
#628 = CARTESIAN_POINT('',(0.,0.));
#629 = VECTOR('',#630,1.);
#630 = DIRECTION('',(0.,1.));
#631 = ( GEOMETRIC_REPRESENTATION_CONTEXT(2) 
PARAMETRIC_REPRESENTATION_CONTEXT() REPRESENTATION_CONTEXT('2D SPACE',''
  ) );
#632 = PCURVE('',#269,#633);
#633 = DEFINITIONAL_REPRESENTATION('',(#634),#638);
#634 = LINE('',#635,#636);
#635 = CARTESIAN_POINT('',(2.230819904691E-14,37.63));
#636 = VECTOR('',#637,1.);
#637 = DIRECTION('',(-1.,5.928301633513E-16));
#638 = ( GEOMETRIC_REPRESENTATION_CONTEXT(2) 
PARAMETRIC_REPRESENTATION_CONTEXT() REPRESENTATION_CONTEXT('2D SPACE',''
  ) );
#639 = ORIENTED_EDGE('',*,*,#640,.T.);
#640 = EDGE_CURVE('',#618,#641,#643,.T.);
#641 = VERTEX_POINT('',#642);
#642 = CARTESIAN_POINT('',(39.54,-37.94,2.6));
#643 = SURFACE_CURVE('',#644,(#649,#656),.PCURVE_S1.);
#644 = CIRCLE('',#645,1.6);
#645 = AXIS2_PLACEMENT_3D('',#646,#647,#648);
#646 = CARTESIAN_POINT('',(37.94,-37.94,2.6));
#647 = DIRECTION('',(-0.,0.,1.));
#648 = DIRECTION('',(0.,-1.,0.));
#649 = PCURVE('',#181,#650);
#650 = DEFINITIONAL_REPRESENTATION('',(#651),#655);
#651 = LINE('',#652,#653);
#652 = CARTESIAN_POINT('',(0.,-2.15));
#653 = VECTOR('',#654,1.);
#654 = DIRECTION('',(1.,0.));
#655 = ( GEOMETRIC_REPRESENTATION_CONTEXT(2) 
PARAMETRIC_REPRESENTATION_CONTEXT() REPRESENTATION_CONTEXT('2D SPACE',''
  ) );
#656 = PCURVE('',#657,#662);
#657 = CYLINDRICAL_SURFACE('',#658,1.6);
#658 = AXIS2_PLACEMENT_3D('',#659,#660,#661);
#659 = CARTESIAN_POINT('',(37.94,-37.94,2.6));
#660 = DIRECTION('',(-0.,0.,1.));
#661 = DIRECTION('',(-2.22044604925E-15,-1.,0.));
#662 = DEFINITIONAL_REPRESENTATION('',(#663),#667);
#663 = LINE('',#664,#665);
#664 = CARTESIAN_POINT('',(0.,-0.));
#665 = VECTOR('',#666,1.);
#666 = DIRECTION('',(1.,0.));
#667 = ( GEOMETRIC_REPRESENTATION_CONTEXT(2) 
PARAMETRIC_REPRESENTATION_CONTEXT() REPRESENTATION_CONTEXT('2D SPACE',''
  ) );
#668 = ORIENTED_EDGE('',*,*,#669,.T.);
#669 = EDGE_CURVE('',#641,#139,#670,.T.);
#670 = SURFACE_CURVE('',#671,(#675,#682),.PCURVE_S1.);
#671 = LINE('',#672,#673);
#672 = CARTESIAN_POINT('',(41.69,-37.94,4.75));
#673 = VECTOR('',#674,1.);
#674 = DIRECTION('',(0.707106781187,-6.713347862853E-16,0.707106781187)
  );
#675 = PCURVE('',#181,#676);
#676 = DEFINITIONAL_REPRESENTATION('',(#677),#681);
#677 = LINE('',#678,#679);
#678 = CARTESIAN_POINT('',(1.570796326795,0.));
#679 = VECTOR('',#680,1.);
#680 = DIRECTION('',(0.,1.));
#681 = ( GEOMETRIC_REPRESENTATION_CONTEXT(2) 
PARAMETRIC_REPRESENTATION_CONTEXT() REPRESENTATION_CONTEXT('2D SPACE',''
  ) );
#682 = PCURVE('',#579,#683);
#683 = DEFINITIONAL_REPRESENTATION('',(#684),#688);
#684 = LINE('',#685,#686);
#685 = CARTESIAN_POINT('',(-2.890348213268E-16,3.75));
#686 = VECTOR('',#687,1.);
#687 = DIRECTION('',(-1.,-7.850462293403E-17));
#688 = ( GEOMETRIC_REPRESENTATION_CONTEXT(2) 
PARAMETRIC_REPRESENTATION_CONTEXT() REPRESENTATION_CONTEXT('2D SPACE',''
  ) );
#689 = ADVANCED_FACE('',(#690),#214,.T.);
#690 = FACE_BOUND('',#691,.F.);
#691 = EDGE_LOOP('',(#692,#722,#802,#803));
#692 = ORIENTED_EDGE('',*,*,#693,.F.);
#693 = EDGE_CURVE('',#694,#696,#698,.T.);
#694 = VERTEX_POINT('',#695);
#695 = CARTESIAN_POINT('',(-41.69,-37.94,25.753578643763));
#696 = VERTEX_POINT('',#697);
#697 = CARTESIAN_POINT('',(-41.69,-37.94,4.75));
#698 = SURFACE_CURVE('',#699,(#703,#710),.PCURVE_S1.);
#699 = LINE('',#700,#701);
#700 = CARTESIAN_POINT('',(-41.69,-37.94,25.753578643763));
#701 = VECTOR('',#702,1.);
#702 = DIRECTION('',(3.382960341242E-15,-3.382960341242E-16,-1.));
#703 = PCURVE('',#214,#704);
#704 = DEFINITIONAL_REPRESENTATION('',(#705),#709);
#705 = LINE('',#706,#707);
#706 = CARTESIAN_POINT('',(-0.,-21.00357864376));
#707 = VECTOR('',#708,1.);
#708 = DIRECTION('',(0.,1.));
#709 = ( GEOMETRIC_REPRESENTATION_CONTEXT(2) 
PARAMETRIC_REPRESENTATION_CONTEXT() REPRESENTATION_CONTEXT('2D SPACE',''
  ) );
#710 = PCURVE('',#711,#716);
#711 = PLANE('',#712);
#712 = AXIS2_PLACEMENT_3D('',#713,#714,#715);
#713 = CARTESIAN_POINT('',(-41.69,37.94,4.75));
#714 = DIRECTION('',(1.,0.,-0.));
#715 = DIRECTION('',(0.,-1.,0.));
#716 = DEFINITIONAL_REPRESENTATION('',(#717),#721);
#717 = LINE('',#718,#719);
#718 = CARTESIAN_POINT('',(75.88,-21.00357864376));
#719 = VECTOR('',#720,1.);
#720 = DIRECTION('',(3.382960341242E-16,1.));
#721 = ( GEOMETRIC_REPRESENTATION_CONTEXT(2) 
PARAMETRIC_REPRESENTATION_CONTEXT() REPRESENTATION_CONTEXT('2D SPACE',''
  ) );
#722 = ORIENTED_EDGE('',*,*,#723,.T.);
#723 = EDGE_CURVE('',#694,#197,#724,.T.);
#724 = SURFACE_CURVE('',#725,(#733,#745),.PCURVE_S1.);
#725 = ( BOUNDED_CURVE() B_SPLINE_CURVE(6,(#726,#727,#728,#729,#730,#731
,#732),.UNSPECIFIED.,.F.,.F.) B_SPLINE_CURVE_WITH_KNOTS((7,7),(
245.31145867644,251.20194490192),.PIECEWISE_BEZIER_KNOTS.) CURVE() 
GEOMETRIC_REPRESENTATION_ITEM() RATIONAL_B_SPLINE_CURVE((1.072232817804,
    1.072232817804,1.072232817804,1.072232817804,1.072232817804,
1.072232817804,1.072232817804)) REPRESENTATION_ITEM('') );
#726 = CARTESIAN_POINT('',(-41.69,-37.94,25.753578643763));
#727 = CARTESIAN_POINT('',(-41.69,-38.92174320993,25.753578643763));
#728 = CARTESIAN_POINT('',(-41.38164856765,-39.90341928198,
    25.753578643763));
#729 = CARTESIAN_POINT('',(-40.76445691067,-40.76445691067,
    25.753578643763));
#730 = CARTESIAN_POINT('',(-39.90341928198,-41.38164856765,
    25.753578643763));
#731 = CARTESIAN_POINT('',(-38.92174320993,-41.69,25.753578643763));
#732 = CARTESIAN_POINT('',(-37.94,-41.69,25.753578643763));
#733 = PCURVE('',#214,#734);
#734 = DEFINITIONAL_REPRESENTATION('',(#735),#744);
#735 = B_SPLINE_CURVE_WITH_KNOTS('',7,(#736,#737,#738,#739,#740,#741,
    #742,#743),.UNSPECIFIED.,.F.,.F.,(8,8),(245.31145867644,
    251.20194490192),.PIECEWISE_BEZIER_KNOTS.);
#736 = CARTESIAN_POINT('',(1.924733538103E-16,-21.00357864376));
#737 = CARTESIAN_POINT('',(-0.224398447986,-21.00357864376));
#738 = CARTESIAN_POINT('',(-0.448781245183,-21.00357864376));
#739 = CARTESIAN_POINT('',(-0.673245917337,-21.00357864376));
#740 = CARTESIAN_POINT('',(-0.897550409458,-21.00357864376));
#741 = CARTESIAN_POINT('',(-1.122015081612,-21.00357864376));
#742 = CARTESIAN_POINT('',(-1.346397878809,-21.00357864376));
#743 = CARTESIAN_POINT('',(-1.570796326795,-21.00357864376));
#744 = ( GEOMETRIC_REPRESENTATION_CONTEXT(2) 
PARAMETRIC_REPRESENTATION_CONTEXT() REPRESENTATION_CONTEXT('2D SPACE',''
  ) );
#745 = PCURVE('',#746,#796);
#746 = ( BOUNDED_SURFACE() B_SPLINE_SURFACE(6,6,(
    (#747,#748,#749,#750,#751,#752,#753)
    ,(#754,#755,#756,#757,#758,#759,#760)
    ,(#761,#762,#763,#764,#765,#766,#767)
    ,(#768,#769,#770,#771,#772,#773,#774)
    ,(#775,#776,#777,#778,#779,#780,#781)
    ,(#782,#783,#784,#785,#786,#787,#788)
    ,(#789,#790,#791,#792,#793,#794,#795
)),.UNSPECIFIED.,.F.,.F.,.F.) B_SPLINE_SURFACE_WITH_KNOTS((7,7),(7,7),(
    0.,5.890486225481),(245.31145867644,251.20194490192),
.PIECEWISE_BEZIER_KNOTS.) GEOMETRIC_REPRESENTATION_ITEM() 
RATIONAL_B_SPLINE_SURFACE((
    (1.072232817804,1.072232817804,1.072232817804,1.072232817804
      ,1.072232817804,1.072232817804,1.072232817804)
    ,(1.021749326913,1.021749326913,1.021749326913,1.021749326913
      ,1.021749326913,1.021749326913,1.021749326913)
    ,(0.995386527149,0.995386527149,0.995386527149,0.995386527149
      ,0.995386527149,0.995386527149,0.995386527149)
    ,(0.986647331348,0.986647331348,0.986647331348,0.986647331348
      ,0.986647331348,0.986647331348,0.986647331348)
    ,(0.995386527149,0.995386527149,0.995386527149,0.995386527149
      ,0.995386527149,0.995386527149,0.995386527149)
    ,(1.021749326913,1.021749326913,1.021749326913,1.021749326913
      ,1.021749326913,1.021749326913,1.021749326913)
    ,(1.072232817804,1.072232817804,1.072232817804,1.072232817804
      ,1.072232817804,1.072232817804,1.072232817804
))) REPRESENTATION_ITEM('') SURFACE() );
#747 = CARTESIAN_POINT('',(-41.51928932188,-37.94,25.824289321881));
#748 = CARTESIAN_POINT('',(-41.51928932188,-38.8770514635,
    25.824289321881));
#749 = CARTESIAN_POINT('',(-41.22497492476,-39.81403884543,
    25.824289321881));
#750 = CARTESIAN_POINT('',(-40.63587958946,-40.63587958946,
    25.824289321881));
#751 = CARTESIAN_POINT('',(-39.81403884543,-41.22497492476,
    25.824289321881));
#752 = CARTESIAN_POINT('',(-38.8770514635,-41.51928932188,
    25.824289321881));
#753 = CARTESIAN_POINT('',(-37.94,-41.51928932188,25.824289321881));
#754 = CARTESIAN_POINT('',(-41.54842783971,-37.94,25.853427839718));
#755 = CARTESIAN_POINT('',(-41.54842783971,-38.88467987471,
    25.853427839718));
#756 = CARTESIAN_POINT('',(-41.25171746827,-39.82929514617,
    25.853427839718));
#757 = CARTESIAN_POINT('',(-40.65782638628,-40.65782638628,
    25.853427839718));
#758 = CARTESIAN_POINT('',(-39.82929514617,-41.25171746827,
    25.853427839718));
#759 = CARTESIAN_POINT('',(-38.88467987471,-41.54842783971,
    25.853427839718));
#760 = CARTESIAN_POINT('',(-37.94,-41.54842783971,25.853427839718));
#761 = CARTESIAN_POINT('',(-41.58983075771,-37.94,25.866642448902));
#762 = CARTESIAN_POINT('',(-41.58983075771,-38.89551908368,
    25.866642448902));
#763 = CARTESIAN_POINT('',(-41.28971594652,-39.85097282284,
    25.866642448902));
#764 = CARTESIAN_POINT('',(-40.68901058838,-40.68901058838,
    25.866642448902));
#765 = CARTESIAN_POINT('',(-39.85097282284,-41.28971594652,
    25.866642448902));
#766 = CARTESIAN_POINT('',(-38.89551908368,-41.58983075771,
    25.866642448902));
#767 = CARTESIAN_POINT('',(-37.94,-41.58983075771,25.866642448902));
#768 = CARTESIAN_POINT('',(-41.63391778512,-37.94,25.859605556234));
#769 = CARTESIAN_POINT('',(-41.63391778512,-38.90706098762,
    25.859605556234));
#770 = CARTESIAN_POINT('',(-41.33017782778,-39.87405584143,
    25.859605556234));
#771 = CARTESIAN_POINT('',(-40.72221643084,-40.72221643084,
    25.859605556234));
#772 = CARTESIAN_POINT('',(-39.87405584143,-41.33017782778,
    25.859605556234));
#773 = CARTESIAN_POINT('',(-38.90706098762,-41.63391778512,
    25.859605556234));
#774 = CARTESIAN_POINT('',(-37.94,-41.63391778512,25.859605556234));
#775 = CARTESIAN_POINT('',(-41.67006785568,-37.94,25.833407154715));
#776 = CARTESIAN_POINT('',(-41.67006785568,-38.91652501064,
    25.833407154715));
#777 = CARTESIAN_POINT('',(-41.36335538473,-39.89298324025,
    25.833407154715));
#778 = CARTESIAN_POINT('',(-40.74944424861,-40.74944424861,
    25.833407154715));
#779 = CARTESIAN_POINT('',(-39.89298324025,-41.36335538473,
    25.833407154715));
#780 = CARTESIAN_POINT('',(-38.91652501064,-41.67006785568,
    25.833407154715));
#781 = CARTESIAN_POINT('',(-37.94,-41.67006785568,25.833407154715));
#782 = CARTESIAN_POINT('',(-41.69,-37.94,25.794786730874));
#783 = CARTESIAN_POINT('',(-41.69,-38.92174320993,25.794786730874));
#784 = CARTESIAN_POINT('',(-41.38164856765,-39.90341928198,
    25.794786730874));
#785 = CARTESIAN_POINT('',(-40.76445691067,-40.76445691067,
    25.794786730874));
#786 = CARTESIAN_POINT('',(-39.90341928198,-41.38164856765,
    25.794786730874));
#787 = CARTESIAN_POINT('',(-38.92174320993,-41.69,25.794786730874));
#788 = CARTESIAN_POINT('',(-37.94,-41.69,25.794786730874));
#789 = CARTESIAN_POINT('',(-41.69,-37.94,25.753578643763));
#790 = CARTESIAN_POINT('',(-41.69,-38.92174320993,25.753578643763));
#791 = CARTESIAN_POINT('',(-41.38164856765,-39.90341928198,
    25.753578643763));
#792 = CARTESIAN_POINT('',(-40.76445691067,-40.76445691067,
    25.753578643763));
#793 = CARTESIAN_POINT('',(-39.90341928198,-41.38164856765,
    25.753578643763));
#794 = CARTESIAN_POINT('',(-38.92174320993,-41.69,25.753578643763));
#795 = CARTESIAN_POINT('',(-37.94,-41.69,25.753578643763));
#796 = DEFINITIONAL_REPRESENTATION('',(#797),#801);
#797 = LINE('',#798,#799);
#798 = CARTESIAN_POINT('',(5.890486225481,0.));
#799 = VECTOR('',#800,1.);
#800 = DIRECTION('',(0.,1.));
#801 = ( GEOMETRIC_REPRESENTATION_CONTEXT(2) 
PARAMETRIC_REPRESENTATION_CONTEXT() REPRESENTATION_CONTEXT('2D SPACE',''
  ) );
#802 = ORIENTED_EDGE('',*,*,#196,.T.);
#803 = ORIENTED_EDGE('',*,*,#804,.F.);
#804 = EDGE_CURVE('',#696,#199,#805,.T.);
#805 = SURFACE_CURVE('',#806,(#811,#818),.PCURVE_S1.);
#806 = CIRCLE('',#807,3.75);
#807 = AXIS2_PLACEMENT_3D('',#808,#809,#810);
#808 = CARTESIAN_POINT('',(-37.94,-37.94,4.75));
#809 = DIRECTION('',(0.,0.,1.));
#810 = DIRECTION('',(-1.,-1.894780628694E-15,0.));
#811 = PCURVE('',#214,#812);
#812 = DEFINITIONAL_REPRESENTATION('',(#813),#817);
#813 = LINE('',#814,#815);
#814 = CARTESIAN_POINT('',(-0.,0.));
#815 = VECTOR('',#816,1.);
#816 = DIRECTION('',(-1.,0.));
#817 = ( GEOMETRIC_REPRESENTATION_CONTEXT(2) 
PARAMETRIC_REPRESENTATION_CONTEXT() REPRESENTATION_CONTEXT('2D SPACE',''
  ) );
#818 = PCURVE('',#819,#824);
#819 = CONICAL_SURFACE('',#820,3.75,0.785398163397);
#820 = AXIS2_PLACEMENT_3D('',#821,#822,#823);
#821 = CARTESIAN_POINT('',(-37.94,-37.94,4.75));
#822 = DIRECTION('',(0.,0.,1.));
#823 = DIRECTION('',(-1.,0.,0.));
#824 = DEFINITIONAL_REPRESENTATION('',(#825),#829);
#825 = LINE('',#826,#827);
#826 = CARTESIAN_POINT('',(0.,-0.));
#827 = VECTOR('',#828,1.);
#828 = DIRECTION('',(1.,0.));
#829 = ( GEOMETRIC_REPRESENTATION_CONTEXT(2) 
PARAMETRIC_REPRESENTATION_CONTEXT() REPRESENTATION_CONTEXT('2D SPACE',''
  ) );
#830 = ADVANCED_FACE('',(#831),#240,.T.);
#831 = FACE_BOUND('',#832,.T.);
#832 = EDGE_LOOP('',(#833,#865,#866,#867));
#833 = ORIENTED_EDGE('',*,*,#834,.T.);
#834 = EDGE_CURVE('',#835,#197,#837,.T.);
#835 = VERTEX_POINT('',#836);
#836 = CARTESIAN_POINT('',(-37.94,-41.51928932188,25.824289321881));
#837 = SURFACE_CURVE('',#838,(#846,#858),.PCURVE_S1.);
#838 = ( BOUNDED_CURVE() B_SPLINE_CURVE(6,(#839,#840,#841,#842,#843,#844
,#845),.UNSPECIFIED.,.F.,.F.) B_SPLINE_CURVE_WITH_KNOTS((7,7),(0.,
5.890486225481),.PIECEWISE_BEZIER_KNOTS.) CURVE() 
GEOMETRIC_REPRESENTATION_ITEM() RATIONAL_B_SPLINE_CURVE((1.072232817804,
    1.021749326913,0.995386527149,0.986647331348,0.995386527149,
1.021749326913,1.072232817804)) REPRESENTATION_ITEM('') );
#839 = CARTESIAN_POINT('',(-37.94,-41.51928932188,25.824289321881));
#840 = CARTESIAN_POINT('',(-37.94,-41.54842783971,25.853427839718));
#841 = CARTESIAN_POINT('',(-37.94,-41.58983075771,25.866642448902));
#842 = CARTESIAN_POINT('',(-37.94,-41.63391778512,25.859605556234));
#843 = CARTESIAN_POINT('',(-37.94,-41.67006785568,25.833407154715));
#844 = CARTESIAN_POINT('',(-37.94,-41.69,25.794786730874));
#845 = CARTESIAN_POINT('',(-37.94,-41.69,25.753578643763));
#846 = PCURVE('',#240,#847);
#847 = DEFINITIONAL_REPRESENTATION('',(#848),#857);
#848 = B_SPLINE_CURVE_WITH_KNOTS('',7,(#849,#850,#851,#852,#853,#854,
    #855,#856),.UNSPECIFIED.,.F.,.F.,(8,8),(0.,5.890486225481),
  .PIECEWISE_BEZIER_KNOTS.);
#849 = CARTESIAN_POINT('',(0.,3.221957731744E-16));
#850 = CARTESIAN_POINT('',(0.336582033603,2.761701547441E-16));
#851 = CARTESIAN_POINT('',(0.6732261514,2.301360466644E-16));
#852 = CARTESIAN_POINT('',(1.009766413079,1.841161402996E-16));
#853 = CARTESIAN_POINT('',(1.346428077113,1.380796328748E-16));
#854 = CARTESIAN_POINT('',(1.682968338793,9.205972650996E-17));
#855 = CARTESIAN_POINT('',(2.01961245659,4.602561843032E-17));
#856 = CARTESIAN_POINT('',(2.356194490192,8.652818054143E-30));
#857 = ( GEOMETRIC_REPRESENTATION_CONTEXT(2) 
PARAMETRIC_REPRESENTATION_CONTEXT() REPRESENTATION_CONTEXT('2D SPACE',''
  ) );
#858 = PCURVE('',#746,#859);
#859 = DEFINITIONAL_REPRESENTATION('',(#860),#864);
#860 = LINE('',#861,#862);
#861 = CARTESIAN_POINT('',(0.,251.20194490192));
#862 = VECTOR('',#863,1.);
#863 = DIRECTION('',(1.,0.));
#864 = ( GEOMETRIC_REPRESENTATION_CONTEXT(2) 
PARAMETRIC_REPRESENTATION_CONTEXT() REPRESENTATION_CONTEXT('2D SPACE',''
  ) );
#865 = ORIENTED_EDGE('',*,*,#226,.T.);
#866 = ORIENTED_EDGE('',*,*,#338,.F.);
#867 = ORIENTED_EDGE('',*,*,#868,.F.);
#868 = EDGE_CURVE('',#835,#339,#869,.T.);
#869 = SURFACE_CURVE('',#870,(#874,#881),.PCURVE_S1.);
#870 = LINE('',#871,#872);
#871 = CARTESIAN_POINT('',(-37.94,-41.51928932188,25.824289321881));
#872 = VECTOR('',#873,1.);
#873 = DIRECTION('',(1.,-9.743057409101E-16,9.743057409101E-16));
#874 = PCURVE('',#240,#875);
#875 = DEFINITIONAL_REPRESENTATION('',(#876),#880);
#876 = LINE('',#877,#878);
#877 = CARTESIAN_POINT('',(0.,0.));
#878 = VECTOR('',#879,1.);
#879 = DIRECTION('',(0.,1.));
#880 = ( GEOMETRIC_REPRESENTATION_CONTEXT(2) 
PARAMETRIC_REPRESENTATION_CONTEXT() REPRESENTATION_CONTEXT('2D SPACE',''
  ) );
#881 = PCURVE('',#882,#887);
#882 = PLANE('',#883);
#883 = AXIS2_PLACEMENT_3D('',#884,#885,#886);
#884 = CARTESIAN_POINT('',(-41.69,-41.69,25.995));
#885 = DIRECTION('',(0.,-0.707106781187,-0.707106781187));
#886 = DIRECTION('',(1.377876392693E-15,0.707106781187,-0.707106781187)
  );
#887 = DEFINITIONAL_REPRESENTATION('',(#888),#892);
#888 = LINE('',#889,#890);
#889 = CARTESIAN_POINT('',(0.241421356237,3.75));
#890 = VECTOR('',#891,1.);
#891 = DIRECTION('',(1.972152263053E-31,1.));
#892 = ( GEOMETRIC_REPRESENTATION_CONTEXT(2) 
PARAMETRIC_REPRESENTATION_CONTEXT() REPRESENTATION_CONTEXT('2D SPACE',''
  ) );
#893 = ADVANCED_FACE('',(#894),#323,.T.);
#894 = FACE_BOUND('',#895,.T.);
#895 = EDGE_LOOP('',(#896,#897,#920,#948));
#896 = ORIENTED_EDGE('',*,*,#309,.F.);
#897 = ORIENTED_EDGE('',*,*,#898,.F.);
#898 = EDGE_CURVE('',#899,#199,#901,.T.);
#899 = VERTEX_POINT('',#900);
#900 = CARTESIAN_POINT('',(-37.94,-39.54,2.6));
#901 = SURFACE_CURVE('',#902,(#906,#913),.PCURVE_S1.);
#902 = LINE('',#903,#904);
#903 = CARTESIAN_POINT('',(-37.94,-41.69,4.75));
#904 = VECTOR('',#905,1.);
#905 = DIRECTION('',(-6.713347862853E-16,-0.707106781187,0.707106781187)
  );
#906 = PCURVE('',#323,#907);
#907 = DEFINITIONAL_REPRESENTATION('',(#908),#912);
#908 = LINE('',#909,#910);
#909 = CARTESIAN_POINT('',(-2.890348213268E-16,3.75));
#910 = VECTOR('',#911,1.);
#911 = DIRECTION('',(-1.,-7.850462293403E-17));
#912 = ( GEOMETRIC_REPRESENTATION_CONTEXT(2) 
PARAMETRIC_REPRESENTATION_CONTEXT() REPRESENTATION_CONTEXT('2D SPACE',''
  ) );
#913 = PCURVE('',#819,#914);
#914 = DEFINITIONAL_REPRESENTATION('',(#915),#919);
#915 = LINE('',#916,#917);
#916 = CARTESIAN_POINT('',(1.570796326795,0.));
#917 = VECTOR('',#918,1.);
#918 = DIRECTION('',(0.,1.));
#919 = ( GEOMETRIC_REPRESENTATION_CONTEXT(2) 
PARAMETRIC_REPRESENTATION_CONTEXT() REPRESENTATION_CONTEXT('2D SPACE',''
  ) );
#920 = ORIENTED_EDGE('',*,*,#921,.T.);
#921 = EDGE_CURVE('',#899,#922,#924,.T.);
#922 = VERTEX_POINT('',#923);
#923 = CARTESIAN_POINT('',(-4.06,-39.54,2.6));
#924 = SURFACE_CURVE('',#925,(#929,#936),.PCURVE_S1.);
#925 = LINE('',#926,#927);
#926 = CARTESIAN_POINT('',(-41.69,-39.54,2.6));
#927 = VECTOR('',#928,1.);
#928 = DIRECTION('',(1.,-4.191942285976E-16,4.191942285976E-16));
#929 = PCURVE('',#323,#930);
#930 = DEFINITIONAL_REPRESENTATION('',(#931),#935);
#931 = LINE('',#932,#933);
#932 = CARTESIAN_POINT('',(3.040559159102,-1.80253518297E-15));
#933 = VECTOR('',#934,1.);
#934 = DIRECTION('',(0.,1.));
#935 = ( GEOMETRIC_REPRESENTATION_CONTEXT(2) 
PARAMETRIC_REPRESENTATION_CONTEXT() REPRESENTATION_CONTEXT('2D SPACE',''
  ) );
#936 = PCURVE('',#937,#942);
#937 = PLANE('',#938);
#938 = AXIS2_PLACEMENT_3D('',#939,#940,#941);
#939 = CARTESIAN_POINT('',(-41.69,-39.54,2.6));
#940 = DIRECTION('',(0.,-1.,2.264309857544E-28));
#941 = DIRECTION('',(2.264309857544E-28,-2.264309857544E-28,-1.));
#942 = DEFINITIONAL_REPRESENTATION('',(#943),#947);
#943 = LINE('',#944,#945);
#944 = CARTESIAN_POINT('',(0.,0.));
#945 = VECTOR('',#946,1.);
#946 = DIRECTION('',(-4.191942285974E-16,1.));
#947 = ( GEOMETRIC_REPRESENTATION_CONTEXT(2) 
PARAMETRIC_REPRESENTATION_CONTEXT() REPRESENTATION_CONTEXT('2D SPACE',''
  ) );
#948 = ORIENTED_EDGE('',*,*,#949,.T.);
#949 = EDGE_CURVE('',#922,#282,#950,.T.);
#950 = SURFACE_CURVE('',#951,(#955,#962),.PCURVE_S1.);
#951 = LINE('',#952,#953);
#952 = CARTESIAN_POINT('',(-4.06,-41.69,4.75));
#953 = VECTOR('',#954,1.);
#954 = DIRECTION('',(0.,-0.707106781187,0.707106781187));
#955 = PCURVE('',#323,#956);
#956 = DEFINITIONAL_REPRESENTATION('',(#957),#961);
#957 = LINE('',#958,#959);
#958 = CARTESIAN_POINT('',(2.230819904691E-14,37.63));
#959 = VECTOR('',#960,1.);
#960 = DIRECTION('',(-1.,5.928301633513E-16));
#961 = ( GEOMETRIC_REPRESENTATION_CONTEXT(2) 
PARAMETRIC_REPRESENTATION_CONTEXT() REPRESENTATION_CONTEXT('2D SPACE',''
  ) );
#962 = PCURVE('',#963,#968);
#963 = CONICAL_SURFACE('',#964,3.75,0.785398163397);
#964 = AXIS2_PLACEMENT_3D('',#965,#966,#967);
#965 = CARTESIAN_POINT('',(-4.06,-37.94,4.75));
#966 = DIRECTION('',(-0.,0.,1.));
#967 = DIRECTION('',(0.,-1.,0.));
#968 = DEFINITIONAL_REPRESENTATION('',(#969),#973);
#969 = LINE('',#970,#971);
#970 = CARTESIAN_POINT('',(0.,0.));
#971 = VECTOR('',#972,1.);
#972 = DIRECTION('',(0.,1.));
#973 = ( GEOMETRIC_REPRESENTATION_CONTEXT(2) 
PARAMETRIC_REPRESENTATION_CONTEXT() REPRESENTATION_CONTEXT('2D SPACE',''
  ) );
#974 = ADVANCED_FACE('',(#975),#297,.F.);
#975 = FACE_BOUND('',#976,.F.);
#976 = EDGE_LOOP('',(#977,#978,#1007,#1035,#1064,#1092,#1119,#1120,#1149
    ,#1177,#1206,#1234,#1263,#1291,#1320,#1348,#1377,#1405,#1434,#1457,
    #1486,#1514,#1543,#1571));
#977 = ORIENTED_EDGE('',*,*,#281,.T.);
#978 = ORIENTED_EDGE('',*,*,#979,.F.);
#979 = EDGE_CURVE('',#980,#254,#982,.T.);
#980 = VERTEX_POINT('',#981);
#981 = CARTESIAN_POINT('',(0.31,-37.94,4.75));
#982 = SURFACE_CURVE('',#983,(#988,#995),.PCURVE_S1.);
#983 = CIRCLE('',#984,3.75);
#984 = AXIS2_PLACEMENT_3D('',#985,#986,#987);
#985 = CARTESIAN_POINT('',(4.06,-37.94,4.75));
#986 = DIRECTION('',(0.,0.,1.));
#987 = DIRECTION('',(-1.,0.,0.));
#988 = PCURVE('',#297,#989);
#989 = DEFINITIONAL_REPRESENTATION('',(#990),#994);
#990 = CIRCLE('',#991,3.75);
#991 = AXIS2_PLACEMENT_2D('',#992,#993);
#992 = CARTESIAN_POINT('',(4.06,-37.94));
#993 = DIRECTION('',(-1.,0.));
#994 = ( GEOMETRIC_REPRESENTATION_CONTEXT(2) 
PARAMETRIC_REPRESENTATION_CONTEXT() REPRESENTATION_CONTEXT('2D SPACE',''
  ) );
#995 = PCURVE('',#996,#1001);
#996 = CONICAL_SURFACE('',#997,3.75,0.785398163397);
#997 = AXIS2_PLACEMENT_3D('',#998,#999,#1000);
#998 = CARTESIAN_POINT('',(4.06,-37.94,4.75));
#999 = DIRECTION('',(0.,0.,1.));
#1000 = DIRECTION('',(-1.,0.,0.));
#1001 = DEFINITIONAL_REPRESENTATION('',(#1002),#1006);
#1002 = LINE('',#1003,#1004);
#1003 = CARTESIAN_POINT('',(0.,-0.));
#1004 = VECTOR('',#1005,1.);
#1005 = DIRECTION('',(1.,0.));
#1006 = ( GEOMETRIC_REPRESENTATION_CONTEXT(2) 
PARAMETRIC_REPRESENTATION_CONTEXT() REPRESENTATION_CONTEXT('2D SPACE',''
  ) );
#1007 = ORIENTED_EDGE('',*,*,#1008,.F.);
#1008 = EDGE_CURVE('',#1009,#980,#1011,.T.);
#1009 = VERTEX_POINT('',#1010);
#1010 = CARTESIAN_POINT('',(0.31,-4.06,4.75));
#1011 = SURFACE_CURVE('',#1012,(#1016,#1023),.PCURVE_S1.);
#1012 = LINE('',#1013,#1014);
#1013 = CARTESIAN_POINT('',(0.31,-0.31,4.75));
#1014 = VECTOR('',#1015,1.);
#1015 = DIRECTION('',(-4.191942285976E-16,-1.,4.191942285976E-16));
#1016 = PCURVE('',#297,#1017);
#1017 = DEFINITIONAL_REPRESENTATION('',(#1018),#1022);
#1018 = LINE('',#1019,#1020);
#1019 = CARTESIAN_POINT('',(0.31,-0.31));
#1020 = VECTOR('',#1021,1.);
#1021 = DIRECTION('',(-4.191942285976E-16,-1.));
#1022 = ( GEOMETRIC_REPRESENTATION_CONTEXT(2) 
PARAMETRIC_REPRESENTATION_CONTEXT() REPRESENTATION_CONTEXT('2D SPACE',''
  ) );
#1023 = PCURVE('',#1024,#1029);
#1024 = PLANE('',#1025);
#1025 = AXIS2_PLACEMENT_3D('',#1026,#1027,#1028);
#1026 = CARTESIAN_POINT('',(0.31,-0.31,4.75));
#1027 = DIRECTION('',(-0.707106781187,-0.,-0.707106781187));
#1028 = DIRECTION('',(0.707106781187,-5.928301633513E-16,-0.707106781187
    ));
#1029 = DEFINITIONAL_REPRESENTATION('',(#1030),#1034);
#1030 = LINE('',#1031,#1032);
#1031 = CARTESIAN_POINT('',(0.,0.));
#1032 = VECTOR('',#1033,1.);
#1033 = DIRECTION('',(0.,1.));
#1034 = ( GEOMETRIC_REPRESENTATION_CONTEXT(2) 
PARAMETRIC_REPRESENTATION_CONTEXT() REPRESENTATION_CONTEXT('2D SPACE',''
  ) );
#1035 = ORIENTED_EDGE('',*,*,#1036,.F.);
#1036 = EDGE_CURVE('',#1037,#1009,#1039,.T.);
#1037 = VERTEX_POINT('',#1038);
#1038 = CARTESIAN_POINT('',(4.06,-0.31,4.75));
#1039 = SURFACE_CURVE('',#1040,(#1045,#1052),.PCURVE_S1.);
#1040 = CIRCLE('',#1041,3.75);
#1041 = AXIS2_PLACEMENT_3D('',#1042,#1043,#1044);
#1042 = CARTESIAN_POINT('',(4.06,-4.06,4.75));
#1043 = DIRECTION('',(0.,-0.,1.));
#1044 = DIRECTION('',(0.,1.,0.));
#1045 = PCURVE('',#297,#1046);
#1046 = DEFINITIONAL_REPRESENTATION('',(#1047),#1051);
#1047 = CIRCLE('',#1048,3.75);
#1048 = AXIS2_PLACEMENT_2D('',#1049,#1050);
#1049 = CARTESIAN_POINT('',(4.06,-4.06));
#1050 = DIRECTION('',(0.,1.));
#1051 = ( GEOMETRIC_REPRESENTATION_CONTEXT(2) 
PARAMETRIC_REPRESENTATION_CONTEXT() REPRESENTATION_CONTEXT('2D SPACE',''
  ) );
#1052 = PCURVE('',#1053,#1058);
#1053 = CONICAL_SURFACE('',#1054,3.75,0.785398163397);
#1054 = AXIS2_PLACEMENT_3D('',#1055,#1056,#1057);
#1055 = CARTESIAN_POINT('',(4.06,-4.06,4.75));
#1056 = DIRECTION('',(0.,-0.,1.));
#1057 = DIRECTION('',(0.,1.,0.));
#1058 = DEFINITIONAL_REPRESENTATION('',(#1059),#1063);
#1059 = LINE('',#1060,#1061);
#1060 = CARTESIAN_POINT('',(0.,-0.));
#1061 = VECTOR('',#1062,1.);
#1062 = DIRECTION('',(1.,0.));
#1063 = ( GEOMETRIC_REPRESENTATION_CONTEXT(2) 
PARAMETRIC_REPRESENTATION_CONTEXT() REPRESENTATION_CONTEXT('2D SPACE',''
  ) );
#1064 = ORIENTED_EDGE('',*,*,#1065,.F.);
#1065 = EDGE_CURVE('',#1066,#1037,#1068,.T.);
#1066 = VERTEX_POINT('',#1067);
#1067 = CARTESIAN_POINT('',(37.94,-0.31,4.75));
#1068 = SURFACE_CURVE('',#1069,(#1073,#1080),.PCURVE_S1.);
#1069 = LINE('',#1070,#1071);
#1070 = CARTESIAN_POINT('',(41.69,-0.31,4.75));
#1071 = VECTOR('',#1072,1.);
#1072 = DIRECTION('',(-1.,4.191942285976E-16,4.191942285976E-16));
#1073 = PCURVE('',#297,#1074);
#1074 = DEFINITIONAL_REPRESENTATION('',(#1075),#1079);
#1075 = LINE('',#1076,#1077);
#1076 = CARTESIAN_POINT('',(41.69,-0.31));
#1077 = VECTOR('',#1078,1.);
#1078 = DIRECTION('',(-1.,4.191942285976E-16));
#1079 = ( GEOMETRIC_REPRESENTATION_CONTEXT(2) 
PARAMETRIC_REPRESENTATION_CONTEXT() REPRESENTATION_CONTEXT('2D SPACE',''
  ) );
#1080 = PCURVE('',#1081,#1086);
#1081 = PLANE('',#1082);
#1082 = AXIS2_PLACEMENT_3D('',#1083,#1084,#1085);
#1083 = CARTESIAN_POINT('',(41.69,-0.31,4.75));
#1084 = DIRECTION('',(0.,0.707106781187,-0.707106781187));
#1085 = DIRECTION('',(-5.928301633513E-16,-0.707106781187,
    -0.707106781187));
#1086 = DEFINITIONAL_REPRESENTATION('',(#1087),#1091);
#1087 = LINE('',#1088,#1089);
#1088 = CARTESIAN_POINT('',(-0.,0.));
#1089 = VECTOR('',#1090,1.);
#1090 = DIRECTION('',(0.,1.));
#1091 = ( GEOMETRIC_REPRESENTATION_CONTEXT(2) 
PARAMETRIC_REPRESENTATION_CONTEXT() REPRESENTATION_CONTEXT('2D SPACE',''
  ) );
#1092 = ORIENTED_EDGE('',*,*,#1093,.F.);
#1093 = EDGE_CURVE('',#543,#1066,#1094,.T.);
#1094 = SURFACE_CURVE('',#1095,(#1100,#1107),.PCURVE_S1.);
#1095 = CIRCLE('',#1096,3.75);
#1096 = AXIS2_PLACEMENT_3D('',#1097,#1098,#1099);
#1097 = CARTESIAN_POINT('',(37.94,-4.06,4.75));
#1098 = DIRECTION('',(0.,-0.,1.));
#1099 = DIRECTION('',(1.,0.,0.));
#1100 = PCURVE('',#297,#1101);
#1101 = DEFINITIONAL_REPRESENTATION('',(#1102),#1106);
#1102 = CIRCLE('',#1103,3.75);
#1103 = AXIS2_PLACEMENT_2D('',#1104,#1105);
#1104 = CARTESIAN_POINT('',(37.94,-4.06));
#1105 = DIRECTION('',(1.,0.));
#1106 = ( GEOMETRIC_REPRESENTATION_CONTEXT(2) 
PARAMETRIC_REPRESENTATION_CONTEXT() REPRESENTATION_CONTEXT('2D SPACE',''
  ) );
#1107 = PCURVE('',#1108,#1113);
#1108 = CONICAL_SURFACE('',#1109,3.75,0.785398163397);
#1109 = AXIS2_PLACEMENT_3D('',#1110,#1111,#1112);
#1110 = CARTESIAN_POINT('',(37.94,-4.06,4.75));
#1111 = DIRECTION('',(0.,-0.,1.));
#1112 = DIRECTION('',(1.,0.,0.));
#1113 = DEFINITIONAL_REPRESENTATION('',(#1114),#1118);
#1114 = LINE('',#1115,#1116);
#1115 = CARTESIAN_POINT('',(0.,-0.));
#1116 = VECTOR('',#1117,1.);
#1117 = DIRECTION('',(1.,0.));
#1118 = ( GEOMETRIC_REPRESENTATION_CONTEXT(2) 
PARAMETRIC_REPRESENTATION_CONTEXT() REPRESENTATION_CONTEXT('2D SPACE',''
  ) );
#1119 = ORIENTED_EDGE('',*,*,#542,.T.);
#1120 = ORIENTED_EDGE('',*,*,#1121,.F.);
#1121 = EDGE_CURVE('',#1122,#515,#1124,.T.);
#1122 = VERTEX_POINT('',#1123);
#1123 = CARTESIAN_POINT('',(37.94,0.31,4.75));
#1124 = SURFACE_CURVE('',#1125,(#1130,#1137),.PCURVE_S1.);
#1125 = CIRCLE('',#1126,3.75);
#1126 = AXIS2_PLACEMENT_3D('',#1127,#1128,#1129);
#1127 = CARTESIAN_POINT('',(37.94,4.06,4.75));
#1128 = DIRECTION('',(-0.,0.,1.));
#1129 = DIRECTION('',(0.,-1.,0.));
#1130 = PCURVE('',#297,#1131);
#1131 = DEFINITIONAL_REPRESENTATION('',(#1132),#1136);
#1132 = CIRCLE('',#1133,3.75);
#1133 = AXIS2_PLACEMENT_2D('',#1134,#1135);
#1134 = CARTESIAN_POINT('',(37.94,4.06));
#1135 = DIRECTION('',(0.,-1.));
#1136 = ( GEOMETRIC_REPRESENTATION_CONTEXT(2) 
PARAMETRIC_REPRESENTATION_CONTEXT() REPRESENTATION_CONTEXT('2D SPACE',''
  ) );
#1137 = PCURVE('',#1138,#1143);
#1138 = CONICAL_SURFACE('',#1139,3.75,0.785398163397);
#1139 = AXIS2_PLACEMENT_3D('',#1140,#1141,#1142);
#1140 = CARTESIAN_POINT('',(37.94,4.06,4.75));
#1141 = DIRECTION('',(-0.,0.,1.));
#1142 = DIRECTION('',(0.,-1.,0.));
#1143 = DEFINITIONAL_REPRESENTATION('',(#1144),#1148);
#1144 = LINE('',#1145,#1146);
#1145 = CARTESIAN_POINT('',(0.,-0.));
#1146 = VECTOR('',#1147,1.);
#1147 = DIRECTION('',(1.,0.));
#1148 = ( GEOMETRIC_REPRESENTATION_CONTEXT(2) 
PARAMETRIC_REPRESENTATION_CONTEXT() REPRESENTATION_CONTEXT('2D SPACE',''
  ) );
#1149 = ORIENTED_EDGE('',*,*,#1150,.F.);
#1150 = EDGE_CURVE('',#1151,#1122,#1153,.T.);
#1151 = VERTEX_POINT('',#1152);
#1152 = CARTESIAN_POINT('',(4.06,0.31,4.75));
#1153 = SURFACE_CURVE('',#1154,(#1158,#1165),.PCURVE_S1.);
#1154 = LINE('',#1155,#1156);
#1155 = CARTESIAN_POINT('',(0.31,0.31,4.75));
#1156 = VECTOR('',#1157,1.);
#1157 = DIRECTION('',(1.,-4.191942285976E-16,4.191942285976E-16));
#1158 = PCURVE('',#297,#1159);
#1159 = DEFINITIONAL_REPRESENTATION('',(#1160),#1164);
#1160 = LINE('',#1161,#1162);
#1161 = CARTESIAN_POINT('',(0.31,0.31));
#1162 = VECTOR('',#1163,1.);
#1163 = DIRECTION('',(1.,-4.191942285976E-16));
#1164 = ( GEOMETRIC_REPRESENTATION_CONTEXT(2) 
PARAMETRIC_REPRESENTATION_CONTEXT() REPRESENTATION_CONTEXT('2D SPACE',''
  ) );
#1165 = PCURVE('',#1166,#1171);
#1166 = PLANE('',#1167);
#1167 = AXIS2_PLACEMENT_3D('',#1168,#1169,#1170);
#1168 = CARTESIAN_POINT('',(0.31,0.31,4.75));
#1169 = DIRECTION('',(0.,-0.707106781187,-0.707106781187));
#1170 = DIRECTION('',(5.928301633513E-16,0.707106781187,-0.707106781187)
  );
#1171 = DEFINITIONAL_REPRESENTATION('',(#1172),#1176);
#1172 = LINE('',#1173,#1174);
#1173 = CARTESIAN_POINT('',(0.,0.));
#1174 = VECTOR('',#1175,1.);
#1175 = DIRECTION('',(0.,1.));
#1176 = ( GEOMETRIC_REPRESENTATION_CONTEXT(2) 
PARAMETRIC_REPRESENTATION_CONTEXT() REPRESENTATION_CONTEXT('2D SPACE',''
  ) );
#1177 = ORIENTED_EDGE('',*,*,#1178,.F.);
#1178 = EDGE_CURVE('',#1179,#1151,#1181,.T.);
#1179 = VERTEX_POINT('',#1180);
#1180 = CARTESIAN_POINT('',(0.31,4.06,4.75));
#1181 = SURFACE_CURVE('',#1182,(#1187,#1194),.PCURVE_S1.);
#1182 = CIRCLE('',#1183,3.75);
#1183 = AXIS2_PLACEMENT_3D('',#1184,#1185,#1186);
#1184 = CARTESIAN_POINT('',(4.06,4.06,4.75));
#1185 = DIRECTION('',(0.,0.,1.));
#1186 = DIRECTION('',(-1.,0.,0.));
#1187 = PCURVE('',#297,#1188);
#1188 = DEFINITIONAL_REPRESENTATION('',(#1189),#1193);
#1189 = CIRCLE('',#1190,3.75);
#1190 = AXIS2_PLACEMENT_2D('',#1191,#1192);
#1191 = CARTESIAN_POINT('',(4.06,4.06));
#1192 = DIRECTION('',(-1.,0.));
#1193 = ( GEOMETRIC_REPRESENTATION_CONTEXT(2) 
PARAMETRIC_REPRESENTATION_CONTEXT() REPRESENTATION_CONTEXT('2D SPACE',''
  ) );
#1194 = PCURVE('',#1195,#1200);
#1195 = CONICAL_SURFACE('',#1196,3.75,0.785398163397);
#1196 = AXIS2_PLACEMENT_3D('',#1197,#1198,#1199);
#1197 = CARTESIAN_POINT('',(4.06,4.06,4.75));
#1198 = DIRECTION('',(0.,0.,1.));
#1199 = DIRECTION('',(-1.,0.,0.));
#1200 = DEFINITIONAL_REPRESENTATION('',(#1201),#1205);
#1201 = LINE('',#1202,#1203);
#1202 = CARTESIAN_POINT('',(0.,-0.));
#1203 = VECTOR('',#1204,1.);
#1204 = DIRECTION('',(1.,0.));
#1205 = ( GEOMETRIC_REPRESENTATION_CONTEXT(2) 
PARAMETRIC_REPRESENTATION_CONTEXT() REPRESENTATION_CONTEXT('2D SPACE',''
  ) );
#1206 = ORIENTED_EDGE('',*,*,#1207,.F.);
#1207 = EDGE_CURVE('',#1208,#1179,#1210,.T.);
#1208 = VERTEX_POINT('',#1209);
#1209 = CARTESIAN_POINT('',(0.31,37.94,4.75));
#1210 = SURFACE_CURVE('',#1211,(#1215,#1222),.PCURVE_S1.);
#1211 = LINE('',#1212,#1213);
#1212 = CARTESIAN_POINT('',(0.31,41.69,4.75));
#1213 = VECTOR('',#1214,1.);
#1214 = DIRECTION('',(-4.191942285976E-16,-1.,4.191942285976E-16));
#1215 = PCURVE('',#297,#1216);
#1216 = DEFINITIONAL_REPRESENTATION('',(#1217),#1221);
#1217 = LINE('',#1218,#1219);
#1218 = CARTESIAN_POINT('',(0.31,41.69));
#1219 = VECTOR('',#1220,1.);
#1220 = DIRECTION('',(-4.191942285976E-16,-1.));
#1221 = ( GEOMETRIC_REPRESENTATION_CONTEXT(2) 
PARAMETRIC_REPRESENTATION_CONTEXT() REPRESENTATION_CONTEXT('2D SPACE',''
  ) );
#1222 = PCURVE('',#1223,#1228);
#1223 = PLANE('',#1224);
#1224 = AXIS2_PLACEMENT_3D('',#1225,#1226,#1227);
#1225 = CARTESIAN_POINT('',(0.31,41.69,4.75));
#1226 = DIRECTION('',(-0.707106781187,-0.,-0.707106781187));
#1227 = DIRECTION('',(0.707106781187,-5.928301633513E-16,-0.707106781187
    ));
#1228 = DEFINITIONAL_REPRESENTATION('',(#1229),#1233);
#1229 = LINE('',#1230,#1231);
#1230 = CARTESIAN_POINT('',(0.,0.));
#1231 = VECTOR('',#1232,1.);
#1232 = DIRECTION('',(0.,1.));
#1233 = ( GEOMETRIC_REPRESENTATION_CONTEXT(2) 
PARAMETRIC_REPRESENTATION_CONTEXT() REPRESENTATION_CONTEXT('2D SPACE',''
  ) );
#1234 = ORIENTED_EDGE('',*,*,#1235,.F.);
#1235 = EDGE_CURVE('',#1236,#1208,#1238,.T.);
#1236 = VERTEX_POINT('',#1237);
#1237 = CARTESIAN_POINT('',(4.06,41.69,4.75));
#1238 = SURFACE_CURVE('',#1239,(#1244,#1251),.PCURVE_S1.);
#1239 = CIRCLE('',#1240,3.75);
#1240 = AXIS2_PLACEMENT_3D('',#1241,#1242,#1243);
#1241 = CARTESIAN_POINT('',(4.06,37.94,4.75));
#1242 = DIRECTION('',(0.,-0.,1.));
#1243 = DIRECTION('',(0.,1.,0.));
#1244 = PCURVE('',#297,#1245);
#1245 = DEFINITIONAL_REPRESENTATION('',(#1246),#1250);
#1246 = CIRCLE('',#1247,3.75);
#1247 = AXIS2_PLACEMENT_2D('',#1248,#1249);
#1248 = CARTESIAN_POINT('',(4.06,37.94));
#1249 = DIRECTION('',(0.,1.));
#1250 = ( GEOMETRIC_REPRESENTATION_CONTEXT(2) 
PARAMETRIC_REPRESENTATION_CONTEXT() REPRESENTATION_CONTEXT('2D SPACE',''
  ) );
#1251 = PCURVE('',#1252,#1257);
#1252 = CONICAL_SURFACE('',#1253,3.75,0.785398163397);
#1253 = AXIS2_PLACEMENT_3D('',#1254,#1255,#1256);
#1254 = CARTESIAN_POINT('',(4.06,37.94,4.75));
#1255 = DIRECTION('',(0.,-0.,1.));
#1256 = DIRECTION('',(0.,1.,0.));
#1257 = DEFINITIONAL_REPRESENTATION('',(#1258),#1262);
#1258 = LINE('',#1259,#1260);
#1259 = CARTESIAN_POINT('',(0.,-0.));
#1260 = VECTOR('',#1261,1.);
#1261 = DIRECTION('',(1.,0.));
#1262 = ( GEOMETRIC_REPRESENTATION_CONTEXT(2) 
PARAMETRIC_REPRESENTATION_CONTEXT() REPRESENTATION_CONTEXT('2D SPACE',''
  ) );
#1263 = ORIENTED_EDGE('',*,*,#1264,.T.);
#1264 = EDGE_CURVE('',#1236,#1265,#1267,.T.);
#1265 = VERTEX_POINT('',#1266);
#1266 = CARTESIAN_POINT('',(-4.06,41.69,4.75));
#1267 = SURFACE_CURVE('',#1268,(#1272,#1279),.PCURVE_S1.);
#1268 = LINE('',#1269,#1270);
#1269 = CARTESIAN_POINT('',(41.69,41.69,4.75));
#1270 = VECTOR('',#1271,1.);
#1271 = DIRECTION('',(-1.,0.,0.));
#1272 = PCURVE('',#297,#1273);
#1273 = DEFINITIONAL_REPRESENTATION('',(#1274),#1278);
#1274 = LINE('',#1275,#1276);
#1275 = CARTESIAN_POINT('',(41.69,41.69));
#1276 = VECTOR('',#1277,1.);
#1277 = DIRECTION('',(-1.,0.));
#1278 = ( GEOMETRIC_REPRESENTATION_CONTEXT(2) 
PARAMETRIC_REPRESENTATION_CONTEXT() REPRESENTATION_CONTEXT('2D SPACE',''
  ) );
#1279 = PCURVE('',#1280,#1285);
#1280 = PLANE('',#1281);
#1281 = AXIS2_PLACEMENT_3D('',#1282,#1283,#1284);
#1282 = CARTESIAN_POINT('',(37.94,41.69,4.75));
#1283 = DIRECTION('',(0.,-1.,0.));
#1284 = DIRECTION('',(-1.,0.,0.));
#1285 = DEFINITIONAL_REPRESENTATION('',(#1286),#1290);
#1286 = LINE('',#1287,#1288);
#1287 = CARTESIAN_POINT('',(-3.75,-0.));
#1288 = VECTOR('',#1289,1.);
#1289 = DIRECTION('',(1.,0.));
#1290 = ( GEOMETRIC_REPRESENTATION_CONTEXT(2) 
PARAMETRIC_REPRESENTATION_CONTEXT() REPRESENTATION_CONTEXT('2D SPACE',''
  ) );
#1291 = ORIENTED_EDGE('',*,*,#1292,.F.);
#1292 = EDGE_CURVE('',#1293,#1265,#1295,.T.);
#1293 = VERTEX_POINT('',#1294);
#1294 = CARTESIAN_POINT('',(-0.31,37.94,4.75));
#1295 = SURFACE_CURVE('',#1296,(#1301,#1308),.PCURVE_S1.);
#1296 = CIRCLE('',#1297,3.75);
#1297 = AXIS2_PLACEMENT_3D('',#1298,#1299,#1300);
#1298 = CARTESIAN_POINT('',(-4.06,37.94,4.75));
#1299 = DIRECTION('',(0.,-0.,1.));
#1300 = DIRECTION('',(1.,0.,0.));
#1301 = PCURVE('',#297,#1302);
#1302 = DEFINITIONAL_REPRESENTATION('',(#1303),#1307);
#1303 = CIRCLE('',#1304,3.75);
#1304 = AXIS2_PLACEMENT_2D('',#1305,#1306);
#1305 = CARTESIAN_POINT('',(-4.06,37.94));
#1306 = DIRECTION('',(1.,0.));
#1307 = ( GEOMETRIC_REPRESENTATION_CONTEXT(2) 
PARAMETRIC_REPRESENTATION_CONTEXT() REPRESENTATION_CONTEXT('2D SPACE',''
  ) );
#1308 = PCURVE('',#1309,#1314);
#1309 = CONICAL_SURFACE('',#1310,3.75,0.785398163397);
#1310 = AXIS2_PLACEMENT_3D('',#1311,#1312,#1313);
#1311 = CARTESIAN_POINT('',(-4.06,37.94,4.75));
#1312 = DIRECTION('',(0.,-0.,1.));
#1313 = DIRECTION('',(1.,0.,0.));
#1314 = DEFINITIONAL_REPRESENTATION('',(#1315),#1319);
#1315 = LINE('',#1316,#1317);
#1316 = CARTESIAN_POINT('',(0.,-0.));
#1317 = VECTOR('',#1318,1.);
#1318 = DIRECTION('',(1.,0.));
#1319 = ( GEOMETRIC_REPRESENTATION_CONTEXT(2) 
PARAMETRIC_REPRESENTATION_CONTEXT() REPRESENTATION_CONTEXT('2D SPACE',''
  ) );
#1320 = ORIENTED_EDGE('',*,*,#1321,.F.);
#1321 = EDGE_CURVE('',#1322,#1293,#1324,.T.);
#1322 = VERTEX_POINT('',#1323);
#1323 = CARTESIAN_POINT('',(-0.31,4.06,4.75));
#1324 = SURFACE_CURVE('',#1325,(#1329,#1336),.PCURVE_S1.);
#1325 = LINE('',#1326,#1327);
#1326 = CARTESIAN_POINT('',(-0.31,0.31,4.75));
#1327 = VECTOR('',#1328,1.);
#1328 = DIRECTION('',(4.191942285976E-16,1.,4.191942285976E-16));
#1329 = PCURVE('',#297,#1330);
#1330 = DEFINITIONAL_REPRESENTATION('',(#1331),#1335);
#1331 = LINE('',#1332,#1333);
#1332 = CARTESIAN_POINT('',(-0.31,0.31));
#1333 = VECTOR('',#1334,1.);
#1334 = DIRECTION('',(4.191942285976E-16,1.));
#1335 = ( GEOMETRIC_REPRESENTATION_CONTEXT(2) 
PARAMETRIC_REPRESENTATION_CONTEXT() REPRESENTATION_CONTEXT('2D SPACE',''
  ) );
#1336 = PCURVE('',#1337,#1342);
#1337 = PLANE('',#1338);
#1338 = AXIS2_PLACEMENT_3D('',#1339,#1340,#1341);
#1339 = CARTESIAN_POINT('',(-0.31,0.31,4.75));
#1340 = DIRECTION('',(0.707106781187,0.,-0.707106781187));
#1341 = DIRECTION('',(-0.707106781187,5.928301633513E-16,-0.707106781187
    ));
#1342 = DEFINITIONAL_REPRESENTATION('',(#1343),#1347);
#1343 = LINE('',#1344,#1345);
#1344 = CARTESIAN_POINT('',(0.,0.));
#1345 = VECTOR('',#1346,1.);
#1346 = DIRECTION('',(0.,1.));
#1347 = ( GEOMETRIC_REPRESENTATION_CONTEXT(2) 
PARAMETRIC_REPRESENTATION_CONTEXT() REPRESENTATION_CONTEXT('2D SPACE',''
  ) );
#1348 = ORIENTED_EDGE('',*,*,#1349,.F.);
#1349 = EDGE_CURVE('',#1350,#1322,#1352,.T.);
#1350 = VERTEX_POINT('',#1351);
#1351 = CARTESIAN_POINT('',(-4.06,0.31,4.75));
#1352 = SURFACE_CURVE('',#1353,(#1358,#1365),.PCURVE_S1.);
#1353 = CIRCLE('',#1354,3.75);
#1354 = AXIS2_PLACEMENT_3D('',#1355,#1356,#1357);
#1355 = CARTESIAN_POINT('',(-4.06,4.06,4.75));
#1356 = DIRECTION('',(-0.,0.,1.));
#1357 = DIRECTION('',(0.,-1.,0.));
#1358 = PCURVE('',#297,#1359);
#1359 = DEFINITIONAL_REPRESENTATION('',(#1360),#1364);
#1360 = CIRCLE('',#1361,3.75);
#1361 = AXIS2_PLACEMENT_2D('',#1362,#1363);
#1362 = CARTESIAN_POINT('',(-4.06,4.06));
#1363 = DIRECTION('',(0.,-1.));
#1364 = ( GEOMETRIC_REPRESENTATION_CONTEXT(2) 
PARAMETRIC_REPRESENTATION_CONTEXT() REPRESENTATION_CONTEXT('2D SPACE',''
  ) );
#1365 = PCURVE('',#1366,#1371);
#1366 = CONICAL_SURFACE('',#1367,3.75,0.785398163397);
#1367 = AXIS2_PLACEMENT_3D('',#1368,#1369,#1370);
#1368 = CARTESIAN_POINT('',(-4.06,4.06,4.75));
#1369 = DIRECTION('',(-0.,0.,1.));
#1370 = DIRECTION('',(0.,-1.,0.));
#1371 = DEFINITIONAL_REPRESENTATION('',(#1372),#1376);
#1372 = LINE('',#1373,#1374);
#1373 = CARTESIAN_POINT('',(0.,-0.));
#1374 = VECTOR('',#1375,1.);
#1375 = DIRECTION('',(1.,0.));
#1376 = ( GEOMETRIC_REPRESENTATION_CONTEXT(2) 
PARAMETRIC_REPRESENTATION_CONTEXT() REPRESENTATION_CONTEXT('2D SPACE',''
  ) );
#1377 = ORIENTED_EDGE('',*,*,#1378,.F.);
#1378 = EDGE_CURVE('',#1379,#1350,#1381,.T.);
#1379 = VERTEX_POINT('',#1380);
#1380 = CARTESIAN_POINT('',(-37.94,0.31,4.75));
#1381 = SURFACE_CURVE('',#1382,(#1386,#1393),.PCURVE_S1.);
#1382 = LINE('',#1383,#1384);
#1383 = CARTESIAN_POINT('',(-41.69,0.31,4.75));
#1384 = VECTOR('',#1385,1.);
#1385 = DIRECTION('',(1.,-4.191942285976E-16,4.191942285976E-16));
#1386 = PCURVE('',#297,#1387);
#1387 = DEFINITIONAL_REPRESENTATION('',(#1388),#1392);
#1388 = LINE('',#1389,#1390);
#1389 = CARTESIAN_POINT('',(-41.69,0.31));
#1390 = VECTOR('',#1391,1.);
#1391 = DIRECTION('',(1.,-4.191942285976E-16));
#1392 = ( GEOMETRIC_REPRESENTATION_CONTEXT(2) 
PARAMETRIC_REPRESENTATION_CONTEXT() REPRESENTATION_CONTEXT('2D SPACE',''
  ) );
#1393 = PCURVE('',#1394,#1399);
#1394 = PLANE('',#1395);
#1395 = AXIS2_PLACEMENT_3D('',#1396,#1397,#1398);
#1396 = CARTESIAN_POINT('',(-41.69,0.31,4.75));
#1397 = DIRECTION('',(0.,-0.707106781187,-0.707106781187));
#1398 = DIRECTION('',(5.928301633513E-16,0.707106781187,-0.707106781187)
  );
#1399 = DEFINITIONAL_REPRESENTATION('',(#1400),#1404);
#1400 = LINE('',#1401,#1402);
#1401 = CARTESIAN_POINT('',(0.,0.));
#1402 = VECTOR('',#1403,1.);
#1403 = DIRECTION('',(0.,1.));
#1404 = ( GEOMETRIC_REPRESENTATION_CONTEXT(2) 
PARAMETRIC_REPRESENTATION_CONTEXT() REPRESENTATION_CONTEXT('2D SPACE',''
  ) );
#1405 = ORIENTED_EDGE('',*,*,#1406,.F.);
#1406 = EDGE_CURVE('',#1407,#1379,#1409,.T.);
#1407 = VERTEX_POINT('',#1408);
#1408 = CARTESIAN_POINT('',(-41.69,4.06,4.75));
#1409 = SURFACE_CURVE('',#1410,(#1415,#1422),.PCURVE_S1.);
#1410 = CIRCLE('',#1411,3.75);
#1411 = AXIS2_PLACEMENT_3D('',#1412,#1413,#1414);
#1412 = CARTESIAN_POINT('',(-37.94,4.06,4.75));
#1413 = DIRECTION('',(0.,0.,1.));
#1414 = DIRECTION('',(-1.,0.,0.));
#1415 = PCURVE('',#297,#1416);
#1416 = DEFINITIONAL_REPRESENTATION('',(#1417),#1421);
#1417 = CIRCLE('',#1418,3.75);
#1418 = AXIS2_PLACEMENT_2D('',#1419,#1420);
#1419 = CARTESIAN_POINT('',(-37.94,4.06));
#1420 = DIRECTION('',(-1.,0.));
#1421 = ( GEOMETRIC_REPRESENTATION_CONTEXT(2) 
PARAMETRIC_REPRESENTATION_CONTEXT() REPRESENTATION_CONTEXT('2D SPACE',''
  ) );
#1422 = PCURVE('',#1423,#1428);
#1423 = CONICAL_SURFACE('',#1424,3.75,0.785398163397);
#1424 = AXIS2_PLACEMENT_3D('',#1425,#1426,#1427);
#1425 = CARTESIAN_POINT('',(-37.94,4.06,4.75));
#1426 = DIRECTION('',(0.,0.,1.));
#1427 = DIRECTION('',(-1.,0.,0.));
#1428 = DEFINITIONAL_REPRESENTATION('',(#1429),#1433);
#1429 = LINE('',#1430,#1431);
#1430 = CARTESIAN_POINT('',(0.,-0.));
#1431 = VECTOR('',#1432,1.);
#1432 = DIRECTION('',(1.,0.));
#1433 = ( GEOMETRIC_REPRESENTATION_CONTEXT(2) 
PARAMETRIC_REPRESENTATION_CONTEXT() REPRESENTATION_CONTEXT('2D SPACE',''
  ) );
#1434 = ORIENTED_EDGE('',*,*,#1435,.T.);
#1435 = EDGE_CURVE('',#1407,#1436,#1438,.T.);
#1436 = VERTEX_POINT('',#1437);
#1437 = CARTESIAN_POINT('',(-41.69,-4.06,4.75));
#1438 = SURFACE_CURVE('',#1439,(#1443,#1450),.PCURVE_S1.);
#1439 = LINE('',#1440,#1441);
#1440 = CARTESIAN_POINT('',(-41.69,41.69,4.75));
#1441 = VECTOR('',#1442,1.);
#1442 = DIRECTION('',(0.,-1.,-0.));
#1443 = PCURVE('',#297,#1444);
#1444 = DEFINITIONAL_REPRESENTATION('',(#1445),#1449);
#1445 = LINE('',#1446,#1447);
#1446 = CARTESIAN_POINT('',(-41.69,41.69));
#1447 = VECTOR('',#1448,1.);
#1448 = DIRECTION('',(0.,-1.));
#1449 = ( GEOMETRIC_REPRESENTATION_CONTEXT(2) 
PARAMETRIC_REPRESENTATION_CONTEXT() REPRESENTATION_CONTEXT('2D SPACE',''
  ) );
#1450 = PCURVE('',#711,#1451);
#1451 = DEFINITIONAL_REPRESENTATION('',(#1452),#1456);
#1452 = LINE('',#1453,#1454);
#1453 = CARTESIAN_POINT('',(-3.75,0.));
#1454 = VECTOR('',#1455,1.);
#1455 = DIRECTION('',(1.,0.));
#1456 = ( GEOMETRIC_REPRESENTATION_CONTEXT(2) 
PARAMETRIC_REPRESENTATION_CONTEXT() REPRESENTATION_CONTEXT('2D SPACE',''
  ) );
#1457 = ORIENTED_EDGE('',*,*,#1458,.F.);
#1458 = EDGE_CURVE('',#1459,#1436,#1461,.T.);
#1459 = VERTEX_POINT('',#1460);
#1460 = CARTESIAN_POINT('',(-37.94,-0.31,4.75));
#1461 = SURFACE_CURVE('',#1462,(#1467,#1474),.PCURVE_S1.);
#1462 = CIRCLE('',#1463,3.75);
#1463 = AXIS2_PLACEMENT_3D('',#1464,#1465,#1466);
#1464 = CARTESIAN_POINT('',(-37.94,-4.06,4.75));
#1465 = DIRECTION('',(0.,-0.,1.));
#1466 = DIRECTION('',(0.,1.,0.));
#1467 = PCURVE('',#297,#1468);
#1468 = DEFINITIONAL_REPRESENTATION('',(#1469),#1473);
#1469 = CIRCLE('',#1470,3.75);
#1470 = AXIS2_PLACEMENT_2D('',#1471,#1472);
#1471 = CARTESIAN_POINT('',(-37.94,-4.06));
#1472 = DIRECTION('',(0.,1.));
#1473 = ( GEOMETRIC_REPRESENTATION_CONTEXT(2) 
PARAMETRIC_REPRESENTATION_CONTEXT() REPRESENTATION_CONTEXT('2D SPACE',''
  ) );
#1474 = PCURVE('',#1475,#1480);
#1475 = CONICAL_SURFACE('',#1476,3.75,0.785398163397);
#1476 = AXIS2_PLACEMENT_3D('',#1477,#1478,#1479);
#1477 = CARTESIAN_POINT('',(-37.94,-4.06,4.75));
#1478 = DIRECTION('',(0.,-0.,1.));
#1479 = DIRECTION('',(0.,1.,0.));
#1480 = DEFINITIONAL_REPRESENTATION('',(#1481),#1485);
#1481 = LINE('',#1482,#1483);
#1482 = CARTESIAN_POINT('',(0.,-0.));
#1483 = VECTOR('',#1484,1.);
#1484 = DIRECTION('',(1.,0.));
#1485 = ( GEOMETRIC_REPRESENTATION_CONTEXT(2) 
PARAMETRIC_REPRESENTATION_CONTEXT() REPRESENTATION_CONTEXT('2D SPACE',''
  ) );
#1486 = ORIENTED_EDGE('',*,*,#1487,.F.);
#1487 = EDGE_CURVE('',#1488,#1459,#1490,.T.);
#1488 = VERTEX_POINT('',#1489);
#1489 = CARTESIAN_POINT('',(-4.06,-0.31,4.75));
#1490 = SURFACE_CURVE('',#1491,(#1495,#1502),.PCURVE_S1.);
#1491 = LINE('',#1492,#1493);
#1492 = CARTESIAN_POINT('',(-0.31,-0.31,4.75));
#1493 = VECTOR('',#1494,1.);
#1494 = DIRECTION('',(-1.,4.191942285976E-16,4.191942285976E-16));
#1495 = PCURVE('',#297,#1496);
#1496 = DEFINITIONAL_REPRESENTATION('',(#1497),#1501);
#1497 = LINE('',#1498,#1499);
#1498 = CARTESIAN_POINT('',(-0.31,-0.31));
#1499 = VECTOR('',#1500,1.);
#1500 = DIRECTION('',(-1.,4.191942285976E-16));
#1501 = ( GEOMETRIC_REPRESENTATION_CONTEXT(2) 
PARAMETRIC_REPRESENTATION_CONTEXT() REPRESENTATION_CONTEXT('2D SPACE',''
  ) );
#1502 = PCURVE('',#1503,#1508);
#1503 = PLANE('',#1504);
#1504 = AXIS2_PLACEMENT_3D('',#1505,#1506,#1507);
#1505 = CARTESIAN_POINT('',(-0.31,-0.31,4.75));
#1506 = DIRECTION('',(0.,0.707106781187,-0.707106781187));
#1507 = DIRECTION('',(-5.928301633513E-16,-0.707106781187,
    -0.707106781187));
#1508 = DEFINITIONAL_REPRESENTATION('',(#1509),#1513);
#1509 = LINE('',#1510,#1511);
#1510 = CARTESIAN_POINT('',(-0.,0.));
#1511 = VECTOR('',#1512,1.);
#1512 = DIRECTION('',(0.,1.));
#1513 = ( GEOMETRIC_REPRESENTATION_CONTEXT(2) 
PARAMETRIC_REPRESENTATION_CONTEXT() REPRESENTATION_CONTEXT('2D SPACE',''
  ) );
#1514 = ORIENTED_EDGE('',*,*,#1515,.F.);
#1515 = EDGE_CURVE('',#1516,#1488,#1518,.T.);
#1516 = VERTEX_POINT('',#1517);
#1517 = CARTESIAN_POINT('',(-0.31,-4.06,4.75));
#1518 = SURFACE_CURVE('',#1519,(#1524,#1531),.PCURVE_S1.);
#1519 = CIRCLE('',#1520,3.75);
#1520 = AXIS2_PLACEMENT_3D('',#1521,#1522,#1523);
#1521 = CARTESIAN_POINT('',(-4.06,-4.06,4.75));
#1522 = DIRECTION('',(0.,-0.,1.));
#1523 = DIRECTION('',(1.,0.,0.));
#1524 = PCURVE('',#297,#1525);
#1525 = DEFINITIONAL_REPRESENTATION('',(#1526),#1530);
#1526 = CIRCLE('',#1527,3.75);
#1527 = AXIS2_PLACEMENT_2D('',#1528,#1529);
#1528 = CARTESIAN_POINT('',(-4.06,-4.06));
#1529 = DIRECTION('',(1.,0.));
#1530 = ( GEOMETRIC_REPRESENTATION_CONTEXT(2) 
PARAMETRIC_REPRESENTATION_CONTEXT() REPRESENTATION_CONTEXT('2D SPACE',''
  ) );
#1531 = PCURVE('',#1532,#1537);
#1532 = CONICAL_SURFACE('',#1533,3.75,0.785398163397);
#1533 = AXIS2_PLACEMENT_3D('',#1534,#1535,#1536);
#1534 = CARTESIAN_POINT('',(-4.06,-4.06,4.75));
#1535 = DIRECTION('',(0.,-0.,1.));
#1536 = DIRECTION('',(1.,0.,0.));
#1537 = DEFINITIONAL_REPRESENTATION('',(#1538),#1542);
#1538 = LINE('',#1539,#1540);
#1539 = CARTESIAN_POINT('',(0.,-0.));
#1540 = VECTOR('',#1541,1.);
#1541 = DIRECTION('',(1.,0.));
#1542 = ( GEOMETRIC_REPRESENTATION_CONTEXT(2) 
PARAMETRIC_REPRESENTATION_CONTEXT() REPRESENTATION_CONTEXT('2D SPACE',''
  ) );
#1543 = ORIENTED_EDGE('',*,*,#1544,.F.);
#1544 = EDGE_CURVE('',#1545,#1516,#1547,.T.);
#1545 = VERTEX_POINT('',#1546);
#1546 = CARTESIAN_POINT('',(-0.31,-37.94,4.75));
#1547 = SURFACE_CURVE('',#1548,(#1552,#1559),.PCURVE_S1.);
#1548 = LINE('',#1549,#1550);
#1549 = CARTESIAN_POINT('',(-0.31,-41.69,4.75));
#1550 = VECTOR('',#1551,1.);
#1551 = DIRECTION('',(4.191942285976E-16,1.,4.191942285976E-16));
#1552 = PCURVE('',#297,#1553);
#1553 = DEFINITIONAL_REPRESENTATION('',(#1554),#1558);
#1554 = LINE('',#1555,#1556);
#1555 = CARTESIAN_POINT('',(-0.31,-41.69));
#1556 = VECTOR('',#1557,1.);
#1557 = DIRECTION('',(4.191942285976E-16,1.));
#1558 = ( GEOMETRIC_REPRESENTATION_CONTEXT(2) 
PARAMETRIC_REPRESENTATION_CONTEXT() REPRESENTATION_CONTEXT('2D SPACE',''
  ) );
#1559 = PCURVE('',#1560,#1565);
#1560 = PLANE('',#1561);
#1561 = AXIS2_PLACEMENT_3D('',#1562,#1563,#1564);
#1562 = CARTESIAN_POINT('',(-0.31,-41.69,4.75));
#1563 = DIRECTION('',(0.707106781187,0.,-0.707106781187));
#1564 = DIRECTION('',(-0.707106781187,5.928301633513E-16,-0.707106781187
    ));
#1565 = DEFINITIONAL_REPRESENTATION('',(#1566),#1570);
#1566 = LINE('',#1567,#1568);
#1567 = CARTESIAN_POINT('',(0.,0.));
#1568 = VECTOR('',#1569,1.);
#1569 = DIRECTION('',(0.,1.));
#1570 = ( GEOMETRIC_REPRESENTATION_CONTEXT(2) 
PARAMETRIC_REPRESENTATION_CONTEXT() REPRESENTATION_CONTEXT('2D SPACE',''
  ) );
#1571 = ORIENTED_EDGE('',*,*,#1572,.F.);
#1572 = EDGE_CURVE('',#282,#1545,#1573,.T.);
#1573 = SURFACE_CURVE('',#1574,(#1579,#1586),.PCURVE_S1.);
#1574 = CIRCLE('',#1575,3.75);
#1575 = AXIS2_PLACEMENT_3D('',#1576,#1577,#1578);
#1576 = CARTESIAN_POINT('',(-4.06,-37.94,4.75));
#1577 = DIRECTION('',(-0.,0.,1.));
#1578 = DIRECTION('',(0.,-1.,0.));
#1579 = PCURVE('',#297,#1580);
#1580 = DEFINITIONAL_REPRESENTATION('',(#1581),#1585);
#1581 = CIRCLE('',#1582,3.75);
#1582 = AXIS2_PLACEMENT_2D('',#1583,#1584);
#1583 = CARTESIAN_POINT('',(-4.06,-37.94));
#1584 = DIRECTION('',(0.,-1.));
#1585 = ( GEOMETRIC_REPRESENTATION_CONTEXT(2) 
PARAMETRIC_REPRESENTATION_CONTEXT() REPRESENTATION_CONTEXT('2D SPACE',''
  ) );
#1586 = PCURVE('',#963,#1587);
#1587 = DEFINITIONAL_REPRESENTATION('',(#1588),#1592);
#1588 = LINE('',#1589,#1590);
#1589 = CARTESIAN_POINT('',(0.,-0.));
#1590 = VECTOR('',#1591,1.);
#1591 = DIRECTION('',(1.,0.));
#1592 = ( GEOMETRIC_REPRESENTATION_CONTEXT(2) 
PARAMETRIC_REPRESENTATION_CONTEXT() REPRESENTATION_CONTEXT('2D SPACE',''
  ) );
#1593 = ADVANCED_FACE('',(#1594),#269,.T.);
#1594 = FACE_BOUND('',#1595,.T.);
#1595 = EDGE_LOOP('',(#1596,#1597,#1620,#1646));
#1596 = ORIENTED_EDGE('',*,*,#253,.F.);
#1597 = ORIENTED_EDGE('',*,*,#1598,.F.);
#1598 = EDGE_CURVE('',#1599,#254,#1601,.T.);
#1599 = VERTEX_POINT('',#1600);
#1600 = CARTESIAN_POINT('',(4.06,-39.54,2.6));
#1601 = SURFACE_CURVE('',#1602,(#1606,#1613),.PCURVE_S1.);
#1602 = LINE('',#1603,#1604);
#1603 = CARTESIAN_POINT('',(4.06,-41.69,4.75));
#1604 = VECTOR('',#1605,1.);
#1605 = DIRECTION('',(-6.713347862853E-16,-0.707106781187,0.707106781187
    ));
#1606 = PCURVE('',#269,#1607);
#1607 = DEFINITIONAL_REPRESENTATION('',(#1608),#1612);
#1608 = LINE('',#1609,#1610);
#1609 = CARTESIAN_POINT('',(-2.890348213268E-16,3.75));
#1610 = VECTOR('',#1611,1.);
#1611 = DIRECTION('',(-1.,-7.850462293403E-17));
#1612 = ( GEOMETRIC_REPRESENTATION_CONTEXT(2) 
PARAMETRIC_REPRESENTATION_CONTEXT() REPRESENTATION_CONTEXT('2D SPACE',''
  ) );
#1613 = PCURVE('',#996,#1614);
#1614 = DEFINITIONAL_REPRESENTATION('',(#1615),#1619);
#1615 = LINE('',#1616,#1617);
#1616 = CARTESIAN_POINT('',(1.570796326795,0.));
#1617 = VECTOR('',#1618,1.);
#1618 = DIRECTION('',(0.,1.));
#1619 = ( GEOMETRIC_REPRESENTATION_CONTEXT(2) 
PARAMETRIC_REPRESENTATION_CONTEXT() REPRESENTATION_CONTEXT('2D SPACE',''
  ) );
#1620 = ORIENTED_EDGE('',*,*,#1621,.T.);
#1621 = EDGE_CURVE('',#1599,#618,#1622,.T.);
#1622 = SURFACE_CURVE('',#1623,(#1627,#1634),.PCURVE_S1.);
#1623 = LINE('',#1624,#1625);
#1624 = CARTESIAN_POINT('',(0.31,-39.54,2.6));
#1625 = VECTOR('',#1626,1.);
#1626 = DIRECTION('',(1.,-4.191942285976E-16,4.191942285976E-16));
#1627 = PCURVE('',#269,#1628);
#1628 = DEFINITIONAL_REPRESENTATION('',(#1629),#1633);
#1629 = LINE('',#1630,#1631);
#1630 = CARTESIAN_POINT('',(3.040559159102,1.750178495831E-15));
#1631 = VECTOR('',#1632,1.);
#1632 = DIRECTION('',(0.,1.));
#1633 = ( GEOMETRIC_REPRESENTATION_CONTEXT(2) 
PARAMETRIC_REPRESENTATION_CONTEXT() REPRESENTATION_CONTEXT('2D SPACE',''
  ) );
#1634 = PCURVE('',#1635,#1640);
#1635 = PLANE('',#1636);
#1636 = AXIS2_PLACEMENT_3D('',#1637,#1638,#1639);
#1637 = CARTESIAN_POINT('',(0.31,-39.54,2.6));
#1638 = DIRECTION('',(0.,-1.,2.264309857544E-28));
#1639 = DIRECTION('',(2.264309857544E-28,-2.264309857544E-28,-1.));
#1640 = DEFINITIONAL_REPRESENTATION('',(#1641),#1645);
#1641 = LINE('',#1642,#1643);
#1642 = CARTESIAN_POINT('',(8.04444460394E-43,3.552713678801E-15));
#1643 = VECTOR('',#1644,1.);
#1644 = DIRECTION('',(-4.191942285974E-16,1.));
#1645 = ( GEOMETRIC_REPRESENTATION_CONTEXT(2) 
PARAMETRIC_REPRESENTATION_CONTEXT() REPRESENTATION_CONTEXT('2D SPACE',''
  ) );
#1646 = ORIENTED_EDGE('',*,*,#617,.T.);
#1647 = ADVANCED_FACE('',(#1648),#464,.F.);
#1648 = FACE_BOUND('',#1649,.F.);
#1649 = EDGE_LOOP('',(#1650,#1673,#1702,#1728));
#1650 = ORIENTED_EDGE('',*,*,#1651,.F.);
#1651 = EDGE_CURVE('',#1652,#339,#1654,.T.);
#1652 = VERTEX_POINT('',#1653);
#1653 = CARTESIAN_POINT('',(37.94,-39.54,23.845));
#1654 = SURFACE_CURVE('',#1655,(#1659,#1666),.PCURVE_S1.);
#1655 = LINE('',#1656,#1657);
#1656 = CARTESIAN_POINT('',(37.94,-41.69,25.995));
#1657 = VECTOR('',#1658,1.);
#1658 = DIRECTION('',(0.,-0.707106781187,0.707106781187));
#1659 = PCURVE('',#464,#1660);
#1660 = DEFINITIONAL_REPRESENTATION('',(#1661),#1665);
#1661 = LINE('',#1662,#1663);
#1662 = CARTESIAN_POINT('',(0.,0.));
#1663 = VECTOR('',#1664,1.);
#1664 = DIRECTION('',(0.,1.));
#1665 = ( GEOMETRIC_REPRESENTATION_CONTEXT(2) 
PARAMETRIC_REPRESENTATION_CONTEXT() REPRESENTATION_CONTEXT('2D SPACE',''
  ) );
#1666 = PCURVE('',#882,#1667);
#1667 = DEFINITIONAL_REPRESENTATION('',(#1668),#1672);
#1668 = LINE('',#1669,#1670);
#1669 = CARTESIAN_POINT('',(1.097202971501E-13,79.63));
#1670 = VECTOR('',#1671,1.);
#1671 = DIRECTION('',(-1.,1.377876392693E-15));
#1672 = ( GEOMETRIC_REPRESENTATION_CONTEXT(2) 
PARAMETRIC_REPRESENTATION_CONTEXT() REPRESENTATION_CONTEXT('2D SPACE',''
  ) );
#1673 = ORIENTED_EDGE('',*,*,#1674,.T.);
#1674 = EDGE_CURVE('',#1652,#1675,#1677,.T.);
#1675 = VERTEX_POINT('',#1676);
#1676 = CARTESIAN_POINT('',(39.54,-37.94,23.845));
#1677 = SURFACE_CURVE('',#1678,(#1683,#1690),.PCURVE_S1.);
#1678 = CIRCLE('',#1679,1.6);
#1679 = AXIS2_PLACEMENT_3D('',#1680,#1681,#1682);
#1680 = CARTESIAN_POINT('',(37.94,-37.94,23.845));
#1681 = DIRECTION('',(-0.,0.,1.));
#1682 = DIRECTION('',(0.,-1.,0.));
#1683 = PCURVE('',#464,#1684);
#1684 = DEFINITIONAL_REPRESENTATION('',(#1685),#1689);
#1685 = LINE('',#1686,#1687);
#1686 = CARTESIAN_POINT('',(0.,-2.15));
#1687 = VECTOR('',#1688,1.);
#1688 = DIRECTION('',(1.,0.));
#1689 = ( GEOMETRIC_REPRESENTATION_CONTEXT(2) 
PARAMETRIC_REPRESENTATION_CONTEXT() REPRESENTATION_CONTEXT('2D SPACE',''
  ) );
#1690 = PCURVE('',#1691,#1696);
#1691 = CYLINDRICAL_SURFACE('',#1692,1.6);
#1692 = AXIS2_PLACEMENT_3D('',#1693,#1694,#1695);
#1693 = CARTESIAN_POINT('',(37.94,-37.94,23.845));
#1694 = DIRECTION('',(-0.,0.,1.));
#1695 = DIRECTION('',(-4.440892098501E-15,-1.,0.));
#1696 = DEFINITIONAL_REPRESENTATION('',(#1697),#1701);
#1697 = LINE('',#1698,#1699);
#1698 = CARTESIAN_POINT('',(0.,-0.));
#1699 = VECTOR('',#1700,1.);
#1700 = DIRECTION('',(1.,0.));
#1701 = ( GEOMETRIC_REPRESENTATION_CONTEXT(2) 
PARAMETRIC_REPRESENTATION_CONTEXT() REPRESENTATION_CONTEXT('2D SPACE',''
  ) );
#1702 = ORIENTED_EDGE('',*,*,#1703,.T.);
#1703 = EDGE_CURVE('',#1675,#391,#1704,.T.);
#1704 = SURFACE_CURVE('',#1705,(#1709,#1716),.PCURVE_S1.);
#1705 = LINE('',#1706,#1707);
#1706 = CARTESIAN_POINT('',(41.69,-37.94,25.995));
#1707 = VECTOR('',#1708,1.);
#1708 = DIRECTION('',(0.707106781187,-2.712454982574E-15,0.707106781187)
  );
#1709 = PCURVE('',#464,#1710);
#1710 = DEFINITIONAL_REPRESENTATION('',(#1711),#1715);
#1711 = LINE('',#1712,#1713);
#1712 = CARTESIAN_POINT('',(1.570796326795,0.));
#1713 = VECTOR('',#1714,1.);
#1714 = DIRECTION('',(0.,1.));
#1715 = ( GEOMETRIC_REPRESENTATION_CONTEXT(2) 
PARAMETRIC_REPRESENTATION_CONTEXT() REPRESENTATION_CONTEXT('2D SPACE',''
  ) );
#1716 = PCURVE('',#1717,#1722);
#1717 = PLANE('',#1718);
#1718 = AXIS2_PLACEMENT_3D('',#1719,#1720,#1721);
#1719 = CARTESIAN_POINT('',(41.69,-41.69,25.995));
#1720 = DIRECTION('',(0.707106781187,0.,-0.707106781187));
#1721 = DIRECTION('',(-0.707106781187,1.377876392693E-15,-0.707106781187
    ));
#1722 = DEFINITIONAL_REPRESENTATION('',(#1723),#1727);
#1723 = LINE('',#1724,#1725);
#1724 = CARTESIAN_POINT('',(5.167036472599E-15,3.75));
#1725 = VECTOR('',#1726,1.);
#1726 = DIRECTION('',(-1.,-1.334578589881E-15));
#1727 = ( GEOMETRIC_REPRESENTATION_CONTEXT(2) 
PARAMETRIC_REPRESENTATION_CONTEXT() REPRESENTATION_CONTEXT('2D SPACE',''
  ) );
#1728 = ORIENTED_EDGE('',*,*,#446,.F.);
#1729 = ADVANCED_FACE('',(#1730),#434,.T.);
#1730 = FACE_BOUND('',#1731,.T.);
#1731 = EDGE_LOOP('',(#1732,#1733,#1734,#1835));
#1732 = ORIENTED_EDGE('',*,*,#390,.T.);
#1733 = ORIENTED_EDGE('',*,*,#592,.T.);
#1734 = ORIENTED_EDGE('',*,*,#1735,.F.);
#1735 = EDGE_CURVE('',#1736,#487,#1738,.T.);
#1736 = VERTEX_POINT('',#1737);
#1737 = CARTESIAN_POINT('',(41.519289321881,37.94,25.824289321881));
#1738 = SURFACE_CURVE('',#1739,(#1744,#1751),.PCURVE_S1.);
#1739 = CIRCLE('',#1740,0.1);
#1740 = AXIS2_PLACEMENT_3D('',#1741,#1742,#1743);
#1741 = CARTESIAN_POINT('',(41.59,37.94,25.753578643763));
#1742 = DIRECTION('',(9.743057409101E-16,1.,9.743057409101E-16));
#1743 = DIRECTION('',(-0.707106781187,0.,0.707106781187));
#1744 = PCURVE('',#434,#1745);
#1745 = DEFINITIONAL_REPRESENTATION('',(#1746),#1750);
#1746 = LINE('',#1747,#1748);
#1747 = CARTESIAN_POINT('',(0.,75.88));
#1748 = VECTOR('',#1749,1.);
#1749 = DIRECTION('',(1.,0.));
#1750 = ( GEOMETRIC_REPRESENTATION_CONTEXT(2) 
PARAMETRIC_REPRESENTATION_CONTEXT() REPRESENTATION_CONTEXT('2D SPACE',''
  ) );
#1751 = PCURVE('',#1752,#1802);
#1752 = ( BOUNDED_SURFACE() B_SPLINE_SURFACE(6,6,(
    (#1753,#1754,#1755,#1756,#1757,#1758,#1759)
    ,(#1760,#1761,#1762,#1763,#1764,#1765,#1766)
    ,(#1767,#1768,#1769,#1770,#1771,#1772,#1773)
    ,(#1774,#1775,#1776,#1777,#1778,#1779,#1780)
    ,(#1781,#1782,#1783,#1784,#1785,#1786,#1787)
    ,(#1788,#1789,#1790,#1791,#1792,#1793,#1794)
    ,(#1795,#1796,#1797,#1798,#1799,#1800,#1801
)),.UNSPECIFIED.,.F.,.F.,.F.) B_SPLINE_SURFACE_WITH_KNOTS((7,7),(7,7),(
    0.,5.890486225481),(81.770486225481,87.660972450962),
.PIECEWISE_BEZIER_KNOTS.) GEOMETRIC_REPRESENTATION_ITEM() 
RATIONAL_B_SPLINE_SURFACE((
    (1.072232817804,1.072232817804,1.072232817804,1.072232817804
      ,1.072232817804,1.072232817804,1.072232817804)
    ,(1.021749326913,1.021749326913,1.021749326913,1.021749326913
      ,1.021749326913,1.021749326913,1.021749326913)
    ,(0.995386527149,0.995386527149,0.995386527149,0.995386527149
      ,0.995386527149,0.995386527149,0.995386527149)
    ,(0.986647331348,0.986647331348,0.986647331348,0.986647331348
      ,0.986647331348,0.986647331348,0.986647331348)
    ,(0.995386527149,0.995386527149,0.995386527149,0.995386527149
      ,0.995386527149,0.995386527149,0.995386527149)
    ,(1.021749326913,1.021749326913,1.021749326913,1.021749326913
      ,1.021749326913,1.021749326913,1.021749326913)
    ,(1.072232817804,1.072232817804,1.072232817804,1.072232817804
      ,1.072232817804,1.072232817804,1.072232817804
))) REPRESENTATION_ITEM('') SURFACE() );
#1753 = CARTESIAN_POINT('',(41.519289321881,37.94,25.824289321881));
#1754 = CARTESIAN_POINT('',(41.519289321881,38.877051463509,
    25.824289321881));
#1755 = CARTESIAN_POINT('',(41.224974924762,39.814038845432,
    25.824289321881));
#1756 = CARTESIAN_POINT('',(40.635879589467,40.635879589467,
    25.824289321881));
#1757 = CARTESIAN_POINT('',(39.814038845432,41.224974924762,
    25.824289321881));
#1758 = CARTESIAN_POINT('',(38.877051463509,41.519289321881,
    25.824289321881));
#1759 = CARTESIAN_POINT('',(37.94,41.519289321881,25.824289321881));
#1760 = CARTESIAN_POINT('',(41.548427839718,37.94,25.853427839718));
#1761 = CARTESIAN_POINT('',(41.548427839718,38.884679874718,
    25.853427839718));
#1762 = CARTESIAN_POINT('',(41.251717468276,39.82929514617,
    25.853427839718));
#1763 = CARTESIAN_POINT('',(40.657826386286,40.657826386286,
    25.853427839718));
#1764 = CARTESIAN_POINT('',(39.82929514617,41.251717468276,
    25.853427839718));
#1765 = CARTESIAN_POINT('',(38.884679874718,41.548427839718,
    25.853427839718));
#1766 = CARTESIAN_POINT('',(37.94,41.548427839718,25.853427839718));
#1767 = CARTESIAN_POINT('',(41.589830757713,37.94,25.866642448902));
#1768 = CARTESIAN_POINT('',(41.589830757713,38.895519083681,
    25.866642448902));
#1769 = CARTESIAN_POINT('',(41.28971594652,39.850972822843,
    25.866642448902));
#1770 = CARTESIAN_POINT('',(40.689010588381,40.689010588381,
    25.866642448902));
#1771 = CARTESIAN_POINT('',(39.850972822843,41.28971594652,
    25.866642448902));
#1772 = CARTESIAN_POINT('',(38.895519083681,41.589830757713,
    25.866642448902));
#1773 = CARTESIAN_POINT('',(37.94,41.589830757713,25.866642448902));
#1774 = CARTESIAN_POINT('',(41.633917785122,37.94,25.859605556234));
#1775 = CARTESIAN_POINT('',(41.633917785122,38.907060987629,
    25.859605556234));
#1776 = CARTESIAN_POINT('',(41.330177827782,39.87405584143,
    25.859605556234));
#1777 = CARTESIAN_POINT('',(40.722216430844,40.722216430844,
    25.859605556234));
#1778 = CARTESIAN_POINT('',(39.87405584143,41.330177827782,
    25.859605556234));
#1779 = CARTESIAN_POINT('',(38.907060987629,41.633917785122,
    25.859605556234));
#1780 = CARTESIAN_POINT('',(37.94,41.633917785122,25.859605556234));
#1781 = CARTESIAN_POINT('',(41.670067855689,37.94,25.833407154715));
#1782 = CARTESIAN_POINT('',(41.670067855689,38.916525010647,
    25.833407154715));
#1783 = CARTESIAN_POINT('',(41.363355384739,39.892983240255,
    25.833407154715));
#1784 = CARTESIAN_POINT('',(40.749444248613,40.749444248613,
    25.833407154715));
#1785 = CARTESIAN_POINT('',(39.892983240255,41.363355384739,
    25.833407154715));
#1786 = CARTESIAN_POINT('',(38.916525010648,41.670067855689,
    25.833407154715));
#1787 = CARTESIAN_POINT('',(37.94,41.670067855689,25.833407154715));
#1788 = CARTESIAN_POINT('',(41.69,37.94,25.794786730874));
#1789 = CARTESIAN_POINT('',(41.69,38.921743209937,25.794786730874));
#1790 = CARTESIAN_POINT('',(41.38164856765,39.903419281981,
    25.794786730874));
#1791 = CARTESIAN_POINT('',(40.764456910678,40.764456910678,
    25.794786730874));
#1792 = CARTESIAN_POINT('',(39.903419281981,41.38164856765,
    25.794786730874));
#1793 = CARTESIAN_POINT('',(38.921743209937,41.69,25.794786730874));
#1794 = CARTESIAN_POINT('',(37.94,41.69,25.794786730874));
#1795 = CARTESIAN_POINT('',(41.69,37.94,25.753578643763));
#1796 = CARTESIAN_POINT('',(41.69,38.921743209937,25.753578643763));
#1797 = CARTESIAN_POINT('',(41.38164856765,39.903419281981,
    25.753578643763));
#1798 = CARTESIAN_POINT('',(40.764456910678,40.764456910678,
    25.753578643763));
#1799 = CARTESIAN_POINT('',(39.903419281981,41.38164856765,
    25.753578643763));
#1800 = CARTESIAN_POINT('',(38.921743209937,41.69,25.753578643763));
#1801 = CARTESIAN_POINT('',(37.94,41.69,25.753578643763));
#1802 = DEFINITIONAL_REPRESENTATION('',(#1803),#1834);
#1803 = B_SPLINE_CURVE_WITH_KNOTS('',8,(#1804,#1805,#1806,#1807,#1808,
    #1809,#1810,#1811,#1812,#1813,#1814,#1815,#1816,#1817,#1818,#1819,
    #1820,#1821,#1822,#1823,#1824,#1825,#1826,#1827,#1828,#1829,#1830,
    #1831,#1832,#1833),.UNSPECIFIED.,.F.,.F.,(9,7,7,7,9),(0.,
    0.589048622548,1.178097245096,1.767145867644,2.356194490192),
  .UNSPECIFIED.);
#1804 = CARTESIAN_POINT('',(0.,81.770486225481));
#1805 = CARTESIAN_POINT('',(0.184087089946,81.770486225481));
#1806 = CARTESIAN_POINT('',(0.368166478448,81.770486225481));
#1807 = CARTESIAN_POINT('',(0.552244538413,81.770486225481));
#1808 = CARTESIAN_POINT('',(0.736318800403,81.770486225481));
#1809 = CARTESIAN_POINT('',(0.920393405027,81.770486225481));
#1810 = CARTESIAN_POINT('',(1.104471349898,81.770486225481));
#1811 = CARTESIAN_POINT('',(1.288547048471,81.770486225481));
#1812 = CARTESIAN_POINT('',(1.65669838765,81.770486225481));
#1813 = CARTESIAN_POINT('',(1.84077431029,81.77048622548));
#1814 = CARTESIAN_POINT('',(2.024861036918,81.770486225482));
#1815 = CARTESIAN_POINT('',(2.208925916495,81.770486225479));
#1816 = CARTESIAN_POINT('',(2.393013418394,81.770486225483));
#1817 = CARTESIAN_POINT('',(2.577086915918,81.77048622548));
#1818 = CARTESIAN_POINT('',(2.761165415527,81.770486225481));
#1819 = CARTESIAN_POINT('',(3.129320809954,81.770486225481));
#1820 = CARTESIAN_POINT('',(3.313399309562,81.770486225481));
#1821 = CARTESIAN_POINT('',(3.497472807088,81.770486225481));
#1822 = CARTESIAN_POINT('',(3.681560308984,81.77048622548));
#1823 = CARTESIAN_POINT('',(3.865625188565,81.770486225482));
#1824 = CARTESIAN_POINT('',(4.049711915189,81.77048622548));
#1825 = CARTESIAN_POINT('',(4.23378783783,81.770486225481));
#1826 = CARTESIAN_POINT('',(4.601939177011,81.77048622548));
#1827 = CARTESIAN_POINT('',(4.786014875584,81.770486225484));
#1828 = CARTESIAN_POINT('',(4.970092820454,81.770486225474));
#1829 = CARTESIAN_POINT('',(5.154167425079,81.770486225489));
#1830 = CARTESIAN_POINT('',(5.338241687068,81.770486225475));
#1831 = CARTESIAN_POINT('',(5.522319747034,81.770486225484));
#1832 = CARTESIAN_POINT('',(5.706399135535,81.77048622548));
#1833 = CARTESIAN_POINT('',(5.890486225481,81.770486225481));
#1834 = ( GEOMETRIC_REPRESENTATION_CONTEXT(2) 
PARAMETRIC_REPRESENTATION_CONTEXT() REPRESENTATION_CONTEXT('2D SPACE',''
  ) );
#1835 = ORIENTED_EDGE('',*,*,#1836,.F.);
#1836 = EDGE_CURVE('',#391,#1736,#1837,.T.);
#1837 = SURFACE_CURVE('',#1838,(#1842,#1849),.PCURVE_S1.);
#1838 = LINE('',#1839,#1840);
#1839 = CARTESIAN_POINT('',(41.519289321881,-37.94,25.824289321881));
#1840 = VECTOR('',#1841,1.);
#1841 = DIRECTION('',(9.743057409101E-16,1.,9.743057409101E-16));
#1842 = PCURVE('',#434,#1843);
#1843 = DEFINITIONAL_REPRESENTATION('',(#1844),#1848);
#1844 = LINE('',#1845,#1846);
#1845 = CARTESIAN_POINT('',(0.,0.));
#1846 = VECTOR('',#1847,1.);
#1847 = DIRECTION('',(0.,1.));
#1848 = ( GEOMETRIC_REPRESENTATION_CONTEXT(2) 
PARAMETRIC_REPRESENTATION_CONTEXT() REPRESENTATION_CONTEXT('2D SPACE',''
  ) );
#1849 = PCURVE('',#1717,#1850);
#1850 = DEFINITIONAL_REPRESENTATION('',(#1851),#1855);
#1851 = LINE('',#1852,#1853);
#1852 = CARTESIAN_POINT('',(0.241421356237,3.75));
#1853 = VECTOR('',#1854,1.);
#1854 = DIRECTION('',(1.972152263053E-31,1.));
#1855 = ( GEOMETRIC_REPRESENTATION_CONTEXT(2) 
PARAMETRIC_REPRESENTATION_CONTEXT() REPRESENTATION_CONTEXT('2D SPACE',''
  ) );
#1856 = ADVANCED_FACE('',(#1857),#502,.T.);
#1857 = FACE_BOUND('',#1858,.F.);
#1858 = EDGE_LOOP('',(#1859,#1884,#1911,#1912));
#1859 = ORIENTED_EDGE('',*,*,#1860,.F.);
#1860 = EDGE_CURVE('',#1861,#1863,#1865,.T.);
#1861 = VERTEX_POINT('',#1862);
#1862 = CARTESIAN_POINT('',(37.94,41.69,4.75));
#1863 = VERTEX_POINT('',#1864);
#1864 = CARTESIAN_POINT('',(37.94,41.69,25.753578643763));
#1865 = SURFACE_CURVE('',#1866,(#1870,#1877),.PCURVE_S1.);
#1866 = LINE('',#1867,#1868);
#1867 = CARTESIAN_POINT('',(37.94,41.69,4.75));
#1868 = VECTOR('',#1869,1.);
#1869 = DIRECTION('',(3.382960341242E-16,0.,1.));
#1870 = PCURVE('',#502,#1871);
#1871 = DEFINITIONAL_REPRESENTATION('',(#1872),#1876);
#1872 = LINE('',#1873,#1874);
#1873 = CARTESIAN_POINT('',(-1.570796326795,0.));
#1874 = VECTOR('',#1875,1.);
#1875 = DIRECTION('',(-0.,-1.));
#1876 = ( GEOMETRIC_REPRESENTATION_CONTEXT(2) 
PARAMETRIC_REPRESENTATION_CONTEXT() REPRESENTATION_CONTEXT('2D SPACE',''
  ) );
#1877 = PCURVE('',#1280,#1878);
#1878 = DEFINITIONAL_REPRESENTATION('',(#1879),#1883);
#1879 = LINE('',#1880,#1881);
#1880 = CARTESIAN_POINT('',(0.,-0.));
#1881 = VECTOR('',#1882,1.);
#1882 = DIRECTION('',(-3.382960341242E-16,-1.));
#1883 = ( GEOMETRIC_REPRESENTATION_CONTEXT(2) 
PARAMETRIC_REPRESENTATION_CONTEXT() REPRESENTATION_CONTEXT('2D SPACE',''
  ) );
#1884 = ORIENTED_EDGE('',*,*,#1885,.F.);
#1885 = EDGE_CURVE('',#485,#1861,#1886,.T.);
#1886 = SURFACE_CURVE('',#1887,(#1892,#1899),.PCURVE_S1.);
#1887 = CIRCLE('',#1888,3.75);
#1888 = AXIS2_PLACEMENT_3D('',#1889,#1890,#1891);
#1889 = CARTESIAN_POINT('',(37.94,37.94,4.75));
#1890 = DIRECTION('',(0.,-0.,1.));
#1891 = DIRECTION('',(1.,1.894780628694E-15,0.));
#1892 = PCURVE('',#502,#1893);
#1893 = DEFINITIONAL_REPRESENTATION('',(#1894),#1898);
#1894 = LINE('',#1895,#1896);
#1895 = CARTESIAN_POINT('',(-0.,0.));
#1896 = VECTOR('',#1897,1.);
#1897 = DIRECTION('',(-1.,0.));
#1898 = ( GEOMETRIC_REPRESENTATION_CONTEXT(2) 
PARAMETRIC_REPRESENTATION_CONTEXT() REPRESENTATION_CONTEXT('2D SPACE',''
  ) );
#1899 = PCURVE('',#1900,#1905);
#1900 = CONICAL_SURFACE('',#1901,3.75,0.785398163397);
#1901 = AXIS2_PLACEMENT_3D('',#1902,#1903,#1904);
#1902 = CARTESIAN_POINT('',(37.94,37.94,4.75));
#1903 = DIRECTION('',(0.,-0.,1.));
#1904 = DIRECTION('',(1.,0.,0.));
#1905 = DEFINITIONAL_REPRESENTATION('',(#1906),#1910);
#1906 = LINE('',#1907,#1908);
#1907 = CARTESIAN_POINT('',(0.,-0.));
#1908 = VECTOR('',#1909,1.);
#1909 = DIRECTION('',(1.,0.));
#1910 = ( GEOMETRIC_REPRESENTATION_CONTEXT(2) 
PARAMETRIC_REPRESENTATION_CONTEXT() REPRESENTATION_CONTEXT('2D SPACE',''
  ) );
#1911 = ORIENTED_EDGE('',*,*,#484,.T.);
#1912 = ORIENTED_EDGE('',*,*,#1913,.T.);
#1913 = EDGE_CURVE('',#487,#1863,#1914,.T.);
#1914 = SURFACE_CURVE('',#1915,(#1923,#1935),.PCURVE_S1.);
#1915 = ( BOUNDED_CURVE() B_SPLINE_CURVE(6,(#1916,#1917,#1918,#1919,
#1920,#1921,#1922),.UNSPECIFIED.,.F.,.F.) B_SPLINE_CURVE_WITH_KNOTS((7,7
),(81.770486225481,87.660972450962),.PIECEWISE_BEZIER_KNOTS.) CURVE() 
GEOMETRIC_REPRESENTATION_ITEM() RATIONAL_B_SPLINE_CURVE((1.072232817804,
    1.072232817804,1.072232817804,1.072232817804,1.072232817804,
1.072232817804,1.072232817804)) REPRESENTATION_ITEM('') );
#1916 = CARTESIAN_POINT('',(41.69,37.94,25.753578643763));
#1917 = CARTESIAN_POINT('',(41.69,38.921743209937,25.753578643763));
#1918 = CARTESIAN_POINT('',(41.38164856765,39.903419281981,
    25.753578643763));
#1919 = CARTESIAN_POINT('',(40.764456910678,40.764456910678,
    25.753578643763));
#1920 = CARTESIAN_POINT('',(39.903419281981,41.38164856765,
    25.753578643763));
#1921 = CARTESIAN_POINT('',(38.921743209937,41.69,25.753578643763));
#1922 = CARTESIAN_POINT('',(37.94,41.69,25.753578643763));
#1923 = PCURVE('',#502,#1924);
#1924 = DEFINITIONAL_REPRESENTATION('',(#1925),#1934);
#1925 = B_SPLINE_CURVE_WITH_KNOTS('',7,(#1926,#1927,#1928,#1929,#1930,
    #1931,#1932,#1933),.UNSPECIFIED.,.F.,.F.,(8,8),(81.770486225481,
    87.660972450962),.PIECEWISE_BEZIER_KNOTS.);
#1926 = CARTESIAN_POINT('',(-2.368302304825E-16,-21.00357864376));
#1927 = CARTESIAN_POINT('',(-0.224398447986,-21.00357864376));
#1928 = CARTESIAN_POINT('',(-0.448781245183,-21.00357864376));
#1929 = CARTESIAN_POINT('',(-0.673245917337,-21.00357864376));
#1930 = CARTESIAN_POINT('',(-0.897550409458,-21.00357864376));
#1931 = CARTESIAN_POINT('',(-1.122015081612,-21.00357864376));
#1932 = CARTESIAN_POINT('',(-1.346397878809,-21.00357864376));
#1933 = CARTESIAN_POINT('',(-1.570796326795,-21.00357864376));
#1934 = ( GEOMETRIC_REPRESENTATION_CONTEXT(2) 
PARAMETRIC_REPRESENTATION_CONTEXT() REPRESENTATION_CONTEXT('2D SPACE',''
  ) );
#1935 = PCURVE('',#1752,#1936);
#1936 = DEFINITIONAL_REPRESENTATION('',(#1937),#1941);
#1937 = LINE('',#1938,#1939);
#1938 = CARTESIAN_POINT('',(5.890486225481,0.));
#1939 = VECTOR('',#1940,1.);
#1940 = DIRECTION('',(0.,1.));
#1941 = ( GEOMETRIC_REPRESENTATION_CONTEXT(2) 
PARAMETRIC_REPRESENTATION_CONTEXT() REPRESENTATION_CONTEXT('2D SPACE',''
  ) );
#1942 = ADVANCED_FACE('',(#1943),#579,.T.);
#1943 = FACE_BOUND('',#1944,.T.);
#1944 = EDGE_LOOP('',(#1945,#1946,#1947,#1975));
#1945 = ORIENTED_EDGE('',*,*,#565,.F.);
#1946 = ORIENTED_EDGE('',*,*,#669,.F.);
#1947 = ORIENTED_EDGE('',*,*,#1948,.T.);
#1948 = EDGE_CURVE('',#641,#1949,#1951,.T.);
#1949 = VERTEX_POINT('',#1950);
#1950 = CARTESIAN_POINT('',(39.54,-4.06,2.6));
#1951 = SURFACE_CURVE('',#1952,(#1956,#1963),.PCURVE_S1.);
#1952 = LINE('',#1953,#1954);
#1953 = CARTESIAN_POINT('',(39.54,-41.69,2.6));
#1954 = VECTOR('',#1955,1.);
#1955 = DIRECTION('',(4.191942285976E-16,1.,4.191942285976E-16));
#1956 = PCURVE('',#579,#1957);
#1957 = DEFINITIONAL_REPRESENTATION('',(#1958),#1962);
#1958 = LINE('',#1959,#1960);
#1959 = CARTESIAN_POINT('',(3.040559159102,-1.80253518297E-15));
#1960 = VECTOR('',#1961,1.);
#1961 = DIRECTION('',(0.,1.));
#1962 = ( GEOMETRIC_REPRESENTATION_CONTEXT(2) 
PARAMETRIC_REPRESENTATION_CONTEXT() REPRESENTATION_CONTEXT('2D SPACE',''
  ) );
#1963 = PCURVE('',#1964,#1969);
#1964 = PLANE('',#1965);
#1965 = AXIS2_PLACEMENT_3D('',#1966,#1967,#1968);
#1966 = CARTESIAN_POINT('',(39.54,-41.69,2.6));
#1967 = DIRECTION('',(1.,-0.,2.264309857544E-28));
#1968 = DIRECTION('',(2.264309857544E-28,2.264309857544E-28,-1.));
#1969 = DEFINITIONAL_REPRESENTATION('',(#1970),#1974);
#1970 = LINE('',#1971,#1972);
#1971 = CARTESIAN_POINT('',(0.,0.));
#1972 = VECTOR('',#1973,1.);
#1973 = DIRECTION('',(-4.191942285974E-16,1.));
#1974 = ( GEOMETRIC_REPRESENTATION_CONTEXT(2) 
PARAMETRIC_REPRESENTATION_CONTEXT() REPRESENTATION_CONTEXT('2D SPACE',''
  ) );
#1975 = ORIENTED_EDGE('',*,*,#1976,.F.);
#1976 = EDGE_CURVE('',#543,#1949,#1977,.T.);
#1977 = SURFACE_CURVE('',#1978,(#1982,#1989),.PCURVE_S1.);
#1978 = LINE('',#1979,#1980);
#1979 = CARTESIAN_POINT('',(41.69,-4.06,4.75));
#1980 = VECTOR('',#1981,1.);
#1981 = DIRECTION('',(-0.707106781187,5.928301633513E-16,-0.707106781187
    ));
#1982 = PCURVE('',#579,#1983);
#1983 = DEFINITIONAL_REPRESENTATION('',(#1984),#1988);
#1984 = LINE('',#1985,#1986);
#1985 = CARTESIAN_POINT('',(1.582978592282E-15,37.63));
#1986 = VECTOR('',#1987,1.);
#1987 = DIRECTION('',(1.,0.));
#1988 = ( GEOMETRIC_REPRESENTATION_CONTEXT(2) 
PARAMETRIC_REPRESENTATION_CONTEXT() REPRESENTATION_CONTEXT('2D SPACE',''
  ) );
#1989 = PCURVE('',#1108,#1990);
#1990 = DEFINITIONAL_REPRESENTATION('',(#1991),#1995);
#1991 = LINE('',#1992,#1993);
#1992 = CARTESIAN_POINT('',(0.,0.));
#1993 = VECTOR('',#1994,1.);
#1994 = DIRECTION('',(-0.,-1.));
#1995 = ( GEOMETRIC_REPRESENTATION_CONTEXT(2) 
PARAMETRIC_REPRESENTATION_CONTEXT() REPRESENTATION_CONTEXT('2D SPACE',''
  ) );
#1996 = ADVANCED_FACE('',(#1997),#530,.T.);
#1997 = FACE_BOUND('',#1998,.T.);
#1998 = EDGE_LOOP('',(#1999,#2000,#2023,#2051));
#1999 = ORIENTED_EDGE('',*,*,#514,.F.);
#2000 = ORIENTED_EDGE('',*,*,#2001,.F.);
#2001 = EDGE_CURVE('',#2002,#515,#2004,.T.);
#2002 = VERTEX_POINT('',#2003);
#2003 = CARTESIAN_POINT('',(39.54,4.06,2.6));
#2004 = SURFACE_CURVE('',#2005,(#2009,#2016),.PCURVE_S1.);
#2005 = LINE('',#2006,#2007);
#2006 = CARTESIAN_POINT('',(41.69,4.06,4.75));
#2007 = VECTOR('',#2008,1.);
#2008 = DIRECTION('',(0.707106781187,-6.713347862853E-16,0.707106781187)
  );
#2009 = PCURVE('',#530,#2010);
#2010 = DEFINITIONAL_REPRESENTATION('',(#2011),#2015);
#2011 = LINE('',#2012,#2013);
#2012 = CARTESIAN_POINT('',(-2.890348213268E-16,3.75));
#2013 = VECTOR('',#2014,1.);
#2014 = DIRECTION('',(-1.,-7.850462293403E-17));
#2015 = ( GEOMETRIC_REPRESENTATION_CONTEXT(2) 
PARAMETRIC_REPRESENTATION_CONTEXT() REPRESENTATION_CONTEXT('2D SPACE',''
  ) );
#2016 = PCURVE('',#1138,#2017);
#2017 = DEFINITIONAL_REPRESENTATION('',(#2018),#2022);
#2018 = LINE('',#2019,#2020);
#2019 = CARTESIAN_POINT('',(1.570796326795,0.));
#2020 = VECTOR('',#2021,1.);
#2021 = DIRECTION('',(0.,1.));
#2022 = ( GEOMETRIC_REPRESENTATION_CONTEXT(2) 
PARAMETRIC_REPRESENTATION_CONTEXT() REPRESENTATION_CONTEXT('2D SPACE',''
  ) );
#2023 = ORIENTED_EDGE('',*,*,#2024,.T.);
#2024 = EDGE_CURVE('',#2002,#2025,#2027,.T.);
#2025 = VERTEX_POINT('',#2026);
#2026 = CARTESIAN_POINT('',(39.54,37.94,2.6));
#2027 = SURFACE_CURVE('',#2028,(#2032,#2039),.PCURVE_S1.);
#2028 = LINE('',#2029,#2030);
#2029 = CARTESIAN_POINT('',(39.54,0.31,2.6));
#2030 = VECTOR('',#2031,1.);
#2031 = DIRECTION('',(4.191942285976E-16,1.,4.191942285976E-16));
#2032 = PCURVE('',#530,#2033);
#2033 = DEFINITIONAL_REPRESENTATION('',(#2034),#2038);
#2034 = LINE('',#2035,#2036);
#2035 = CARTESIAN_POINT('',(3.040559159102,1.750178495831E-15));
#2036 = VECTOR('',#2037,1.);
#2037 = DIRECTION('',(0.,1.));
#2038 = ( GEOMETRIC_REPRESENTATION_CONTEXT(2) 
PARAMETRIC_REPRESENTATION_CONTEXT() REPRESENTATION_CONTEXT('2D SPACE',''
  ) );
#2039 = PCURVE('',#2040,#2045);
#2040 = PLANE('',#2041);
#2041 = AXIS2_PLACEMENT_3D('',#2042,#2043,#2044);
#2042 = CARTESIAN_POINT('',(39.54,0.31,2.6));
#2043 = DIRECTION('',(1.,-0.,2.264309857544E-28));
#2044 = DIRECTION('',(2.264309857544E-28,2.264309857544E-28,-1.));
#2045 = DEFINITIONAL_REPRESENTATION('',(#2046),#2050);
#2046 = LINE('',#2047,#2048);
#2047 = CARTESIAN_POINT('',(8.04444460394E-43,3.552713678801E-15));
#2048 = VECTOR('',#2049,1.);
#2049 = DIRECTION('',(-4.191942285974E-16,1.));
#2050 = ( GEOMETRIC_REPRESENTATION_CONTEXT(2) 
PARAMETRIC_REPRESENTATION_CONTEXT() REPRESENTATION_CONTEXT('2D SPACE',''
  ) );
#2051 = ORIENTED_EDGE('',*,*,#2052,.F.);
#2052 = EDGE_CURVE('',#485,#2025,#2053,.T.);
#2053 = SURFACE_CURVE('',#2054,(#2058,#2065),.PCURVE_S1.);
#2054 = LINE('',#2055,#2056);
#2055 = CARTESIAN_POINT('',(41.69,37.94,4.75));
#2056 = VECTOR('',#2057,1.);
#2057 = DIRECTION('',(-0.707106781187,5.928301633513E-16,-0.707106781187
    ));
#2058 = PCURVE('',#530,#2059);
#2059 = DEFINITIONAL_REPRESENTATION('',(#2060),#2064);
#2060 = LINE('',#2061,#2062);
#2061 = CARTESIAN_POINT('',(1.582978592282E-15,37.63));
#2062 = VECTOR('',#2063,1.);
#2063 = DIRECTION('',(1.,0.));
#2064 = ( GEOMETRIC_REPRESENTATION_CONTEXT(2) 
PARAMETRIC_REPRESENTATION_CONTEXT() REPRESENTATION_CONTEXT('2D SPACE',''
  ) );
#2065 = PCURVE('',#1900,#2066);
#2066 = DEFINITIONAL_REPRESENTATION('',(#2067),#2071);
#2067 = LINE('',#2068,#2069);
#2068 = CARTESIAN_POINT('',(0.,0.));
#2069 = VECTOR('',#2070,1.);
#2070 = DIRECTION('',(-0.,-1.));
#2071 = ( GEOMETRIC_REPRESENTATION_CONTEXT(2) 
PARAMETRIC_REPRESENTATION_CONTEXT() REPRESENTATION_CONTEXT('2D SPACE',''
  ) );
#2072 = ADVANCED_FACE('',(#2073),#657,.T.);
#2073 = FACE_BOUND('',#2074,.T.);
#2074 = EDGE_LOOP('',(#2075,#2076,#2099,#2128));
#2075 = ORIENTED_EDGE('',*,*,#640,.F.);
#2076 = ORIENTED_EDGE('',*,*,#2077,.F.);
#2077 = EDGE_CURVE('',#2078,#618,#2080,.T.);
#2078 = VERTEX_POINT('',#2079);
#2079 = CARTESIAN_POINT('',(37.94,-39.54,0.8));
#2080 = SURFACE_CURVE('',#2081,(#2085,#2092),.PCURVE_S1.);
#2081 = LINE('',#2082,#2083);
#2082 = CARTESIAN_POINT('',(37.94,-39.54,2.6));
#2083 = VECTOR('',#2084,1.);
#2084 = DIRECTION('',(-0.,0.,1.));
#2085 = PCURVE('',#657,#2086);
#2086 = DEFINITIONAL_REPRESENTATION('',(#2087),#2091);
#2087 = LINE('',#2088,#2089);
#2088 = CARTESIAN_POINT('',(0.,0.));
#2089 = VECTOR('',#2090,1.);
#2090 = DIRECTION('',(0.,1.));
#2091 = ( GEOMETRIC_REPRESENTATION_CONTEXT(2) 
PARAMETRIC_REPRESENTATION_CONTEXT() REPRESENTATION_CONTEXT('2D SPACE',''
  ) );
#2092 = PCURVE('',#1635,#2093);
#2093 = DEFINITIONAL_REPRESENTATION('',(#2094),#2098);
#2094 = LINE('',#2095,#2096);
#2095 = CARTESIAN_POINT('',(8.520597993939E-27,37.63));
#2096 = VECTOR('',#2097,1.);
#2097 = DIRECTION('',(-1.,2.264309857544E-28));
#2098 = ( GEOMETRIC_REPRESENTATION_CONTEXT(2) 
PARAMETRIC_REPRESENTATION_CONTEXT() REPRESENTATION_CONTEXT('2D SPACE',''
  ) );
#2099 = ORIENTED_EDGE('',*,*,#2100,.T.);
#2100 = EDGE_CURVE('',#2078,#2101,#2103,.T.);
#2101 = VERTEX_POINT('',#2102);
#2102 = CARTESIAN_POINT('',(39.54,-37.94,0.8));
#2103 = SURFACE_CURVE('',#2104,(#2109,#2116),.PCURVE_S1.);
#2104 = CIRCLE('',#2105,1.6);
#2105 = AXIS2_PLACEMENT_3D('',#2106,#2107,#2108);
#2106 = CARTESIAN_POINT('',(37.94,-37.94,0.8));
#2107 = DIRECTION('',(0.,0.,1.));
#2108 = DIRECTION('',(-2.22044604925E-15,-1.,0.));
#2109 = PCURVE('',#657,#2110);
#2110 = DEFINITIONAL_REPRESENTATION('',(#2111),#2115);
#2111 = LINE('',#2112,#2113);
#2112 = CARTESIAN_POINT('',(0.,-1.8));
#2113 = VECTOR('',#2114,1.);
#2114 = DIRECTION('',(1.,0.));
#2115 = ( GEOMETRIC_REPRESENTATION_CONTEXT(2) 
PARAMETRIC_REPRESENTATION_CONTEXT() REPRESENTATION_CONTEXT('2D SPACE',''
  ) );
#2116 = PCURVE('',#2117,#2122);
#2117 = CONICAL_SURFACE('',#2118,1.6,0.785398163397);
#2118 = AXIS2_PLACEMENT_3D('',#2119,#2120,#2121);
#2119 = CARTESIAN_POINT('',(37.94,-37.94,0.8));
#2120 = DIRECTION('',(-0.,0.,1.));
#2121 = DIRECTION('',(-2.22044604925E-15,-1.,0.));
#2122 = DEFINITIONAL_REPRESENTATION('',(#2123),#2127);
#2123 = LINE('',#2124,#2125);
#2124 = CARTESIAN_POINT('',(0.,-0.));
#2125 = VECTOR('',#2126,1.);
#2126 = DIRECTION('',(1.,0.));
#2127 = ( GEOMETRIC_REPRESENTATION_CONTEXT(2) 
PARAMETRIC_REPRESENTATION_CONTEXT() REPRESENTATION_CONTEXT('2D SPACE',''
  ) );
#2128 = ORIENTED_EDGE('',*,*,#2129,.T.);
#2129 = EDGE_CURVE('',#2101,#641,#2130,.T.);
#2130 = SURFACE_CURVE('',#2131,(#2135,#2142),.PCURVE_S1.);
#2131 = LINE('',#2132,#2133);
#2132 = CARTESIAN_POINT('',(39.54,-37.94,2.6));
#2133 = VECTOR('',#2134,1.);
#2134 = DIRECTION('',(-0.,0.,1.));
#2135 = PCURVE('',#657,#2136);
#2136 = DEFINITIONAL_REPRESENTATION('',(#2137),#2141);
#2137 = LINE('',#2138,#2139);
#2138 = CARTESIAN_POINT('',(1.570796326795,0.));
#2139 = VECTOR('',#2140,1.);
#2140 = DIRECTION('',(0.,1.));
#2141 = ( GEOMETRIC_REPRESENTATION_CONTEXT(2) 
PARAMETRIC_REPRESENTATION_CONTEXT() REPRESENTATION_CONTEXT('2D SPACE',''
  ) );
#2142 = PCURVE('',#1964,#2143);
#2143 = DEFINITIONAL_REPRESENTATION('',(#2144),#2148);
#2144 = LINE('',#2145,#2146);
#2145 = CARTESIAN_POINT('',(8.491161965791E-28,3.75));
#2146 = VECTOR('',#2147,1.);
#2147 = DIRECTION('',(-1.,2.264309857544E-28));
#2148 = ( GEOMETRIC_REPRESENTATION_CONTEXT(2) 
PARAMETRIC_REPRESENTATION_CONTEXT() REPRESENTATION_CONTEXT('2D SPACE',''
  ) );
#2149 = ADVANCED_FACE('',(#2150),#711,.F.);
#2150 = FACE_BOUND('',#2151,.F.);
#2151 = EDGE_LOOP('',(#2152,#2182,#2208,#2209,#2235,#2236));
#2152 = ORIENTED_EDGE('',*,*,#2153,.F.);
#2153 = EDGE_CURVE('',#2154,#2156,#2158,.T.);
#2154 = VERTEX_POINT('',#2155);
#2155 = CARTESIAN_POINT('',(-41.69,37.94,25.753578643763));
#2156 = VERTEX_POINT('',#2157);
#2157 = CARTESIAN_POINT('',(-41.69,37.94,4.75));
#2158 = SURFACE_CURVE('',#2159,(#2163,#2170),.PCURVE_S1.);
#2159 = LINE('',#2160,#2161);
#2160 = CARTESIAN_POINT('',(-41.69,37.94,25.753578643763));
#2161 = VECTOR('',#2162,1.);
#2162 = DIRECTION('',(0.,-3.382960341242E-16,-1.));
#2163 = PCURVE('',#711,#2164);
#2164 = DEFINITIONAL_REPRESENTATION('',(#2165),#2169);
#2165 = LINE('',#2166,#2167);
#2166 = CARTESIAN_POINT('',(-7.105427357601E-15,-21.00357864376));
#2167 = VECTOR('',#2168,1.);
#2168 = DIRECTION('',(3.382960341242E-16,1.));
#2169 = ( GEOMETRIC_REPRESENTATION_CONTEXT(2) 
PARAMETRIC_REPRESENTATION_CONTEXT() REPRESENTATION_CONTEXT('2D SPACE',''
  ) );
#2170 = PCURVE('',#2171,#2176);
#2171 = CYLINDRICAL_SURFACE('',#2172,3.75);
#2172 = AXIS2_PLACEMENT_3D('',#2173,#2174,#2175);
#2173 = CARTESIAN_POINT('',(-37.94,37.94,4.75));
#2174 = DIRECTION('',(-0.,-0.,-1.));
#2175 = DIRECTION('',(-1.894780628694E-15,1.,0.));
#2176 = DEFINITIONAL_REPRESENTATION('',(#2177),#2181);
#2177 = LINE('',#2178,#2179);
#2178 = CARTESIAN_POINT('',(-1.570796326795,-21.00357864376));
#2179 = VECTOR('',#2180,1.);
#2180 = DIRECTION('',(0.,1.));
#2181 = ( GEOMETRIC_REPRESENTATION_CONTEXT(2) 
PARAMETRIC_REPRESENTATION_CONTEXT() REPRESENTATION_CONTEXT('2D SPACE',''
  ) );
#2182 = ORIENTED_EDGE('',*,*,#2183,.T.);
#2183 = EDGE_CURVE('',#2154,#694,#2184,.T.);
#2184 = SURFACE_CURVE('',#2185,(#2189,#2196),.PCURVE_S1.);
#2185 = LINE('',#2186,#2187);
#2186 = CARTESIAN_POINT('',(-41.69,37.94,25.753578643763));
#2187 = VECTOR('',#2188,1.);
#2188 = DIRECTION('',(-9.743057409101E-16,-1.,9.743057409101E-16));
#2189 = PCURVE('',#711,#2190);
#2190 = DEFINITIONAL_REPRESENTATION('',(#2191),#2195);
#2191 = LINE('',#2192,#2193);
#2192 = CARTESIAN_POINT('',(-7.105427357601E-15,-21.00357864376));
#2193 = VECTOR('',#2194,1.);
#2194 = DIRECTION('',(1.,-9.743057409101E-16));
#2195 = ( GEOMETRIC_REPRESENTATION_CONTEXT(2) 
PARAMETRIC_REPRESENTATION_CONTEXT() REPRESENTATION_CONTEXT('2D SPACE',''
  ) );
#2196 = PCURVE('',#2197,#2202);
#2197 = CYLINDRICAL_SURFACE('',#2198,0.1);
#2198 = AXIS2_PLACEMENT_3D('',#2199,#2200,#2201);
#2199 = CARTESIAN_POINT('',(-41.59,37.94,25.753578643763));
#2200 = DIRECTION('',(-9.743057409101E-16,-1.,9.743057409101E-16));
#2201 = DIRECTION('',(0.707106781187,0.,0.707106781187));
#2202 = DEFINITIONAL_REPRESENTATION('',(#2203),#2207);
#2203 = LINE('',#2204,#2205);
#2204 = CARTESIAN_POINT('',(2.356194490192,0.));
#2205 = VECTOR('',#2206,1.);
#2206 = DIRECTION('',(0.,1.));
#2207 = ( GEOMETRIC_REPRESENTATION_CONTEXT(2) 
PARAMETRIC_REPRESENTATION_CONTEXT() REPRESENTATION_CONTEXT('2D SPACE',''
  ) );
#2208 = ORIENTED_EDGE('',*,*,#693,.T.);
#2209 = ORIENTED_EDGE('',*,*,#2210,.F.);
#2210 = EDGE_CURVE('',#1436,#696,#2211,.T.);
#2211 = SURFACE_CURVE('',#2212,(#2216,#2223),.PCURVE_S1.);
#2212 = LINE('',#2213,#2214);
#2213 = CARTESIAN_POINT('',(-41.69,41.69,4.75));
#2214 = VECTOR('',#2215,1.);
#2215 = DIRECTION('',(0.,-1.,-0.));
#2216 = PCURVE('',#711,#2217);
#2217 = DEFINITIONAL_REPRESENTATION('',(#2218),#2222);
#2218 = LINE('',#2219,#2220);
#2219 = CARTESIAN_POINT('',(-3.75,0.));
#2220 = VECTOR('',#2221,1.);
#2221 = DIRECTION('',(1.,0.));
#2222 = ( GEOMETRIC_REPRESENTATION_CONTEXT(2) 
PARAMETRIC_REPRESENTATION_CONTEXT() REPRESENTATION_CONTEXT('2D SPACE',''
  ) );
#2223 = PCURVE('',#2224,#2229);
#2224 = PLANE('',#2225);
#2225 = AXIS2_PLACEMENT_3D('',#2226,#2227,#2228);
#2226 = CARTESIAN_POINT('',(-41.69,-0.31,4.75));
#2227 = DIRECTION('',(-0.707106781187,-0.,-0.707106781187));
#2228 = DIRECTION('',(0.707106781187,-5.928301633513E-16,-0.707106781187
    ));
#2229 = DEFINITIONAL_REPRESENTATION('',(#2230),#2234);
#2230 = LINE('',#2231,#2232);
#2231 = CARTESIAN_POINT('',(-2.489886686075E-14,-42.));
#2232 = VECTOR('',#2233,1.);
#2233 = DIRECTION('',(5.928301633513E-16,1.));
#2234 = ( GEOMETRIC_REPRESENTATION_CONTEXT(2) 
PARAMETRIC_REPRESENTATION_CONTEXT() REPRESENTATION_CONTEXT('2D SPACE',''
  ) );
#2235 = ORIENTED_EDGE('',*,*,#1435,.F.);
#2236 = ORIENTED_EDGE('',*,*,#2237,.F.);
#2237 = EDGE_CURVE('',#2156,#1407,#2238,.T.);
#2238 = SURFACE_CURVE('',#2239,(#2243,#2250),.PCURVE_S1.);
#2239 = LINE('',#2240,#2241);
#2240 = CARTESIAN_POINT('',(-41.69,41.69,4.75));
#2241 = VECTOR('',#2242,1.);
#2242 = DIRECTION('',(0.,-1.,-0.));
#2243 = PCURVE('',#711,#2244);
#2244 = DEFINITIONAL_REPRESENTATION('',(#2245),#2249);
#2245 = LINE('',#2246,#2247);
#2246 = CARTESIAN_POINT('',(-3.75,0.));
#2247 = VECTOR('',#2248,1.);
#2248 = DIRECTION('',(1.,0.));
#2249 = ( GEOMETRIC_REPRESENTATION_CONTEXT(2) 
PARAMETRIC_REPRESENTATION_CONTEXT() REPRESENTATION_CONTEXT('2D SPACE',''
  ) );
#2250 = PCURVE('',#2251,#2256);
#2251 = PLANE('',#2252);
#2252 = AXIS2_PLACEMENT_3D('',#2253,#2254,#2255);
#2253 = CARTESIAN_POINT('',(-41.69,41.69,4.75));
#2254 = DIRECTION('',(-0.707106781187,-0.,-0.707106781187));
#2255 = DIRECTION('',(0.707106781187,-5.928301633513E-16,-0.707106781187
    ));
#2256 = DEFINITIONAL_REPRESENTATION('',(#2257),#2261);
#2257 = LINE('',#2258,#2259);
#2258 = CARTESIAN_POINT('',(0.,0.));
#2259 = VECTOR('',#2260,1.);
#2260 = DIRECTION('',(5.928301633513E-16,1.));
#2261 = ( GEOMETRIC_REPRESENTATION_CONTEXT(2) 
PARAMETRIC_REPRESENTATION_CONTEXT() REPRESENTATION_CONTEXT('2D SPACE',''
  ) );
#2262 = ADVANCED_FACE('',(#2263),#746,.T.);
#2263 = FACE_BOUND('',#2264,.T.);
#2264 = EDGE_LOOP('',(#2265,#2316,#2317,#2318));
#2265 = ORIENTED_EDGE('',*,*,#2266,.T.);
#2266 = EDGE_CURVE('',#2267,#694,#2269,.T.);
#2267 = VERTEX_POINT('',#2268);
#2268 = CARTESIAN_POINT('',(-41.51928932188,-37.94,25.824289321881));
#2269 = SURFACE_CURVE('',#2270,(#2275,#2309),.PCURVE_S1.);
#2270 = CIRCLE('',#2271,0.1);
#2271 = AXIS2_PLACEMENT_3D('',#2272,#2273,#2274);
#2272 = CARTESIAN_POINT('',(-41.59,-37.94,25.753578643763));
#2273 = DIRECTION('',(-9.743057409101E-16,-1.,9.743057409101E-16));
#2274 = DIRECTION('',(0.707106781187,0.,0.707106781187));
#2275 = PCURVE('',#746,#2276);
#2276 = DEFINITIONAL_REPRESENTATION('',(#2277),#2308);
#2277 = B_SPLINE_CURVE_WITH_KNOTS('',8,(#2278,#2279,#2280,#2281,#2282,
    #2283,#2284,#2285,#2286,#2287,#2288,#2289,#2290,#2291,#2292,#2293,
    #2294,#2295,#2296,#2297,#2298,#2299,#2300,#2301,#2302,#2303,#2304,
    #2305,#2306,#2307),.UNSPECIFIED.,.F.,.F.,(9,7,7,7,9),(0.,
    0.589048622548,1.178097245096,1.767145867644,2.356194490192),
  .UNSPECIFIED.);
#2278 = CARTESIAN_POINT('',(0.,245.31145867644));
#2279 = CARTESIAN_POINT('',(0.184087089946,245.31145867644));
#2280 = CARTESIAN_POINT('',(0.368166478449,245.31145867644));
#2281 = CARTESIAN_POINT('',(0.552244538412,245.31145867644));
#2282 = CARTESIAN_POINT('',(0.736318800403,245.31145867644));
#2283 = CARTESIAN_POINT('',(0.920393405028,245.31145867644));
#2284 = CARTESIAN_POINT('',(1.104471349898,245.31145867644));
#2285 = CARTESIAN_POINT('',(1.288547048471,245.31145867644));
#2286 = CARTESIAN_POINT('',(1.65669838765,245.31145867644));
#2287 = CARTESIAN_POINT('',(1.84077431029,245.31145867643));
#2288 = CARTESIAN_POINT('',(2.024861036919,245.31145867645));
#2289 = CARTESIAN_POINT('',(2.208925916494,245.31145867642));
#2290 = CARTESIAN_POINT('',(2.393013418395,245.31145867645));
#2291 = CARTESIAN_POINT('',(2.577086915918,245.31145867643));
#2292 = CARTESIAN_POINT('',(2.761165415527,245.31145867644));
#2293 = CARTESIAN_POINT('',(3.129320809954,245.31145867644));
#2294 = CARTESIAN_POINT('',(3.313399309562,245.31145867644));
#2295 = CARTESIAN_POINT('',(3.497472807088,245.31145867643));
#2296 = CARTESIAN_POINT('',(3.681560308983,245.31145867644));
#2297 = CARTESIAN_POINT('',(3.865625188566,245.31145867643));
#2298 = CARTESIAN_POINT('',(4.049711915189,245.31145867644));
#2299 = CARTESIAN_POINT('',(4.23378783783,245.31145867644));
#2300 = CARTESIAN_POINT('',(4.601939177011,245.31145867644));
#2301 = CARTESIAN_POINT('',(4.786014875584,245.31145867644));
#2302 = CARTESIAN_POINT('',(4.970092820454,245.31145867643));
#2303 = CARTESIAN_POINT('',(5.154167425079,245.31145867645));
#2304 = CARTESIAN_POINT('',(5.338241687069,245.31145867643));
#2305 = CARTESIAN_POINT('',(5.522319747034,245.31145867644));
#2306 = CARTESIAN_POINT('',(5.706399135535,245.31145867644));
#2307 = CARTESIAN_POINT('',(5.890486225481,245.31145867644));
#2308 = ( GEOMETRIC_REPRESENTATION_CONTEXT(2) 
PARAMETRIC_REPRESENTATION_CONTEXT() REPRESENTATION_CONTEXT('2D SPACE',''
  ) );
#2309 = PCURVE('',#2197,#2310);
#2310 = DEFINITIONAL_REPRESENTATION('',(#2311),#2315);
#2311 = LINE('',#2312,#2313);
#2312 = CARTESIAN_POINT('',(0.,75.88));
#2313 = VECTOR('',#2314,1.);
#2314 = DIRECTION('',(1.,0.));
#2315 = ( GEOMETRIC_REPRESENTATION_CONTEXT(2) 
PARAMETRIC_REPRESENTATION_CONTEXT() REPRESENTATION_CONTEXT('2D SPACE',''
  ) );
#2316 = ORIENTED_EDGE('',*,*,#723,.T.);
#2317 = ORIENTED_EDGE('',*,*,#834,.F.);
#2318 = ORIENTED_EDGE('',*,*,#2319,.F.);
#2319 = EDGE_CURVE('',#2267,#835,#2320,.T.);
#2320 = SURFACE_CURVE('',#2321,(#2329,#2336),.PCURVE_S1.);
#2321 = ( BOUNDED_CURVE() B_SPLINE_CURVE(6,(#2322,#2323,#2324,#2325,
#2326,#2327,#2328),.UNSPECIFIED.,.F.,.F.) B_SPLINE_CURVE_WITH_KNOTS((7,7
),(245.31145867644,251.20194490192),.PIECEWISE_BEZIER_KNOTS.) CURVE() 
GEOMETRIC_REPRESENTATION_ITEM() RATIONAL_B_SPLINE_CURVE((1.072232817804,
    1.072232817804,1.072232817804,1.072232817804,1.072232817804,
1.072232817804,1.072232817804)) REPRESENTATION_ITEM('') );
#2322 = CARTESIAN_POINT('',(-41.51928932188,-37.94,25.824289321881));
#2323 = CARTESIAN_POINT('',(-41.51928932188,-38.8770514635,
    25.824289321881));
#2324 = CARTESIAN_POINT('',(-41.22497492476,-39.81403884543,
    25.824289321881));
#2325 = CARTESIAN_POINT('',(-40.63587958946,-40.63587958946,
    25.824289321881));
#2326 = CARTESIAN_POINT('',(-39.81403884543,-41.22497492476,
    25.824289321881));
#2327 = CARTESIAN_POINT('',(-38.8770514635,-41.51928932188,
    25.824289321881));
#2328 = CARTESIAN_POINT('',(-37.94,-41.51928932188,25.824289321881));
#2329 = PCURVE('',#746,#2330);
#2330 = DEFINITIONAL_REPRESENTATION('',(#2331),#2335);
#2331 = LINE('',#2332,#2333);
#2332 = CARTESIAN_POINT('',(0.,0.));
#2333 = VECTOR('',#2334,1.);
#2334 = DIRECTION('',(0.,1.));
#2335 = ( GEOMETRIC_REPRESENTATION_CONTEXT(2) 
PARAMETRIC_REPRESENTATION_CONTEXT() REPRESENTATION_CONTEXT('2D SPACE',''
  ) );
#2336 = PCURVE('',#2337,#2342);
#2337 = CONICAL_SURFACE('',#2338,3.75,0.785398163397);
#2338 = AXIS2_PLACEMENT_3D('',#2339,#2340,#2341);
#2339 = CARTESIAN_POINT('',(-37.94,-37.94,25.995));
#2340 = DIRECTION('',(0.,0.,1.));
#2341 = DIRECTION('',(-1.,0.,0.));
#2342 = DEFINITIONAL_REPRESENTATION('',(#2343),#2352);
#2343 = B_SPLINE_CURVE_WITH_KNOTS('',7,(#2344,#2345,#2346,#2347,#2348,
    #2349,#2350,#2351),.UNSPECIFIED.,.F.,.F.,(8,8),(245.31145867644,
    251.20194490192),.PIECEWISE_BEZIER_KNOTS.);
#2344 = CARTESIAN_POINT('',(-8.145105134783E-17,-0.170710678119));
#2345 = CARTESIAN_POINT('',(0.224398447986,-0.170710678119));
#2346 = CARTESIAN_POINT('',(0.448781245183,-0.170710678119));
#2347 = CARTESIAN_POINT('',(0.673245917337,-0.170710678119));
#2348 = CARTESIAN_POINT('',(0.897550409458,-0.170710678119));
#2349 = CARTESIAN_POINT('',(1.122015081612,-0.170710678119));
#2350 = CARTESIAN_POINT('',(1.346397878809,-0.170710678119));
#2351 = CARTESIAN_POINT('',(1.570796326795,-0.170710678119));
#2352 = ( GEOMETRIC_REPRESENTATION_CONTEXT(2) 
PARAMETRIC_REPRESENTATION_CONTEXT() REPRESENTATION_CONTEXT('2D SPACE',''
  ) );
#2353 = ADVANCED_FACE('',(#2354),#819,.T.);
#2354 = FACE_BOUND('',#2355,.T.);
#2355 = EDGE_LOOP('',(#2356,#2357,#2380,#2407));
#2356 = ORIENTED_EDGE('',*,*,#804,.F.);
#2357 = ORIENTED_EDGE('',*,*,#2358,.T.);
#2358 = EDGE_CURVE('',#696,#2359,#2361,.T.);
#2359 = VERTEX_POINT('',#2360);
#2360 = CARTESIAN_POINT('',(-39.54,-37.94,2.6));
#2361 = SURFACE_CURVE('',#2362,(#2366,#2373),.PCURVE_S1.);
#2362 = LINE('',#2363,#2364);
#2363 = CARTESIAN_POINT('',(-41.69,-37.94,4.75));
#2364 = VECTOR('',#2365,1.);
#2365 = DIRECTION('',(0.707106781187,-5.928301633513E-16,-0.707106781187
    ));
#2366 = PCURVE('',#819,#2367);
#2367 = DEFINITIONAL_REPRESENTATION('',(#2368),#2372);
#2368 = LINE('',#2369,#2370);
#2369 = CARTESIAN_POINT('',(0.,0.));
#2370 = VECTOR('',#2371,1.);
#2371 = DIRECTION('',(-0.,-1.));
#2372 = ( GEOMETRIC_REPRESENTATION_CONTEXT(2) 
PARAMETRIC_REPRESENTATION_CONTEXT() REPRESENTATION_CONTEXT('2D SPACE',''
  ) );
#2373 = PCURVE('',#2224,#2374);
#2374 = DEFINITIONAL_REPRESENTATION('',(#2375),#2379);
#2375 = LINE('',#2376,#2377);
#2376 = CARTESIAN_POINT('',(1.582978592282E-15,37.63));
#2377 = VECTOR('',#2378,1.);
#2378 = DIRECTION('',(1.,0.));
#2379 = ( GEOMETRIC_REPRESENTATION_CONTEXT(2) 
PARAMETRIC_REPRESENTATION_CONTEXT() REPRESENTATION_CONTEXT('2D SPACE',''
  ) );
#2380 = ORIENTED_EDGE('',*,*,#2381,.T.);
#2381 = EDGE_CURVE('',#2359,#899,#2382,.T.);
#2382 = SURFACE_CURVE('',#2383,(#2388,#2395),.PCURVE_S1.);
#2383 = CIRCLE('',#2384,1.6);
#2384 = AXIS2_PLACEMENT_3D('',#2385,#2386,#2387);
#2385 = CARTESIAN_POINT('',(-37.94,-37.94,2.6));
#2386 = DIRECTION('',(0.,0.,1.));
#2387 = DIRECTION('',(-1.,0.,0.));
#2388 = PCURVE('',#819,#2389);
#2389 = DEFINITIONAL_REPRESENTATION('',(#2390),#2394);
#2390 = LINE('',#2391,#2392);
#2391 = CARTESIAN_POINT('',(0.,-2.15));
#2392 = VECTOR('',#2393,1.);
#2393 = DIRECTION('',(1.,0.));
#2394 = ( GEOMETRIC_REPRESENTATION_CONTEXT(2) 
PARAMETRIC_REPRESENTATION_CONTEXT() REPRESENTATION_CONTEXT('2D SPACE',''
  ) );
#2395 = PCURVE('',#2396,#2401);
#2396 = CYLINDRICAL_SURFACE('',#2397,1.6);
#2397 = AXIS2_PLACEMENT_3D('',#2398,#2399,#2400);
#2398 = CARTESIAN_POINT('',(-37.94,-37.94,2.6));
#2399 = DIRECTION('',(0.,0.,1.));
#2400 = DIRECTION('',(-1.,2.22044604925E-15,0.));
#2401 = DEFINITIONAL_REPRESENTATION('',(#2402),#2406);
#2402 = LINE('',#2403,#2404);
#2403 = CARTESIAN_POINT('',(0.,-0.));
#2404 = VECTOR('',#2405,1.);
#2405 = DIRECTION('',(1.,0.));
#2406 = ( GEOMETRIC_REPRESENTATION_CONTEXT(2) 
PARAMETRIC_REPRESENTATION_CONTEXT() REPRESENTATION_CONTEXT('2D SPACE',''
  ) );
#2407 = ORIENTED_EDGE('',*,*,#898,.T.);
#2408 = ADVANCED_FACE('',(#2409),#882,.F.);
#2409 = FACE_BOUND('',#2410,.F.);
#2410 = EDGE_LOOP('',(#2411,#2434,#2460,#2461));
#2411 = ORIENTED_EDGE('',*,*,#2412,.F.);
#2412 = EDGE_CURVE('',#2413,#835,#2415,.T.);
#2413 = VERTEX_POINT('',#2414);
#2414 = CARTESIAN_POINT('',(-37.94,-39.54,23.845));
#2415 = SURFACE_CURVE('',#2416,(#2420,#2427),.PCURVE_S1.);
#2416 = LINE('',#2417,#2418);
#2417 = CARTESIAN_POINT('',(-37.94,-41.69,25.995));
#2418 = VECTOR('',#2419,1.);
#2419 = DIRECTION('',(-2.712454982574E-15,-0.707106781187,0.707106781187
    ));
#2420 = PCURVE('',#882,#2421);
#2421 = DEFINITIONAL_REPRESENTATION('',(#2422),#2426);
#2422 = LINE('',#2423,#2424);
#2423 = CARTESIAN_POINT('',(5.167036472599E-15,3.75));
#2424 = VECTOR('',#2425,1.);
#2425 = DIRECTION('',(-1.,-1.334578589881E-15));
#2426 = ( GEOMETRIC_REPRESENTATION_CONTEXT(2) 
PARAMETRIC_REPRESENTATION_CONTEXT() REPRESENTATION_CONTEXT('2D SPACE',''
  ) );
#2427 = PCURVE('',#2337,#2428);
#2428 = DEFINITIONAL_REPRESENTATION('',(#2429),#2433);
#2429 = LINE('',#2430,#2431);
#2430 = CARTESIAN_POINT('',(1.570796326795,0.));
#2431 = VECTOR('',#2432,1.);
#2432 = DIRECTION('',(0.,1.));
#2433 = ( GEOMETRIC_REPRESENTATION_CONTEXT(2) 
PARAMETRIC_REPRESENTATION_CONTEXT() REPRESENTATION_CONTEXT('2D SPACE',''
  ) );
#2434 = ORIENTED_EDGE('',*,*,#2435,.T.);
#2435 = EDGE_CURVE('',#2413,#1652,#2436,.T.);
#2436 = SURFACE_CURVE('',#2437,(#2441,#2448),.PCURVE_S1.);
#2437 = LINE('',#2438,#2439);
#2438 = CARTESIAN_POINT('',(-41.69,-39.54,23.845));
#2439 = VECTOR('',#2440,1.);
#2440 = DIRECTION('',(1.,-9.743057409101E-16,9.743057409101E-16));
#2441 = PCURVE('',#882,#2442);
#2442 = DEFINITIONAL_REPRESENTATION('',(#2443),#2447);
#2443 = LINE('',#2444,#2445);
#2444 = CARTESIAN_POINT('',(3.040559159102,2.915912671688E-15));
#2445 = VECTOR('',#2446,1.);
#2446 = DIRECTION('',(1.972152263053E-31,1.));
#2447 = ( GEOMETRIC_REPRESENTATION_CONTEXT(2) 
PARAMETRIC_REPRESENTATION_CONTEXT() REPRESENTATION_CONTEXT('2D SPACE',''
  ) );
#2448 = PCURVE('',#2449,#2454);
#2449 = PLANE('',#2450);
#2450 = AXIS2_PLACEMENT_3D('',#2451,#2452,#2453);
#2451 = CARTESIAN_POINT('',(-41.69,-39.54,23.845));
#2452 = DIRECTION('',(0.,-1.,9.98891821831E-31));
#2453 = DIRECTION('',(9.98891821831E-31,-9.98891821831E-31,-1.));
#2454 = DEFINITIONAL_REPRESENTATION('',(#2455),#2459);
#2455 = LINE('',#2456,#2457);
#2456 = CARTESIAN_POINT('',(0.,0.));
#2457 = VECTOR('',#2458,1.);
#2458 = DIRECTION('',(-9.743057409101E-16,1.));
#2459 = ( GEOMETRIC_REPRESENTATION_CONTEXT(2) 
PARAMETRIC_REPRESENTATION_CONTEXT() REPRESENTATION_CONTEXT('2D SPACE',''
  ) );
#2460 = ORIENTED_EDGE('',*,*,#1651,.T.);
#2461 = ORIENTED_EDGE('',*,*,#868,.F.);
#2462 = ADVANCED_FACE('',(#2463),#937,.T.);
#2463 = FACE_BOUND('',#2464,.T.);
#2464 = EDGE_LOOP('',(#2465,#2466,#2489,#2517));
#2465 = ORIENTED_EDGE('',*,*,#921,.F.);
#2466 = ORIENTED_EDGE('',*,*,#2467,.F.);
#2467 = EDGE_CURVE('',#2468,#899,#2470,.T.);
#2468 = VERTEX_POINT('',#2469);
#2469 = CARTESIAN_POINT('',(-37.94,-39.54,0.8));
#2470 = SURFACE_CURVE('',#2471,(#2475,#2482),.PCURVE_S1.);
#2471 = LINE('',#2472,#2473);
#2472 = CARTESIAN_POINT('',(-37.94,-39.54,2.6));
#2473 = VECTOR('',#2474,1.);
#2474 = DIRECTION('',(0.,0.,1.));
#2475 = PCURVE('',#937,#2476);
#2476 = DEFINITIONAL_REPRESENTATION('',(#2477),#2481);
#2477 = LINE('',#2478,#2479);
#2478 = CARTESIAN_POINT('',(8.491161965791E-28,3.75));
#2479 = VECTOR('',#2480,1.);
#2480 = DIRECTION('',(-1.,2.264309857544E-28));
#2481 = ( GEOMETRIC_REPRESENTATION_CONTEXT(2) 
PARAMETRIC_REPRESENTATION_CONTEXT() REPRESENTATION_CONTEXT('2D SPACE',''
  ) );
#2482 = PCURVE('',#2396,#2483);
#2483 = DEFINITIONAL_REPRESENTATION('',(#2484),#2488);
#2484 = LINE('',#2485,#2486);
#2485 = CARTESIAN_POINT('',(1.570796326795,0.));
#2486 = VECTOR('',#2487,1.);
#2487 = DIRECTION('',(0.,1.));
#2488 = ( GEOMETRIC_REPRESENTATION_CONTEXT(2) 
PARAMETRIC_REPRESENTATION_CONTEXT() REPRESENTATION_CONTEXT('2D SPACE',''
  ) );
#2489 = ORIENTED_EDGE('',*,*,#2490,.T.);
#2490 = EDGE_CURVE('',#2468,#2491,#2493,.T.);
#2491 = VERTEX_POINT('',#2492);
#2492 = CARTESIAN_POINT('',(-4.06,-39.54,0.8));
#2493 = SURFACE_CURVE('',#2494,(#2498,#2505),.PCURVE_S1.);
#2494 = LINE('',#2495,#2496);
#2495 = CARTESIAN_POINT('',(-41.69,-39.54,0.8));
#2496 = VECTOR('',#2497,1.);
#2497 = DIRECTION('',(1.,5.127099130972E-56,2.264309857544E-28));
#2498 = PCURVE('',#937,#2499);
#2499 = DEFINITIONAL_REPRESENTATION('',(#2500),#2504);
#2500 = LINE('',#2501,#2502);
#2501 = CARTESIAN_POINT('',(1.8,-4.075757743579E-28));
#2502 = VECTOR('',#2503,1.);
#2503 = DIRECTION('',(0.,1.));
#2504 = ( GEOMETRIC_REPRESENTATION_CONTEXT(2) 
PARAMETRIC_REPRESENTATION_CONTEXT() REPRESENTATION_CONTEXT('2D SPACE',''
  ) );
#2505 = PCURVE('',#2506,#2511);
#2506 = PLANE('',#2507);
#2507 = AXIS2_PLACEMENT_3D('',#2508,#2509,#2510);
#2508 = CARTESIAN_POINT('',(-41.69,-39.54,0.8));
#2509 = DIRECTION('',(0.,-0.707106781187,-0.707106781187));
#2510 = DIRECTION('',(5.928301633513E-16,0.707106781187,-0.707106781187)
  );
#2511 = DEFINITIONAL_REPRESENTATION('',(#2512),#2516);
#2512 = LINE('',#2513,#2514);
#2513 = CARTESIAN_POINT('',(0.,0.));
#2514 = VECTOR('',#2515,1.);
#2515 = DIRECTION('',(5.928301633511E-16,1.));
#2516 = ( GEOMETRIC_REPRESENTATION_CONTEXT(2) 
PARAMETRIC_REPRESENTATION_CONTEXT() REPRESENTATION_CONTEXT('2D SPACE',''
  ) );
#2517 = ORIENTED_EDGE('',*,*,#2518,.T.);
#2518 = EDGE_CURVE('',#2491,#922,#2519,.T.);
#2519 = SURFACE_CURVE('',#2520,(#2524,#2531),.PCURVE_S1.);
#2520 = LINE('',#2521,#2522);
#2521 = CARTESIAN_POINT('',(-4.06,-39.54,2.6));
#2522 = VECTOR('',#2523,1.);
#2523 = DIRECTION('',(-0.,0.,1.));
#2524 = PCURVE('',#937,#2525);
#2525 = DEFINITIONAL_REPRESENTATION('',(#2526),#2530);
#2526 = LINE('',#2527,#2528);
#2527 = CARTESIAN_POINT('',(8.520597993939E-27,37.63));
#2528 = VECTOR('',#2529,1.);
#2529 = DIRECTION('',(-1.,2.264309857544E-28));
#2530 = ( GEOMETRIC_REPRESENTATION_CONTEXT(2) 
PARAMETRIC_REPRESENTATION_CONTEXT() REPRESENTATION_CONTEXT('2D SPACE',''
  ) );
#2531 = PCURVE('',#2532,#2537);
#2532 = CYLINDRICAL_SURFACE('',#2533,1.6);
#2533 = AXIS2_PLACEMENT_3D('',#2534,#2535,#2536);
#2534 = CARTESIAN_POINT('',(-4.06,-37.94,2.6));
#2535 = DIRECTION('',(-0.,0.,1.));
#2536 = DIRECTION('',(-2.22044604925E-15,-1.,0.));
#2537 = DEFINITIONAL_REPRESENTATION('',(#2538),#2542);
#2538 = LINE('',#2539,#2540);
#2539 = CARTESIAN_POINT('',(0.,0.));
#2540 = VECTOR('',#2541,1.);
#2541 = DIRECTION('',(0.,1.));
#2542 = ( GEOMETRIC_REPRESENTATION_CONTEXT(2) 
PARAMETRIC_REPRESENTATION_CONTEXT() REPRESENTATION_CONTEXT('2D SPACE',''
  ) );
#2543 = ADVANCED_FACE('',(#2544),#963,.T.);
#2544 = FACE_BOUND('',#2545,.T.);
#2545 = EDGE_LOOP('',(#2546,#2547,#2548,#2572));
#2546 = ORIENTED_EDGE('',*,*,#1572,.F.);
#2547 = ORIENTED_EDGE('',*,*,#949,.F.);
#2548 = ORIENTED_EDGE('',*,*,#2549,.T.);
#2549 = EDGE_CURVE('',#922,#2550,#2552,.T.);
#2550 = VERTEX_POINT('',#2551);
#2551 = CARTESIAN_POINT('',(-2.46,-37.94,2.6));
#2552 = SURFACE_CURVE('',#2553,(#2558,#2565),.PCURVE_S1.);
#2553 = CIRCLE('',#2554,1.6);
#2554 = AXIS2_PLACEMENT_3D('',#2555,#2556,#2557);
#2555 = CARTESIAN_POINT('',(-4.06,-37.94,2.6));
#2556 = DIRECTION('',(-0.,0.,1.));
#2557 = DIRECTION('',(0.,-1.,0.));
#2558 = PCURVE('',#963,#2559);
#2559 = DEFINITIONAL_REPRESENTATION('',(#2560),#2564);
#2560 = LINE('',#2561,#2562);
#2561 = CARTESIAN_POINT('',(0.,-2.15));
#2562 = VECTOR('',#2563,1.);
#2563 = DIRECTION('',(1.,0.));
#2564 = ( GEOMETRIC_REPRESENTATION_CONTEXT(2) 
PARAMETRIC_REPRESENTATION_CONTEXT() REPRESENTATION_CONTEXT('2D SPACE',''
  ) );
#2565 = PCURVE('',#2532,#2566);
#2566 = DEFINITIONAL_REPRESENTATION('',(#2567),#2571);
#2567 = LINE('',#2568,#2569);
#2568 = CARTESIAN_POINT('',(0.,-0.));
#2569 = VECTOR('',#2570,1.);
#2570 = DIRECTION('',(1.,0.));
#2571 = ( GEOMETRIC_REPRESENTATION_CONTEXT(2) 
PARAMETRIC_REPRESENTATION_CONTEXT() REPRESENTATION_CONTEXT('2D SPACE',''
  ) );
#2572 = ORIENTED_EDGE('',*,*,#2573,.T.);
#2573 = EDGE_CURVE('',#2550,#1545,#2574,.T.);
#2574 = SURFACE_CURVE('',#2575,(#2579,#2586),.PCURVE_S1.);
#2575 = LINE('',#2576,#2577);
#2576 = CARTESIAN_POINT('',(-0.31,-37.94,4.75));
#2577 = VECTOR('',#2578,1.);
#2578 = DIRECTION('',(0.707106781187,-6.713347862853E-16,0.707106781187)
  );
#2579 = PCURVE('',#963,#2580);
#2580 = DEFINITIONAL_REPRESENTATION('',(#2581),#2585);
#2581 = LINE('',#2582,#2583);
#2582 = CARTESIAN_POINT('',(1.570796326795,0.));
#2583 = VECTOR('',#2584,1.);
#2584 = DIRECTION('',(0.,1.));
#2585 = ( GEOMETRIC_REPRESENTATION_CONTEXT(2) 
PARAMETRIC_REPRESENTATION_CONTEXT() REPRESENTATION_CONTEXT('2D SPACE',''
  ) );
#2586 = PCURVE('',#1560,#2587);
#2587 = DEFINITIONAL_REPRESENTATION('',(#2588),#2592);
#2588 = LINE('',#2589,#2590);
#2589 = CARTESIAN_POINT('',(-2.890348213268E-16,3.75));
#2590 = VECTOR('',#2591,1.);
#2591 = DIRECTION('',(-1.,-7.850462293403E-17));
#2592 = ( GEOMETRIC_REPRESENTATION_CONTEXT(2) 
PARAMETRIC_REPRESENTATION_CONTEXT() REPRESENTATION_CONTEXT('2D SPACE',''
  ) );
#2593 = ADVANCED_FACE('',(#2594),#1560,.T.);
#2594 = FACE_BOUND('',#2595,.T.);
#2595 = EDGE_LOOP('',(#2596,#2597,#2598,#2626));
#2596 = ORIENTED_EDGE('',*,*,#1544,.F.);
#2597 = ORIENTED_EDGE('',*,*,#2573,.F.);
#2598 = ORIENTED_EDGE('',*,*,#2599,.T.);
#2599 = EDGE_CURVE('',#2550,#2600,#2602,.T.);
#2600 = VERTEX_POINT('',#2601);
#2601 = CARTESIAN_POINT('',(-2.46,-4.06,2.6));
#2602 = SURFACE_CURVE('',#2603,(#2607,#2614),.PCURVE_S1.);
#2603 = LINE('',#2604,#2605);
#2604 = CARTESIAN_POINT('',(-2.46,-41.69,2.6));
#2605 = VECTOR('',#2606,1.);
#2606 = DIRECTION('',(4.191942285976E-16,1.,4.191942285976E-16));
#2607 = PCURVE('',#1560,#2608);
#2608 = DEFINITIONAL_REPRESENTATION('',(#2609),#2613);
#2609 = LINE('',#2610,#2611);
#2610 = CARTESIAN_POINT('',(3.040559159102,-1.80253518297E-15));
#2611 = VECTOR('',#2612,1.);
#2612 = DIRECTION('',(0.,1.));
#2613 = ( GEOMETRIC_REPRESENTATION_CONTEXT(2) 
PARAMETRIC_REPRESENTATION_CONTEXT() REPRESENTATION_CONTEXT('2D SPACE',''
  ) );
#2614 = PCURVE('',#2615,#2620);
#2615 = PLANE('',#2616);
#2616 = AXIS2_PLACEMENT_3D('',#2617,#2618,#2619);
#2617 = CARTESIAN_POINT('',(-2.46,-41.69,2.6));
#2618 = DIRECTION('',(1.,-0.,2.264309857544E-28));
#2619 = DIRECTION('',(2.264309857544E-28,2.264309857544E-28,-1.));
#2620 = DEFINITIONAL_REPRESENTATION('',(#2621),#2625);
#2621 = LINE('',#2622,#2623);
#2622 = CARTESIAN_POINT('',(0.,0.));
#2623 = VECTOR('',#2624,1.);
#2624 = DIRECTION('',(-4.191942285974E-16,1.));
#2625 = ( GEOMETRIC_REPRESENTATION_CONTEXT(2) 
PARAMETRIC_REPRESENTATION_CONTEXT() REPRESENTATION_CONTEXT('2D SPACE',''
  ) );
#2626 = ORIENTED_EDGE('',*,*,#2627,.F.);
#2627 = EDGE_CURVE('',#1516,#2600,#2628,.T.);
#2628 = SURFACE_CURVE('',#2629,(#2633,#2640),.PCURVE_S1.);
#2629 = LINE('',#2630,#2631);
#2630 = CARTESIAN_POINT('',(-0.31,-4.06,4.75));
#2631 = VECTOR('',#2632,1.);
#2632 = DIRECTION('',(-0.707106781187,5.928301633513E-16,-0.707106781187
    ));
#2633 = PCURVE('',#1560,#2634);
#2634 = DEFINITIONAL_REPRESENTATION('',(#2635),#2639);
#2635 = LINE('',#2636,#2637);
#2636 = CARTESIAN_POINT('',(9.549416088084E-16,37.63));
#2637 = VECTOR('',#2638,1.);
#2638 = DIRECTION('',(1.,0.));
#2639 = ( GEOMETRIC_REPRESENTATION_CONTEXT(2) 
PARAMETRIC_REPRESENTATION_CONTEXT() REPRESENTATION_CONTEXT('2D SPACE',''
  ) );
#2640 = PCURVE('',#1532,#2641);
#2641 = DEFINITIONAL_REPRESENTATION('',(#2642),#2646);
#2642 = LINE('',#2643,#2644);
#2643 = CARTESIAN_POINT('',(0.,0.));
#2644 = VECTOR('',#2645,1.);
#2645 = DIRECTION('',(-0.,-1.));
#2646 = ( GEOMETRIC_REPRESENTATION_CONTEXT(2) 
PARAMETRIC_REPRESENTATION_CONTEXT() REPRESENTATION_CONTEXT('2D SPACE',''
  ) );
#2647 = ADVANCED_FACE('',(#2648),#1532,.T.);
#2648 = FACE_BOUND('',#2649,.T.);
#2649 = EDGE_LOOP('',(#2650,#2651,#2652,#2681));
#2650 = ORIENTED_EDGE('',*,*,#1515,.F.);
#2651 = ORIENTED_EDGE('',*,*,#2627,.T.);
#2652 = ORIENTED_EDGE('',*,*,#2653,.T.);
#2653 = EDGE_CURVE('',#2600,#2654,#2656,.T.);
#2654 = VERTEX_POINT('',#2655);
#2655 = CARTESIAN_POINT('',(-4.06,-2.46,2.6));
#2656 = SURFACE_CURVE('',#2657,(#2662,#2669),.PCURVE_S1.);
#2657 = CIRCLE('',#2658,1.6);
#2658 = AXIS2_PLACEMENT_3D('',#2659,#2660,#2661);
#2659 = CARTESIAN_POINT('',(-4.06,-4.06,2.6));
#2660 = DIRECTION('',(0.,-0.,1.));
#2661 = DIRECTION('',(1.,0.,0.));
#2662 = PCURVE('',#1532,#2663);
#2663 = DEFINITIONAL_REPRESENTATION('',(#2664),#2668);
#2664 = LINE('',#2665,#2666);
#2665 = CARTESIAN_POINT('',(0.,-2.15));
#2666 = VECTOR('',#2667,1.);
#2667 = DIRECTION('',(1.,0.));
#2668 = ( GEOMETRIC_REPRESENTATION_CONTEXT(2) 
PARAMETRIC_REPRESENTATION_CONTEXT() REPRESENTATION_CONTEXT('2D SPACE',''
  ) );
#2669 = PCURVE('',#2670,#2675);
#2670 = CYLINDRICAL_SURFACE('',#2671,1.6);
#2671 = AXIS2_PLACEMENT_3D('',#2672,#2673,#2674);
#2672 = CARTESIAN_POINT('',(-4.06,-4.06,2.6));
#2673 = DIRECTION('',(0.,-0.,1.));
#2674 = DIRECTION('',(1.,-2.22044604925E-15,-0.));
#2675 = DEFINITIONAL_REPRESENTATION('',(#2676),#2680);
#2676 = LINE('',#2677,#2678);
#2677 = CARTESIAN_POINT('',(0.,-0.));
#2678 = VECTOR('',#2679,1.);
#2679 = DIRECTION('',(1.,0.));
#2680 = ( GEOMETRIC_REPRESENTATION_CONTEXT(2) 
PARAMETRIC_REPRESENTATION_CONTEXT() REPRESENTATION_CONTEXT('2D SPACE',''
  ) );
#2681 = ORIENTED_EDGE('',*,*,#2682,.T.);
#2682 = EDGE_CURVE('',#2654,#1488,#2683,.T.);
#2683 = SURFACE_CURVE('',#2684,(#2688,#2695),.PCURVE_S1.);
#2684 = LINE('',#2685,#2686);
#2685 = CARTESIAN_POINT('',(-4.06,-0.31,4.75));
#2686 = VECTOR('',#2687,1.);
#2687 = DIRECTION('',(6.713347862853E-16,0.707106781187,0.707106781187)
  );
#2688 = PCURVE('',#1532,#2689);
#2689 = DEFINITIONAL_REPRESENTATION('',(#2690),#2694);
#2690 = LINE('',#2691,#2692);
#2691 = CARTESIAN_POINT('',(1.570796326795,0.));
#2692 = VECTOR('',#2693,1.);
#2693 = DIRECTION('',(0.,1.));
#2694 = ( GEOMETRIC_REPRESENTATION_CONTEXT(2) 
PARAMETRIC_REPRESENTATION_CONTEXT() REPRESENTATION_CONTEXT('2D SPACE',''
  ) );
#2695 = PCURVE('',#1503,#2696);
#2696 = DEFINITIONAL_REPRESENTATION('',(#2697),#2701);
#2697 = LINE('',#2698,#2699);
#2698 = CARTESIAN_POINT('',(-2.890348213268E-16,3.75));
#2699 = VECTOR('',#2700,1.);
#2700 = DIRECTION('',(-1.,-7.850462293403E-17));
#2701 = ( GEOMETRIC_REPRESENTATION_CONTEXT(2) 
PARAMETRIC_REPRESENTATION_CONTEXT() REPRESENTATION_CONTEXT('2D SPACE',''
  ) );
#2702 = ADVANCED_FACE('',(#2703),#1503,.T.);
#2703 = FACE_BOUND('',#2704,.T.);
#2704 = EDGE_LOOP('',(#2705,#2706,#2707,#2735));
#2705 = ORIENTED_EDGE('',*,*,#1487,.F.);
#2706 = ORIENTED_EDGE('',*,*,#2682,.F.);
#2707 = ORIENTED_EDGE('',*,*,#2708,.T.);
#2708 = EDGE_CURVE('',#2654,#2709,#2711,.T.);
#2709 = VERTEX_POINT('',#2710);
#2710 = CARTESIAN_POINT('',(-37.94,-2.46,2.6));
#2711 = SURFACE_CURVE('',#2712,(#2716,#2723),.PCURVE_S1.);
#2712 = LINE('',#2713,#2714);
#2713 = CARTESIAN_POINT('',(-0.31,-2.46,2.6));
#2714 = VECTOR('',#2715,1.);
#2715 = DIRECTION('',(-1.,4.191942285976E-16,4.191942285976E-16));
#2716 = PCURVE('',#1503,#2717);
#2717 = DEFINITIONAL_REPRESENTATION('',(#2718),#2722);
#2718 = LINE('',#2719,#2720);
#2719 = CARTESIAN_POINT('',(3.040559159102,1.750178495831E-15));
#2720 = VECTOR('',#2721,1.);
#2721 = DIRECTION('',(0.,1.));
#2722 = ( GEOMETRIC_REPRESENTATION_CONTEXT(2) 
PARAMETRIC_REPRESENTATION_CONTEXT() REPRESENTATION_CONTEXT('2D SPACE',''
  ) );
#2723 = PCURVE('',#2724,#2729);
#2724 = PLANE('',#2725);
#2725 = AXIS2_PLACEMENT_3D('',#2726,#2727,#2728);
#2726 = CARTESIAN_POINT('',(-0.31,-2.46,2.6));
#2727 = DIRECTION('',(0.,1.,2.264309857544E-28));
#2728 = DIRECTION('',(-2.264309857544E-28,2.264309857544E-28,-1.));
#2729 = DEFINITIONAL_REPRESENTATION('',(#2730),#2734);
#2730 = LINE('',#2731,#2732);
#2731 = CARTESIAN_POINT('',(8.04444460394E-43,3.552713678801E-15));
#2732 = VECTOR('',#2733,1.);
#2733 = DIRECTION('',(-4.191942285974E-16,1.));
#2734 = ( GEOMETRIC_REPRESENTATION_CONTEXT(2) 
PARAMETRIC_REPRESENTATION_CONTEXT() REPRESENTATION_CONTEXT('2D SPACE',''
  ) );
#2735 = ORIENTED_EDGE('',*,*,#2736,.F.);
#2736 = EDGE_CURVE('',#1459,#2709,#2737,.T.);
#2737 = SURFACE_CURVE('',#2738,(#2742,#2749),.PCURVE_S1.);
#2738 = LINE('',#2739,#2740);
#2739 = CARTESIAN_POINT('',(-37.94,-0.31,4.75));
#2740 = VECTOR('',#2741,1.);
#2741 = DIRECTION('',(-5.928301633513E-16,-0.707106781187,
    -0.707106781187));
#2742 = PCURVE('',#1503,#2743);
#2743 = DEFINITIONAL_REPRESENTATION('',(#2744),#2748);
#2744 = LINE('',#2745,#2746);
#2745 = CARTESIAN_POINT('',(9.549416088084E-16,37.63));
#2746 = VECTOR('',#2747,1.);
#2747 = DIRECTION('',(1.,0.));
#2748 = ( GEOMETRIC_REPRESENTATION_CONTEXT(2) 
PARAMETRIC_REPRESENTATION_CONTEXT() REPRESENTATION_CONTEXT('2D SPACE',''
  ) );
#2749 = PCURVE('',#1475,#2750);
#2750 = DEFINITIONAL_REPRESENTATION('',(#2751),#2755);
#2751 = LINE('',#2752,#2753);
#2752 = CARTESIAN_POINT('',(0.,0.));
#2753 = VECTOR('',#2754,1.);
#2754 = DIRECTION('',(-0.,-1.));
#2755 = ( GEOMETRIC_REPRESENTATION_CONTEXT(2) 
PARAMETRIC_REPRESENTATION_CONTEXT() REPRESENTATION_CONTEXT('2D SPACE',''
  ) );
#2756 = ADVANCED_FACE('',(#2757),#1475,.T.);
#2757 = FACE_BOUND('',#2758,.T.);
#2758 = EDGE_LOOP('',(#2759,#2760,#2761,#2790));
#2759 = ORIENTED_EDGE('',*,*,#1458,.F.);
#2760 = ORIENTED_EDGE('',*,*,#2736,.T.);
#2761 = ORIENTED_EDGE('',*,*,#2762,.T.);
#2762 = EDGE_CURVE('',#2709,#2763,#2765,.T.);
#2763 = VERTEX_POINT('',#2764);
#2764 = CARTESIAN_POINT('',(-39.54,-4.06,2.6));
#2765 = SURFACE_CURVE('',#2766,(#2771,#2778),.PCURVE_S1.);
#2766 = CIRCLE('',#2767,1.6);
#2767 = AXIS2_PLACEMENT_3D('',#2768,#2769,#2770);
#2768 = CARTESIAN_POINT('',(-37.94,-4.06,2.6));
#2769 = DIRECTION('',(0.,-0.,1.));
#2770 = DIRECTION('',(0.,1.,0.));
#2771 = PCURVE('',#1475,#2772);
#2772 = DEFINITIONAL_REPRESENTATION('',(#2773),#2777);
#2773 = LINE('',#2774,#2775);
#2774 = CARTESIAN_POINT('',(0.,-2.15));
#2775 = VECTOR('',#2776,1.);
#2776 = DIRECTION('',(1.,0.));
#2777 = ( GEOMETRIC_REPRESENTATION_CONTEXT(2) 
PARAMETRIC_REPRESENTATION_CONTEXT() REPRESENTATION_CONTEXT('2D SPACE',''
  ) );
#2778 = PCURVE('',#2779,#2784);
#2779 = CYLINDRICAL_SURFACE('',#2780,1.6);
#2780 = AXIS2_PLACEMENT_3D('',#2781,#2782,#2783);
#2781 = CARTESIAN_POINT('',(-37.94,-4.06,2.6));
#2782 = DIRECTION('',(0.,-0.,1.));
#2783 = DIRECTION('',(2.22044604925E-15,1.,0.));
#2784 = DEFINITIONAL_REPRESENTATION('',(#2785),#2789);
#2785 = LINE('',#2786,#2787);
#2786 = CARTESIAN_POINT('',(0.,-0.));
#2787 = VECTOR('',#2788,1.);
#2788 = DIRECTION('',(1.,0.));
#2789 = ( GEOMETRIC_REPRESENTATION_CONTEXT(2) 
PARAMETRIC_REPRESENTATION_CONTEXT() REPRESENTATION_CONTEXT('2D SPACE',''
  ) );
#2790 = ORIENTED_EDGE('',*,*,#2791,.T.);
#2791 = EDGE_CURVE('',#2763,#1436,#2792,.T.);
#2792 = SURFACE_CURVE('',#2793,(#2797,#2804),.PCURVE_S1.);
#2793 = LINE('',#2794,#2795);
#2794 = CARTESIAN_POINT('',(-41.69,-4.06,4.75));
#2795 = VECTOR('',#2796,1.);
#2796 = DIRECTION('',(-0.707106781187,6.713347862853E-16,0.707106781187)
  );
#2797 = PCURVE('',#1475,#2798);
#2798 = DEFINITIONAL_REPRESENTATION('',(#2799),#2803);
#2799 = LINE('',#2800,#2801);
#2800 = CARTESIAN_POINT('',(1.570796326795,0.));
#2801 = VECTOR('',#2802,1.);
#2802 = DIRECTION('',(0.,1.));
#2803 = ( GEOMETRIC_REPRESENTATION_CONTEXT(2) 
PARAMETRIC_REPRESENTATION_CONTEXT() REPRESENTATION_CONTEXT('2D SPACE',''
  ) );
#2804 = PCURVE('',#2224,#2805);
#2805 = DEFINITIONAL_REPRESENTATION('',(#2806),#2810);
#2806 = LINE('',#2807,#2808);
#2807 = CARTESIAN_POINT('',(-2.890348213268E-16,3.75));
#2808 = VECTOR('',#2809,1.);
#2809 = DIRECTION('',(-1.,-7.850462293403E-17));
#2810 = ( GEOMETRIC_REPRESENTATION_CONTEXT(2) 
PARAMETRIC_REPRESENTATION_CONTEXT() REPRESENTATION_CONTEXT('2D SPACE',''
  ) );
#2811 = ADVANCED_FACE('',(#2812),#1423,.T.);
#2812 = FACE_BOUND('',#2813,.T.);
#2813 = EDGE_LOOP('',(#2814,#2815,#2838,#2867));
#2814 = ORIENTED_EDGE('',*,*,#1406,.F.);
#2815 = ORIENTED_EDGE('',*,*,#2816,.T.);
#2816 = EDGE_CURVE('',#1407,#2817,#2819,.T.);
#2817 = VERTEX_POINT('',#2818);
#2818 = CARTESIAN_POINT('',(-39.54,4.06,2.6));
#2819 = SURFACE_CURVE('',#2820,(#2824,#2831),.PCURVE_S1.);
#2820 = LINE('',#2821,#2822);
#2821 = CARTESIAN_POINT('',(-41.69,4.06,4.75));
#2822 = VECTOR('',#2823,1.);
#2823 = DIRECTION('',(0.707106781187,-5.928301633513E-16,-0.707106781187
    ));
#2824 = PCURVE('',#1423,#2825);
#2825 = DEFINITIONAL_REPRESENTATION('',(#2826),#2830);
#2826 = LINE('',#2827,#2828);
#2827 = CARTESIAN_POINT('',(0.,0.));
#2828 = VECTOR('',#2829,1.);
#2829 = DIRECTION('',(-0.,-1.));
#2830 = ( GEOMETRIC_REPRESENTATION_CONTEXT(2) 
PARAMETRIC_REPRESENTATION_CONTEXT() REPRESENTATION_CONTEXT('2D SPACE',''
  ) );
#2831 = PCURVE('',#2251,#2832);
#2832 = DEFINITIONAL_REPRESENTATION('',(#2833),#2837);
#2833 = LINE('',#2834,#2835);
#2834 = CARTESIAN_POINT('',(1.582978592282E-15,37.63));
#2835 = VECTOR('',#2836,1.);
#2836 = DIRECTION('',(1.,0.));
#2837 = ( GEOMETRIC_REPRESENTATION_CONTEXT(2) 
PARAMETRIC_REPRESENTATION_CONTEXT() REPRESENTATION_CONTEXT('2D SPACE',''
  ) );
#2838 = ORIENTED_EDGE('',*,*,#2839,.T.);
#2839 = EDGE_CURVE('',#2817,#2840,#2842,.T.);
#2840 = VERTEX_POINT('',#2841);
#2841 = CARTESIAN_POINT('',(-37.94,2.46,2.6));
#2842 = SURFACE_CURVE('',#2843,(#2848,#2855),.PCURVE_S1.);
#2843 = CIRCLE('',#2844,1.6);
#2844 = AXIS2_PLACEMENT_3D('',#2845,#2846,#2847);
#2845 = CARTESIAN_POINT('',(-37.94,4.06,2.6));
#2846 = DIRECTION('',(0.,0.,1.));
#2847 = DIRECTION('',(-1.,0.,0.));
#2848 = PCURVE('',#1423,#2849);
#2849 = DEFINITIONAL_REPRESENTATION('',(#2850),#2854);
#2850 = LINE('',#2851,#2852);
#2851 = CARTESIAN_POINT('',(0.,-2.15));
#2852 = VECTOR('',#2853,1.);
#2853 = DIRECTION('',(1.,0.));
#2854 = ( GEOMETRIC_REPRESENTATION_CONTEXT(2) 
PARAMETRIC_REPRESENTATION_CONTEXT() REPRESENTATION_CONTEXT('2D SPACE',''
  ) );
#2855 = PCURVE('',#2856,#2861);
#2856 = CYLINDRICAL_SURFACE('',#2857,1.6);
#2857 = AXIS2_PLACEMENT_3D('',#2858,#2859,#2860);
#2858 = CARTESIAN_POINT('',(-37.94,4.06,2.6));
#2859 = DIRECTION('',(0.,0.,1.));
#2860 = DIRECTION('',(-1.,2.22044604925E-15,0.));
#2861 = DEFINITIONAL_REPRESENTATION('',(#2862),#2866);
#2862 = LINE('',#2863,#2864);
#2863 = CARTESIAN_POINT('',(0.,-0.));
#2864 = VECTOR('',#2865,1.);
#2865 = DIRECTION('',(1.,0.));
#2866 = ( GEOMETRIC_REPRESENTATION_CONTEXT(2) 
PARAMETRIC_REPRESENTATION_CONTEXT() REPRESENTATION_CONTEXT('2D SPACE',''
  ) );
#2867 = ORIENTED_EDGE('',*,*,#2868,.T.);
#2868 = EDGE_CURVE('',#2840,#1379,#2869,.T.);
#2869 = SURFACE_CURVE('',#2870,(#2874,#2881),.PCURVE_S1.);
#2870 = LINE('',#2871,#2872);
#2871 = CARTESIAN_POINT('',(-37.94,0.31,4.75));
#2872 = VECTOR('',#2873,1.);
#2873 = DIRECTION('',(-6.713347862853E-16,-0.707106781187,0.707106781187
    ));
#2874 = PCURVE('',#1423,#2875);
#2875 = DEFINITIONAL_REPRESENTATION('',(#2876),#2880);
#2876 = LINE('',#2877,#2878);
#2877 = CARTESIAN_POINT('',(1.570796326795,0.));
#2878 = VECTOR('',#2879,1.);
#2879 = DIRECTION('',(0.,1.));
#2880 = ( GEOMETRIC_REPRESENTATION_CONTEXT(2) 
PARAMETRIC_REPRESENTATION_CONTEXT() REPRESENTATION_CONTEXT('2D SPACE',''
  ) );
#2881 = PCURVE('',#1394,#2882);
#2882 = DEFINITIONAL_REPRESENTATION('',(#2883),#2887);
#2883 = LINE('',#2884,#2885);
#2884 = CARTESIAN_POINT('',(-2.890348213268E-16,3.75));
#2885 = VECTOR('',#2886,1.);
#2886 = DIRECTION('',(-1.,-7.850462293403E-17));
#2887 = ( GEOMETRIC_REPRESENTATION_CONTEXT(2) 
PARAMETRIC_REPRESENTATION_CONTEXT() REPRESENTATION_CONTEXT('2D SPACE',''
  ) );
#2888 = ADVANCED_FACE('',(#2889),#1394,.T.);
#2889 = FACE_BOUND('',#2890,.T.);
#2890 = EDGE_LOOP('',(#2891,#2892,#2893,#2921));
#2891 = ORIENTED_EDGE('',*,*,#1378,.F.);
#2892 = ORIENTED_EDGE('',*,*,#2868,.F.);
#2893 = ORIENTED_EDGE('',*,*,#2894,.T.);
#2894 = EDGE_CURVE('',#2840,#2895,#2897,.T.);
#2895 = VERTEX_POINT('',#2896);
#2896 = CARTESIAN_POINT('',(-4.06,2.46,2.6));
#2897 = SURFACE_CURVE('',#2898,(#2902,#2909),.PCURVE_S1.);
#2898 = LINE('',#2899,#2900);
#2899 = CARTESIAN_POINT('',(-41.69,2.46,2.6));
#2900 = VECTOR('',#2901,1.);
#2901 = DIRECTION('',(1.,-4.191942285976E-16,4.191942285976E-16));
#2902 = PCURVE('',#1394,#2903);
#2903 = DEFINITIONAL_REPRESENTATION('',(#2904),#2908);
#2904 = LINE('',#2905,#2906);
#2905 = CARTESIAN_POINT('',(3.040559159102,-1.80253518297E-15));
#2906 = VECTOR('',#2907,1.);
#2907 = DIRECTION('',(0.,1.));
#2908 = ( GEOMETRIC_REPRESENTATION_CONTEXT(2) 
PARAMETRIC_REPRESENTATION_CONTEXT() REPRESENTATION_CONTEXT('2D SPACE',''
  ) );
#2909 = PCURVE('',#2910,#2915);
#2910 = PLANE('',#2911);
#2911 = AXIS2_PLACEMENT_3D('',#2912,#2913,#2914);
#2912 = CARTESIAN_POINT('',(-41.69,2.46,2.6));
#2913 = DIRECTION('',(0.,-1.,2.264309857544E-28));
#2914 = DIRECTION('',(2.264309857544E-28,-2.264309857544E-28,-1.));
#2915 = DEFINITIONAL_REPRESENTATION('',(#2916),#2920);
#2916 = LINE('',#2917,#2918);
#2917 = CARTESIAN_POINT('',(0.,0.));
#2918 = VECTOR('',#2919,1.);
#2919 = DIRECTION('',(-4.191942285974E-16,1.));
#2920 = ( GEOMETRIC_REPRESENTATION_CONTEXT(2) 
PARAMETRIC_REPRESENTATION_CONTEXT() REPRESENTATION_CONTEXT('2D SPACE',''
  ) );
#2921 = ORIENTED_EDGE('',*,*,#2922,.T.);
#2922 = EDGE_CURVE('',#2895,#1350,#2923,.T.);
#2923 = SURFACE_CURVE('',#2924,(#2928,#2935),.PCURVE_S1.);
#2924 = LINE('',#2925,#2926);
#2925 = CARTESIAN_POINT('',(-4.06,0.31,4.75));
#2926 = VECTOR('',#2927,1.);
#2927 = DIRECTION('',(0.,-0.707106781187,0.707106781187));
#2928 = PCURVE('',#1394,#2929);
#2929 = DEFINITIONAL_REPRESENTATION('',(#2930),#2934);
#2930 = LINE('',#2931,#2932);
#2931 = CARTESIAN_POINT('',(2.230819904691E-14,37.63));
#2932 = VECTOR('',#2933,1.);
#2933 = DIRECTION('',(-1.,5.928301633513E-16));
#2934 = ( GEOMETRIC_REPRESENTATION_CONTEXT(2) 
PARAMETRIC_REPRESENTATION_CONTEXT() REPRESENTATION_CONTEXT('2D SPACE',''
  ) );
#2935 = PCURVE('',#1366,#2936);
#2936 = DEFINITIONAL_REPRESENTATION('',(#2937),#2941);
#2937 = LINE('',#2938,#2939);
#2938 = CARTESIAN_POINT('',(0.,0.));
#2939 = VECTOR('',#2940,1.);
#2940 = DIRECTION('',(0.,1.));
#2941 = ( GEOMETRIC_REPRESENTATION_CONTEXT(2) 
PARAMETRIC_REPRESENTATION_CONTEXT() REPRESENTATION_CONTEXT('2D SPACE',''
  ) );
#2942 = ADVANCED_FACE('',(#2943),#1366,.T.);
#2943 = FACE_BOUND('',#2944,.T.);
#2944 = EDGE_LOOP('',(#2945,#2946,#2947,#2976));
#2945 = ORIENTED_EDGE('',*,*,#1349,.F.);
#2946 = ORIENTED_EDGE('',*,*,#2922,.F.);
#2947 = ORIENTED_EDGE('',*,*,#2948,.T.);
#2948 = EDGE_CURVE('',#2895,#2949,#2951,.T.);
#2949 = VERTEX_POINT('',#2950);
#2950 = CARTESIAN_POINT('',(-2.46,4.06,2.6));
#2951 = SURFACE_CURVE('',#2952,(#2957,#2964),.PCURVE_S1.);
#2952 = CIRCLE('',#2953,1.6);
#2953 = AXIS2_PLACEMENT_3D('',#2954,#2955,#2956);
#2954 = CARTESIAN_POINT('',(-4.06,4.06,2.6));
#2955 = DIRECTION('',(-0.,0.,1.));
#2956 = DIRECTION('',(0.,-1.,0.));
#2957 = PCURVE('',#1366,#2958);
#2958 = DEFINITIONAL_REPRESENTATION('',(#2959),#2963);
#2959 = LINE('',#2960,#2961);
#2960 = CARTESIAN_POINT('',(0.,-2.15));
#2961 = VECTOR('',#2962,1.);
#2962 = DIRECTION('',(1.,0.));
#2963 = ( GEOMETRIC_REPRESENTATION_CONTEXT(2) 
PARAMETRIC_REPRESENTATION_CONTEXT() REPRESENTATION_CONTEXT('2D SPACE',''
  ) );
#2964 = PCURVE('',#2965,#2970);
#2965 = CYLINDRICAL_SURFACE('',#2966,1.6);
#2966 = AXIS2_PLACEMENT_3D('',#2967,#2968,#2969);
#2967 = CARTESIAN_POINT('',(-4.06,4.06,2.6));
#2968 = DIRECTION('',(-0.,0.,1.));
#2969 = DIRECTION('',(-2.22044604925E-15,-1.,0.));
#2970 = DEFINITIONAL_REPRESENTATION('',(#2971),#2975);
#2971 = LINE('',#2972,#2973);
#2972 = CARTESIAN_POINT('',(0.,-0.));
#2973 = VECTOR('',#2974,1.);
#2974 = DIRECTION('',(1.,0.));
#2975 = ( GEOMETRIC_REPRESENTATION_CONTEXT(2) 
PARAMETRIC_REPRESENTATION_CONTEXT() REPRESENTATION_CONTEXT('2D SPACE',''
  ) );
#2976 = ORIENTED_EDGE('',*,*,#2977,.T.);
#2977 = EDGE_CURVE('',#2949,#1322,#2978,.T.);
#2978 = SURFACE_CURVE('',#2979,(#2983,#2990),.PCURVE_S1.);
#2979 = LINE('',#2980,#2981);
#2980 = CARTESIAN_POINT('',(-0.31,4.06,4.75));
#2981 = VECTOR('',#2982,1.);
#2982 = DIRECTION('',(0.707106781187,-6.713347862853E-16,0.707106781187)
  );
#2983 = PCURVE('',#1366,#2984);
#2984 = DEFINITIONAL_REPRESENTATION('',(#2985),#2989);
#2985 = LINE('',#2986,#2987);
#2986 = CARTESIAN_POINT('',(1.570796326795,0.));
#2987 = VECTOR('',#2988,1.);
#2988 = DIRECTION('',(0.,1.));
#2989 = ( GEOMETRIC_REPRESENTATION_CONTEXT(2) 
PARAMETRIC_REPRESENTATION_CONTEXT() REPRESENTATION_CONTEXT('2D SPACE',''
  ) );
#2990 = PCURVE('',#1337,#2991);
#2991 = DEFINITIONAL_REPRESENTATION('',(#2992),#2996);
#2992 = LINE('',#2993,#2994);
#2993 = CARTESIAN_POINT('',(-2.890348213268E-16,3.75));
#2994 = VECTOR('',#2995,1.);
#2995 = DIRECTION('',(-1.,-7.850462293403E-17));
#2996 = ( GEOMETRIC_REPRESENTATION_CONTEXT(2) 
PARAMETRIC_REPRESENTATION_CONTEXT() REPRESENTATION_CONTEXT('2D SPACE',''
  ) );
#2997 = ADVANCED_FACE('',(#2998),#1337,.T.);
#2998 = FACE_BOUND('',#2999,.T.);
#2999 = EDGE_LOOP('',(#3000,#3001,#3002,#3030));
#3000 = ORIENTED_EDGE('',*,*,#1321,.F.);
#3001 = ORIENTED_EDGE('',*,*,#2977,.F.);
#3002 = ORIENTED_EDGE('',*,*,#3003,.T.);
#3003 = EDGE_CURVE('',#2949,#3004,#3006,.T.);
#3004 = VERTEX_POINT('',#3005);
#3005 = CARTESIAN_POINT('',(-2.46,37.94,2.6));
#3006 = SURFACE_CURVE('',#3007,(#3011,#3018),.PCURVE_S1.);
#3007 = LINE('',#3008,#3009);
#3008 = CARTESIAN_POINT('',(-2.46,0.31,2.6));
#3009 = VECTOR('',#3010,1.);
#3010 = DIRECTION('',(4.191942285976E-16,1.,4.191942285976E-16));
#3011 = PCURVE('',#1337,#3012);
#3012 = DEFINITIONAL_REPRESENTATION('',(#3013),#3017);
#3013 = LINE('',#3014,#3015);
#3014 = CARTESIAN_POINT('',(3.040559159102,1.750178495831E-15));
#3015 = VECTOR('',#3016,1.);
#3016 = DIRECTION('',(0.,1.));
#3017 = ( GEOMETRIC_REPRESENTATION_CONTEXT(2) 
PARAMETRIC_REPRESENTATION_CONTEXT() REPRESENTATION_CONTEXT('2D SPACE',''
  ) );
#3018 = PCURVE('',#3019,#3024);
#3019 = PLANE('',#3020);
#3020 = AXIS2_PLACEMENT_3D('',#3021,#3022,#3023);
#3021 = CARTESIAN_POINT('',(-2.46,0.31,2.6));
#3022 = DIRECTION('',(1.,-0.,2.264309857544E-28));
#3023 = DIRECTION('',(2.264309857544E-28,2.264309857544E-28,-1.));
#3024 = DEFINITIONAL_REPRESENTATION('',(#3025),#3029);
#3025 = LINE('',#3026,#3027);
#3026 = CARTESIAN_POINT('',(8.04444460394E-43,3.552713678801E-15));
#3027 = VECTOR('',#3028,1.);
#3028 = DIRECTION('',(-4.191942285974E-16,1.));
#3029 = ( GEOMETRIC_REPRESENTATION_CONTEXT(2) 
PARAMETRIC_REPRESENTATION_CONTEXT() REPRESENTATION_CONTEXT('2D SPACE',''
  ) );
#3030 = ORIENTED_EDGE('',*,*,#3031,.F.);
#3031 = EDGE_CURVE('',#1293,#3004,#3032,.T.);
#3032 = SURFACE_CURVE('',#3033,(#3037,#3044),.PCURVE_S1.);
#3033 = LINE('',#3034,#3035);
#3034 = CARTESIAN_POINT('',(-0.31,37.94,4.75));
#3035 = VECTOR('',#3036,1.);
#3036 = DIRECTION('',(-0.707106781187,5.928301633513E-16,-0.707106781187
    ));
#3037 = PCURVE('',#1337,#3038);
#3038 = DEFINITIONAL_REPRESENTATION('',(#3039),#3043);
#3039 = LINE('',#3040,#3041);
#3040 = CARTESIAN_POINT('',(9.549416088084E-16,37.63));
#3041 = VECTOR('',#3042,1.);
#3042 = DIRECTION('',(1.,0.));
#3043 = ( GEOMETRIC_REPRESENTATION_CONTEXT(2) 
PARAMETRIC_REPRESENTATION_CONTEXT() REPRESENTATION_CONTEXT('2D SPACE',''
  ) );
#3044 = PCURVE('',#1309,#3045);
#3045 = DEFINITIONAL_REPRESENTATION('',(#3046),#3050);
#3046 = LINE('',#3047,#3048);
#3047 = CARTESIAN_POINT('',(0.,0.));
#3048 = VECTOR('',#3049,1.);
#3049 = DIRECTION('',(-0.,-1.));
#3050 = ( GEOMETRIC_REPRESENTATION_CONTEXT(2) 
PARAMETRIC_REPRESENTATION_CONTEXT() REPRESENTATION_CONTEXT('2D SPACE',''
  ) );
#3051 = ADVANCED_FACE('',(#3052),#1309,.T.);
#3052 = FACE_BOUND('',#3053,.T.);
#3053 = EDGE_LOOP('',(#3054,#3055,#3056,#3085));
#3054 = ORIENTED_EDGE('',*,*,#1292,.F.);
#3055 = ORIENTED_EDGE('',*,*,#3031,.T.);
#3056 = ORIENTED_EDGE('',*,*,#3057,.T.);
#3057 = EDGE_CURVE('',#3004,#3058,#3060,.T.);
#3058 = VERTEX_POINT('',#3059);
#3059 = CARTESIAN_POINT('',(-4.06,39.54,2.6));
#3060 = SURFACE_CURVE('',#3061,(#3066,#3073),.PCURVE_S1.);
#3061 = CIRCLE('',#3062,1.6);
#3062 = AXIS2_PLACEMENT_3D('',#3063,#3064,#3065);
#3063 = CARTESIAN_POINT('',(-4.06,37.94,2.6));
#3064 = DIRECTION('',(0.,-0.,1.));
#3065 = DIRECTION('',(1.,0.,0.));
#3066 = PCURVE('',#1309,#3067);
#3067 = DEFINITIONAL_REPRESENTATION('',(#3068),#3072);
#3068 = LINE('',#3069,#3070);
#3069 = CARTESIAN_POINT('',(0.,-2.15));
#3070 = VECTOR('',#3071,1.);
#3071 = DIRECTION('',(1.,0.));
#3072 = ( GEOMETRIC_REPRESENTATION_CONTEXT(2) 
PARAMETRIC_REPRESENTATION_CONTEXT() REPRESENTATION_CONTEXT('2D SPACE',''
  ) );
#3073 = PCURVE('',#3074,#3079);
#3074 = CYLINDRICAL_SURFACE('',#3075,1.6);
#3075 = AXIS2_PLACEMENT_3D('',#3076,#3077,#3078);
#3076 = CARTESIAN_POINT('',(-4.06,37.94,2.6));
#3077 = DIRECTION('',(0.,-0.,1.));
#3078 = DIRECTION('',(1.,-2.22044604925E-15,-0.));
#3079 = DEFINITIONAL_REPRESENTATION('',(#3080),#3084);
#3080 = LINE('',#3081,#3082);
#3081 = CARTESIAN_POINT('',(0.,-0.));
#3082 = VECTOR('',#3083,1.);
#3083 = DIRECTION('',(1.,0.));
#3084 = ( GEOMETRIC_REPRESENTATION_CONTEXT(2) 
PARAMETRIC_REPRESENTATION_CONTEXT() REPRESENTATION_CONTEXT('2D SPACE',''
  ) );
#3085 = ORIENTED_EDGE('',*,*,#3086,.T.);
#3086 = EDGE_CURVE('',#3058,#1265,#3087,.T.);
#3087 = SURFACE_CURVE('',#3088,(#3092,#3099),.PCURVE_S1.);
#3088 = LINE('',#3089,#3090);
#3089 = CARTESIAN_POINT('',(-4.06,41.69,4.75));
#3090 = VECTOR('',#3091,1.);
#3091 = DIRECTION('',(6.713347862853E-16,0.707106781187,0.707106781187)
  );
#3092 = PCURVE('',#1309,#3093);
#3093 = DEFINITIONAL_REPRESENTATION('',(#3094),#3098);
#3094 = LINE('',#3095,#3096);
#3095 = CARTESIAN_POINT('',(1.570796326795,0.));
#3096 = VECTOR('',#3097,1.);
#3097 = DIRECTION('',(0.,1.));
#3098 = ( GEOMETRIC_REPRESENTATION_CONTEXT(2) 
PARAMETRIC_REPRESENTATION_CONTEXT() REPRESENTATION_CONTEXT('2D SPACE',''
  ) );
#3099 = PCURVE('',#3100,#3105);
#3100 = PLANE('',#3101);
#3101 = AXIS2_PLACEMENT_3D('',#3102,#3103,#3104);
#3102 = CARTESIAN_POINT('',(-0.31,41.69,4.75));
#3103 = DIRECTION('',(0.,0.707106781187,-0.707106781187));
#3104 = DIRECTION('',(-5.928301633513E-16,-0.707106781187,
    -0.707106781187));
#3105 = DEFINITIONAL_REPRESENTATION('',(#3106),#3110);
#3106 = LINE('',#3107,#3108);
#3107 = CARTESIAN_POINT('',(-2.890348213268E-16,3.75));
#3108 = VECTOR('',#3109,1.);
#3109 = DIRECTION('',(-1.,-7.850462293403E-17));
#3110 = ( GEOMETRIC_REPRESENTATION_CONTEXT(2) 
PARAMETRIC_REPRESENTATION_CONTEXT() REPRESENTATION_CONTEXT('2D SPACE',''
  ) );
#3111 = ADVANCED_FACE('',(#3112),#1280,.F.);
#3112 = FACE_BOUND('',#3113,.F.);
#3113 = EDGE_LOOP('',(#3114,#3140,#3141,#3169,#3192,#3213));
#3114 = ORIENTED_EDGE('',*,*,#3115,.F.);
#3115 = EDGE_CURVE('',#1861,#1236,#3116,.T.);
#3116 = SURFACE_CURVE('',#3117,(#3121,#3128),.PCURVE_S1.);
#3117 = LINE('',#3118,#3119);
#3118 = CARTESIAN_POINT('',(41.69,41.69,4.75));
#3119 = VECTOR('',#3120,1.);
#3120 = DIRECTION('',(-1.,0.,0.));
#3121 = PCURVE('',#1280,#3122);
#3122 = DEFINITIONAL_REPRESENTATION('',(#3123),#3127);
#3123 = LINE('',#3124,#3125);
#3124 = CARTESIAN_POINT('',(-3.75,-0.));
#3125 = VECTOR('',#3126,1.);
#3126 = DIRECTION('',(1.,0.));
#3127 = ( GEOMETRIC_REPRESENTATION_CONTEXT(2) 
PARAMETRIC_REPRESENTATION_CONTEXT() REPRESENTATION_CONTEXT('2D SPACE',''
  ) );
#3128 = PCURVE('',#3129,#3134);
#3129 = PLANE('',#3130);
#3130 = AXIS2_PLACEMENT_3D('',#3131,#3132,#3133);
#3131 = CARTESIAN_POINT('',(41.69,41.69,4.75));
#3132 = DIRECTION('',(0.,0.707106781187,-0.707106781187));
#3133 = DIRECTION('',(-5.928301633513E-16,-0.707106781187,
    -0.707106781187));
#3134 = DEFINITIONAL_REPRESENTATION('',(#3135),#3139);
#3135 = LINE('',#3136,#3137);
#3136 = CARTESIAN_POINT('',(-0.,0.));
#3137 = VECTOR('',#3138,1.);
#3138 = DIRECTION('',(5.928301633513E-16,1.));
#3139 = ( GEOMETRIC_REPRESENTATION_CONTEXT(2) 
PARAMETRIC_REPRESENTATION_CONTEXT() REPRESENTATION_CONTEXT('2D SPACE',''
  ) );
#3140 = ORIENTED_EDGE('',*,*,#1860,.T.);
#3141 = ORIENTED_EDGE('',*,*,#3142,.T.);
#3142 = EDGE_CURVE('',#1863,#3143,#3145,.T.);
#3143 = VERTEX_POINT('',#3144);
#3144 = CARTESIAN_POINT('',(-37.94,41.69,25.753578643763));
#3145 = SURFACE_CURVE('',#3146,(#3150,#3157),.PCURVE_S1.);
#3146 = LINE('',#3147,#3148);
#3147 = CARTESIAN_POINT('',(37.94,41.69,25.753578643763));
#3148 = VECTOR('',#3149,1.);
#3149 = DIRECTION('',(-1.,9.743057409101E-16,9.743057409101E-16));
#3150 = PCURVE('',#1280,#3151);
#3151 = DEFINITIONAL_REPRESENTATION('',(#3152),#3156);
#3152 = LINE('',#3153,#3154);
#3153 = CARTESIAN_POINT('',(-7.105427357601E-15,-21.00357864376));
#3154 = VECTOR('',#3155,1.);
#3155 = DIRECTION('',(1.,-9.743057409101E-16));
#3156 = ( GEOMETRIC_REPRESENTATION_CONTEXT(2) 
PARAMETRIC_REPRESENTATION_CONTEXT() REPRESENTATION_CONTEXT('2D SPACE',''
  ) );
#3157 = PCURVE('',#3158,#3163);
#3158 = CYLINDRICAL_SURFACE('',#3159,0.1);
#3159 = AXIS2_PLACEMENT_3D('',#3160,#3161,#3162);
#3160 = CARTESIAN_POINT('',(37.94,41.59,25.753578643763));
#3161 = DIRECTION('',(-1.,9.743057409101E-16,9.743057409101E-16));
#3162 = DIRECTION('',(0.,-0.707106781187,0.707106781187));
#3163 = DEFINITIONAL_REPRESENTATION('',(#3164),#3168);
#3164 = LINE('',#3165,#3166);
#3165 = CARTESIAN_POINT('',(2.356194490192,0.));
#3166 = VECTOR('',#3167,1.);
#3167 = DIRECTION('',(0.,1.));
#3168 = ( GEOMETRIC_REPRESENTATION_CONTEXT(2) 
PARAMETRIC_REPRESENTATION_CONTEXT() REPRESENTATION_CONTEXT('2D SPACE',''
  ) );
#3169 = ORIENTED_EDGE('',*,*,#3170,.F.);
#3170 = EDGE_CURVE('',#3171,#3143,#3173,.T.);
#3171 = VERTEX_POINT('',#3172);
#3172 = CARTESIAN_POINT('',(-37.94,41.69,4.75));
#3173 = SURFACE_CURVE('',#3174,(#3178,#3185),.PCURVE_S1.);
#3174 = LINE('',#3175,#3176);
#3175 = CARTESIAN_POINT('',(-37.94,41.69,4.75));
#3176 = VECTOR('',#3177,1.);
#3177 = DIRECTION('',(3.382960341242E-16,3.382960341242E-15,1.));
#3178 = PCURVE('',#1280,#3179);
#3179 = DEFINITIONAL_REPRESENTATION('',(#3180),#3184);
#3180 = LINE('',#3181,#3182);
#3181 = CARTESIAN_POINT('',(75.88,0.));
#3182 = VECTOR('',#3183,1.);
#3183 = DIRECTION('',(-3.382960341242E-16,-1.));
#3184 = ( GEOMETRIC_REPRESENTATION_CONTEXT(2) 
PARAMETRIC_REPRESENTATION_CONTEXT() REPRESENTATION_CONTEXT('2D SPACE',''
  ) );
#3185 = PCURVE('',#2171,#3186);
#3186 = DEFINITIONAL_REPRESENTATION('',(#3187),#3191);
#3187 = LINE('',#3188,#3189);
#3188 = CARTESIAN_POINT('',(-0.,0.));
#3189 = VECTOR('',#3190,1.);
#3190 = DIRECTION('',(-0.,-1.));
#3191 = ( GEOMETRIC_REPRESENTATION_CONTEXT(2) 
PARAMETRIC_REPRESENTATION_CONTEXT() REPRESENTATION_CONTEXT('2D SPACE',''
  ) );
#3192 = ORIENTED_EDGE('',*,*,#3193,.F.);
#3193 = EDGE_CURVE('',#1265,#3171,#3194,.T.);
#3194 = SURFACE_CURVE('',#3195,(#3199,#3206),.PCURVE_S1.);
#3195 = LINE('',#3196,#3197);
#3196 = CARTESIAN_POINT('',(41.69,41.69,4.75));
#3197 = VECTOR('',#3198,1.);
#3198 = DIRECTION('',(-1.,0.,0.));
#3199 = PCURVE('',#1280,#3200);
#3200 = DEFINITIONAL_REPRESENTATION('',(#3201),#3205);
#3201 = LINE('',#3202,#3203);
#3202 = CARTESIAN_POINT('',(-3.75,-0.));
#3203 = VECTOR('',#3204,1.);
#3204 = DIRECTION('',(1.,0.));
#3205 = ( GEOMETRIC_REPRESENTATION_CONTEXT(2) 
PARAMETRIC_REPRESENTATION_CONTEXT() REPRESENTATION_CONTEXT('2D SPACE',''
  ) );
#3206 = PCURVE('',#3100,#3207);
#3207 = DEFINITIONAL_REPRESENTATION('',(#3208),#3212);
#3208 = LINE('',#3209,#3210);
#3209 = CARTESIAN_POINT('',(-2.489886686075E-14,-42.));
#3210 = VECTOR('',#3211,1.);
#3211 = DIRECTION('',(5.928301633513E-16,1.));
#3212 = ( GEOMETRIC_REPRESENTATION_CONTEXT(2) 
PARAMETRIC_REPRESENTATION_CONTEXT() REPRESENTATION_CONTEXT('2D SPACE',''
  ) );
#3213 = ORIENTED_EDGE('',*,*,#1264,.F.);
#3214 = ADVANCED_FACE('',(#3215),#1252,.T.);
#3215 = FACE_BOUND('',#3216,.T.);
#3216 = EDGE_LOOP('',(#3217,#3218,#3241,#3270));
#3217 = ORIENTED_EDGE('',*,*,#1235,.F.);
#3218 = ORIENTED_EDGE('',*,*,#3219,.T.);
#3219 = EDGE_CURVE('',#1236,#3220,#3222,.T.);
#3220 = VERTEX_POINT('',#3221);
#3221 = CARTESIAN_POINT('',(4.06,39.54,2.6));
#3222 = SURFACE_CURVE('',#3223,(#3227,#3234),.PCURVE_S1.);
#3223 = LINE('',#3224,#3225);
#3224 = CARTESIAN_POINT('',(4.06,41.69,4.75));
#3225 = VECTOR('',#3226,1.);
#3226 = DIRECTION('',(-5.928301633513E-16,-0.707106781187,
    -0.707106781187));
#3227 = PCURVE('',#1252,#3228);
#3228 = DEFINITIONAL_REPRESENTATION('',(#3229),#3233);
#3229 = LINE('',#3230,#3231);
#3230 = CARTESIAN_POINT('',(0.,0.));
#3231 = VECTOR('',#3232,1.);
#3232 = DIRECTION('',(-0.,-1.));
#3233 = ( GEOMETRIC_REPRESENTATION_CONTEXT(2) 
PARAMETRIC_REPRESENTATION_CONTEXT() REPRESENTATION_CONTEXT('2D SPACE',''
  ) );
#3234 = PCURVE('',#3129,#3235);
#3235 = DEFINITIONAL_REPRESENTATION('',(#3236),#3240);
#3236 = LINE('',#3237,#3238);
#3237 = CARTESIAN_POINT('',(1.582978592282E-15,37.63));
#3238 = VECTOR('',#3239,1.);
#3239 = DIRECTION('',(1.,0.));
#3240 = ( GEOMETRIC_REPRESENTATION_CONTEXT(2) 
PARAMETRIC_REPRESENTATION_CONTEXT() REPRESENTATION_CONTEXT('2D SPACE',''
  ) );
#3241 = ORIENTED_EDGE('',*,*,#3242,.T.);
#3242 = EDGE_CURVE('',#3220,#3243,#3245,.T.);
#3243 = VERTEX_POINT('',#3244);
#3244 = CARTESIAN_POINT('',(2.46,37.94,2.6));
#3245 = SURFACE_CURVE('',#3246,(#3251,#3258),.PCURVE_S1.);
#3246 = CIRCLE('',#3247,1.6);
#3247 = AXIS2_PLACEMENT_3D('',#3248,#3249,#3250);
#3248 = CARTESIAN_POINT('',(4.06,37.94,2.6));
#3249 = DIRECTION('',(0.,-0.,1.));
#3250 = DIRECTION('',(0.,1.,0.));
#3251 = PCURVE('',#1252,#3252);
#3252 = DEFINITIONAL_REPRESENTATION('',(#3253),#3257);
#3253 = LINE('',#3254,#3255);
#3254 = CARTESIAN_POINT('',(0.,-2.15));
#3255 = VECTOR('',#3256,1.);
#3256 = DIRECTION('',(1.,0.));
#3257 = ( GEOMETRIC_REPRESENTATION_CONTEXT(2) 
PARAMETRIC_REPRESENTATION_CONTEXT() REPRESENTATION_CONTEXT('2D SPACE',''
  ) );
#3258 = PCURVE('',#3259,#3264);
#3259 = CYLINDRICAL_SURFACE('',#3260,1.6);
#3260 = AXIS2_PLACEMENT_3D('',#3261,#3262,#3263);
#3261 = CARTESIAN_POINT('',(4.06,37.94,2.6));
#3262 = DIRECTION('',(0.,-0.,1.));
#3263 = DIRECTION('',(2.22044604925E-15,1.,0.));
#3264 = DEFINITIONAL_REPRESENTATION('',(#3265),#3269);
#3265 = LINE('',#3266,#3267);
#3266 = CARTESIAN_POINT('',(0.,-0.));
#3267 = VECTOR('',#3268,1.);
#3268 = DIRECTION('',(1.,0.));
#3269 = ( GEOMETRIC_REPRESENTATION_CONTEXT(2) 
PARAMETRIC_REPRESENTATION_CONTEXT() REPRESENTATION_CONTEXT('2D SPACE',''
  ) );
#3270 = ORIENTED_EDGE('',*,*,#3271,.T.);
#3271 = EDGE_CURVE('',#3243,#1208,#3272,.T.);
#3272 = SURFACE_CURVE('',#3273,(#3277,#3284),.PCURVE_S1.);
#3273 = LINE('',#3274,#3275);
#3274 = CARTESIAN_POINT('',(0.31,37.94,4.75));
#3275 = VECTOR('',#3276,1.);
#3276 = DIRECTION('',(-0.707106781187,6.713347862853E-16,0.707106781187)
  );
#3277 = PCURVE('',#1252,#3278);
#3278 = DEFINITIONAL_REPRESENTATION('',(#3279),#3283);
#3279 = LINE('',#3280,#3281);
#3280 = CARTESIAN_POINT('',(1.570796326795,0.));
#3281 = VECTOR('',#3282,1.);
#3282 = DIRECTION('',(0.,1.));
#3283 = ( GEOMETRIC_REPRESENTATION_CONTEXT(2) 
PARAMETRIC_REPRESENTATION_CONTEXT() REPRESENTATION_CONTEXT('2D SPACE',''
  ) );
#3284 = PCURVE('',#1223,#3285);
#3285 = DEFINITIONAL_REPRESENTATION('',(#3286),#3290);
#3286 = LINE('',#3287,#3288);
#3287 = CARTESIAN_POINT('',(-2.890348213268E-16,3.75));
#3288 = VECTOR('',#3289,1.);
#3289 = DIRECTION('',(-1.,-7.850462293403E-17));
#3290 = ( GEOMETRIC_REPRESENTATION_CONTEXT(2) 
PARAMETRIC_REPRESENTATION_CONTEXT() REPRESENTATION_CONTEXT('2D SPACE',''
  ) );
#3291 = ADVANCED_FACE('',(#3292),#1223,.T.);
#3292 = FACE_BOUND('',#3293,.T.);
#3293 = EDGE_LOOP('',(#3294,#3295,#3296,#3324));
#3294 = ORIENTED_EDGE('',*,*,#1207,.F.);
#3295 = ORIENTED_EDGE('',*,*,#3271,.F.);
#3296 = ORIENTED_EDGE('',*,*,#3297,.T.);
#3297 = EDGE_CURVE('',#3243,#3298,#3300,.T.);
#3298 = VERTEX_POINT('',#3299);
#3299 = CARTESIAN_POINT('',(2.46,4.06,2.6));
#3300 = SURFACE_CURVE('',#3301,(#3305,#3312),.PCURVE_S1.);
#3301 = LINE('',#3302,#3303);
#3302 = CARTESIAN_POINT('',(2.46,41.69,2.6));
#3303 = VECTOR('',#3304,1.);
#3304 = DIRECTION('',(-4.191942285976E-16,-1.,4.191942285976E-16));
#3305 = PCURVE('',#1223,#3306);
#3306 = DEFINITIONAL_REPRESENTATION('',(#3307),#3311);
#3307 = LINE('',#3308,#3309);
#3308 = CARTESIAN_POINT('',(3.040559159102,-1.80253518297E-15));
#3309 = VECTOR('',#3310,1.);
#3310 = DIRECTION('',(0.,1.));
#3311 = ( GEOMETRIC_REPRESENTATION_CONTEXT(2) 
PARAMETRIC_REPRESENTATION_CONTEXT() REPRESENTATION_CONTEXT('2D SPACE',''
  ) );
#3312 = PCURVE('',#3313,#3318);
#3313 = PLANE('',#3314);
#3314 = AXIS2_PLACEMENT_3D('',#3315,#3316,#3317);
#3315 = CARTESIAN_POINT('',(2.46,41.69,2.6));
#3316 = DIRECTION('',(-1.,0.,2.264309857544E-28));
#3317 = DIRECTION('',(-2.264309857544E-28,-2.264309857544E-28,-1.));
#3318 = DEFINITIONAL_REPRESENTATION('',(#3319),#3323);
#3319 = LINE('',#3320,#3321);
#3320 = CARTESIAN_POINT('',(-0.,0.));
#3321 = VECTOR('',#3322,1.);
#3322 = DIRECTION('',(-4.191942285974E-16,1.));
#3323 = ( GEOMETRIC_REPRESENTATION_CONTEXT(2) 
PARAMETRIC_REPRESENTATION_CONTEXT() REPRESENTATION_CONTEXT('2D SPACE',''
  ) );
#3324 = ORIENTED_EDGE('',*,*,#3325,.F.);
#3325 = EDGE_CURVE('',#1179,#3298,#3326,.T.);
#3326 = SURFACE_CURVE('',#3327,(#3331,#3338),.PCURVE_S1.);
#3327 = LINE('',#3328,#3329);
#3328 = CARTESIAN_POINT('',(0.31,4.06,4.75));
#3329 = VECTOR('',#3330,1.);
#3330 = DIRECTION('',(0.707106781187,-5.928301633513E-16,-0.707106781187
    ));
#3331 = PCURVE('',#1223,#3332);
#3332 = DEFINITIONAL_REPRESENTATION('',(#3333),#3337);
#3333 = LINE('',#3334,#3335);
#3334 = CARTESIAN_POINT('',(9.549416088084E-16,37.63));
#3335 = VECTOR('',#3336,1.);
#3336 = DIRECTION('',(1.,0.));
#3337 = ( GEOMETRIC_REPRESENTATION_CONTEXT(2) 
PARAMETRIC_REPRESENTATION_CONTEXT() REPRESENTATION_CONTEXT('2D SPACE',''
  ) );
#3338 = PCURVE('',#1195,#3339);
#3339 = DEFINITIONAL_REPRESENTATION('',(#3340),#3344);
#3340 = LINE('',#3341,#3342);
#3341 = CARTESIAN_POINT('',(0.,0.));
#3342 = VECTOR('',#3343,1.);
#3343 = DIRECTION('',(-0.,-1.));
#3344 = ( GEOMETRIC_REPRESENTATION_CONTEXT(2) 
PARAMETRIC_REPRESENTATION_CONTEXT() REPRESENTATION_CONTEXT('2D SPACE',''
  ) );
#3345 = ADVANCED_FACE('',(#3346),#1195,.T.);
#3346 = FACE_BOUND('',#3347,.T.);
#3347 = EDGE_LOOP('',(#3348,#3349,#3350,#3379));
#3348 = ORIENTED_EDGE('',*,*,#1178,.F.);
#3349 = ORIENTED_EDGE('',*,*,#3325,.T.);
#3350 = ORIENTED_EDGE('',*,*,#3351,.T.);
#3351 = EDGE_CURVE('',#3298,#3352,#3354,.T.);
#3352 = VERTEX_POINT('',#3353);
#3353 = CARTESIAN_POINT('',(4.06,2.46,2.6));
#3354 = SURFACE_CURVE('',#3355,(#3360,#3367),.PCURVE_S1.);
#3355 = CIRCLE('',#3356,1.6);
#3356 = AXIS2_PLACEMENT_3D('',#3357,#3358,#3359);
#3357 = CARTESIAN_POINT('',(4.06,4.06,2.6));
#3358 = DIRECTION('',(0.,0.,1.));
#3359 = DIRECTION('',(-1.,0.,0.));
#3360 = PCURVE('',#1195,#3361);
#3361 = DEFINITIONAL_REPRESENTATION('',(#3362),#3366);
#3362 = LINE('',#3363,#3364);
#3363 = CARTESIAN_POINT('',(0.,-2.15));
#3364 = VECTOR('',#3365,1.);
#3365 = DIRECTION('',(1.,0.));
#3366 = ( GEOMETRIC_REPRESENTATION_CONTEXT(2) 
PARAMETRIC_REPRESENTATION_CONTEXT() REPRESENTATION_CONTEXT('2D SPACE',''
  ) );
#3367 = PCURVE('',#3368,#3373);
#3368 = CYLINDRICAL_SURFACE('',#3369,1.6);
#3369 = AXIS2_PLACEMENT_3D('',#3370,#3371,#3372);
#3370 = CARTESIAN_POINT('',(4.06,4.06,2.6));
#3371 = DIRECTION('',(0.,0.,1.));
#3372 = DIRECTION('',(-1.,2.22044604925E-15,0.));
#3373 = DEFINITIONAL_REPRESENTATION('',(#3374),#3378);
#3374 = LINE('',#3375,#3376);
#3375 = CARTESIAN_POINT('',(0.,-0.));
#3376 = VECTOR('',#3377,1.);
#3377 = DIRECTION('',(1.,0.));
#3378 = ( GEOMETRIC_REPRESENTATION_CONTEXT(2) 
PARAMETRIC_REPRESENTATION_CONTEXT() REPRESENTATION_CONTEXT('2D SPACE',''
  ) );
#3379 = ORIENTED_EDGE('',*,*,#3380,.T.);
#3380 = EDGE_CURVE('',#3352,#1151,#3381,.T.);
#3381 = SURFACE_CURVE('',#3382,(#3386,#3393),.PCURVE_S1.);
#3382 = LINE('',#3383,#3384);
#3383 = CARTESIAN_POINT('',(4.06,0.31,4.75));
#3384 = VECTOR('',#3385,1.);
#3385 = DIRECTION('',(-6.713347862853E-16,-0.707106781187,0.707106781187
    ));
#3386 = PCURVE('',#1195,#3387);
#3387 = DEFINITIONAL_REPRESENTATION('',(#3388),#3392);
#3388 = LINE('',#3389,#3390);
#3389 = CARTESIAN_POINT('',(1.570796326795,0.));
#3390 = VECTOR('',#3391,1.);
#3391 = DIRECTION('',(0.,1.));
#3392 = ( GEOMETRIC_REPRESENTATION_CONTEXT(2) 
PARAMETRIC_REPRESENTATION_CONTEXT() REPRESENTATION_CONTEXT('2D SPACE',''
  ) );
#3393 = PCURVE('',#1166,#3394);
#3394 = DEFINITIONAL_REPRESENTATION('',(#3395),#3399);
#3395 = LINE('',#3396,#3397);
#3396 = CARTESIAN_POINT('',(-2.890348213268E-16,3.75));
#3397 = VECTOR('',#3398,1.);
#3398 = DIRECTION('',(-1.,-7.850462293403E-17));
#3399 = ( GEOMETRIC_REPRESENTATION_CONTEXT(2) 
PARAMETRIC_REPRESENTATION_CONTEXT() REPRESENTATION_CONTEXT('2D SPACE',''
  ) );
#3400 = ADVANCED_FACE('',(#3401),#1166,.T.);
#3401 = FACE_BOUND('',#3402,.T.);
#3402 = EDGE_LOOP('',(#3403,#3404,#3405,#3433));
#3403 = ORIENTED_EDGE('',*,*,#1150,.F.);
#3404 = ORIENTED_EDGE('',*,*,#3380,.F.);
#3405 = ORIENTED_EDGE('',*,*,#3406,.T.);
#3406 = EDGE_CURVE('',#3352,#3407,#3409,.T.);
#3407 = VERTEX_POINT('',#3408);
#3408 = CARTESIAN_POINT('',(37.94,2.46,2.6));
#3409 = SURFACE_CURVE('',#3410,(#3414,#3421),.PCURVE_S1.);
#3410 = LINE('',#3411,#3412);
#3411 = CARTESIAN_POINT('',(0.31,2.46,2.6));
#3412 = VECTOR('',#3413,1.);
#3413 = DIRECTION('',(1.,-4.191942285976E-16,4.191942285976E-16));
#3414 = PCURVE('',#1166,#3415);
#3415 = DEFINITIONAL_REPRESENTATION('',(#3416),#3420);
#3416 = LINE('',#3417,#3418);
#3417 = CARTESIAN_POINT('',(3.040559159102,1.750178495831E-15));
#3418 = VECTOR('',#3419,1.);
#3419 = DIRECTION('',(0.,1.));
#3420 = ( GEOMETRIC_REPRESENTATION_CONTEXT(2) 
PARAMETRIC_REPRESENTATION_CONTEXT() REPRESENTATION_CONTEXT('2D SPACE',''
  ) );
#3421 = PCURVE('',#3422,#3427);
#3422 = PLANE('',#3423);
#3423 = AXIS2_PLACEMENT_3D('',#3424,#3425,#3426);
#3424 = CARTESIAN_POINT('',(0.31,2.46,2.6));
#3425 = DIRECTION('',(0.,-1.,2.264309857544E-28));
#3426 = DIRECTION('',(2.264309857544E-28,-2.264309857544E-28,-1.));
#3427 = DEFINITIONAL_REPRESENTATION('',(#3428),#3432);
#3428 = LINE('',#3429,#3430);
#3429 = CARTESIAN_POINT('',(8.04444460394E-43,3.552713678801E-15));
#3430 = VECTOR('',#3431,1.);
#3431 = DIRECTION('',(-4.191942285974E-16,1.));
#3432 = ( GEOMETRIC_REPRESENTATION_CONTEXT(2) 
PARAMETRIC_REPRESENTATION_CONTEXT() REPRESENTATION_CONTEXT('2D SPACE',''
  ) );
#3433 = ORIENTED_EDGE('',*,*,#3434,.T.);
#3434 = EDGE_CURVE('',#3407,#1122,#3435,.T.);
#3435 = SURFACE_CURVE('',#3436,(#3440,#3447),.PCURVE_S1.);
#3436 = LINE('',#3437,#3438);
#3437 = CARTESIAN_POINT('',(37.94,0.31,4.75));
#3438 = VECTOR('',#3439,1.);
#3439 = DIRECTION('',(0.,-0.707106781187,0.707106781187));
#3440 = PCURVE('',#1166,#3441);
#3441 = DEFINITIONAL_REPRESENTATION('',(#3442),#3446);
#3442 = LINE('',#3443,#3444);
#3443 = CARTESIAN_POINT('',(2.230819904691E-14,37.63));
#3444 = VECTOR('',#3445,1.);
#3445 = DIRECTION('',(-1.,5.928301633513E-16));
#3446 = ( GEOMETRIC_REPRESENTATION_CONTEXT(2) 
PARAMETRIC_REPRESENTATION_CONTEXT() REPRESENTATION_CONTEXT('2D SPACE',''
  ) );
#3447 = PCURVE('',#1138,#3448);
#3448 = DEFINITIONAL_REPRESENTATION('',(#3449),#3453);
#3449 = LINE('',#3450,#3451);
#3450 = CARTESIAN_POINT('',(0.,0.));
#3451 = VECTOR('',#3452,1.);
#3452 = DIRECTION('',(0.,1.));
#3453 = ( GEOMETRIC_REPRESENTATION_CONTEXT(2) 
PARAMETRIC_REPRESENTATION_CONTEXT() REPRESENTATION_CONTEXT('2D SPACE',''
  ) );
#3454 = ADVANCED_FACE('',(#3455),#1138,.T.);
#3455 = FACE_BOUND('',#3456,.T.);
#3456 = EDGE_LOOP('',(#3457,#3458,#3459,#3486));
#3457 = ORIENTED_EDGE('',*,*,#1121,.F.);
#3458 = ORIENTED_EDGE('',*,*,#3434,.F.);
#3459 = ORIENTED_EDGE('',*,*,#3460,.T.);
#3460 = EDGE_CURVE('',#3407,#2002,#3461,.T.);
#3461 = SURFACE_CURVE('',#3462,(#3467,#3474),.PCURVE_S1.);
#3462 = CIRCLE('',#3463,1.6);
#3463 = AXIS2_PLACEMENT_3D('',#3464,#3465,#3466);
#3464 = CARTESIAN_POINT('',(37.94,4.06,2.6));
#3465 = DIRECTION('',(-0.,0.,1.));
#3466 = DIRECTION('',(0.,-1.,0.));
#3467 = PCURVE('',#1138,#3468);
#3468 = DEFINITIONAL_REPRESENTATION('',(#3469),#3473);
#3469 = LINE('',#3470,#3471);
#3470 = CARTESIAN_POINT('',(0.,-2.15));
#3471 = VECTOR('',#3472,1.);
#3472 = DIRECTION('',(1.,0.));
#3473 = ( GEOMETRIC_REPRESENTATION_CONTEXT(2) 
PARAMETRIC_REPRESENTATION_CONTEXT() REPRESENTATION_CONTEXT('2D SPACE',''
  ) );
#3474 = PCURVE('',#3475,#3480);
#3475 = CYLINDRICAL_SURFACE('',#3476,1.6);
#3476 = AXIS2_PLACEMENT_3D('',#3477,#3478,#3479);
#3477 = CARTESIAN_POINT('',(37.94,4.06,2.6));
#3478 = DIRECTION('',(-0.,0.,1.));
#3479 = DIRECTION('',(-2.22044604925E-15,-1.,0.));
#3480 = DEFINITIONAL_REPRESENTATION('',(#3481),#3485);
#3481 = LINE('',#3482,#3483);
#3482 = CARTESIAN_POINT('',(0.,-0.));
#3483 = VECTOR('',#3484,1.);
#3484 = DIRECTION('',(1.,0.));
#3485 = ( GEOMETRIC_REPRESENTATION_CONTEXT(2) 
PARAMETRIC_REPRESENTATION_CONTEXT() REPRESENTATION_CONTEXT('2D SPACE',''
  ) );
#3486 = ORIENTED_EDGE('',*,*,#2001,.T.);
#3487 = ADVANCED_FACE('',(#3488),#1108,.T.);
#3488 = FACE_BOUND('',#3489,.T.);
#3489 = EDGE_LOOP('',(#3490,#3491,#3492,#3521));
#3490 = ORIENTED_EDGE('',*,*,#1093,.F.);
#3491 = ORIENTED_EDGE('',*,*,#1976,.T.);
#3492 = ORIENTED_EDGE('',*,*,#3493,.T.);
#3493 = EDGE_CURVE('',#1949,#3494,#3496,.T.);
#3494 = VERTEX_POINT('',#3495);
#3495 = CARTESIAN_POINT('',(37.94,-2.46,2.6));
#3496 = SURFACE_CURVE('',#3497,(#3502,#3509),.PCURVE_S1.);
#3497 = CIRCLE('',#3498,1.6);
#3498 = AXIS2_PLACEMENT_3D('',#3499,#3500,#3501);
#3499 = CARTESIAN_POINT('',(37.94,-4.06,2.6));
#3500 = DIRECTION('',(0.,-0.,1.));
#3501 = DIRECTION('',(1.,0.,0.));
#3502 = PCURVE('',#1108,#3503);
#3503 = DEFINITIONAL_REPRESENTATION('',(#3504),#3508);
#3504 = LINE('',#3505,#3506);
#3505 = CARTESIAN_POINT('',(0.,-2.15));
#3506 = VECTOR('',#3507,1.);
#3507 = DIRECTION('',(1.,0.));
#3508 = ( GEOMETRIC_REPRESENTATION_CONTEXT(2) 
PARAMETRIC_REPRESENTATION_CONTEXT() REPRESENTATION_CONTEXT('2D SPACE',''
  ) );
#3509 = PCURVE('',#3510,#3515);
#3510 = CYLINDRICAL_SURFACE('',#3511,1.6);
#3511 = AXIS2_PLACEMENT_3D('',#3512,#3513,#3514);
#3512 = CARTESIAN_POINT('',(37.94,-4.06,2.6));
#3513 = DIRECTION('',(0.,-0.,1.));
#3514 = DIRECTION('',(1.,-2.22044604925E-15,-0.));
#3515 = DEFINITIONAL_REPRESENTATION('',(#3516),#3520);
#3516 = LINE('',#3517,#3518);
#3517 = CARTESIAN_POINT('',(0.,-0.));
#3518 = VECTOR('',#3519,1.);
#3519 = DIRECTION('',(1.,0.));
#3520 = ( GEOMETRIC_REPRESENTATION_CONTEXT(2) 
PARAMETRIC_REPRESENTATION_CONTEXT() REPRESENTATION_CONTEXT('2D SPACE',''
  ) );
#3521 = ORIENTED_EDGE('',*,*,#3522,.T.);
#3522 = EDGE_CURVE('',#3494,#1066,#3523,.T.);
#3523 = SURFACE_CURVE('',#3524,(#3528,#3535),.PCURVE_S1.);
#3524 = LINE('',#3525,#3526);
#3525 = CARTESIAN_POINT('',(37.94,-0.31,4.75));
#3526 = VECTOR('',#3527,1.);
#3527 = DIRECTION('',(6.713347862853E-16,0.707106781187,0.707106781187)
  );
#3528 = PCURVE('',#1108,#3529);
#3529 = DEFINITIONAL_REPRESENTATION('',(#3530),#3534);
#3530 = LINE('',#3531,#3532);
#3531 = CARTESIAN_POINT('',(1.570796326795,0.));
#3532 = VECTOR('',#3533,1.);
#3533 = DIRECTION('',(0.,1.));
#3534 = ( GEOMETRIC_REPRESENTATION_CONTEXT(2) 
PARAMETRIC_REPRESENTATION_CONTEXT() REPRESENTATION_CONTEXT('2D SPACE',''
  ) );
#3535 = PCURVE('',#1081,#3536);
#3536 = DEFINITIONAL_REPRESENTATION('',(#3537),#3541);
#3537 = LINE('',#3538,#3539);
#3538 = CARTESIAN_POINT('',(-2.890348213268E-16,3.75));
#3539 = VECTOR('',#3540,1.);
#3540 = DIRECTION('',(-1.,-7.850462293403E-17));
#3541 = ( GEOMETRIC_REPRESENTATION_CONTEXT(2) 
PARAMETRIC_REPRESENTATION_CONTEXT() REPRESENTATION_CONTEXT('2D SPACE',''
  ) );
#3542 = ADVANCED_FACE('',(#3543),#1081,.T.);
#3543 = FACE_BOUND('',#3544,.T.);
#3544 = EDGE_LOOP('',(#3545,#3546,#3547,#3575));
#3545 = ORIENTED_EDGE('',*,*,#1065,.F.);
#3546 = ORIENTED_EDGE('',*,*,#3522,.F.);
#3547 = ORIENTED_EDGE('',*,*,#3548,.T.);
#3548 = EDGE_CURVE('',#3494,#3549,#3551,.T.);
#3549 = VERTEX_POINT('',#3550);
#3550 = CARTESIAN_POINT('',(4.06,-2.46,2.6));
#3551 = SURFACE_CURVE('',#3552,(#3556,#3563),.PCURVE_S1.);
#3552 = LINE('',#3553,#3554);
#3553 = CARTESIAN_POINT('',(41.69,-2.46,2.6));
#3554 = VECTOR('',#3555,1.);
#3555 = DIRECTION('',(-1.,4.191942285976E-16,4.191942285976E-16));
#3556 = PCURVE('',#1081,#3557);
#3557 = DEFINITIONAL_REPRESENTATION('',(#3558),#3562);
#3558 = LINE('',#3559,#3560);
#3559 = CARTESIAN_POINT('',(3.040559159102,-1.80253518297E-15));
#3560 = VECTOR('',#3561,1.);
#3561 = DIRECTION('',(0.,1.));
#3562 = ( GEOMETRIC_REPRESENTATION_CONTEXT(2) 
PARAMETRIC_REPRESENTATION_CONTEXT() REPRESENTATION_CONTEXT('2D SPACE',''
  ) );
#3563 = PCURVE('',#3564,#3569);
#3564 = PLANE('',#3565);
#3565 = AXIS2_PLACEMENT_3D('',#3566,#3567,#3568);
#3566 = CARTESIAN_POINT('',(41.69,-2.46,2.6));
#3567 = DIRECTION('',(0.,1.,2.264309857544E-28));
#3568 = DIRECTION('',(-2.264309857544E-28,2.264309857544E-28,-1.));
#3569 = DEFINITIONAL_REPRESENTATION('',(#3570),#3574);
#3570 = LINE('',#3571,#3572);
#3571 = CARTESIAN_POINT('',(0.,0.));
#3572 = VECTOR('',#3573,1.);
#3573 = DIRECTION('',(-4.191942285974E-16,1.));
#3574 = ( GEOMETRIC_REPRESENTATION_CONTEXT(2) 
PARAMETRIC_REPRESENTATION_CONTEXT() REPRESENTATION_CONTEXT('2D SPACE',''
  ) );
#3575 = ORIENTED_EDGE('',*,*,#3576,.F.);
#3576 = EDGE_CURVE('',#1037,#3549,#3577,.T.);
#3577 = SURFACE_CURVE('',#3578,(#3582,#3589),.PCURVE_S1.);
#3578 = LINE('',#3579,#3580);
#3579 = CARTESIAN_POINT('',(4.06,-0.31,4.75));
#3580 = VECTOR('',#3581,1.);
#3581 = DIRECTION('',(-5.928301633513E-16,-0.707106781187,
    -0.707106781187));
#3582 = PCURVE('',#1081,#3583);
#3583 = DEFINITIONAL_REPRESENTATION('',(#3584),#3588);
#3584 = LINE('',#3585,#3586);
#3585 = CARTESIAN_POINT('',(9.549416088084E-16,37.63));
#3586 = VECTOR('',#3587,1.);
#3587 = DIRECTION('',(1.,0.));
#3588 = ( GEOMETRIC_REPRESENTATION_CONTEXT(2) 
PARAMETRIC_REPRESENTATION_CONTEXT() REPRESENTATION_CONTEXT('2D SPACE',''
  ) );
#3589 = PCURVE('',#1053,#3590);
#3590 = DEFINITIONAL_REPRESENTATION('',(#3591),#3595);
#3591 = LINE('',#3592,#3593);
#3592 = CARTESIAN_POINT('',(0.,0.));
#3593 = VECTOR('',#3594,1.);
#3594 = DIRECTION('',(-0.,-1.));
#3595 = ( GEOMETRIC_REPRESENTATION_CONTEXT(2) 
PARAMETRIC_REPRESENTATION_CONTEXT() REPRESENTATION_CONTEXT('2D SPACE',''
  ) );
#3596 = ADVANCED_FACE('',(#3597),#1053,.T.);
#3597 = FACE_BOUND('',#3598,.T.);
#3598 = EDGE_LOOP('',(#3599,#3600,#3601,#3630));
#3599 = ORIENTED_EDGE('',*,*,#1036,.F.);
#3600 = ORIENTED_EDGE('',*,*,#3576,.T.);
#3601 = ORIENTED_EDGE('',*,*,#3602,.T.);
#3602 = EDGE_CURVE('',#3549,#3603,#3605,.T.);
#3603 = VERTEX_POINT('',#3604);
#3604 = CARTESIAN_POINT('',(2.46,-4.06,2.6));
#3605 = SURFACE_CURVE('',#3606,(#3611,#3618),.PCURVE_S1.);
#3606 = CIRCLE('',#3607,1.6);
#3607 = AXIS2_PLACEMENT_3D('',#3608,#3609,#3610);
#3608 = CARTESIAN_POINT('',(4.06,-4.06,2.6));
#3609 = DIRECTION('',(0.,-0.,1.));
#3610 = DIRECTION('',(0.,1.,0.));
#3611 = PCURVE('',#1053,#3612);
#3612 = DEFINITIONAL_REPRESENTATION('',(#3613),#3617);
#3613 = LINE('',#3614,#3615);
#3614 = CARTESIAN_POINT('',(0.,-2.15));
#3615 = VECTOR('',#3616,1.);
#3616 = DIRECTION('',(1.,0.));
#3617 = ( GEOMETRIC_REPRESENTATION_CONTEXT(2) 
PARAMETRIC_REPRESENTATION_CONTEXT() REPRESENTATION_CONTEXT('2D SPACE',''
  ) );
#3618 = PCURVE('',#3619,#3624);
#3619 = CYLINDRICAL_SURFACE('',#3620,1.6);
#3620 = AXIS2_PLACEMENT_3D('',#3621,#3622,#3623);
#3621 = CARTESIAN_POINT('',(4.06,-4.06,2.6));
#3622 = DIRECTION('',(0.,-0.,1.));
#3623 = DIRECTION('',(2.22044604925E-15,1.,0.));
#3624 = DEFINITIONAL_REPRESENTATION('',(#3625),#3629);
#3625 = LINE('',#3626,#3627);
#3626 = CARTESIAN_POINT('',(0.,-0.));
#3627 = VECTOR('',#3628,1.);
#3628 = DIRECTION('',(1.,0.));
#3629 = ( GEOMETRIC_REPRESENTATION_CONTEXT(2) 
PARAMETRIC_REPRESENTATION_CONTEXT() REPRESENTATION_CONTEXT('2D SPACE',''
  ) );
#3630 = ORIENTED_EDGE('',*,*,#3631,.T.);
#3631 = EDGE_CURVE('',#3603,#1009,#3632,.T.);
#3632 = SURFACE_CURVE('',#3633,(#3637,#3644),.PCURVE_S1.);
#3633 = LINE('',#3634,#3635);
#3634 = CARTESIAN_POINT('',(0.31,-4.06,4.75));
#3635 = VECTOR('',#3636,1.);
#3636 = DIRECTION('',(-0.707106781187,6.713347862853E-16,0.707106781187)
  );
#3637 = PCURVE('',#1053,#3638);
#3638 = DEFINITIONAL_REPRESENTATION('',(#3639),#3643);
#3639 = LINE('',#3640,#3641);
#3640 = CARTESIAN_POINT('',(1.570796326795,0.));
#3641 = VECTOR('',#3642,1.);
#3642 = DIRECTION('',(0.,1.));
#3643 = ( GEOMETRIC_REPRESENTATION_CONTEXT(2) 
PARAMETRIC_REPRESENTATION_CONTEXT() REPRESENTATION_CONTEXT('2D SPACE',''
  ) );
#3644 = PCURVE('',#1024,#3645);
#3645 = DEFINITIONAL_REPRESENTATION('',(#3646),#3650);
#3646 = LINE('',#3647,#3648);
#3647 = CARTESIAN_POINT('',(-2.890348213268E-16,3.75));
#3648 = VECTOR('',#3649,1.);
#3649 = DIRECTION('',(-1.,-7.850462293403E-17));
#3650 = ( GEOMETRIC_REPRESENTATION_CONTEXT(2) 
PARAMETRIC_REPRESENTATION_CONTEXT() REPRESENTATION_CONTEXT('2D SPACE',''
  ) );
#3651 = ADVANCED_FACE('',(#3652),#1024,.T.);
#3652 = FACE_BOUND('',#3653,.T.);
#3653 = EDGE_LOOP('',(#3654,#3655,#3656,#3684));
#3654 = ORIENTED_EDGE('',*,*,#1008,.F.);
#3655 = ORIENTED_EDGE('',*,*,#3631,.F.);
#3656 = ORIENTED_EDGE('',*,*,#3657,.T.);
#3657 = EDGE_CURVE('',#3603,#3658,#3660,.T.);
#3658 = VERTEX_POINT('',#3659);
#3659 = CARTESIAN_POINT('',(2.46,-37.94,2.6));
#3660 = SURFACE_CURVE('',#3661,(#3665,#3672),.PCURVE_S1.);
#3661 = LINE('',#3662,#3663);
#3662 = CARTESIAN_POINT('',(2.46,-0.31,2.6));
#3663 = VECTOR('',#3664,1.);
#3664 = DIRECTION('',(-4.191942285976E-16,-1.,4.191942285976E-16));
#3665 = PCURVE('',#1024,#3666);
#3666 = DEFINITIONAL_REPRESENTATION('',(#3667),#3671);
#3667 = LINE('',#3668,#3669);
#3668 = CARTESIAN_POINT('',(3.040559159102,1.750178495831E-15));
#3669 = VECTOR('',#3670,1.);
#3670 = DIRECTION('',(0.,1.));
#3671 = ( GEOMETRIC_REPRESENTATION_CONTEXT(2) 
PARAMETRIC_REPRESENTATION_CONTEXT() REPRESENTATION_CONTEXT('2D SPACE',''
  ) );
#3672 = PCURVE('',#3673,#3678);
#3673 = PLANE('',#3674);
#3674 = AXIS2_PLACEMENT_3D('',#3675,#3676,#3677);
#3675 = CARTESIAN_POINT('',(2.46,-0.31,2.6));
#3676 = DIRECTION('',(-1.,0.,2.264309857544E-28));
#3677 = DIRECTION('',(-2.264309857544E-28,-2.264309857544E-28,-1.));
#3678 = DEFINITIONAL_REPRESENTATION('',(#3679),#3683);
#3679 = LINE('',#3680,#3681);
#3680 = CARTESIAN_POINT('',(8.04444460394E-43,3.552713678801E-15));
#3681 = VECTOR('',#3682,1.);
#3682 = DIRECTION('',(-4.191942285974E-16,1.));
#3683 = ( GEOMETRIC_REPRESENTATION_CONTEXT(2) 
PARAMETRIC_REPRESENTATION_CONTEXT() REPRESENTATION_CONTEXT('2D SPACE',''
  ) );
#3684 = ORIENTED_EDGE('',*,*,#3685,.F.);
#3685 = EDGE_CURVE('',#980,#3658,#3686,.T.);
#3686 = SURFACE_CURVE('',#3687,(#3691,#3698),.PCURVE_S1.);
#3687 = LINE('',#3688,#3689);
#3688 = CARTESIAN_POINT('',(0.31,-37.94,4.75));
#3689 = VECTOR('',#3690,1.);
#3690 = DIRECTION('',(0.707106781187,-5.928301633513E-16,-0.707106781187
    ));
#3691 = PCURVE('',#1024,#3692);
#3692 = DEFINITIONAL_REPRESENTATION('',(#3693),#3697);
#3693 = LINE('',#3694,#3695);
#3694 = CARTESIAN_POINT('',(9.549416088084E-16,37.63));
#3695 = VECTOR('',#3696,1.);
#3696 = DIRECTION('',(1.,0.));
#3697 = ( GEOMETRIC_REPRESENTATION_CONTEXT(2) 
PARAMETRIC_REPRESENTATION_CONTEXT() REPRESENTATION_CONTEXT('2D SPACE',''
  ) );
#3698 = PCURVE('',#996,#3699);
#3699 = DEFINITIONAL_REPRESENTATION('',(#3700),#3704);
#3700 = LINE('',#3701,#3702);
#3701 = CARTESIAN_POINT('',(0.,0.));
#3702 = VECTOR('',#3703,1.);
#3703 = DIRECTION('',(-0.,-1.));
#3704 = ( GEOMETRIC_REPRESENTATION_CONTEXT(2) 
PARAMETRIC_REPRESENTATION_CONTEXT() REPRESENTATION_CONTEXT('2D SPACE',''
  ) );
#3705 = ADVANCED_FACE('',(#3706),#996,.T.);
#3706 = FACE_BOUND('',#3707,.T.);
#3707 = EDGE_LOOP('',(#3708,#3709,#3710,#3737));
#3708 = ORIENTED_EDGE('',*,*,#979,.F.);
#3709 = ORIENTED_EDGE('',*,*,#3685,.T.);
#3710 = ORIENTED_EDGE('',*,*,#3711,.T.);
#3711 = EDGE_CURVE('',#3658,#1599,#3712,.T.);
#3712 = SURFACE_CURVE('',#3713,(#3718,#3725),.PCURVE_S1.);
#3713 = CIRCLE('',#3714,1.6);
#3714 = AXIS2_PLACEMENT_3D('',#3715,#3716,#3717);
#3715 = CARTESIAN_POINT('',(4.06,-37.94,2.6));
#3716 = DIRECTION('',(0.,0.,1.));
#3717 = DIRECTION('',(-1.,0.,0.));
#3718 = PCURVE('',#996,#3719);
#3719 = DEFINITIONAL_REPRESENTATION('',(#3720),#3724);
#3720 = LINE('',#3721,#3722);
#3721 = CARTESIAN_POINT('',(0.,-2.15));
#3722 = VECTOR('',#3723,1.);
#3723 = DIRECTION('',(1.,0.));
#3724 = ( GEOMETRIC_REPRESENTATION_CONTEXT(2) 
PARAMETRIC_REPRESENTATION_CONTEXT() REPRESENTATION_CONTEXT('2D SPACE',''
  ) );
#3725 = PCURVE('',#3726,#3731);
#3726 = CYLINDRICAL_SURFACE('',#3727,1.6);
#3727 = AXIS2_PLACEMENT_3D('',#3728,#3729,#3730);
#3728 = CARTESIAN_POINT('',(4.06,-37.94,2.6));
#3729 = DIRECTION('',(0.,0.,1.));
#3730 = DIRECTION('',(-1.,2.22044604925E-15,0.));
#3731 = DEFINITIONAL_REPRESENTATION('',(#3732),#3736);
#3732 = LINE('',#3733,#3734);
#3733 = CARTESIAN_POINT('',(0.,-0.));
#3734 = VECTOR('',#3735,1.);
#3735 = DIRECTION('',(1.,0.));
#3736 = ( GEOMETRIC_REPRESENTATION_CONTEXT(2) 
PARAMETRIC_REPRESENTATION_CONTEXT() REPRESENTATION_CONTEXT('2D SPACE',''
  ) );
#3737 = ORIENTED_EDGE('',*,*,#1598,.T.);
#3738 = ADVANCED_FACE('',(#3739),#1635,.T.);
#3739 = FACE_BOUND('',#3740,.T.);
#3740 = EDGE_LOOP('',(#3741,#3742,#3765,#3791));
#3741 = ORIENTED_EDGE('',*,*,#1621,.F.);
#3742 = ORIENTED_EDGE('',*,*,#3743,.F.);
#3743 = EDGE_CURVE('',#3744,#1599,#3746,.T.);
#3744 = VERTEX_POINT('',#3745);
#3745 = CARTESIAN_POINT('',(4.06,-39.54,0.8));
#3746 = SURFACE_CURVE('',#3747,(#3751,#3758),.PCURVE_S1.);
#3747 = LINE('',#3748,#3749);
#3748 = CARTESIAN_POINT('',(4.06,-39.54,2.6));
#3749 = VECTOR('',#3750,1.);
#3750 = DIRECTION('',(0.,0.,1.));
#3751 = PCURVE('',#1635,#3752);
#3752 = DEFINITIONAL_REPRESENTATION('',(#3753),#3757);
#3753 = LINE('',#3754,#3755);
#3754 = CARTESIAN_POINT('',(8.491161965791E-28,3.75));
#3755 = VECTOR('',#3756,1.);
#3756 = DIRECTION('',(-1.,2.264309857544E-28));
#3757 = ( GEOMETRIC_REPRESENTATION_CONTEXT(2) 
PARAMETRIC_REPRESENTATION_CONTEXT() REPRESENTATION_CONTEXT('2D SPACE',''
  ) );
#3758 = PCURVE('',#3726,#3759);
#3759 = DEFINITIONAL_REPRESENTATION('',(#3760),#3764);
#3760 = LINE('',#3761,#3762);
#3761 = CARTESIAN_POINT('',(1.570796326795,0.));
#3762 = VECTOR('',#3763,1.);
#3763 = DIRECTION('',(0.,1.));
#3764 = ( GEOMETRIC_REPRESENTATION_CONTEXT(2) 
PARAMETRIC_REPRESENTATION_CONTEXT() REPRESENTATION_CONTEXT('2D SPACE',''
  ) );
#3765 = ORIENTED_EDGE('',*,*,#3766,.T.);
#3766 = EDGE_CURVE('',#3744,#2078,#3767,.T.);
#3767 = SURFACE_CURVE('',#3768,(#3772,#3779),.PCURVE_S1.);
#3768 = LINE('',#3769,#3770);
#3769 = CARTESIAN_POINT('',(0.31,-39.54,0.8));
#3770 = VECTOR('',#3771,1.);
#3771 = DIRECTION('',(1.,5.127099130972E-56,2.264309857544E-28));
#3772 = PCURVE('',#1635,#3773);
#3773 = DEFINITIONAL_REPRESENTATION('',(#3774),#3778);
#3774 = LINE('',#3775,#3776);
#3775 = CARTESIAN_POINT('',(1.8,-4.075757743579E-28));
#3776 = VECTOR('',#3777,1.);
#3777 = DIRECTION('',(0.,1.));
#3778 = ( GEOMETRIC_REPRESENTATION_CONTEXT(2) 
PARAMETRIC_REPRESENTATION_CONTEXT() REPRESENTATION_CONTEXT('2D SPACE',''
  ) );
#3779 = PCURVE('',#3780,#3785);
#3780 = PLANE('',#3781);
#3781 = AXIS2_PLACEMENT_3D('',#3782,#3783,#3784);
#3782 = CARTESIAN_POINT('',(0.31,-39.54,0.8));
#3783 = DIRECTION('',(0.,-0.707106781187,-0.707106781187));
#3784 = DIRECTION('',(5.928301633513E-16,0.707106781187,-0.707106781187)
  );
#3785 = DEFINITIONAL_REPRESENTATION('',(#3786),#3790);
#3786 = LINE('',#3787,#3788);
#3787 = CARTESIAN_POINT('',(0.,0.));
#3788 = VECTOR('',#3789,1.);
#3789 = DIRECTION('',(5.928301633511E-16,1.));
#3790 = ( GEOMETRIC_REPRESENTATION_CONTEXT(2) 
PARAMETRIC_REPRESENTATION_CONTEXT() REPRESENTATION_CONTEXT('2D SPACE',''
  ) );
#3791 = ORIENTED_EDGE('',*,*,#2077,.T.);
#3792 = ADVANCED_FACE('',(#3793),#1691,.F.);
#3793 = FACE_BOUND('',#3794,.F.);
#3794 = EDGE_LOOP('',(#3795,#3796,#3819,#3848));
#3795 = ORIENTED_EDGE('',*,*,#1674,.F.);
#3796 = ORIENTED_EDGE('',*,*,#3797,.F.);
#3797 = EDGE_CURVE('',#3798,#1652,#3800,.T.);
#3798 = VERTEX_POINT('',#3799);
#3799 = CARTESIAN_POINT('',(37.94,-39.54,22.045));
#3800 = SURFACE_CURVE('',#3801,(#3805,#3812),.PCURVE_S1.);
#3801 = LINE('',#3802,#3803);
#3802 = CARTESIAN_POINT('',(37.94,-39.54,23.845));
#3803 = VECTOR('',#3804,1.);
#3804 = DIRECTION('',(-0.,0.,1.));
#3805 = PCURVE('',#1691,#3806);
#3806 = DEFINITIONAL_REPRESENTATION('',(#3807),#3811);
#3807 = LINE('',#3808,#3809);
#3808 = CARTESIAN_POINT('',(0.,0.));
#3809 = VECTOR('',#3810,1.);
#3810 = DIRECTION('',(0.,1.));
#3811 = ( GEOMETRIC_REPRESENTATION_CONTEXT(2) 
PARAMETRIC_REPRESENTATION_CONTEXT() REPRESENTATION_CONTEXT('2D SPACE',''
  ) );
#3812 = PCURVE('',#2449,#3813);
#3813 = DEFINITIONAL_REPRESENTATION('',(#3814),#3818);
#3814 = LINE('',#3815,#3816);
#3815 = CARTESIAN_POINT('',(7.95417557724E-29,79.63));
#3816 = VECTOR('',#3817,1.);
#3817 = DIRECTION('',(-1.,9.98891821831E-31));
#3818 = ( GEOMETRIC_REPRESENTATION_CONTEXT(2) 
PARAMETRIC_REPRESENTATION_CONTEXT() REPRESENTATION_CONTEXT('2D SPACE',''
  ) );
#3819 = ORIENTED_EDGE('',*,*,#3820,.T.);
#3820 = EDGE_CURVE('',#3798,#3821,#3823,.T.);
#3821 = VERTEX_POINT('',#3822);
#3822 = CARTESIAN_POINT('',(39.54,-37.94,22.045));
#3823 = SURFACE_CURVE('',#3824,(#3829,#3836),.PCURVE_S1.);
#3824 = CIRCLE('',#3825,1.6);
#3825 = AXIS2_PLACEMENT_3D('',#3826,#3827,#3828);
#3826 = CARTESIAN_POINT('',(37.94,-37.94,22.045));
#3827 = DIRECTION('',(0.,0.,1.));
#3828 = DIRECTION('',(-4.440892098501E-15,-1.,0.));
#3829 = PCURVE('',#1691,#3830);
#3830 = DEFINITIONAL_REPRESENTATION('',(#3831),#3835);
#3831 = LINE('',#3832,#3833);
#3832 = CARTESIAN_POINT('',(0.,-1.8));
#3833 = VECTOR('',#3834,1.);
#3834 = DIRECTION('',(1.,0.));
#3835 = ( GEOMETRIC_REPRESENTATION_CONTEXT(2) 
PARAMETRIC_REPRESENTATION_CONTEXT() REPRESENTATION_CONTEXT('2D SPACE',''
  ) );
#3836 = PCURVE('',#3837,#3842);
#3837 = CONICAL_SURFACE('',#3838,1.6,0.785398163397);
#3838 = AXIS2_PLACEMENT_3D('',#3839,#3840,#3841);
#3839 = CARTESIAN_POINT('',(37.94,-37.94,22.045));
#3840 = DIRECTION('',(-0.,0.,1.));
#3841 = DIRECTION('',(-4.440892098501E-15,-1.,0.));
#3842 = DEFINITIONAL_REPRESENTATION('',(#3843),#3847);
#3843 = LINE('',#3844,#3845);
#3844 = CARTESIAN_POINT('',(0.,-0.));
#3845 = VECTOR('',#3846,1.);
#3846 = DIRECTION('',(1.,0.));
#3847 = ( GEOMETRIC_REPRESENTATION_CONTEXT(2) 
PARAMETRIC_REPRESENTATION_CONTEXT() REPRESENTATION_CONTEXT('2D SPACE',''
  ) );
#3848 = ORIENTED_EDGE('',*,*,#3849,.T.);
#3849 = EDGE_CURVE('',#3821,#1675,#3850,.T.);
#3850 = SURFACE_CURVE('',#3851,(#3855,#3862),.PCURVE_S1.);
#3851 = LINE('',#3852,#3853);
#3852 = CARTESIAN_POINT('',(39.54,-37.94,23.845));
#3853 = VECTOR('',#3854,1.);
#3854 = DIRECTION('',(-0.,0.,1.));
#3855 = PCURVE('',#1691,#3856);
#3856 = DEFINITIONAL_REPRESENTATION('',(#3857),#3861);
#3857 = LINE('',#3858,#3859);
#3858 = CARTESIAN_POINT('',(1.570796326795,0.));
#3859 = VECTOR('',#3860,1.);
#3860 = DIRECTION('',(0.,1.));
#3861 = ( GEOMETRIC_REPRESENTATION_CONTEXT(2) 
PARAMETRIC_REPRESENTATION_CONTEXT() REPRESENTATION_CONTEXT('2D SPACE',''
  ) );
#3862 = PCURVE('',#3863,#3868);
#3863 = PLANE('',#3864);
#3864 = AXIS2_PLACEMENT_3D('',#3865,#3866,#3867);
#3865 = CARTESIAN_POINT('',(39.54,-41.69,23.845));
#3866 = DIRECTION('',(1.,-0.,9.98891821831E-31));
#3867 = DIRECTION('',(9.98891821831E-31,9.98891821831E-31,-1.));
#3868 = DEFINITIONAL_REPRESENTATION('',(#3869),#3873);
#3869 = LINE('',#3870,#3871);
#3870 = CARTESIAN_POINT('',(3.745844331866E-30,3.75));
#3871 = VECTOR('',#3872,1.);
#3872 = DIRECTION('',(-1.,9.98891821831E-31));
#3873 = ( GEOMETRIC_REPRESENTATION_CONTEXT(2) 
PARAMETRIC_REPRESENTATION_CONTEXT() REPRESENTATION_CONTEXT('2D SPACE',''
  ) );
#3874 = ADVANCED_FACE('',(#3875),#1717,.F.);
#3875 = FACE_BOUND('',#3876,.F.);
#3876 = EDGE_LOOP('',(#3877,#3878,#3901,#3927));
#3877 = ORIENTED_EDGE('',*,*,#1703,.F.);
#3878 = ORIENTED_EDGE('',*,*,#3879,.T.);
#3879 = EDGE_CURVE('',#1675,#3880,#3882,.T.);
#3880 = VERTEX_POINT('',#3881);
#3881 = CARTESIAN_POINT('',(39.54,37.94,23.845));
#3882 = SURFACE_CURVE('',#3883,(#3887,#3894),.PCURVE_S1.);
#3883 = LINE('',#3884,#3885);
#3884 = CARTESIAN_POINT('',(39.54,-41.69,23.845));
#3885 = VECTOR('',#3886,1.);
#3886 = DIRECTION('',(9.743057409101E-16,1.,9.743057409101E-16));
#3887 = PCURVE('',#1717,#3888);
#3888 = DEFINITIONAL_REPRESENTATION('',(#3889),#3893);
#3889 = LINE('',#3890,#3891);
#3890 = CARTESIAN_POINT('',(3.040559159102,2.915912671688E-15));
#3891 = VECTOR('',#3892,1.);
#3892 = DIRECTION('',(1.972152263053E-31,1.));
#3893 = ( GEOMETRIC_REPRESENTATION_CONTEXT(2) 
PARAMETRIC_REPRESENTATION_CONTEXT() REPRESENTATION_CONTEXT('2D SPACE',''
  ) );
#3894 = PCURVE('',#3863,#3895);
#3895 = DEFINITIONAL_REPRESENTATION('',(#3896),#3900);
#3896 = LINE('',#3897,#3898);
#3897 = CARTESIAN_POINT('',(0.,0.));
#3898 = VECTOR('',#3899,1.);
#3899 = DIRECTION('',(-9.743057409101E-16,1.));
#3900 = ( GEOMETRIC_REPRESENTATION_CONTEXT(2) 
PARAMETRIC_REPRESENTATION_CONTEXT() REPRESENTATION_CONTEXT('2D SPACE',''
  ) );
#3901 = ORIENTED_EDGE('',*,*,#3902,.F.);
#3902 = EDGE_CURVE('',#1736,#3880,#3903,.T.);
#3903 = SURFACE_CURVE('',#3904,(#3908,#3915),.PCURVE_S1.);
#3904 = LINE('',#3905,#3906);
#3905 = CARTESIAN_POINT('',(41.69,37.94,25.995));
#3906 = VECTOR('',#3907,1.);
#3907 = DIRECTION('',(-0.707106781187,1.377876392693E-15,-0.707106781187
    ));
#3908 = PCURVE('',#1717,#3909);
#3909 = DEFINITIONAL_REPRESENTATION('',(#3910),#3914);
#3910 = LINE('',#3911,#3912);
#3911 = CARTESIAN_POINT('',(-8.142119411955E-16,79.63));
#3912 = VECTOR('',#3913,1.);
#3913 = DIRECTION('',(1.,1.972152263053E-31));
#3914 = ( GEOMETRIC_REPRESENTATION_CONTEXT(2) 
PARAMETRIC_REPRESENTATION_CONTEXT() REPRESENTATION_CONTEXT('2D SPACE',''
  ) );
#3915 = PCURVE('',#3916,#3921);
#3916 = CONICAL_SURFACE('',#3917,3.75,0.785398163397);
#3917 = AXIS2_PLACEMENT_3D('',#3918,#3919,#3920);
#3918 = CARTESIAN_POINT('',(37.94,37.94,25.995));
#3919 = DIRECTION('',(0.,-0.,1.));
#3920 = DIRECTION('',(1.,0.,0.));
#3921 = DEFINITIONAL_REPRESENTATION('',(#3922),#3926);
#3922 = LINE('',#3923,#3924);
#3923 = CARTESIAN_POINT('',(0.,0.));
#3924 = VECTOR('',#3925,1.);
#3925 = DIRECTION('',(-0.,-1.));
#3926 = ( GEOMETRIC_REPRESENTATION_CONTEXT(2) 
PARAMETRIC_REPRESENTATION_CONTEXT() REPRESENTATION_CONTEXT('2D SPACE',''
  ) );
#3927 = ORIENTED_EDGE('',*,*,#1836,.F.);
#3928 = ADVANCED_FACE('',(#3929),#1752,.T.);
#3929 = FACE_BOUND('',#3930,.T.);
#3930 = EDGE_LOOP('',(#3931,#3932,#3933,#3965));
#3931 = ORIENTED_EDGE('',*,*,#1735,.T.);
#3932 = ORIENTED_EDGE('',*,*,#1913,.T.);
#3933 = ORIENTED_EDGE('',*,*,#3934,.F.);
#3934 = EDGE_CURVE('',#3935,#1863,#3937,.T.);
#3935 = VERTEX_POINT('',#3936);
#3936 = CARTESIAN_POINT('',(37.94,41.519289321881,25.824289321881));
#3937 = SURFACE_CURVE('',#3938,(#3946,#3953),.PCURVE_S1.);
#3938 = ( BOUNDED_CURVE() B_SPLINE_CURVE(6,(#3939,#3940,#3941,#3942,
#3943,#3944,#3945),.UNSPECIFIED.,.F.,.F.) B_SPLINE_CURVE_WITH_KNOTS((7,7
),(0.,5.890486225481),.PIECEWISE_BEZIER_KNOTS.) CURVE() 
GEOMETRIC_REPRESENTATION_ITEM() RATIONAL_B_SPLINE_CURVE((1.072232817804,
    1.021749326913,0.995386527149,0.986647331348,0.995386527149,
1.021749326913,1.072232817804)) REPRESENTATION_ITEM('') );
#3939 = CARTESIAN_POINT('',(37.94,41.519289321881,25.824289321881));
#3940 = CARTESIAN_POINT('',(37.94,41.548427839718,25.853427839718));
#3941 = CARTESIAN_POINT('',(37.94,41.589830757713,25.866642448902));
#3942 = CARTESIAN_POINT('',(37.94,41.633917785122,25.859605556234));
#3943 = CARTESIAN_POINT('',(37.94,41.670067855689,25.833407154715));
#3944 = CARTESIAN_POINT('',(37.94,41.69,25.794786730874));
#3945 = CARTESIAN_POINT('',(37.94,41.69,25.753578643763));
#3946 = PCURVE('',#1752,#3947);
#3947 = DEFINITIONAL_REPRESENTATION('',(#3948),#3952);
#3948 = LINE('',#3949,#3950);
#3949 = CARTESIAN_POINT('',(0.,87.660972450962));
#3950 = VECTOR('',#3951,1.);
#3951 = DIRECTION('',(1.,0.));
#3952 = ( GEOMETRIC_REPRESENTATION_CONTEXT(2) 
PARAMETRIC_REPRESENTATION_CONTEXT() REPRESENTATION_CONTEXT('2D SPACE',''
  ) );
#3953 = PCURVE('',#3158,#3954);
#3954 = DEFINITIONAL_REPRESENTATION('',(#3955),#3964);
#3955 = B_SPLINE_CURVE_WITH_KNOTS('',7,(#3956,#3957,#3958,#3959,#3960,
    #3961,#3962,#3963),.UNSPECIFIED.,.F.,.F.,(8,8),(0.,5.890486225481),
  .PIECEWISE_BEZIER_KNOTS.);
#3956 = CARTESIAN_POINT('',(-2.22044604925E-16,3.221957731744E-16));
#3957 = CARTESIAN_POINT('',(0.336582033603,2.761701547441E-16));
#3958 = CARTESIAN_POINT('',(0.6732261514,2.301360466644E-16));
#3959 = CARTESIAN_POINT('',(1.009766413079,1.841161402996E-16));
#3960 = CARTESIAN_POINT('',(1.346428077113,1.380796328749E-16));
#3961 = CARTESIAN_POINT('',(1.682968338793,9.205972650996E-17));
#3962 = CARTESIAN_POINT('',(2.01961245659,4.602561843032E-17));
#3963 = CARTESIAN_POINT('',(2.356194490192,8.652818054143E-30));
#3964 = ( GEOMETRIC_REPRESENTATION_CONTEXT(2) 
PARAMETRIC_REPRESENTATION_CONTEXT() REPRESENTATION_CONTEXT('2D SPACE',''
  ) );
#3965 = ORIENTED_EDGE('',*,*,#3966,.F.);
#3966 = EDGE_CURVE('',#1736,#3935,#3967,.T.);
#3967 = SURFACE_CURVE('',#3968,(#3976,#3983),.PCURVE_S1.);
#3968 = ( BOUNDED_CURVE() B_SPLINE_CURVE(6,(#3969,#3970,#3971,#3972,
#3973,#3974,#3975),.UNSPECIFIED.,.F.,.F.) B_SPLINE_CURVE_WITH_KNOTS((7,7
),(81.770486225481,87.660972450962),.PIECEWISE_BEZIER_KNOTS.) CURVE() 
GEOMETRIC_REPRESENTATION_ITEM() RATIONAL_B_SPLINE_CURVE((1.072232817804,
    1.072232817804,1.072232817804,1.072232817804,1.072232817804,
1.072232817804,1.072232817804)) REPRESENTATION_ITEM('') );
#3969 = CARTESIAN_POINT('',(41.519289321881,37.94,25.824289321881));
#3970 = CARTESIAN_POINT('',(41.519289321881,38.877051463509,
    25.824289321881));
#3971 = CARTESIAN_POINT('',(41.224974924762,39.814038845432,
    25.824289321881));
#3972 = CARTESIAN_POINT('',(40.635879589467,40.635879589467,
    25.824289321881));
#3973 = CARTESIAN_POINT('',(39.814038845432,41.224974924762,
    25.824289321881));
#3974 = CARTESIAN_POINT('',(38.877051463509,41.519289321881,
    25.824289321881));
#3975 = CARTESIAN_POINT('',(37.94,41.519289321881,25.824289321881));
#3976 = PCURVE('',#1752,#3977);
#3977 = DEFINITIONAL_REPRESENTATION('',(#3978),#3982);
#3978 = LINE('',#3979,#3980);
#3979 = CARTESIAN_POINT('',(0.,0.));
#3980 = VECTOR('',#3981,1.);
#3981 = DIRECTION('',(0.,1.));
#3982 = ( GEOMETRIC_REPRESENTATION_CONTEXT(2) 
PARAMETRIC_REPRESENTATION_CONTEXT() REPRESENTATION_CONTEXT('2D SPACE',''
  ) );
#3983 = PCURVE('',#3916,#3984);
#3984 = DEFINITIONAL_REPRESENTATION('',(#3985),#3994);
#3985 = B_SPLINE_CURVE_WITH_KNOTS('',7,(#3986,#3987,#3988,#3989,#3990,
    #3991,#3992,#3993),.UNSPECIFIED.,.F.,.F.,(8,8),(81.770486225481,
    87.660972450962),.PIECEWISE_BEZIER_KNOTS.);
#3986 = CARTESIAN_POINT('',(-9.623667690507E-17,-0.170710678119));
#3987 = CARTESIAN_POINT('',(0.224398447986,-0.170710678119));
#3988 = CARTESIAN_POINT('',(0.448781245183,-0.170710678119));
#3989 = CARTESIAN_POINT('',(0.673245917337,-0.170710678119));
#3990 = CARTESIAN_POINT('',(0.897550409458,-0.170710678119));
#3991 = CARTESIAN_POINT('',(1.122015081612,-0.170710678119));
#3992 = CARTESIAN_POINT('',(1.346397878809,-0.170710678119));
#3993 = CARTESIAN_POINT('',(1.570796326795,-0.170710678119));
#3994 = ( GEOMETRIC_REPRESENTATION_CONTEXT(2) 
PARAMETRIC_REPRESENTATION_CONTEXT() REPRESENTATION_CONTEXT('2D SPACE',''
  ) );
#3995 = ADVANCED_FACE('',(#3996),#1900,.T.);
#3996 = FACE_BOUND('',#3997,.T.);
#3997 = EDGE_LOOP('',(#3998,#3999,#4000,#4029));
#3998 = ORIENTED_EDGE('',*,*,#1885,.F.);
#3999 = ORIENTED_EDGE('',*,*,#2052,.T.);
#4000 = ORIENTED_EDGE('',*,*,#4001,.T.);
#4001 = EDGE_CURVE('',#2025,#4002,#4004,.T.);
#4002 = VERTEX_POINT('',#4003);
#4003 = CARTESIAN_POINT('',(37.94,39.54,2.6));
#4004 = SURFACE_CURVE('',#4005,(#4010,#4017),.PCURVE_S1.);
#4005 = CIRCLE('',#4006,1.6);
#4006 = AXIS2_PLACEMENT_3D('',#4007,#4008,#4009);
#4007 = CARTESIAN_POINT('',(37.94,37.94,2.6));
#4008 = DIRECTION('',(0.,-0.,1.));
#4009 = DIRECTION('',(1.,0.,0.));
#4010 = PCURVE('',#1900,#4011);
#4011 = DEFINITIONAL_REPRESENTATION('',(#4012),#4016);
#4012 = LINE('',#4013,#4014);
#4013 = CARTESIAN_POINT('',(0.,-2.15));
#4014 = VECTOR('',#4015,1.);
#4015 = DIRECTION('',(1.,0.));
#4016 = ( GEOMETRIC_REPRESENTATION_CONTEXT(2) 
PARAMETRIC_REPRESENTATION_CONTEXT() REPRESENTATION_CONTEXT('2D SPACE',''
  ) );
#4017 = PCURVE('',#4018,#4023);
#4018 = CYLINDRICAL_SURFACE('',#4019,1.6);
#4019 = AXIS2_PLACEMENT_3D('',#4020,#4021,#4022);
#4020 = CARTESIAN_POINT('',(37.94,37.94,2.6));
#4021 = DIRECTION('',(0.,-0.,1.));
#4022 = DIRECTION('',(1.,-2.22044604925E-15,-0.));
#4023 = DEFINITIONAL_REPRESENTATION('',(#4024),#4028);
#4024 = LINE('',#4025,#4026);
#4025 = CARTESIAN_POINT('',(0.,-0.));
#4026 = VECTOR('',#4027,1.);
#4027 = DIRECTION('',(1.,0.));
#4028 = ( GEOMETRIC_REPRESENTATION_CONTEXT(2) 
PARAMETRIC_REPRESENTATION_CONTEXT() REPRESENTATION_CONTEXT('2D SPACE',''
  ) );
#4029 = ORIENTED_EDGE('',*,*,#4030,.T.);
#4030 = EDGE_CURVE('',#4002,#1861,#4031,.T.);
#4031 = SURFACE_CURVE('',#4032,(#4036,#4043),.PCURVE_S1.);
#4032 = LINE('',#4033,#4034);
#4033 = CARTESIAN_POINT('',(37.94,41.69,4.75));
#4034 = VECTOR('',#4035,1.);
#4035 = DIRECTION('',(6.713347862853E-16,0.707106781187,0.707106781187)
  );
#4036 = PCURVE('',#1900,#4037);
#4037 = DEFINITIONAL_REPRESENTATION('',(#4038),#4042);
#4038 = LINE('',#4039,#4040);
#4039 = CARTESIAN_POINT('',(1.570796326795,0.));
#4040 = VECTOR('',#4041,1.);
#4041 = DIRECTION('',(0.,1.));
#4042 = ( GEOMETRIC_REPRESENTATION_CONTEXT(2) 
PARAMETRIC_REPRESENTATION_CONTEXT() REPRESENTATION_CONTEXT('2D SPACE',''
  ) );
#4043 = PCURVE('',#3129,#4044);
#4044 = DEFINITIONAL_REPRESENTATION('',(#4045),#4049);
#4045 = LINE('',#4046,#4047);
#4046 = CARTESIAN_POINT('',(-2.890348213268E-16,3.75));
#4047 = VECTOR('',#4048,1.);
#4048 = DIRECTION('',(-1.,-7.850462293403E-17));
#4049 = ( GEOMETRIC_REPRESENTATION_CONTEXT(2) 
PARAMETRIC_REPRESENTATION_CONTEXT() REPRESENTATION_CONTEXT('2D SPACE',''
  ) );
#4050 = ADVANCED_FACE('',(#4051),#1964,.T.);
#4051 = FACE_BOUND('',#4052,.T.);
#4052 = EDGE_LOOP('',(#4053,#4054,#4055,#4083));
#4053 = ORIENTED_EDGE('',*,*,#1948,.F.);
#4054 = ORIENTED_EDGE('',*,*,#2129,.F.);
#4055 = ORIENTED_EDGE('',*,*,#4056,.T.);
#4056 = EDGE_CURVE('',#2101,#4057,#4059,.T.);
#4057 = VERTEX_POINT('',#4058);
#4058 = CARTESIAN_POINT('',(39.54,-4.06,0.8));
#4059 = SURFACE_CURVE('',#4060,(#4064,#4071),.PCURVE_S1.);
#4060 = LINE('',#4061,#4062);
#4061 = CARTESIAN_POINT('',(39.54,-41.69,0.8));
#4062 = VECTOR('',#4063,1.);
#4063 = DIRECTION('',(-5.127099130972E-56,1.,2.264309857544E-28));
#4064 = PCURVE('',#1964,#4065);
#4065 = DEFINITIONAL_REPRESENTATION('',(#4066),#4070);
#4066 = LINE('',#4067,#4068);
#4067 = CARTESIAN_POINT('',(1.8,-4.075757743579E-28));
#4068 = VECTOR('',#4069,1.);
#4069 = DIRECTION('',(0.,1.));
#4070 = ( GEOMETRIC_REPRESENTATION_CONTEXT(2) 
PARAMETRIC_REPRESENTATION_CONTEXT() REPRESENTATION_CONTEXT('2D SPACE',''
  ) );
#4071 = PCURVE('',#4072,#4077);
#4072 = PLANE('',#4073);
#4073 = AXIS2_PLACEMENT_3D('',#4074,#4075,#4076);
#4074 = CARTESIAN_POINT('',(39.54,-41.69,0.8));
#4075 = DIRECTION('',(0.707106781187,0.,-0.707106781187));
#4076 = DIRECTION('',(-0.707106781187,5.928301633513E-16,-0.707106781187
    ));
#4077 = DEFINITIONAL_REPRESENTATION('',(#4078),#4082);
#4078 = LINE('',#4079,#4080);
#4079 = CARTESIAN_POINT('',(0.,0.));
#4080 = VECTOR('',#4081,1.);
#4081 = DIRECTION('',(5.928301633511E-16,1.));
#4082 = ( GEOMETRIC_REPRESENTATION_CONTEXT(2) 
PARAMETRIC_REPRESENTATION_CONTEXT() REPRESENTATION_CONTEXT('2D SPACE',''
  ) );
#4083 = ORIENTED_EDGE('',*,*,#4084,.F.);
#4084 = EDGE_CURVE('',#1949,#4057,#4085,.T.);
#4085 = SURFACE_CURVE('',#4086,(#4090,#4097),.PCURVE_S1.);
#4086 = LINE('',#4087,#4088);
#4087 = CARTESIAN_POINT('',(39.54,-4.06,2.6));
#4088 = VECTOR('',#4089,1.);
#4089 = DIRECTION('',(2.264309857544E-28,2.264309857544E-28,-1.));
#4090 = PCURVE('',#1964,#4091);
#4091 = DEFINITIONAL_REPRESENTATION('',(#4092),#4096);
#4092 = LINE('',#4093,#4094);
#4093 = CARTESIAN_POINT('',(8.520597993939E-27,37.63));
#4094 = VECTOR('',#4095,1.);
#4095 = DIRECTION('',(1.,0.));
#4096 = ( GEOMETRIC_REPRESENTATION_CONTEXT(2) 
PARAMETRIC_REPRESENTATION_CONTEXT() REPRESENTATION_CONTEXT('2D SPACE',''
  ) );
#4097 = PCURVE('',#3510,#4098);
#4098 = DEFINITIONAL_REPRESENTATION('',(#4099),#4103);
#4099 = LINE('',#4100,#4101);
#4100 = CARTESIAN_POINT('',(0.,0.));
#4101 = VECTOR('',#4102,1.);
#4102 = DIRECTION('',(-0.,-1.));
#4103 = ( GEOMETRIC_REPRESENTATION_CONTEXT(2) 
PARAMETRIC_REPRESENTATION_CONTEXT() REPRESENTATION_CONTEXT('2D SPACE',''
  ) );
#4104 = ADVANCED_FACE('',(#4105),#2040,.T.);
#4105 = FACE_BOUND('',#4106,.T.);
#4106 = EDGE_LOOP('',(#4107,#4108,#4131,#4159));
#4107 = ORIENTED_EDGE('',*,*,#2024,.F.);
#4108 = ORIENTED_EDGE('',*,*,#4109,.F.);
#4109 = EDGE_CURVE('',#4110,#2002,#4112,.T.);
#4110 = VERTEX_POINT('',#4111);
#4111 = CARTESIAN_POINT('',(39.54,4.06,0.8));
#4112 = SURFACE_CURVE('',#4113,(#4117,#4124),.PCURVE_S1.);
#4113 = LINE('',#4114,#4115);
#4114 = CARTESIAN_POINT('',(39.54,4.06,2.6));
#4115 = VECTOR('',#4116,1.);
#4116 = DIRECTION('',(-0.,0.,1.));
#4117 = PCURVE('',#2040,#4118);
#4118 = DEFINITIONAL_REPRESENTATION('',(#4119),#4123);
#4119 = LINE('',#4120,#4121);
#4120 = CARTESIAN_POINT('',(8.491161965791E-28,3.75));
#4121 = VECTOR('',#4122,1.);
#4122 = DIRECTION('',(-1.,2.264309857544E-28));
#4123 = ( GEOMETRIC_REPRESENTATION_CONTEXT(2) 
PARAMETRIC_REPRESENTATION_CONTEXT() REPRESENTATION_CONTEXT('2D SPACE',''
  ) );
#4124 = PCURVE('',#3475,#4125);
#4125 = DEFINITIONAL_REPRESENTATION('',(#4126),#4130);
#4126 = LINE('',#4127,#4128);
#4127 = CARTESIAN_POINT('',(1.570796326795,0.));
#4128 = VECTOR('',#4129,1.);
#4129 = DIRECTION('',(0.,1.));
#4130 = ( GEOMETRIC_REPRESENTATION_CONTEXT(2) 
PARAMETRIC_REPRESENTATION_CONTEXT() REPRESENTATION_CONTEXT('2D SPACE',''
  ) );
#4131 = ORIENTED_EDGE('',*,*,#4132,.T.);
#4132 = EDGE_CURVE('',#4110,#4133,#4135,.T.);
#4133 = VERTEX_POINT('',#4134);
#4134 = CARTESIAN_POINT('',(39.54,37.94,0.8));
#4135 = SURFACE_CURVE('',#4136,(#4140,#4147),.PCURVE_S1.);
#4136 = LINE('',#4137,#4138);
#4137 = CARTESIAN_POINT('',(39.54,0.31,0.8));
#4138 = VECTOR('',#4139,1.);
#4139 = DIRECTION('',(-5.127099130972E-56,1.,2.264309857544E-28));
#4140 = PCURVE('',#2040,#4141);
#4141 = DEFINITIONAL_REPRESENTATION('',(#4142),#4146);
#4142 = LINE('',#4143,#4144);
#4143 = CARTESIAN_POINT('',(1.8,-4.075757743579E-28));
#4144 = VECTOR('',#4145,1.);
#4145 = DIRECTION('',(0.,1.));
#4146 = ( GEOMETRIC_REPRESENTATION_CONTEXT(2) 
PARAMETRIC_REPRESENTATION_CONTEXT() REPRESENTATION_CONTEXT('2D SPACE',''
  ) );
#4147 = PCURVE('',#4148,#4153);
#4148 = PLANE('',#4149);
#4149 = AXIS2_PLACEMENT_3D('',#4150,#4151,#4152);
#4150 = CARTESIAN_POINT('',(39.54,0.31,0.8));
#4151 = DIRECTION('',(0.707106781187,0.,-0.707106781187));
#4152 = DIRECTION('',(-0.707106781187,5.928301633513E-16,-0.707106781187
    ));
#4153 = DEFINITIONAL_REPRESENTATION('',(#4154),#4158);
#4154 = LINE('',#4155,#4156);
#4155 = CARTESIAN_POINT('',(0.,0.));
#4156 = VECTOR('',#4157,1.);
#4157 = DIRECTION('',(5.928301633511E-16,1.));
#4158 = ( GEOMETRIC_REPRESENTATION_CONTEXT(2) 
PARAMETRIC_REPRESENTATION_CONTEXT() REPRESENTATION_CONTEXT('2D SPACE',''
  ) );
#4159 = ORIENTED_EDGE('',*,*,#4160,.F.);
#4160 = EDGE_CURVE('',#2025,#4133,#4161,.T.);
#4161 = SURFACE_CURVE('',#4162,(#4166,#4173),.PCURVE_S1.);
#4162 = LINE('',#4163,#4164);
#4163 = CARTESIAN_POINT('',(39.54,37.94,2.6));
#4164 = VECTOR('',#4165,1.);
#4165 = DIRECTION('',(2.264309857544E-28,2.264309857544E-28,-1.));
#4166 = PCURVE('',#2040,#4167);
#4167 = DEFINITIONAL_REPRESENTATION('',(#4168),#4172);
#4168 = LINE('',#4169,#4170);
#4169 = CARTESIAN_POINT('',(8.520597993939E-27,37.63));
#4170 = VECTOR('',#4171,1.);
#4171 = DIRECTION('',(1.,0.));
#4172 = ( GEOMETRIC_REPRESENTATION_CONTEXT(2) 
PARAMETRIC_REPRESENTATION_CONTEXT() REPRESENTATION_CONTEXT('2D SPACE',''
  ) );
#4173 = PCURVE('',#4018,#4174);
#4174 = DEFINITIONAL_REPRESENTATION('',(#4175),#4179);
#4175 = LINE('',#4176,#4177);
#4176 = CARTESIAN_POINT('',(0.,0.));
#4177 = VECTOR('',#4178,1.);
#4178 = DIRECTION('',(-0.,-1.));
#4179 = ( GEOMETRIC_REPRESENTATION_CONTEXT(2) 
PARAMETRIC_REPRESENTATION_CONTEXT() REPRESENTATION_CONTEXT('2D SPACE',''
  ) );
#4180 = ADVANCED_FACE('',(#4181),#2117,.T.);
#4181 = FACE_BOUND('',#4182,.T.);
#4182 = EDGE_LOOP('',(#4183,#4184,#4207,#4236));
#4183 = ORIENTED_EDGE('',*,*,#2100,.F.);
#4184 = ORIENTED_EDGE('',*,*,#4185,.F.);
#4185 = EDGE_CURVE('',#4186,#2078,#4188,.T.);
#4186 = VERTEX_POINT('',#4187);
#4187 = CARTESIAN_POINT('',(37.94,-38.74,1.59872115546E-14));
#4188 = SURFACE_CURVE('',#4189,(#4193,#4200),.PCURVE_S1.);
#4189 = LINE('',#4190,#4191);
#4190 = CARTESIAN_POINT('',(37.94,-39.54,0.8));
#4191 = VECTOR('',#4192,1.);
#4192 = DIRECTION('',(-1.570092458684E-15,-0.707106781187,0.707106781187
    ));
#4193 = PCURVE('',#2117,#4194);
#4194 = DEFINITIONAL_REPRESENTATION('',(#4195),#4199);
#4195 = LINE('',#4196,#4197);
#4196 = CARTESIAN_POINT('',(0.,0.));
#4197 = VECTOR('',#4198,1.);
#4198 = DIRECTION('',(0.,1.));
#4199 = ( GEOMETRIC_REPRESENTATION_CONTEXT(2) 
PARAMETRIC_REPRESENTATION_CONTEXT() REPRESENTATION_CONTEXT('2D SPACE',''
  ) );
#4200 = PCURVE('',#3780,#4201);
#4201 = DEFINITIONAL_REPRESENTATION('',(#4202),#4206);
#4202 = LINE('',#4203,#4204);
#4203 = CARTESIAN_POINT('',(2.230819904691E-14,37.63));
#4204 = VECTOR('',#4205,1.);
#4205 = DIRECTION('',(-1.,-9.772622953325E-16));
#4206 = ( GEOMETRIC_REPRESENTATION_CONTEXT(2) 
PARAMETRIC_REPRESENTATION_CONTEXT() REPRESENTATION_CONTEXT('2D SPACE',''
  ) );
#4207 = ORIENTED_EDGE('',*,*,#4208,.T.);
#4208 = EDGE_CURVE('',#4186,#4209,#4211,.T.);
#4209 = VERTEX_POINT('',#4210);
#4210 = CARTESIAN_POINT('',(38.74,-37.94,0.));
#4211 = SURFACE_CURVE('',#4212,(#4217,#4224),.PCURVE_S1.);
#4212 = CIRCLE('',#4213,0.8);
#4213 = AXIS2_PLACEMENT_3D('',#4214,#4215,#4216);
#4214 = CARTESIAN_POINT('',(37.94,-37.94,0.));
#4215 = DIRECTION('',(0.,0.,1.));
#4216 = DIRECTION('',(-2.22044604925E-15,-1.,0.));
#4217 = PCURVE('',#2117,#4218);
#4218 = DEFINITIONAL_REPRESENTATION('',(#4219),#4223);
#4219 = LINE('',#4220,#4221);
#4220 = CARTESIAN_POINT('',(0.,-0.8));
#4221 = VECTOR('',#4222,1.);
#4222 = DIRECTION('',(1.,0.));
#4223 = ( GEOMETRIC_REPRESENTATION_CONTEXT(2) 
PARAMETRIC_REPRESENTATION_CONTEXT() REPRESENTATION_CONTEXT('2D SPACE',''
  ) );
#4224 = PCURVE('',#4225,#4230);
#4225 = PLANE('',#4226);
#4226 = AXIS2_PLACEMENT_3D('',#4227,#4228,#4229);
#4227 = CARTESIAN_POINT('',(21.,-21.,8.881784197001E-15));
#4228 = DIRECTION('',(2.022797592717E-32,-2.022797592717E-32,1.));
#4229 = DIRECTION('',(1.,0.,-2.022797592717E-32));
#4230 = DEFINITIONAL_REPRESENTATION('',(#4231),#4235);
#4231 = CIRCLE('',#4232,0.8);
#4232 = AXIS2_PLACEMENT_2D('',#4233,#4234);
#4233 = CARTESIAN_POINT('',(16.94,-16.94));
#4234 = DIRECTION('',(-2.22044604925E-15,-1.));
#4235 = ( GEOMETRIC_REPRESENTATION_CONTEXT(2) 
PARAMETRIC_REPRESENTATION_CONTEXT() REPRESENTATION_CONTEXT('2D SPACE',''
  ) );
#4236 = ORIENTED_EDGE('',*,*,#4237,.T.);
#4237 = EDGE_CURVE('',#4209,#2101,#4238,.T.);
#4238 = SURFACE_CURVE('',#4239,(#4243,#4250),.PCURVE_S1.);
#4239 = LINE('',#4240,#4241);
#4240 = CARTESIAN_POINT('',(39.54,-37.94,0.8));
#4241 = VECTOR('',#4242,1.);
#4242 = DIRECTION('',(0.707106781187,-2.241427244969E-15,0.707106781187)
  );
#4243 = PCURVE('',#2117,#4244);
#4244 = DEFINITIONAL_REPRESENTATION('',(#4245),#4249);
#4245 = LINE('',#4246,#4247);
#4246 = CARTESIAN_POINT('',(1.570796326795,0.));
#4247 = VECTOR('',#4248,1.);
#4248 = DIRECTION('',(0.,1.));
#4249 = ( GEOMETRIC_REPRESENTATION_CONTEXT(2) 
PARAMETRIC_REPRESENTATION_CONTEXT() REPRESENTATION_CONTEXT('2D SPACE',''
  ) );
#4250 = PCURVE('',#4072,#4251);
#4251 = DEFINITIONAL_REPRESENTATION('',(#4252),#4256);
#4252 = LINE('',#4253,#4254);
#4253 = CARTESIAN_POINT('',(-5.313330689115E-15,3.75));
#4254 = VECTOR('',#4255,1.);
#4255 = DIRECTION('',(-1.,-1.648597081618E-15));
#4256 = ( GEOMETRIC_REPRESENTATION_CONTEXT(2) 
PARAMETRIC_REPRESENTATION_CONTEXT() REPRESENTATION_CONTEXT('2D SPACE',''
  ) );
#4257 = ADVANCED_FACE('',(#4258),#2171,.T.);
#4258 = FACE_BOUND('',#4259,.F.);
#4259 = EDGE_LOOP('',(#4260,#4287,#4288,#4368));
#4260 = ORIENTED_EDGE('',*,*,#4261,.F.);
#4261 = EDGE_CURVE('',#3171,#2156,#4262,.T.);
#4262 = SURFACE_CURVE('',#4263,(#4268,#4275),.PCURVE_S1.);
#4263 = CIRCLE('',#4264,3.75);
#4264 = AXIS2_PLACEMENT_3D('',#4265,#4266,#4267);
#4265 = CARTESIAN_POINT('',(-37.94,37.94,4.75));
#4266 = DIRECTION('',(0.,0.,1.));
#4267 = DIRECTION('',(-1.894780628694E-15,1.,0.));
#4268 = PCURVE('',#2171,#4269);
#4269 = DEFINITIONAL_REPRESENTATION('',(#4270),#4274);
#4270 = LINE('',#4271,#4272);
#4271 = CARTESIAN_POINT('',(-0.,0.));
#4272 = VECTOR('',#4273,1.);
#4273 = DIRECTION('',(-1.,0.));
#4274 = ( GEOMETRIC_REPRESENTATION_CONTEXT(2) 
PARAMETRIC_REPRESENTATION_CONTEXT() REPRESENTATION_CONTEXT('2D SPACE',''
  ) );
#4275 = PCURVE('',#4276,#4281);
#4276 = CONICAL_SURFACE('',#4277,3.75,0.785398163397);
#4277 = AXIS2_PLACEMENT_3D('',#4278,#4279,#4280);
#4278 = CARTESIAN_POINT('',(-37.94,37.94,4.75));
#4279 = DIRECTION('',(0.,-0.,1.));
#4280 = DIRECTION('',(0.,1.,0.));
#4281 = DEFINITIONAL_REPRESENTATION('',(#4282),#4286);
#4282 = LINE('',#4283,#4284);
#4283 = CARTESIAN_POINT('',(0.,-0.));
#4284 = VECTOR('',#4285,1.);
#4285 = DIRECTION('',(1.,0.));
#4286 = ( GEOMETRIC_REPRESENTATION_CONTEXT(2) 
PARAMETRIC_REPRESENTATION_CONTEXT() REPRESENTATION_CONTEXT('2D SPACE',''
  ) );
#4287 = ORIENTED_EDGE('',*,*,#3170,.T.);
#4288 = ORIENTED_EDGE('',*,*,#4289,.T.);
#4289 = EDGE_CURVE('',#3143,#2154,#4290,.T.);
#4290 = SURFACE_CURVE('',#4291,(#4299,#4311),.PCURVE_S1.);
#4291 = ( BOUNDED_CURVE() B_SPLINE_CURVE(6,(#4292,#4293,#4294,#4295,
#4296,#4297,#4298),.UNSPECIFIED.,.F.,.F.) B_SPLINE_CURVE_WITH_KNOTS((7,7
),(163.54097245096,169.43145867644),.PIECEWISE_BEZIER_KNOTS.) CURVE() 
GEOMETRIC_REPRESENTATION_ITEM() RATIONAL_B_SPLINE_CURVE((1.072232817804,
    1.072232817804,1.072232817804,1.072232817804,1.072232817804,
1.072232817804,1.072232817804)) REPRESENTATION_ITEM('') );
#4292 = CARTESIAN_POINT('',(-37.94,41.69,25.753578643763));
#4293 = CARTESIAN_POINT('',(-38.92174320993,41.69,25.753578643763));
#4294 = CARTESIAN_POINT('',(-39.90341928198,41.38164856765,
    25.753578643763));
#4295 = CARTESIAN_POINT('',(-40.76445691067,40.764456910678,
    25.753578643763));
#4296 = CARTESIAN_POINT('',(-41.38164856765,39.903419281981,
    25.753578643763));
#4297 = CARTESIAN_POINT('',(-41.69,38.921743209937,25.753578643763));
#4298 = CARTESIAN_POINT('',(-41.69,37.94,25.753578643763));
#4299 = PCURVE('',#2171,#4300);
#4300 = DEFINITIONAL_REPRESENTATION('',(#4301),#4310);
#4301 = B_SPLINE_CURVE_WITH_KNOTS('',7,(#4302,#4303,#4304,#4305,#4306,
    #4307,#4308,#4309),.UNSPECIFIED.,.F.,.F.,(8,8),(163.54097245096,
    169.43145867644),.PIECEWISE_BEZIER_KNOTS.);
#4302 = CARTESIAN_POINT('',(3.034956562727E-16,-21.00357864376));
#4303 = CARTESIAN_POINT('',(-0.224398447986,-21.00357864376));
#4304 = CARTESIAN_POINT('',(-0.448781245183,-21.00357864376));
#4305 = CARTESIAN_POINT('',(-0.673245917337,-21.00357864376));
#4306 = CARTESIAN_POINT('',(-0.897550409458,-21.00357864376));
#4307 = CARTESIAN_POINT('',(-1.122015081612,-21.00357864376));
#4308 = CARTESIAN_POINT('',(-1.346397878809,-21.00357864376));
#4309 = CARTESIAN_POINT('',(-1.570796326795,-21.00357864376));
#4310 = ( GEOMETRIC_REPRESENTATION_CONTEXT(2) 
PARAMETRIC_REPRESENTATION_CONTEXT() REPRESENTATION_CONTEXT('2D SPACE',''
  ) );
#4311 = PCURVE('',#4312,#4362);
#4312 = ( BOUNDED_SURFACE() B_SPLINE_SURFACE(6,6,(
    (#4313,#4314,#4315,#4316,#4317,#4318,#4319)
    ,(#4320,#4321,#4322,#4323,#4324,#4325,#4326)
    ,(#4327,#4328,#4329,#4330,#4331,#4332,#4333)
    ,(#4334,#4335,#4336,#4337,#4338,#4339,#4340)
    ,(#4341,#4342,#4343,#4344,#4345,#4346,#4347)
    ,(#4348,#4349,#4350,#4351,#4352,#4353,#4354)
    ,(#4355,#4356,#4357,#4358,#4359,#4360,#4361
)),.UNSPECIFIED.,.F.,.F.,.F.) B_SPLINE_SURFACE_WITH_KNOTS((7,7),(7,7),(
    0.,5.890486225481),(163.54097245096,169.43145867644),
.PIECEWISE_BEZIER_KNOTS.) GEOMETRIC_REPRESENTATION_ITEM() 
RATIONAL_B_SPLINE_SURFACE((
    (1.072232817804,1.072232817804,1.072232817804,1.072232817804
      ,1.072232817804,1.072232817804,1.072232817804)
    ,(1.021749326913,1.021749326913,1.021749326913,1.021749326913
      ,1.021749326913,1.021749326913,1.021749326913)
    ,(0.995386527149,0.995386527149,0.995386527149,0.995386527149
      ,0.995386527149,0.995386527149,0.995386527149)
    ,(0.986647331348,0.986647331348,0.986647331348,0.986647331348
      ,0.986647331348,0.986647331348,0.986647331348)
    ,(0.995386527149,0.995386527149,0.995386527149,0.995386527149
      ,0.995386527149,0.995386527149,0.995386527149)
    ,(1.021749326913,1.021749326913,1.021749326913,1.021749326913
      ,1.021749326913,1.021749326913,1.021749326913)
    ,(1.072232817804,1.072232817804,1.072232817804,1.072232817804
      ,1.072232817804,1.072232817804,1.072232817804
))) REPRESENTATION_ITEM('') SURFACE() );
#4313 = CARTESIAN_POINT('',(-37.94,41.519289321881,25.824289321881));
#4314 = CARTESIAN_POINT('',(-38.8770514635,41.519289321881,
    25.824289321881));
#4315 = CARTESIAN_POINT('',(-39.81403884543,41.224974924762,
    25.824289321881));
#4316 = CARTESIAN_POINT('',(-40.63587958946,40.635879589467,
    25.824289321881));
#4317 = CARTESIAN_POINT('',(-41.22497492476,39.814038845432,
    25.824289321881));
#4318 = CARTESIAN_POINT('',(-41.51928932188,38.877051463509,
    25.824289321881));
#4319 = CARTESIAN_POINT('',(-41.51928932188,37.94,25.824289321881));
#4320 = CARTESIAN_POINT('',(-37.94,41.548427839718,25.853427839718));
#4321 = CARTESIAN_POINT('',(-38.88467987471,41.548427839718,
    25.853427839718));
#4322 = CARTESIAN_POINT('',(-39.82929514617,41.251717468276,
    25.853427839718));
#4323 = CARTESIAN_POINT('',(-40.65782638628,40.657826386286,
    25.853427839718));
#4324 = CARTESIAN_POINT('',(-41.25171746827,39.82929514617,
    25.853427839718));
#4325 = CARTESIAN_POINT('',(-41.54842783971,38.884679874718,
    25.853427839718));
#4326 = CARTESIAN_POINT('',(-41.54842783971,37.94,25.853427839718));
#4327 = CARTESIAN_POINT('',(-37.94,41.589830757713,25.866642448902));
#4328 = CARTESIAN_POINT('',(-38.89551908368,41.589830757713,
    25.866642448902));
#4329 = CARTESIAN_POINT('',(-39.85097282284,41.28971594652,
    25.866642448902));
#4330 = CARTESIAN_POINT('',(-40.68901058838,40.689010588381,
    25.866642448902));
#4331 = CARTESIAN_POINT('',(-41.28971594652,39.850972822843,
    25.866642448902));
#4332 = CARTESIAN_POINT('',(-41.58983075771,38.895519083681,
    25.866642448902));
#4333 = CARTESIAN_POINT('',(-41.58983075771,37.94,25.866642448902));
#4334 = CARTESIAN_POINT('',(-37.94,41.633917785122,25.859605556234));
#4335 = CARTESIAN_POINT('',(-38.90706098762,41.633917785122,
    25.859605556234));
#4336 = CARTESIAN_POINT('',(-39.87405584143,41.330177827782,
    25.859605556234));
#4337 = CARTESIAN_POINT('',(-40.72221643084,40.722216430844,
    25.859605556234));
#4338 = CARTESIAN_POINT('',(-41.33017782778,39.87405584143,
    25.859605556234));
#4339 = CARTESIAN_POINT('',(-41.63391778512,38.907060987629,
    25.859605556234));
#4340 = CARTESIAN_POINT('',(-41.63391778512,37.94,25.859605556234));
#4341 = CARTESIAN_POINT('',(-37.94,41.670067855689,25.833407154715));
#4342 = CARTESIAN_POINT('',(-38.91652501064,41.670067855689,
    25.833407154715));
#4343 = CARTESIAN_POINT('',(-39.89298324025,41.363355384739,
    25.833407154715));
#4344 = CARTESIAN_POINT('',(-40.74944424861,40.749444248613,
    25.833407154715));
#4345 = CARTESIAN_POINT('',(-41.36335538473,39.892983240255,
    25.833407154715));
#4346 = CARTESIAN_POINT('',(-41.67006785568,38.916525010648,
    25.833407154715));
#4347 = CARTESIAN_POINT('',(-41.67006785568,37.94,25.833407154715));
#4348 = CARTESIAN_POINT('',(-37.94,41.69,25.794786730874));
#4349 = CARTESIAN_POINT('',(-38.92174320993,41.69,25.794786730874));
#4350 = CARTESIAN_POINT('',(-39.90341928198,41.38164856765,
    25.794786730874));
#4351 = CARTESIAN_POINT('',(-40.76445691067,40.764456910678,
    25.794786730874));
#4352 = CARTESIAN_POINT('',(-41.38164856765,39.903419281981,
    25.794786730874));
#4353 = CARTESIAN_POINT('',(-41.69,38.921743209937,25.794786730874));
#4354 = CARTESIAN_POINT('',(-41.69,37.94,25.794786730874));
#4355 = CARTESIAN_POINT('',(-37.94,41.69,25.753578643763));
#4356 = CARTESIAN_POINT('',(-38.92174320993,41.69,25.753578643763));
#4357 = CARTESIAN_POINT('',(-39.90341928198,41.38164856765,
    25.753578643763));
#4358 = CARTESIAN_POINT('',(-40.76445691067,40.764456910678,
    25.753578643763));
#4359 = CARTESIAN_POINT('',(-41.38164856765,39.903419281981,
    25.753578643763));
#4360 = CARTESIAN_POINT('',(-41.69,38.921743209937,25.753578643763));
#4361 = CARTESIAN_POINT('',(-41.69,37.94,25.753578643763));
#4362 = DEFINITIONAL_REPRESENTATION('',(#4363),#4367);
#4363 = LINE('',#4364,#4365);
#4364 = CARTESIAN_POINT('',(5.890486225481,0.));
#4365 = VECTOR('',#4366,1.);
#4366 = DIRECTION('',(0.,1.));
#4367 = ( GEOMETRIC_REPRESENTATION_CONTEXT(2) 
PARAMETRIC_REPRESENTATION_CONTEXT() REPRESENTATION_CONTEXT('2D SPACE',''
  ) );
#4368 = ORIENTED_EDGE('',*,*,#2153,.T.);
#4369 = ADVANCED_FACE('',(#4370),#2197,.T.);
#4370 = FACE_BOUND('',#4371,.T.);
#4371 = EDGE_LOOP('',(#4372,#4404,#4405,#4406));
#4372 = ORIENTED_EDGE('',*,*,#4373,.T.);
#4373 = EDGE_CURVE('',#4374,#2154,#4376,.T.);
#4374 = VERTEX_POINT('',#4375);
#4375 = CARTESIAN_POINT('',(-41.51928932188,37.94,25.824289321881));
#4376 = SURFACE_CURVE('',#4377,(#4385,#4397),.PCURVE_S1.);
#4377 = ( BOUNDED_CURVE() B_SPLINE_CURVE(6,(#4378,#4379,#4380,#4381,
#4382,#4383,#4384),.UNSPECIFIED.,.F.,.F.) B_SPLINE_CURVE_WITH_KNOTS((7,7
),(0.,5.890486225481),.PIECEWISE_BEZIER_KNOTS.) CURVE() 
GEOMETRIC_REPRESENTATION_ITEM() RATIONAL_B_SPLINE_CURVE((1.072232817804,
    1.021749326913,0.995386527149,0.986647331348,0.995386527149,
1.021749326913,1.072232817804)) REPRESENTATION_ITEM('') );
#4378 = CARTESIAN_POINT('',(-41.51928932188,37.94,25.824289321881));
#4379 = CARTESIAN_POINT('',(-41.54842783971,37.94,25.853427839718));
#4380 = CARTESIAN_POINT('',(-41.58983075771,37.94,25.866642448902));
#4381 = CARTESIAN_POINT('',(-41.63391778512,37.94,25.859605556234));
#4382 = CARTESIAN_POINT('',(-41.67006785568,37.94,25.833407154715));
#4383 = CARTESIAN_POINT('',(-41.69,37.94,25.794786730874));
#4384 = CARTESIAN_POINT('',(-41.69,37.94,25.753578643763));
#4385 = PCURVE('',#2197,#4386);
#4386 = DEFINITIONAL_REPRESENTATION('',(#4387),#4396);
#4387 = B_SPLINE_CURVE_WITH_KNOTS('',7,(#4388,#4389,#4390,#4391,#4392,
    #4393,#4394,#4395),.UNSPECIFIED.,.F.,.F.,(8,8),(0.,5.890486225481),
  .PIECEWISE_BEZIER_KNOTS.);
#4388 = CARTESIAN_POINT('',(-2.22044604925E-16,3.221957731744E-16));
#4389 = CARTESIAN_POINT('',(0.336582033603,2.761701547441E-16));
#4390 = CARTESIAN_POINT('',(0.6732261514,2.301360466644E-16));
#4391 = CARTESIAN_POINT('',(1.009766413079,1.841161402996E-16));
#4392 = CARTESIAN_POINT('',(1.346428077113,1.380796328749E-16));
#4393 = CARTESIAN_POINT('',(1.682968338793,9.205972650996E-17));
#4394 = CARTESIAN_POINT('',(2.01961245659,4.602561843032E-17));
#4395 = CARTESIAN_POINT('',(2.356194490192,8.652818054143E-30));
#4396 = ( GEOMETRIC_REPRESENTATION_CONTEXT(2) 
PARAMETRIC_REPRESENTATION_CONTEXT() REPRESENTATION_CONTEXT('2D SPACE',''
  ) );
#4397 = PCURVE('',#4312,#4398);
#4398 = DEFINITIONAL_REPRESENTATION('',(#4399),#4403);
#4399 = LINE('',#4400,#4401);
#4400 = CARTESIAN_POINT('',(0.,169.43145867644));
#4401 = VECTOR('',#4402,1.);
#4402 = DIRECTION('',(1.,0.));
#4403 = ( GEOMETRIC_REPRESENTATION_CONTEXT(2) 
PARAMETRIC_REPRESENTATION_CONTEXT() REPRESENTATION_CONTEXT('2D SPACE',''
  ) );
#4404 = ORIENTED_EDGE('',*,*,#2183,.T.);
#4405 = ORIENTED_EDGE('',*,*,#2266,.F.);
#4406 = ORIENTED_EDGE('',*,*,#4407,.F.);
#4407 = EDGE_CURVE('',#4374,#2267,#4408,.T.);
#4408 = SURFACE_CURVE('',#4409,(#4413,#4420),.PCURVE_S1.);
#4409 = LINE('',#4410,#4411);
#4410 = CARTESIAN_POINT('',(-41.51928932188,37.94,25.824289321881));
#4411 = VECTOR('',#4412,1.);
#4412 = DIRECTION('',(-9.743057409101E-16,-1.,9.743057409101E-16));
#4413 = PCURVE('',#2197,#4414);
#4414 = DEFINITIONAL_REPRESENTATION('',(#4415),#4419);
#4415 = LINE('',#4416,#4417);
#4416 = CARTESIAN_POINT('',(0.,0.));
#4417 = VECTOR('',#4418,1.);
#4418 = DIRECTION('',(0.,1.));
#4419 = ( GEOMETRIC_REPRESENTATION_CONTEXT(2) 
PARAMETRIC_REPRESENTATION_CONTEXT() REPRESENTATION_CONTEXT('2D SPACE',''
  ) );
#4420 = PCURVE('',#4421,#4426);
#4421 = PLANE('',#4422);
#4422 = AXIS2_PLACEMENT_3D('',#4423,#4424,#4425);
#4423 = CARTESIAN_POINT('',(-41.69,41.69,25.995));
#4424 = DIRECTION('',(-0.707106781187,-0.,-0.707106781187));
#4425 = DIRECTION('',(0.707106781187,-1.377876392693E-15,-0.707106781187
    ));
#4426 = DEFINITIONAL_REPRESENTATION('',(#4427),#4431);
#4427 = LINE('',#4428,#4429);
#4428 = CARTESIAN_POINT('',(0.241421356237,3.75));
#4429 = VECTOR('',#4430,1.);
#4430 = DIRECTION('',(1.972152263053E-31,1.));
#4431 = ( GEOMETRIC_REPRESENTATION_CONTEXT(2) 
PARAMETRIC_REPRESENTATION_CONTEXT() REPRESENTATION_CONTEXT('2D SPACE',''
  ) );
#4432 = ADVANCED_FACE('',(#4433),#2251,.T.);
#4433 = FACE_BOUND('',#4434,.T.);
#4434 = EDGE_LOOP('',(#4435,#4436,#4459,#4485));
#4435 = ORIENTED_EDGE('',*,*,#2237,.F.);
#4436 = ORIENTED_EDGE('',*,*,#4437,.F.);
#4437 = EDGE_CURVE('',#4438,#2156,#4440,.T.);
#4438 = VERTEX_POINT('',#4439);
#4439 = CARTESIAN_POINT('',(-39.54,37.94,2.6));
#4440 = SURFACE_CURVE('',#4441,(#4445,#4452),.PCURVE_S1.);
#4441 = LINE('',#4442,#4443);
#4442 = CARTESIAN_POINT('',(-41.69,37.94,4.75));
#4443 = VECTOR('',#4444,1.);
#4444 = DIRECTION('',(-0.707106781187,6.713347862853E-16,0.707106781187)
  );
#4445 = PCURVE('',#2251,#4446);
#4446 = DEFINITIONAL_REPRESENTATION('',(#4447),#4451);
#4447 = LINE('',#4448,#4449);
#4448 = CARTESIAN_POINT('',(-2.890348213268E-16,3.75));
#4449 = VECTOR('',#4450,1.);
#4450 = DIRECTION('',(-1.,-7.850462293403E-17));
#4451 = ( GEOMETRIC_REPRESENTATION_CONTEXT(2) 
PARAMETRIC_REPRESENTATION_CONTEXT() REPRESENTATION_CONTEXT('2D SPACE',''
  ) );
#4452 = PCURVE('',#4276,#4453);
#4453 = DEFINITIONAL_REPRESENTATION('',(#4454),#4458);
#4454 = LINE('',#4455,#4456);
#4455 = CARTESIAN_POINT('',(1.570796326795,0.));
#4456 = VECTOR('',#4457,1.);
#4457 = DIRECTION('',(0.,1.));
#4458 = ( GEOMETRIC_REPRESENTATION_CONTEXT(2) 
PARAMETRIC_REPRESENTATION_CONTEXT() REPRESENTATION_CONTEXT('2D SPACE',''
  ) );
#4459 = ORIENTED_EDGE('',*,*,#4460,.T.);
#4460 = EDGE_CURVE('',#4438,#2817,#4461,.T.);
#4461 = SURFACE_CURVE('',#4462,(#4466,#4473),.PCURVE_S1.);
#4462 = LINE('',#4463,#4464);
#4463 = CARTESIAN_POINT('',(-39.54,41.69,2.6));
#4464 = VECTOR('',#4465,1.);
#4465 = DIRECTION('',(-4.191942285976E-16,-1.,4.191942285976E-16));
#4466 = PCURVE('',#2251,#4467);
#4467 = DEFINITIONAL_REPRESENTATION('',(#4468),#4472);
#4468 = LINE('',#4469,#4470);
#4469 = CARTESIAN_POINT('',(3.040559159102,-1.80253518297E-15));
#4470 = VECTOR('',#4471,1.);
#4471 = DIRECTION('',(0.,1.));
#4472 = ( GEOMETRIC_REPRESENTATION_CONTEXT(2) 
PARAMETRIC_REPRESENTATION_CONTEXT() REPRESENTATION_CONTEXT('2D SPACE',''
  ) );
#4473 = PCURVE('',#4474,#4479);
#4474 = PLANE('',#4475);
#4475 = AXIS2_PLACEMENT_3D('',#4476,#4477,#4478);
#4476 = CARTESIAN_POINT('',(-39.54,41.69,2.6));
#4477 = DIRECTION('',(-1.,0.,2.264309857544E-28));
#4478 = DIRECTION('',(-2.264309857544E-28,-2.264309857544E-28,-1.));
#4479 = DEFINITIONAL_REPRESENTATION('',(#4480),#4484);
#4480 = LINE('',#4481,#4482);
#4481 = CARTESIAN_POINT('',(-0.,0.));
#4482 = VECTOR('',#4483,1.);
#4483 = DIRECTION('',(-4.191942285974E-16,1.));
#4484 = ( GEOMETRIC_REPRESENTATION_CONTEXT(2) 
PARAMETRIC_REPRESENTATION_CONTEXT() REPRESENTATION_CONTEXT('2D SPACE',''
  ) );
#4485 = ORIENTED_EDGE('',*,*,#2816,.F.);
#4486 = ADVANCED_FACE('',(#4487),#2224,.T.);
#4487 = FACE_BOUND('',#4488,.T.);
#4488 = EDGE_LOOP('',(#4489,#4490,#4491,#4517));
#4489 = ORIENTED_EDGE('',*,*,#2210,.F.);
#4490 = ORIENTED_EDGE('',*,*,#2791,.F.);
#4491 = ORIENTED_EDGE('',*,*,#4492,.T.);
#4492 = EDGE_CURVE('',#2763,#2359,#4493,.T.);
#4493 = SURFACE_CURVE('',#4494,(#4498,#4505),.PCURVE_S1.);
#4494 = LINE('',#4495,#4496);
#4495 = CARTESIAN_POINT('',(-39.54,-0.31,2.6));
#4496 = VECTOR('',#4497,1.);
#4497 = DIRECTION('',(-4.191942285976E-16,-1.,4.191942285976E-16));
#4498 = PCURVE('',#2224,#4499);
#4499 = DEFINITIONAL_REPRESENTATION('',(#4500),#4504);
#4500 = LINE('',#4501,#4502);
#4501 = CARTESIAN_POINT('',(3.040559159102,1.750178495831E-15));
#4502 = VECTOR('',#4503,1.);
#4503 = DIRECTION('',(0.,1.));
#4504 = ( GEOMETRIC_REPRESENTATION_CONTEXT(2) 
PARAMETRIC_REPRESENTATION_CONTEXT() REPRESENTATION_CONTEXT('2D SPACE',''
  ) );
#4505 = PCURVE('',#4506,#4511);
#4506 = PLANE('',#4507);
#4507 = AXIS2_PLACEMENT_3D('',#4508,#4509,#4510);
#4508 = CARTESIAN_POINT('',(-39.54,-0.31,2.6));
#4509 = DIRECTION('',(-1.,0.,2.264309857544E-28));
#4510 = DIRECTION('',(-2.264309857544E-28,-2.264309857544E-28,-1.));
#4511 = DEFINITIONAL_REPRESENTATION('',(#4512),#4516);
#4512 = LINE('',#4513,#4514);
#4513 = CARTESIAN_POINT('',(8.04444460394E-43,3.552713678801E-15));
#4514 = VECTOR('',#4515,1.);
#4515 = DIRECTION('',(-4.191942285974E-16,1.));
#4516 = ( GEOMETRIC_REPRESENTATION_CONTEXT(2) 
PARAMETRIC_REPRESENTATION_CONTEXT() REPRESENTATION_CONTEXT('2D SPACE',''
  ) );
#4517 = ORIENTED_EDGE('',*,*,#2358,.F.);
#4518 = ADVANCED_FACE('',(#4519),#2337,.F.);
#4519 = FACE_BOUND('',#4520,.F.);
#4520 = EDGE_LOOP('',(#4521,#4544,#4571,#4572));
#4521 = ORIENTED_EDGE('',*,*,#4522,.T.);
#4522 = EDGE_CURVE('',#2267,#4523,#4525,.T.);
#4523 = VERTEX_POINT('',#4524);
#4524 = CARTESIAN_POINT('',(-39.54,-37.94,23.845));
#4525 = SURFACE_CURVE('',#4526,(#4530,#4537),.PCURVE_S1.);
#4526 = LINE('',#4527,#4528);
#4527 = CARTESIAN_POINT('',(-41.69,-37.94,25.995));
#4528 = VECTOR('',#4529,1.);
#4529 = DIRECTION('',(0.707106781187,-1.377876392693E-15,-0.707106781187
    ));
#4530 = PCURVE('',#2337,#4531);
#4531 = DEFINITIONAL_REPRESENTATION('',(#4532),#4536);
#4532 = LINE('',#4533,#4534);
#4533 = CARTESIAN_POINT('',(0.,0.));
#4534 = VECTOR('',#4535,1.);
#4535 = DIRECTION('',(-0.,-1.));
#4536 = ( GEOMETRIC_REPRESENTATION_CONTEXT(2) 
PARAMETRIC_REPRESENTATION_CONTEXT() REPRESENTATION_CONTEXT('2D SPACE',''
  ) );
#4537 = PCURVE('',#4421,#4538);
#4538 = DEFINITIONAL_REPRESENTATION('',(#4539),#4543);
#4539 = LINE('',#4540,#4541);
#4540 = CARTESIAN_POINT('',(-8.142119411955E-16,79.63));
#4541 = VECTOR('',#4542,1.);
#4542 = DIRECTION('',(1.,1.972152263053E-31));
#4543 = ( GEOMETRIC_REPRESENTATION_CONTEXT(2) 
PARAMETRIC_REPRESENTATION_CONTEXT() REPRESENTATION_CONTEXT('2D SPACE',''
  ) );
#4544 = ORIENTED_EDGE('',*,*,#4545,.T.);
#4545 = EDGE_CURVE('',#4523,#2413,#4546,.T.);
#4546 = SURFACE_CURVE('',#4547,(#4552,#4559),.PCURVE_S1.);
#4547 = CIRCLE('',#4548,1.6);
#4548 = AXIS2_PLACEMENT_3D('',#4549,#4550,#4551);
#4549 = CARTESIAN_POINT('',(-37.94,-37.94,23.845));
#4550 = DIRECTION('',(0.,0.,1.));
#4551 = DIRECTION('',(-1.,0.,0.));
#4552 = PCURVE('',#2337,#4553);
#4553 = DEFINITIONAL_REPRESENTATION('',(#4554),#4558);
#4554 = LINE('',#4555,#4556);
#4555 = CARTESIAN_POINT('',(0.,-2.15));
#4556 = VECTOR('',#4557,1.);
#4557 = DIRECTION('',(1.,0.));
#4558 = ( GEOMETRIC_REPRESENTATION_CONTEXT(2) 
PARAMETRIC_REPRESENTATION_CONTEXT() REPRESENTATION_CONTEXT('2D SPACE',''
  ) );
#4559 = PCURVE('',#4560,#4565);
#4560 = CYLINDRICAL_SURFACE('',#4561,1.6);
#4561 = AXIS2_PLACEMENT_3D('',#4562,#4563,#4564);
#4562 = CARTESIAN_POINT('',(-37.94,-37.94,23.845));
#4563 = DIRECTION('',(0.,0.,1.));
#4564 = DIRECTION('',(-1.,4.440892098501E-15,0.));
#4565 = DEFINITIONAL_REPRESENTATION('',(#4566),#4570);
#4566 = LINE('',#4567,#4568);
#4567 = CARTESIAN_POINT('',(0.,-0.));
#4568 = VECTOR('',#4569,1.);
#4569 = DIRECTION('',(1.,0.));
#4570 = ( GEOMETRIC_REPRESENTATION_CONTEXT(2) 
PARAMETRIC_REPRESENTATION_CONTEXT() REPRESENTATION_CONTEXT('2D SPACE',''
  ) );
#4571 = ORIENTED_EDGE('',*,*,#2412,.T.);
#4572 = ORIENTED_EDGE('',*,*,#2319,.F.);
#4573 = ADVANCED_FACE('',(#4574),#2396,.T.);
#4574 = FACE_BOUND('',#4575,.T.);
#4575 = EDGE_LOOP('',(#4576,#4577,#4600,#4627));
#4576 = ORIENTED_EDGE('',*,*,#2381,.F.);
#4577 = ORIENTED_EDGE('',*,*,#4578,.T.);
#4578 = EDGE_CURVE('',#2359,#4579,#4581,.T.);
#4579 = VERTEX_POINT('',#4580);
#4580 = CARTESIAN_POINT('',(-39.54,-37.94,0.8));
#4581 = SURFACE_CURVE('',#4582,(#4586,#4593),.PCURVE_S1.);
#4582 = LINE('',#4583,#4584);
#4583 = CARTESIAN_POINT('',(-39.54,-37.94,2.6));
#4584 = VECTOR('',#4585,1.);
#4585 = DIRECTION('',(-2.264309857544E-28,-2.264309857544E-28,-1.));
#4586 = PCURVE('',#2396,#4587);
#4587 = DEFINITIONAL_REPRESENTATION('',(#4588),#4592);
#4588 = LINE('',#4589,#4590);
#4589 = CARTESIAN_POINT('',(0.,0.));
#4590 = VECTOR('',#4591,1.);
#4591 = DIRECTION('',(-0.,-1.));
#4592 = ( GEOMETRIC_REPRESENTATION_CONTEXT(2) 
PARAMETRIC_REPRESENTATION_CONTEXT() REPRESENTATION_CONTEXT('2D SPACE',''
  ) );
#4593 = PCURVE('',#4506,#4594);
#4594 = DEFINITIONAL_REPRESENTATION('',(#4595),#4599);
#4595 = LINE('',#4596,#4597);
#4596 = CARTESIAN_POINT('',(8.520597993939E-27,37.63));
#4597 = VECTOR('',#4598,1.);
#4598 = DIRECTION('',(1.,0.));
#4599 = ( GEOMETRIC_REPRESENTATION_CONTEXT(2) 
PARAMETRIC_REPRESENTATION_CONTEXT() REPRESENTATION_CONTEXT('2D SPACE',''
  ) );
#4600 = ORIENTED_EDGE('',*,*,#4601,.T.);
#4601 = EDGE_CURVE('',#4579,#2468,#4602,.T.);
#4602 = SURFACE_CURVE('',#4603,(#4608,#4615),.PCURVE_S1.);
#4603 = CIRCLE('',#4604,1.6);
#4604 = AXIS2_PLACEMENT_3D('',#4605,#4606,#4607);
#4605 = CARTESIAN_POINT('',(-37.94,-37.94,0.8));
#4606 = DIRECTION('',(0.,0.,1.));
#4607 = DIRECTION('',(-1.,2.22044604925E-15,0.));
#4608 = PCURVE('',#2396,#4609);
#4609 = DEFINITIONAL_REPRESENTATION('',(#4610),#4614);
#4610 = LINE('',#4611,#4612);
#4611 = CARTESIAN_POINT('',(0.,-1.8));
#4612 = VECTOR('',#4613,1.);
#4613 = DIRECTION('',(1.,0.));
#4614 = ( GEOMETRIC_REPRESENTATION_CONTEXT(2) 
PARAMETRIC_REPRESENTATION_CONTEXT() REPRESENTATION_CONTEXT('2D SPACE',''
  ) );
#4615 = PCURVE('',#4616,#4621);
#4616 = CONICAL_SURFACE('',#4617,1.6,0.785398163397);
#4617 = AXIS2_PLACEMENT_3D('',#4618,#4619,#4620);
#4618 = CARTESIAN_POINT('',(-37.94,-37.94,0.8));
#4619 = DIRECTION('',(0.,0.,1.));
#4620 = DIRECTION('',(-1.,2.22044604925E-15,0.));
#4621 = DEFINITIONAL_REPRESENTATION('',(#4622),#4626);
#4622 = LINE('',#4623,#4624);
#4623 = CARTESIAN_POINT('',(0.,-0.));
#4624 = VECTOR('',#4625,1.);
#4625 = DIRECTION('',(1.,0.));
#4626 = ( GEOMETRIC_REPRESENTATION_CONTEXT(2) 
PARAMETRIC_REPRESENTATION_CONTEXT() REPRESENTATION_CONTEXT('2D SPACE',''
  ) );
#4627 = ORIENTED_EDGE('',*,*,#2467,.T.);
#4628 = ADVANCED_FACE('',(#4629),#2449,.F.);
#4629 = FACE_BOUND('',#4630,.F.);
#4630 = EDGE_LOOP('',(#4631,#4632,#4655,#4681));
#4631 = ORIENTED_EDGE('',*,*,#2435,.F.);
#4632 = ORIENTED_EDGE('',*,*,#4633,.F.);
#4633 = EDGE_CURVE('',#4634,#2413,#4636,.T.);
#4634 = VERTEX_POINT('',#4635);
#4635 = CARTESIAN_POINT('',(-37.94,-39.54,22.045));
#4636 = SURFACE_CURVE('',#4637,(#4641,#4648),.PCURVE_S1.);
#4637 = LINE('',#4638,#4639);
#4638 = CARTESIAN_POINT('',(-37.94,-39.54,23.845));
#4639 = VECTOR('',#4640,1.);
#4640 = DIRECTION('',(0.,0.,1.));
#4641 = PCURVE('',#2449,#4642);
#4642 = DEFINITIONAL_REPRESENTATION('',(#4643),#4647);
#4643 = LINE('',#4644,#4645);
#4644 = CARTESIAN_POINT('',(3.745844331866E-30,3.75));
#4645 = VECTOR('',#4646,1.);
#4646 = DIRECTION('',(-1.,9.98891821831E-31));
#4647 = ( GEOMETRIC_REPRESENTATION_CONTEXT(2) 
PARAMETRIC_REPRESENTATION_CONTEXT() REPRESENTATION_CONTEXT('2D SPACE',''
  ) );
#4648 = PCURVE('',#4560,#4649);
#4649 = DEFINITIONAL_REPRESENTATION('',(#4650),#4654);
#4650 = LINE('',#4651,#4652);
#4651 = CARTESIAN_POINT('',(1.570796326795,0.));
#4652 = VECTOR('',#4653,1.);
#4653 = DIRECTION('',(0.,1.));
#4654 = ( GEOMETRIC_REPRESENTATION_CONTEXT(2) 
PARAMETRIC_REPRESENTATION_CONTEXT() REPRESENTATION_CONTEXT('2D SPACE',''
  ) );
#4655 = ORIENTED_EDGE('',*,*,#4656,.T.);
#4656 = EDGE_CURVE('',#4634,#3798,#4657,.T.);
#4657 = SURFACE_CURVE('',#4658,(#4662,#4669),.PCURVE_S1.);
#4658 = LINE('',#4659,#4660);
#4659 = CARTESIAN_POINT('',(-41.69,-39.54,22.045));
#4660 = VECTOR('',#4661,1.);
#4661 = DIRECTION('',(1.,9.977848717208E-61,9.98891821831E-31));
#4662 = PCURVE('',#2449,#4663);
#4663 = DEFINITIONAL_REPRESENTATION('',(#4664),#4668);
#4664 = LINE('',#4665,#4666);
#4665 = CARTESIAN_POINT('',(1.8,-1.798005279296E-30));
#4666 = VECTOR('',#4667,1.);
#4667 = DIRECTION('',(0.,1.));
#4668 = ( GEOMETRIC_REPRESENTATION_CONTEXT(2) 
PARAMETRIC_REPRESENTATION_CONTEXT() REPRESENTATION_CONTEXT('2D SPACE',''
  ) );
#4669 = PCURVE('',#4670,#4675);
#4670 = PLANE('',#4671);
#4671 = AXIS2_PLACEMENT_3D('',#4672,#4673,#4674);
#4672 = CARTESIAN_POINT('',(-41.69,-39.54,22.045));
#4673 = DIRECTION('',(0.,-0.707106781187,-0.707106781187));
#4674 = DIRECTION('',(1.377876392693E-15,0.707106781187,-0.707106781187)
  );
#4675 = DEFINITIONAL_REPRESENTATION('',(#4676),#4680);
#4676 = LINE('',#4677,#4678);
#4677 = CARTESIAN_POINT('',(0.,0.));
#4678 = VECTOR('',#4679,1.);
#4679 = DIRECTION('',(1.377876392693E-15,1.));
#4680 = ( GEOMETRIC_REPRESENTATION_CONTEXT(2) 
PARAMETRIC_REPRESENTATION_CONTEXT() REPRESENTATION_CONTEXT('2D SPACE',''
  ) );
#4681 = ORIENTED_EDGE('',*,*,#3797,.T.);
#4682 = ADVANCED_FACE('',(#4683),#2506,.T.);
#4683 = FACE_BOUND('',#4684,.T.);
#4684 = EDGE_LOOP('',(#4685,#4686,#4709,#4737));
#4685 = ORIENTED_EDGE('',*,*,#2490,.F.);
#4686 = ORIENTED_EDGE('',*,*,#4687,.F.);
#4687 = EDGE_CURVE('',#4688,#2468,#4690,.T.);
#4688 = VERTEX_POINT('',#4689);
#4689 = CARTESIAN_POINT('',(-37.94,-38.74,0.));
#4690 = SURFACE_CURVE('',#4691,(#4695,#4702),.PCURVE_S1.);
#4691 = LINE('',#4692,#4693);
#4692 = CARTESIAN_POINT('',(-37.94,-39.54,0.8));
#4693 = VECTOR('',#4694,1.);
#4694 = DIRECTION('',(-2.241427244969E-15,-0.707106781187,0.707106781187
    ));
#4695 = PCURVE('',#2506,#4696);
#4696 = DEFINITIONAL_REPRESENTATION('',(#4697),#4701);
#4697 = LINE('',#4698,#4699);
#4698 = CARTESIAN_POINT('',(-5.313330689115E-15,3.75));
#4699 = VECTOR('',#4700,1.);
#4700 = DIRECTION('',(-1.,-1.648597081618E-15));
#4701 = ( GEOMETRIC_REPRESENTATION_CONTEXT(2) 
PARAMETRIC_REPRESENTATION_CONTEXT() REPRESENTATION_CONTEXT('2D SPACE',''
  ) );
#4702 = PCURVE('',#4616,#4703);
#4703 = DEFINITIONAL_REPRESENTATION('',(#4704),#4708);
#4704 = LINE('',#4705,#4706);
#4705 = CARTESIAN_POINT('',(1.570796326795,0.));
#4706 = VECTOR('',#4707,1.);
#4707 = DIRECTION('',(0.,1.));
#4708 = ( GEOMETRIC_REPRESENTATION_CONTEXT(2) 
PARAMETRIC_REPRESENTATION_CONTEXT() REPRESENTATION_CONTEXT('2D SPACE',''
  ) );
#4709 = ORIENTED_EDGE('',*,*,#4710,.T.);
#4710 = EDGE_CURVE('',#4688,#4711,#4713,.T.);
#4711 = VERTEX_POINT('',#4712);
#4712 = CARTESIAN_POINT('',(-4.06,-38.74,1.59872115546E-14));
#4713 = SURFACE_CURVE('',#4714,(#4718,#4725),.PCURVE_S1.);
#4714 = LINE('',#4715,#4716);
#4715 = CARTESIAN_POINT('',(-41.69,-38.74,0.));
#4716 = VECTOR('',#4717,1.);
#4717 = DIRECTION('',(1.,-4.191942285976E-16,4.191942285976E-16));
#4718 = PCURVE('',#2506,#4719);
#4719 = DEFINITIONAL_REPRESENTATION('',(#4720),#4724);
#4720 = LINE('',#4721,#4722);
#4721 = CARTESIAN_POINT('',(1.131370849898,-6.707107657562E-16));
#4722 = VECTOR('',#4723,1.);
#4723 = DIRECTION('',(-9.860761315263E-32,1.));
#4724 = ( GEOMETRIC_REPRESENTATION_CONTEXT(2) 
PARAMETRIC_REPRESENTATION_CONTEXT() REPRESENTATION_CONTEXT('2D SPACE',''
  ) );
#4725 = PCURVE('',#4726,#4731);
#4726 = PLANE('',#4727);
#4727 = AXIS2_PLACEMENT_3D('',#4728,#4729,#4730);
#4728 = CARTESIAN_POINT('',(-21.,-21.,8.881784197001E-15));
#4729 = DIRECTION('',(2.022797592717E-32,-2.022797592717E-32,1.));
#4730 = DIRECTION('',(1.,0.,-2.022797592717E-32));
#4731 = DEFINITIONAL_REPRESENTATION('',(#4732),#4736);
#4732 = LINE('',#4733,#4734);
#4733 = CARTESIAN_POINT('',(-20.69,-17.74));
#4734 = VECTOR('',#4735,1.);
#4735 = DIRECTION('',(1.,-4.191942285976E-16));
#4736 = ( GEOMETRIC_REPRESENTATION_CONTEXT(2) 
PARAMETRIC_REPRESENTATION_CONTEXT() REPRESENTATION_CONTEXT('2D SPACE',''
  ) );
#4737 = ORIENTED_EDGE('',*,*,#4738,.T.);
#4738 = EDGE_CURVE('',#4711,#2491,#4739,.T.);
#4739 = SURFACE_CURVE('',#4740,(#4744,#4751),.PCURVE_S1.);
#4740 = LINE('',#4741,#4742);
#4741 = CARTESIAN_POINT('',(-4.06,-39.54,0.8));
#4742 = VECTOR('',#4743,1.);
#4743 = DIRECTION('',(-1.570092458684E-15,-0.707106781187,0.707106781187
    ));
#4744 = PCURVE('',#2506,#4745);
#4745 = DEFINITIONAL_REPRESENTATION('',(#4746),#4750);
#4746 = LINE('',#4747,#4748);
#4747 = CARTESIAN_POINT('',(2.230819904691E-14,37.63));
#4748 = VECTOR('',#4749,1.);
#4749 = DIRECTION('',(-1.,-9.772622953325E-16));
#4750 = ( GEOMETRIC_REPRESENTATION_CONTEXT(2) 
PARAMETRIC_REPRESENTATION_CONTEXT() REPRESENTATION_CONTEXT('2D SPACE',''
  ) );
#4751 = PCURVE('',#4752,#4757);
#4752 = CONICAL_SURFACE('',#4753,1.6,0.785398163397);
#4753 = AXIS2_PLACEMENT_3D('',#4754,#4755,#4756);
#4754 = CARTESIAN_POINT('',(-4.06,-37.94,0.8));
#4755 = DIRECTION('',(-0.,0.,1.));
#4756 = DIRECTION('',(-2.22044604925E-15,-1.,0.));
#4757 = DEFINITIONAL_REPRESENTATION('',(#4758),#4762);
#4758 = LINE('',#4759,#4760);
#4759 = CARTESIAN_POINT('',(0.,0.));
#4760 = VECTOR('',#4761,1.);
#4761 = DIRECTION('',(0.,1.));
#4762 = ( GEOMETRIC_REPRESENTATION_CONTEXT(2) 
PARAMETRIC_REPRESENTATION_CONTEXT() REPRESENTATION_CONTEXT('2D SPACE',''
  ) );
#4763 = ADVANCED_FACE('',(#4764),#2532,.T.);
#4764 = FACE_BOUND('',#4765,.T.);
#4765 = EDGE_LOOP('',(#4766,#4767,#4768,#4792));
#4766 = ORIENTED_EDGE('',*,*,#2549,.F.);
#4767 = ORIENTED_EDGE('',*,*,#2518,.F.);
#4768 = ORIENTED_EDGE('',*,*,#4769,.T.);
#4769 = EDGE_CURVE('',#2491,#4770,#4772,.T.);
#4770 = VERTEX_POINT('',#4771);
#4771 = CARTESIAN_POINT('',(-2.46,-37.94,0.8));
#4772 = SURFACE_CURVE('',#4773,(#4778,#4785),.PCURVE_S1.);
#4773 = CIRCLE('',#4774,1.6);
#4774 = AXIS2_PLACEMENT_3D('',#4775,#4776,#4777);
#4775 = CARTESIAN_POINT('',(-4.06,-37.94,0.8));
#4776 = DIRECTION('',(0.,0.,1.));
#4777 = DIRECTION('',(-2.22044604925E-15,-1.,0.));
#4778 = PCURVE('',#2532,#4779);
#4779 = DEFINITIONAL_REPRESENTATION('',(#4780),#4784);
#4780 = LINE('',#4781,#4782);
#4781 = CARTESIAN_POINT('',(0.,-1.8));
#4782 = VECTOR('',#4783,1.);
#4783 = DIRECTION('',(1.,0.));
#4784 = ( GEOMETRIC_REPRESENTATION_CONTEXT(2) 
PARAMETRIC_REPRESENTATION_CONTEXT() REPRESENTATION_CONTEXT('2D SPACE',''
  ) );
#4785 = PCURVE('',#4752,#4786);
#4786 = DEFINITIONAL_REPRESENTATION('',(#4787),#4791);
#4787 = LINE('',#4788,#4789);
#4788 = CARTESIAN_POINT('',(0.,-0.));
#4789 = VECTOR('',#4790,1.);
#4790 = DIRECTION('',(1.,0.));
#4791 = ( GEOMETRIC_REPRESENTATION_CONTEXT(2) 
PARAMETRIC_REPRESENTATION_CONTEXT() REPRESENTATION_CONTEXT('2D SPACE',''
  ) );
#4792 = ORIENTED_EDGE('',*,*,#4793,.T.);
#4793 = EDGE_CURVE('',#4770,#2550,#4794,.T.);
#4794 = SURFACE_CURVE('',#4795,(#4799,#4806),.PCURVE_S1.);
#4795 = LINE('',#4796,#4797);
#4796 = CARTESIAN_POINT('',(-2.46,-37.94,2.6));
#4797 = VECTOR('',#4798,1.);
#4798 = DIRECTION('',(-0.,0.,1.));
#4799 = PCURVE('',#2532,#4800);
#4800 = DEFINITIONAL_REPRESENTATION('',(#4801),#4805);
#4801 = LINE('',#4802,#4803);
#4802 = CARTESIAN_POINT('',(1.570796326795,0.));
#4803 = VECTOR('',#4804,1.);
#4804 = DIRECTION('',(0.,1.));
#4805 = ( GEOMETRIC_REPRESENTATION_CONTEXT(2) 
PARAMETRIC_REPRESENTATION_CONTEXT() REPRESENTATION_CONTEXT('2D SPACE',''
  ) );
#4806 = PCURVE('',#2615,#4807);
#4807 = DEFINITIONAL_REPRESENTATION('',(#4808),#4812);
#4808 = LINE('',#4809,#4810);
#4809 = CARTESIAN_POINT('',(8.491161965791E-28,3.75));
#4810 = VECTOR('',#4811,1.);
#4811 = DIRECTION('',(-1.,2.264309857544E-28));
#4812 = ( GEOMETRIC_REPRESENTATION_CONTEXT(2) 
PARAMETRIC_REPRESENTATION_CONTEXT() REPRESENTATION_CONTEXT('2D SPACE',''
  ) );
#4813 = ADVANCED_FACE('',(#4814),#2615,.T.);
#4814 = FACE_BOUND('',#4815,.T.);
#4815 = EDGE_LOOP('',(#4816,#4817,#4818,#4846));
#4816 = ORIENTED_EDGE('',*,*,#2599,.F.);
#4817 = ORIENTED_EDGE('',*,*,#4793,.F.);
#4818 = ORIENTED_EDGE('',*,*,#4819,.T.);
#4819 = EDGE_CURVE('',#4770,#4820,#4822,.T.);
#4820 = VERTEX_POINT('',#4821);
#4821 = CARTESIAN_POINT('',(-2.46,-4.06,0.8));
#4822 = SURFACE_CURVE('',#4823,(#4827,#4834),.PCURVE_S1.);
#4823 = LINE('',#4824,#4825);
#4824 = CARTESIAN_POINT('',(-2.46,-41.69,0.8));
#4825 = VECTOR('',#4826,1.);
#4826 = DIRECTION('',(-5.127099130972E-56,1.,2.264309857544E-28));
#4827 = PCURVE('',#2615,#4828);
#4828 = DEFINITIONAL_REPRESENTATION('',(#4829),#4833);
#4829 = LINE('',#4830,#4831);
#4830 = CARTESIAN_POINT('',(1.8,-4.075757743579E-28));
#4831 = VECTOR('',#4832,1.);
#4832 = DIRECTION('',(0.,1.));
#4833 = ( GEOMETRIC_REPRESENTATION_CONTEXT(2) 
PARAMETRIC_REPRESENTATION_CONTEXT() REPRESENTATION_CONTEXT('2D SPACE',''
  ) );
#4834 = PCURVE('',#4835,#4840);
#4835 = PLANE('',#4836);
#4836 = AXIS2_PLACEMENT_3D('',#4837,#4838,#4839);
#4837 = CARTESIAN_POINT('',(-2.46,-41.69,0.8));
#4838 = DIRECTION('',(0.707106781187,0.,-0.707106781187));
#4839 = DIRECTION('',(-0.707106781187,5.928301633513E-16,-0.707106781187
    ));
#4840 = DEFINITIONAL_REPRESENTATION('',(#4841),#4845);
#4841 = LINE('',#4842,#4843);
#4842 = CARTESIAN_POINT('',(0.,0.));
#4843 = VECTOR('',#4844,1.);
#4844 = DIRECTION('',(5.928301633511E-16,1.));
#4845 = ( GEOMETRIC_REPRESENTATION_CONTEXT(2) 
PARAMETRIC_REPRESENTATION_CONTEXT() REPRESENTATION_CONTEXT('2D SPACE',''
  ) );
#4846 = ORIENTED_EDGE('',*,*,#4847,.F.);
#4847 = EDGE_CURVE('',#2600,#4820,#4848,.T.);
#4848 = SURFACE_CURVE('',#4849,(#4853,#4860),.PCURVE_S1.);
#4849 = LINE('',#4850,#4851);
#4850 = CARTESIAN_POINT('',(-2.46,-4.06,2.6));
#4851 = VECTOR('',#4852,1.);
#4852 = DIRECTION('',(2.264309857544E-28,2.264309857544E-28,-1.));
#4853 = PCURVE('',#2615,#4854);
#4854 = DEFINITIONAL_REPRESENTATION('',(#4855),#4859);
#4855 = LINE('',#4856,#4857);
#4856 = CARTESIAN_POINT('',(8.520597993939E-27,37.63));
#4857 = VECTOR('',#4858,1.);
#4858 = DIRECTION('',(1.,0.));
#4859 = ( GEOMETRIC_REPRESENTATION_CONTEXT(2) 
PARAMETRIC_REPRESENTATION_CONTEXT() REPRESENTATION_CONTEXT('2D SPACE',''
  ) );
#4860 = PCURVE('',#2670,#4861);
#4861 = DEFINITIONAL_REPRESENTATION('',(#4862),#4866);
#4862 = LINE('',#4863,#4864);
#4863 = CARTESIAN_POINT('',(0.,0.));
#4864 = VECTOR('',#4865,1.);
#4865 = DIRECTION('',(-0.,-1.));
#4866 = ( GEOMETRIC_REPRESENTATION_CONTEXT(2) 
PARAMETRIC_REPRESENTATION_CONTEXT() REPRESENTATION_CONTEXT('2D SPACE',''
  ) );
#4867 = ADVANCED_FACE('',(#4868),#2670,.T.);
#4868 = FACE_BOUND('',#4869,.T.);
#4869 = EDGE_LOOP('',(#4870,#4871,#4872,#4901));
#4870 = ORIENTED_EDGE('',*,*,#2653,.F.);
#4871 = ORIENTED_EDGE('',*,*,#4847,.T.);
#4872 = ORIENTED_EDGE('',*,*,#4873,.T.);
#4873 = EDGE_CURVE('',#4820,#4874,#4876,.T.);
#4874 = VERTEX_POINT('',#4875);
#4875 = CARTESIAN_POINT('',(-4.06,-2.46,0.8));
#4876 = SURFACE_CURVE('',#4877,(#4882,#4889),.PCURVE_S1.);
#4877 = CIRCLE('',#4878,1.6);
#4878 = AXIS2_PLACEMENT_3D('',#4879,#4880,#4881);
#4879 = CARTESIAN_POINT('',(-4.06,-4.06,0.8));
#4880 = DIRECTION('',(0.,-0.,1.));
#4881 = DIRECTION('',(1.,-2.22044604925E-15,-0.));
#4882 = PCURVE('',#2670,#4883);
#4883 = DEFINITIONAL_REPRESENTATION('',(#4884),#4888);
#4884 = LINE('',#4885,#4886);
#4885 = CARTESIAN_POINT('',(0.,-1.8));
#4886 = VECTOR('',#4887,1.);
#4887 = DIRECTION('',(1.,0.));
#4888 = ( GEOMETRIC_REPRESENTATION_CONTEXT(2) 
PARAMETRIC_REPRESENTATION_CONTEXT() REPRESENTATION_CONTEXT('2D SPACE',''
  ) );
#4889 = PCURVE('',#4890,#4895);
#4890 = CONICAL_SURFACE('',#4891,1.6,0.785398163397);
#4891 = AXIS2_PLACEMENT_3D('',#4892,#4893,#4894);
#4892 = CARTESIAN_POINT('',(-4.06,-4.06,0.8));
#4893 = DIRECTION('',(0.,-0.,1.));
#4894 = DIRECTION('',(1.,-2.22044604925E-15,-0.));
#4895 = DEFINITIONAL_REPRESENTATION('',(#4896),#4900);
#4896 = LINE('',#4897,#4898);
#4897 = CARTESIAN_POINT('',(0.,-0.));
#4898 = VECTOR('',#4899,1.);
#4899 = DIRECTION('',(1.,0.));
#4900 = ( GEOMETRIC_REPRESENTATION_CONTEXT(2) 
PARAMETRIC_REPRESENTATION_CONTEXT() REPRESENTATION_CONTEXT('2D SPACE',''
  ) );
#4901 = ORIENTED_EDGE('',*,*,#4902,.T.);
#4902 = EDGE_CURVE('',#4874,#2654,#4903,.T.);
#4903 = SURFACE_CURVE('',#4904,(#4908,#4915),.PCURVE_S1.);
#4904 = LINE('',#4905,#4906);
#4905 = CARTESIAN_POINT('',(-4.06,-2.46,2.6));
#4906 = VECTOR('',#4907,1.);
#4907 = DIRECTION('',(0.,-0.,1.));
#4908 = PCURVE('',#2670,#4909);
#4909 = DEFINITIONAL_REPRESENTATION('',(#4910),#4914);
#4910 = LINE('',#4911,#4912);
#4911 = CARTESIAN_POINT('',(1.570796326795,0.));
#4912 = VECTOR('',#4913,1.);
#4913 = DIRECTION('',(0.,1.));
#4914 = ( GEOMETRIC_REPRESENTATION_CONTEXT(2) 
PARAMETRIC_REPRESENTATION_CONTEXT() REPRESENTATION_CONTEXT('2D SPACE',''
  ) );
#4915 = PCURVE('',#2724,#4916);
#4916 = DEFINITIONAL_REPRESENTATION('',(#4917),#4921);
#4917 = LINE('',#4918,#4919);
#4918 = CARTESIAN_POINT('',(8.491161965791E-28,3.75));
#4919 = VECTOR('',#4920,1.);
#4920 = DIRECTION('',(-1.,2.264309857544E-28));
#4921 = ( GEOMETRIC_REPRESENTATION_CONTEXT(2) 
PARAMETRIC_REPRESENTATION_CONTEXT() REPRESENTATION_CONTEXT('2D SPACE',''
  ) );
#4922 = ADVANCED_FACE('',(#4923),#2724,.T.);
#4923 = FACE_BOUND('',#4924,.T.);
#4924 = EDGE_LOOP('',(#4925,#4926,#4927,#4955));
#4925 = ORIENTED_EDGE('',*,*,#2708,.F.);
#4926 = ORIENTED_EDGE('',*,*,#4902,.F.);
#4927 = ORIENTED_EDGE('',*,*,#4928,.T.);
#4928 = EDGE_CURVE('',#4874,#4929,#4931,.T.);
#4929 = VERTEX_POINT('',#4930);
#4930 = CARTESIAN_POINT('',(-37.94,-2.46,0.8));
#4931 = SURFACE_CURVE('',#4932,(#4936,#4943),.PCURVE_S1.);
#4932 = LINE('',#4933,#4934);
#4933 = CARTESIAN_POINT('',(-0.31,-2.46,0.8));
#4934 = VECTOR('',#4935,1.);
#4935 = DIRECTION('',(-1.,-5.127099130972E-56,2.264309857544E-28));
#4936 = PCURVE('',#2724,#4937);
#4937 = DEFINITIONAL_REPRESENTATION('',(#4938),#4942);
#4938 = LINE('',#4939,#4940);
#4939 = CARTESIAN_POINT('',(1.8,-4.075757743579E-28));
#4940 = VECTOR('',#4941,1.);
#4941 = DIRECTION('',(0.,1.));
#4942 = ( GEOMETRIC_REPRESENTATION_CONTEXT(2) 
PARAMETRIC_REPRESENTATION_CONTEXT() REPRESENTATION_CONTEXT('2D SPACE',''
  ) );
#4943 = PCURVE('',#4944,#4949);
#4944 = PLANE('',#4945);
#4945 = AXIS2_PLACEMENT_3D('',#4946,#4947,#4948);
#4946 = CARTESIAN_POINT('',(-0.31,-2.46,0.8));
#4947 = DIRECTION('',(0.,0.707106781187,-0.707106781187));
#4948 = DIRECTION('',(-5.928301633513E-16,-0.707106781187,
    -0.707106781187));
#4949 = DEFINITIONAL_REPRESENTATION('',(#4950),#4954);
#4950 = LINE('',#4951,#4952);
#4951 = CARTESIAN_POINT('',(-0.,0.));
#4952 = VECTOR('',#4953,1.);
#4953 = DIRECTION('',(5.928301633511E-16,1.));
#4954 = ( GEOMETRIC_REPRESENTATION_CONTEXT(2) 
PARAMETRIC_REPRESENTATION_CONTEXT() REPRESENTATION_CONTEXT('2D SPACE',''
  ) );
#4955 = ORIENTED_EDGE('',*,*,#4956,.F.);
#4956 = EDGE_CURVE('',#2709,#4929,#4957,.T.);
#4957 = SURFACE_CURVE('',#4958,(#4962,#4969),.PCURVE_S1.);
#4958 = LINE('',#4959,#4960);
#4959 = CARTESIAN_POINT('',(-37.94,-2.46,2.6));
#4960 = VECTOR('',#4961,1.);
#4961 = DIRECTION('',(-2.264309857544E-28,2.264309857544E-28,-1.));
#4962 = PCURVE('',#2724,#4963);
#4963 = DEFINITIONAL_REPRESENTATION('',(#4964),#4968);
#4964 = LINE('',#4965,#4966);
#4965 = CARTESIAN_POINT('',(8.520597993939E-27,37.63));
#4966 = VECTOR('',#4967,1.);
#4967 = DIRECTION('',(1.,0.));
#4968 = ( GEOMETRIC_REPRESENTATION_CONTEXT(2) 
PARAMETRIC_REPRESENTATION_CONTEXT() REPRESENTATION_CONTEXT('2D SPACE',''
  ) );
#4969 = PCURVE('',#2779,#4970);
#4970 = DEFINITIONAL_REPRESENTATION('',(#4971),#4975);
#4971 = LINE('',#4972,#4973);
#4972 = CARTESIAN_POINT('',(0.,0.));
#4973 = VECTOR('',#4974,1.);
#4974 = DIRECTION('',(-0.,-1.));
#4975 = ( GEOMETRIC_REPRESENTATION_CONTEXT(2) 
PARAMETRIC_REPRESENTATION_CONTEXT() REPRESENTATION_CONTEXT('2D SPACE',''
  ) );
#4976 = ADVANCED_FACE('',(#4977),#2779,.T.);
#4977 = FACE_BOUND('',#4978,.T.);
#4978 = EDGE_LOOP('',(#4979,#4980,#4981,#5010));
#4979 = ORIENTED_EDGE('',*,*,#2762,.F.);
#4980 = ORIENTED_EDGE('',*,*,#4956,.T.);
#4981 = ORIENTED_EDGE('',*,*,#4982,.T.);
#4982 = EDGE_CURVE('',#4929,#4983,#4985,.T.);
#4983 = VERTEX_POINT('',#4984);
#4984 = CARTESIAN_POINT('',(-39.54,-4.06,0.8));
#4985 = SURFACE_CURVE('',#4986,(#4991,#4998),.PCURVE_S1.);
#4986 = CIRCLE('',#4987,1.6);
#4987 = AXIS2_PLACEMENT_3D('',#4988,#4989,#4990);
#4988 = CARTESIAN_POINT('',(-37.94,-4.06,0.8));
#4989 = DIRECTION('',(0.,-0.,1.));
#4990 = DIRECTION('',(2.22044604925E-15,1.,0.));
#4991 = PCURVE('',#2779,#4992);
#4992 = DEFINITIONAL_REPRESENTATION('',(#4993),#4997);
#4993 = LINE('',#4994,#4995);
#4994 = CARTESIAN_POINT('',(0.,-1.8));
#4995 = VECTOR('',#4996,1.);
#4996 = DIRECTION('',(1.,0.));
#4997 = ( GEOMETRIC_REPRESENTATION_CONTEXT(2) 
PARAMETRIC_REPRESENTATION_CONTEXT() REPRESENTATION_CONTEXT('2D SPACE',''
  ) );
#4998 = PCURVE('',#4999,#5004);
#4999 = CONICAL_SURFACE('',#5000,1.6,0.785398163397);
#5000 = AXIS2_PLACEMENT_3D('',#5001,#5002,#5003);
#5001 = CARTESIAN_POINT('',(-37.94,-4.06,0.8));
#5002 = DIRECTION('',(0.,-0.,1.));
#5003 = DIRECTION('',(2.22044604925E-15,1.,0.));
#5004 = DEFINITIONAL_REPRESENTATION('',(#5005),#5009);
#5005 = LINE('',#5006,#5007);
#5006 = CARTESIAN_POINT('',(0.,-0.));
#5007 = VECTOR('',#5008,1.);
#5008 = DIRECTION('',(1.,0.));
#5009 = ( GEOMETRIC_REPRESENTATION_CONTEXT(2) 
PARAMETRIC_REPRESENTATION_CONTEXT() REPRESENTATION_CONTEXT('2D SPACE',''
  ) );
#5010 = ORIENTED_EDGE('',*,*,#5011,.T.);
#5011 = EDGE_CURVE('',#4983,#2763,#5012,.T.);
#5012 = SURFACE_CURVE('',#5013,(#5017,#5024),.PCURVE_S1.);
#5013 = LINE('',#5014,#5015);
#5014 = CARTESIAN_POINT('',(-39.54,-4.06,2.6));
#5015 = VECTOR('',#5016,1.);
#5016 = DIRECTION('',(0.,-0.,1.));
#5017 = PCURVE('',#2779,#5018);
#5018 = DEFINITIONAL_REPRESENTATION('',(#5019),#5023);
#5019 = LINE('',#5020,#5021);
#5020 = CARTESIAN_POINT('',(1.570796326795,0.));
#5021 = VECTOR('',#5022,1.);
#5022 = DIRECTION('',(0.,1.));
#5023 = ( GEOMETRIC_REPRESENTATION_CONTEXT(2) 
PARAMETRIC_REPRESENTATION_CONTEXT() REPRESENTATION_CONTEXT('2D SPACE',''
  ) );
#5024 = PCURVE('',#4506,#5025);
#5025 = DEFINITIONAL_REPRESENTATION('',(#5026),#5030);
#5026 = LINE('',#5027,#5028);
#5027 = CARTESIAN_POINT('',(8.491161965791E-28,3.75));
#5028 = VECTOR('',#5029,1.);
#5029 = DIRECTION('',(-1.,2.264309857544E-28));
#5030 = ( GEOMETRIC_REPRESENTATION_CONTEXT(2) 
PARAMETRIC_REPRESENTATION_CONTEXT() REPRESENTATION_CONTEXT('2D SPACE',''
  ) );
#5031 = ADVANCED_FACE('',(#5032),#2856,.T.);
#5032 = FACE_BOUND('',#5033,.T.);
#5033 = EDGE_LOOP('',(#5034,#5035,#5058,#5087));
#5034 = ORIENTED_EDGE('',*,*,#2839,.F.);
#5035 = ORIENTED_EDGE('',*,*,#5036,.T.);
#5036 = EDGE_CURVE('',#2817,#5037,#5039,.T.);
#5037 = VERTEX_POINT('',#5038);
#5038 = CARTESIAN_POINT('',(-39.54,4.06,0.8));
#5039 = SURFACE_CURVE('',#5040,(#5044,#5051),.PCURVE_S1.);
#5040 = LINE('',#5041,#5042);
#5041 = CARTESIAN_POINT('',(-39.54,4.06,2.6));
#5042 = VECTOR('',#5043,1.);
#5043 = DIRECTION('',(-2.264309857544E-28,-2.264309857544E-28,-1.));
#5044 = PCURVE('',#2856,#5045);
#5045 = DEFINITIONAL_REPRESENTATION('',(#5046),#5050);
#5046 = LINE('',#5047,#5048);
#5047 = CARTESIAN_POINT('',(0.,0.));
#5048 = VECTOR('',#5049,1.);
#5049 = DIRECTION('',(-0.,-1.));
#5050 = ( GEOMETRIC_REPRESENTATION_CONTEXT(2) 
PARAMETRIC_REPRESENTATION_CONTEXT() REPRESENTATION_CONTEXT('2D SPACE',''
  ) );
#5051 = PCURVE('',#4474,#5052);
#5052 = DEFINITIONAL_REPRESENTATION('',(#5053),#5057);
#5053 = LINE('',#5054,#5055);
#5054 = CARTESIAN_POINT('',(8.520597993939E-27,37.63));
#5055 = VECTOR('',#5056,1.);
#5056 = DIRECTION('',(1.,0.));
#5057 = ( GEOMETRIC_REPRESENTATION_CONTEXT(2) 
PARAMETRIC_REPRESENTATION_CONTEXT() REPRESENTATION_CONTEXT('2D SPACE',''
  ) );
#5058 = ORIENTED_EDGE('',*,*,#5059,.T.);
#5059 = EDGE_CURVE('',#5037,#5060,#5062,.T.);
#5060 = VERTEX_POINT('',#5061);
#5061 = CARTESIAN_POINT('',(-37.94,2.46,0.8));
#5062 = SURFACE_CURVE('',#5063,(#5068,#5075),.PCURVE_S1.);
#5063 = CIRCLE('',#5064,1.6);
#5064 = AXIS2_PLACEMENT_3D('',#5065,#5066,#5067);
#5065 = CARTESIAN_POINT('',(-37.94,4.06,0.8));
#5066 = DIRECTION('',(0.,0.,1.));
#5067 = DIRECTION('',(-1.,2.22044604925E-15,0.));
#5068 = PCURVE('',#2856,#5069);
#5069 = DEFINITIONAL_REPRESENTATION('',(#5070),#5074);
#5070 = LINE('',#5071,#5072);
#5071 = CARTESIAN_POINT('',(0.,-1.8));
#5072 = VECTOR('',#5073,1.);
#5073 = DIRECTION('',(1.,0.));
#5074 = ( GEOMETRIC_REPRESENTATION_CONTEXT(2) 
PARAMETRIC_REPRESENTATION_CONTEXT() REPRESENTATION_CONTEXT('2D SPACE',''
  ) );
#5075 = PCURVE('',#5076,#5081);
#5076 = CONICAL_SURFACE('',#5077,1.6,0.785398163397);
#5077 = AXIS2_PLACEMENT_3D('',#5078,#5079,#5080);
#5078 = CARTESIAN_POINT('',(-37.94,4.06,0.8));
#5079 = DIRECTION('',(0.,0.,1.));
#5080 = DIRECTION('',(-1.,2.22044604925E-15,0.));
#5081 = DEFINITIONAL_REPRESENTATION('',(#5082),#5086);
#5082 = LINE('',#5083,#5084);
#5083 = CARTESIAN_POINT('',(0.,-0.));
#5084 = VECTOR('',#5085,1.);
#5085 = DIRECTION('',(1.,0.));
#5086 = ( GEOMETRIC_REPRESENTATION_CONTEXT(2) 
PARAMETRIC_REPRESENTATION_CONTEXT() REPRESENTATION_CONTEXT('2D SPACE',''
  ) );
#5087 = ORIENTED_EDGE('',*,*,#5088,.T.);
#5088 = EDGE_CURVE('',#5060,#2840,#5089,.T.);
#5089 = SURFACE_CURVE('',#5090,(#5094,#5101),.PCURVE_S1.);
#5090 = LINE('',#5091,#5092);
#5091 = CARTESIAN_POINT('',(-37.94,2.46,2.6));
#5092 = VECTOR('',#5093,1.);
#5093 = DIRECTION('',(0.,0.,1.));
#5094 = PCURVE('',#2856,#5095);
#5095 = DEFINITIONAL_REPRESENTATION('',(#5096),#5100);
#5096 = LINE('',#5097,#5098);
#5097 = CARTESIAN_POINT('',(1.570796326795,0.));
#5098 = VECTOR('',#5099,1.);
#5099 = DIRECTION('',(0.,1.));
#5100 = ( GEOMETRIC_REPRESENTATION_CONTEXT(2) 
PARAMETRIC_REPRESENTATION_CONTEXT() REPRESENTATION_CONTEXT('2D SPACE',''
  ) );
#5101 = PCURVE('',#2910,#5102);
#5102 = DEFINITIONAL_REPRESENTATION('',(#5103),#5107);
#5103 = LINE('',#5104,#5105);
#5104 = CARTESIAN_POINT('',(8.491161965791E-28,3.75));
#5105 = VECTOR('',#5106,1.);
#5106 = DIRECTION('',(-1.,2.264309857544E-28));
#5107 = ( GEOMETRIC_REPRESENTATION_CONTEXT(2) 
PARAMETRIC_REPRESENTATION_CONTEXT() REPRESENTATION_CONTEXT('2D SPACE',''
  ) );
#5108 = ADVANCED_FACE('',(#5109),#2910,.T.);
#5109 = FACE_BOUND('',#5110,.T.);
#5110 = EDGE_LOOP('',(#5111,#5112,#5113,#5141));
#5111 = ORIENTED_EDGE('',*,*,#2894,.F.);
#5112 = ORIENTED_EDGE('',*,*,#5088,.F.);
#5113 = ORIENTED_EDGE('',*,*,#5114,.T.);
#5114 = EDGE_CURVE('',#5060,#5115,#5117,.T.);
#5115 = VERTEX_POINT('',#5116);
#5116 = CARTESIAN_POINT('',(-4.06,2.46,0.8));
#5117 = SURFACE_CURVE('',#5118,(#5122,#5129),.PCURVE_S1.);
#5118 = LINE('',#5119,#5120);
#5119 = CARTESIAN_POINT('',(-41.69,2.46,0.8));
#5120 = VECTOR('',#5121,1.);
#5121 = DIRECTION('',(1.,5.127099130972E-56,2.264309857544E-28));
#5122 = PCURVE('',#2910,#5123);
#5123 = DEFINITIONAL_REPRESENTATION('',(#5124),#5128);
#5124 = LINE('',#5125,#5126);
#5125 = CARTESIAN_POINT('',(1.8,-4.075757743579E-28));
#5126 = VECTOR('',#5127,1.);
#5127 = DIRECTION('',(0.,1.));
#5128 = ( GEOMETRIC_REPRESENTATION_CONTEXT(2) 
PARAMETRIC_REPRESENTATION_CONTEXT() REPRESENTATION_CONTEXT('2D SPACE',''
  ) );
#5129 = PCURVE('',#5130,#5135);
#5130 = PLANE('',#5131);
#5131 = AXIS2_PLACEMENT_3D('',#5132,#5133,#5134);
#5132 = CARTESIAN_POINT('',(-41.69,2.46,0.8));
#5133 = DIRECTION('',(0.,-0.707106781187,-0.707106781187));
#5134 = DIRECTION('',(5.928301633513E-16,0.707106781187,-0.707106781187)
  );
#5135 = DEFINITIONAL_REPRESENTATION('',(#5136),#5140);
#5136 = LINE('',#5137,#5138);
#5137 = CARTESIAN_POINT('',(0.,0.));
#5138 = VECTOR('',#5139,1.);
#5139 = DIRECTION('',(5.928301633511E-16,1.));
#5140 = ( GEOMETRIC_REPRESENTATION_CONTEXT(2) 
PARAMETRIC_REPRESENTATION_CONTEXT() REPRESENTATION_CONTEXT('2D SPACE',''
  ) );
#5141 = ORIENTED_EDGE('',*,*,#5142,.T.);
#5142 = EDGE_CURVE('',#5115,#2895,#5143,.T.);
#5143 = SURFACE_CURVE('',#5144,(#5148,#5155),.PCURVE_S1.);
#5144 = LINE('',#5145,#5146);
#5145 = CARTESIAN_POINT('',(-4.06,2.46,2.6));
#5146 = VECTOR('',#5147,1.);
#5147 = DIRECTION('',(-0.,0.,1.));
#5148 = PCURVE('',#2910,#5149);
#5149 = DEFINITIONAL_REPRESENTATION('',(#5150),#5154);
#5150 = LINE('',#5151,#5152);
#5151 = CARTESIAN_POINT('',(8.520597993939E-27,37.63));
#5152 = VECTOR('',#5153,1.);
#5153 = DIRECTION('',(-1.,2.264309857544E-28));
#5154 = ( GEOMETRIC_REPRESENTATION_CONTEXT(2) 
PARAMETRIC_REPRESENTATION_CONTEXT() REPRESENTATION_CONTEXT('2D SPACE',''
  ) );
#5155 = PCURVE('',#2965,#5156);
#5156 = DEFINITIONAL_REPRESENTATION('',(#5157),#5161);
#5157 = LINE('',#5158,#5159);
#5158 = CARTESIAN_POINT('',(0.,0.));
#5159 = VECTOR('',#5160,1.);
#5160 = DIRECTION('',(0.,1.));
#5161 = ( GEOMETRIC_REPRESENTATION_CONTEXT(2) 
PARAMETRIC_REPRESENTATION_CONTEXT() REPRESENTATION_CONTEXT('2D SPACE',''
  ) );
#5162 = ADVANCED_FACE('',(#5163),#2965,.T.);
#5163 = FACE_BOUND('',#5164,.T.);
#5164 = EDGE_LOOP('',(#5165,#5166,#5167,#5196));
#5165 = ORIENTED_EDGE('',*,*,#2948,.F.);
#5166 = ORIENTED_EDGE('',*,*,#5142,.F.);
#5167 = ORIENTED_EDGE('',*,*,#5168,.T.);
#5168 = EDGE_CURVE('',#5115,#5169,#5171,.T.);
#5169 = VERTEX_POINT('',#5170);
#5170 = CARTESIAN_POINT('',(-2.46,4.06,0.8));
#5171 = SURFACE_CURVE('',#5172,(#5177,#5184),.PCURVE_S1.);
#5172 = CIRCLE('',#5173,1.6);
#5173 = AXIS2_PLACEMENT_3D('',#5174,#5175,#5176);
#5174 = CARTESIAN_POINT('',(-4.06,4.06,0.8));
#5175 = DIRECTION('',(0.,0.,1.));
#5176 = DIRECTION('',(-2.22044604925E-15,-1.,0.));
#5177 = PCURVE('',#2965,#5178);
#5178 = DEFINITIONAL_REPRESENTATION('',(#5179),#5183);
#5179 = LINE('',#5180,#5181);
#5180 = CARTESIAN_POINT('',(0.,-1.8));
#5181 = VECTOR('',#5182,1.);
#5182 = DIRECTION('',(1.,0.));
#5183 = ( GEOMETRIC_REPRESENTATION_CONTEXT(2) 
PARAMETRIC_REPRESENTATION_CONTEXT() REPRESENTATION_CONTEXT('2D SPACE',''
  ) );
#5184 = PCURVE('',#5185,#5190);
#5185 = CONICAL_SURFACE('',#5186,1.6,0.785398163397);
#5186 = AXIS2_PLACEMENT_3D('',#5187,#5188,#5189);
#5187 = CARTESIAN_POINT('',(-4.06,4.06,0.8));
#5188 = DIRECTION('',(-0.,0.,1.));
#5189 = DIRECTION('',(-2.22044604925E-15,-1.,0.));
#5190 = DEFINITIONAL_REPRESENTATION('',(#5191),#5195);
#5191 = LINE('',#5192,#5193);
#5192 = CARTESIAN_POINT('',(0.,-0.));
#5193 = VECTOR('',#5194,1.);
#5194 = DIRECTION('',(1.,0.));
#5195 = ( GEOMETRIC_REPRESENTATION_CONTEXT(2) 
PARAMETRIC_REPRESENTATION_CONTEXT() REPRESENTATION_CONTEXT('2D SPACE',''
  ) );
#5196 = ORIENTED_EDGE('',*,*,#5197,.T.);
#5197 = EDGE_CURVE('',#5169,#2949,#5198,.T.);
#5198 = SURFACE_CURVE('',#5199,(#5203,#5210),.PCURVE_S1.);
#5199 = LINE('',#5200,#5201);
#5200 = CARTESIAN_POINT('',(-2.46,4.06,2.6));
#5201 = VECTOR('',#5202,1.);
#5202 = DIRECTION('',(-0.,0.,1.));
#5203 = PCURVE('',#2965,#5204);
#5204 = DEFINITIONAL_REPRESENTATION('',(#5205),#5209);
#5205 = LINE('',#5206,#5207);
#5206 = CARTESIAN_POINT('',(1.570796326795,0.));
#5207 = VECTOR('',#5208,1.);
#5208 = DIRECTION('',(0.,1.));
#5209 = ( GEOMETRIC_REPRESENTATION_CONTEXT(2) 
PARAMETRIC_REPRESENTATION_CONTEXT() REPRESENTATION_CONTEXT('2D SPACE',''
  ) );
#5210 = PCURVE('',#3019,#5211);
#5211 = DEFINITIONAL_REPRESENTATION('',(#5212),#5216);
#5212 = LINE('',#5213,#5214);
#5213 = CARTESIAN_POINT('',(8.491161965791E-28,3.75));
#5214 = VECTOR('',#5215,1.);
#5215 = DIRECTION('',(-1.,2.264309857544E-28));
#5216 = ( GEOMETRIC_REPRESENTATION_CONTEXT(2) 
PARAMETRIC_REPRESENTATION_CONTEXT() REPRESENTATION_CONTEXT('2D SPACE',''
  ) );
#5217 = ADVANCED_FACE('',(#5218),#3019,.T.);
#5218 = FACE_BOUND('',#5219,.T.);
#5219 = EDGE_LOOP('',(#5220,#5221,#5222,#5250));
#5220 = ORIENTED_EDGE('',*,*,#3003,.F.);
#5221 = ORIENTED_EDGE('',*,*,#5197,.F.);
#5222 = ORIENTED_EDGE('',*,*,#5223,.T.);
#5223 = EDGE_CURVE('',#5169,#5224,#5226,.T.);
#5224 = VERTEX_POINT('',#5225);
#5225 = CARTESIAN_POINT('',(-2.46,37.94,0.8));
#5226 = SURFACE_CURVE('',#5227,(#5231,#5238),.PCURVE_S1.);
#5227 = LINE('',#5228,#5229);
#5228 = CARTESIAN_POINT('',(-2.46,0.31,0.8));
#5229 = VECTOR('',#5230,1.);
#5230 = DIRECTION('',(-5.127099130972E-56,1.,2.264309857544E-28));
#5231 = PCURVE('',#3019,#5232);
#5232 = DEFINITIONAL_REPRESENTATION('',(#5233),#5237);
#5233 = LINE('',#5234,#5235);
#5234 = CARTESIAN_POINT('',(1.8,-4.075757743579E-28));
#5235 = VECTOR('',#5236,1.);
#5236 = DIRECTION('',(0.,1.));
#5237 = ( GEOMETRIC_REPRESENTATION_CONTEXT(2) 
PARAMETRIC_REPRESENTATION_CONTEXT() REPRESENTATION_CONTEXT('2D SPACE',''
  ) );
#5238 = PCURVE('',#5239,#5244);
#5239 = PLANE('',#5240);
#5240 = AXIS2_PLACEMENT_3D('',#5241,#5242,#5243);
#5241 = CARTESIAN_POINT('',(-2.46,0.31,0.8));
#5242 = DIRECTION('',(0.707106781187,0.,-0.707106781187));
#5243 = DIRECTION('',(-0.707106781187,5.928301633513E-16,-0.707106781187
    ));
#5244 = DEFINITIONAL_REPRESENTATION('',(#5245),#5249);
#5245 = LINE('',#5246,#5247);
#5246 = CARTESIAN_POINT('',(0.,0.));
#5247 = VECTOR('',#5248,1.);
#5248 = DIRECTION('',(5.928301633511E-16,1.));
#5249 = ( GEOMETRIC_REPRESENTATION_CONTEXT(2) 
PARAMETRIC_REPRESENTATION_CONTEXT() REPRESENTATION_CONTEXT('2D SPACE',''
  ) );
#5250 = ORIENTED_EDGE('',*,*,#5251,.F.);
#5251 = EDGE_CURVE('',#3004,#5224,#5252,.T.);
#5252 = SURFACE_CURVE('',#5253,(#5257,#5264),.PCURVE_S1.);
#5253 = LINE('',#5254,#5255);
#5254 = CARTESIAN_POINT('',(-2.46,37.94,2.6));
#5255 = VECTOR('',#5256,1.);
#5256 = DIRECTION('',(2.264309857544E-28,2.264309857544E-28,-1.));
#5257 = PCURVE('',#3019,#5258);
#5258 = DEFINITIONAL_REPRESENTATION('',(#5259),#5263);
#5259 = LINE('',#5260,#5261);
#5260 = CARTESIAN_POINT('',(8.520597993939E-27,37.63));
#5261 = VECTOR('',#5262,1.);
#5262 = DIRECTION('',(1.,0.));
#5263 = ( GEOMETRIC_REPRESENTATION_CONTEXT(2) 
PARAMETRIC_REPRESENTATION_CONTEXT() REPRESENTATION_CONTEXT('2D SPACE',''
  ) );
#5264 = PCURVE('',#3074,#5265);
#5265 = DEFINITIONAL_REPRESENTATION('',(#5266),#5270);
#5266 = LINE('',#5267,#5268);
#5267 = CARTESIAN_POINT('',(0.,0.));
#5268 = VECTOR('',#5269,1.);
#5269 = DIRECTION('',(-0.,-1.));
#5270 = ( GEOMETRIC_REPRESENTATION_CONTEXT(2) 
PARAMETRIC_REPRESENTATION_CONTEXT() REPRESENTATION_CONTEXT('2D SPACE',''
  ) );
#5271 = ADVANCED_FACE('',(#5272),#3074,.T.);
#5272 = FACE_BOUND('',#5273,.T.);
#5273 = EDGE_LOOP('',(#5274,#5275,#5276,#5305));
#5274 = ORIENTED_EDGE('',*,*,#3057,.F.);
#5275 = ORIENTED_EDGE('',*,*,#5251,.T.);
#5276 = ORIENTED_EDGE('',*,*,#5277,.T.);
#5277 = EDGE_CURVE('',#5224,#5278,#5280,.T.);
#5278 = VERTEX_POINT('',#5279);
#5279 = CARTESIAN_POINT('',(-4.06,39.54,0.8));
#5280 = SURFACE_CURVE('',#5281,(#5286,#5293),.PCURVE_S1.);
#5281 = CIRCLE('',#5282,1.6);
#5282 = AXIS2_PLACEMENT_3D('',#5283,#5284,#5285);
#5283 = CARTESIAN_POINT('',(-4.06,37.94,0.8));
#5284 = DIRECTION('',(0.,-0.,1.));
#5285 = DIRECTION('',(1.,-2.22044604925E-15,-0.));
#5286 = PCURVE('',#3074,#5287);
#5287 = DEFINITIONAL_REPRESENTATION('',(#5288),#5292);
#5288 = LINE('',#5289,#5290);
#5289 = CARTESIAN_POINT('',(0.,-1.8));
#5290 = VECTOR('',#5291,1.);
#5291 = DIRECTION('',(1.,0.));
#5292 = ( GEOMETRIC_REPRESENTATION_CONTEXT(2) 
PARAMETRIC_REPRESENTATION_CONTEXT() REPRESENTATION_CONTEXT('2D SPACE',''
  ) );
#5293 = PCURVE('',#5294,#5299);
#5294 = CONICAL_SURFACE('',#5295,1.6,0.785398163397);
#5295 = AXIS2_PLACEMENT_3D('',#5296,#5297,#5298);
#5296 = CARTESIAN_POINT('',(-4.06,37.94,0.8));
#5297 = DIRECTION('',(0.,-0.,1.));
#5298 = DIRECTION('',(1.,-2.22044604925E-15,-0.));
#5299 = DEFINITIONAL_REPRESENTATION('',(#5300),#5304);
#5300 = LINE('',#5301,#5302);
#5301 = CARTESIAN_POINT('',(0.,-0.));
#5302 = VECTOR('',#5303,1.);
#5303 = DIRECTION('',(1.,0.));
#5304 = ( GEOMETRIC_REPRESENTATION_CONTEXT(2) 
PARAMETRIC_REPRESENTATION_CONTEXT() REPRESENTATION_CONTEXT('2D SPACE',''
  ) );
#5305 = ORIENTED_EDGE('',*,*,#5306,.T.);
#5306 = EDGE_CURVE('',#5278,#3058,#5307,.T.);
#5307 = SURFACE_CURVE('',#5308,(#5312,#5319),.PCURVE_S1.);
#5308 = LINE('',#5309,#5310);
#5309 = CARTESIAN_POINT('',(-4.06,39.54,2.6));
#5310 = VECTOR('',#5311,1.);
#5311 = DIRECTION('',(0.,-0.,1.));
#5312 = PCURVE('',#3074,#5313);
#5313 = DEFINITIONAL_REPRESENTATION('',(#5314),#5318);
#5314 = LINE('',#5315,#5316);
#5315 = CARTESIAN_POINT('',(1.570796326795,0.));
#5316 = VECTOR('',#5317,1.);
#5317 = DIRECTION('',(0.,1.));
#5318 = ( GEOMETRIC_REPRESENTATION_CONTEXT(2) 
PARAMETRIC_REPRESENTATION_CONTEXT() REPRESENTATION_CONTEXT('2D SPACE',''
  ) );
#5319 = PCURVE('',#5320,#5325);
#5320 = PLANE('',#5321);
#5321 = AXIS2_PLACEMENT_3D('',#5322,#5323,#5324);
#5322 = CARTESIAN_POINT('',(-0.31,39.54,2.6));
#5323 = DIRECTION('',(0.,1.,2.264309857544E-28));
#5324 = DIRECTION('',(-2.264309857544E-28,2.264309857544E-28,-1.));
#5325 = DEFINITIONAL_REPRESENTATION('',(#5326),#5330);
#5326 = LINE('',#5327,#5328);
#5327 = CARTESIAN_POINT('',(8.491161965791E-28,3.75));
#5328 = VECTOR('',#5329,1.);
#5329 = DIRECTION('',(-1.,2.264309857544E-28));
#5330 = ( GEOMETRIC_REPRESENTATION_CONTEXT(2) 
PARAMETRIC_REPRESENTATION_CONTEXT() REPRESENTATION_CONTEXT('2D SPACE',''
  ) );
#5331 = ADVANCED_FACE('',(#5332),#3100,.T.);
#5332 = FACE_BOUND('',#5333,.T.);
#5333 = EDGE_LOOP('',(#5334,#5335,#5336,#5359));
#5334 = ORIENTED_EDGE('',*,*,#3193,.F.);
#5335 = ORIENTED_EDGE('',*,*,#3086,.F.);
#5336 = ORIENTED_EDGE('',*,*,#5337,.T.);
#5337 = EDGE_CURVE('',#3058,#5338,#5340,.T.);
#5338 = VERTEX_POINT('',#5339);
#5339 = CARTESIAN_POINT('',(-37.94,39.54,2.6));
#5340 = SURFACE_CURVE('',#5341,(#5345,#5352),.PCURVE_S1.);
#5341 = LINE('',#5342,#5343);
#5342 = CARTESIAN_POINT('',(-0.31,39.54,2.6));
#5343 = VECTOR('',#5344,1.);
#5344 = DIRECTION('',(-1.,4.191942285976E-16,4.191942285976E-16));
#5345 = PCURVE('',#3100,#5346);
#5346 = DEFINITIONAL_REPRESENTATION('',(#5347),#5351);
#5347 = LINE('',#5348,#5349);
#5348 = CARTESIAN_POINT('',(3.040559159102,1.750178495831E-15));
#5349 = VECTOR('',#5350,1.);
#5350 = DIRECTION('',(0.,1.));
#5351 = ( GEOMETRIC_REPRESENTATION_CONTEXT(2) 
PARAMETRIC_REPRESENTATION_CONTEXT() REPRESENTATION_CONTEXT('2D SPACE',''
  ) );
#5352 = PCURVE('',#5320,#5353);
#5353 = DEFINITIONAL_REPRESENTATION('',(#5354),#5358);
#5354 = LINE('',#5355,#5356);
#5355 = CARTESIAN_POINT('',(8.04444460394E-43,3.552713678801E-15));
#5356 = VECTOR('',#5357,1.);
#5357 = DIRECTION('',(-4.191942285974E-16,1.));
#5358 = ( GEOMETRIC_REPRESENTATION_CONTEXT(2) 
PARAMETRIC_REPRESENTATION_CONTEXT() REPRESENTATION_CONTEXT('2D SPACE',''
  ) );
#5359 = ORIENTED_EDGE('',*,*,#5360,.F.);
#5360 = EDGE_CURVE('',#3171,#5338,#5361,.T.);
#5361 = SURFACE_CURVE('',#5362,(#5366,#5373),.PCURVE_S1.);
#5362 = LINE('',#5363,#5364);
#5363 = CARTESIAN_POINT('',(-37.94,41.69,4.75));
#5364 = VECTOR('',#5365,1.);
#5365 = DIRECTION('',(-5.928301633513E-16,-0.707106781187,
    -0.707106781187));
#5366 = PCURVE('',#3100,#5367);
#5367 = DEFINITIONAL_REPRESENTATION('',(#5368),#5372);
#5368 = LINE('',#5369,#5370);
#5369 = CARTESIAN_POINT('',(1.582978592282E-15,37.63));
#5370 = VECTOR('',#5371,1.);
#5371 = DIRECTION('',(1.,0.));
#5372 = ( GEOMETRIC_REPRESENTATION_CONTEXT(2) 
PARAMETRIC_REPRESENTATION_CONTEXT() REPRESENTATION_CONTEXT('2D SPACE',''
  ) );
#5373 = PCURVE('',#4276,#5374);
#5374 = DEFINITIONAL_REPRESENTATION('',(#5375),#5379);
#5375 = LINE('',#5376,#5377);
#5376 = CARTESIAN_POINT('',(0.,0.));
#5377 = VECTOR('',#5378,1.);
#5378 = DIRECTION('',(-0.,-1.));
#5379 = ( GEOMETRIC_REPRESENTATION_CONTEXT(2) 
PARAMETRIC_REPRESENTATION_CONTEXT() REPRESENTATION_CONTEXT('2D SPACE',''
  ) );
#5380 = ADVANCED_FACE('',(#5381),#3129,.T.);
#5381 = FACE_BOUND('',#5382,.T.);
#5382 = EDGE_LOOP('',(#5383,#5384,#5385,#5411));
#5383 = ORIENTED_EDGE('',*,*,#3115,.F.);
#5384 = ORIENTED_EDGE('',*,*,#4030,.F.);
#5385 = ORIENTED_EDGE('',*,*,#5386,.T.);
#5386 = EDGE_CURVE('',#4002,#3220,#5387,.T.);
#5387 = SURFACE_CURVE('',#5388,(#5392,#5399),.PCURVE_S1.);
#5388 = LINE('',#5389,#5390);
#5389 = CARTESIAN_POINT('',(41.69,39.54,2.6));
#5390 = VECTOR('',#5391,1.);
#5391 = DIRECTION('',(-1.,4.191942285976E-16,4.191942285976E-16));
#5392 = PCURVE('',#3129,#5393);
#5393 = DEFINITIONAL_REPRESENTATION('',(#5394),#5398);
#5394 = LINE('',#5395,#5396);
#5395 = CARTESIAN_POINT('',(3.040559159102,-1.80253518297E-15));
#5396 = VECTOR('',#5397,1.);
#5397 = DIRECTION('',(0.,1.));
#5398 = ( GEOMETRIC_REPRESENTATION_CONTEXT(2) 
PARAMETRIC_REPRESENTATION_CONTEXT() REPRESENTATION_CONTEXT('2D SPACE',''
  ) );
#5399 = PCURVE('',#5400,#5405);
#5400 = PLANE('',#5401);
#5401 = AXIS2_PLACEMENT_3D('',#5402,#5403,#5404);
#5402 = CARTESIAN_POINT('',(41.69,39.54,2.6));
#5403 = DIRECTION('',(0.,1.,2.264309857544E-28));
#5404 = DIRECTION('',(-2.264309857544E-28,2.264309857544E-28,-1.));
#5405 = DEFINITIONAL_REPRESENTATION('',(#5406),#5410);
#5406 = LINE('',#5407,#5408);
#5407 = CARTESIAN_POINT('',(0.,0.));
#5408 = VECTOR('',#5409,1.);
#5409 = DIRECTION('',(-4.191942285974E-16,1.));
#5410 = ( GEOMETRIC_REPRESENTATION_CONTEXT(2) 
PARAMETRIC_REPRESENTATION_CONTEXT() REPRESENTATION_CONTEXT('2D SPACE',''
  ) );
#5411 = ORIENTED_EDGE('',*,*,#3219,.F.);
#5412 = ADVANCED_FACE('',(#5413),#3158,.T.);
#5413 = FACE_BOUND('',#5414,.T.);
#5414 = EDGE_LOOP('',(#5415,#5416,#5417,#5468));
#5415 = ORIENTED_EDGE('',*,*,#3934,.T.);
#5416 = ORIENTED_EDGE('',*,*,#3142,.T.);
#5417 = ORIENTED_EDGE('',*,*,#5418,.F.);
#5418 = EDGE_CURVE('',#5419,#3143,#5421,.T.);
#5419 = VERTEX_POINT('',#5420);
#5420 = CARTESIAN_POINT('',(-37.94,41.519289321881,25.824289321881));
#5421 = SURFACE_CURVE('',#5422,(#5427,#5434),.PCURVE_S1.);
#5422 = CIRCLE('',#5423,0.1);
#5423 = AXIS2_PLACEMENT_3D('',#5424,#5425,#5426);
#5424 = CARTESIAN_POINT('',(-37.94,41.59,25.753578643763));
#5425 = DIRECTION('',(-1.,9.743057409101E-16,9.743057409101E-16));
#5426 = DIRECTION('',(0.,-0.707106781187,0.707106781187));
#5427 = PCURVE('',#3158,#5428);
#5428 = DEFINITIONAL_REPRESENTATION('',(#5429),#5433);
#5429 = LINE('',#5430,#5431);
#5430 = CARTESIAN_POINT('',(0.,75.88));
#5431 = VECTOR('',#5432,1.);
#5432 = DIRECTION('',(1.,0.));
#5433 = ( GEOMETRIC_REPRESENTATION_CONTEXT(2) 
PARAMETRIC_REPRESENTATION_CONTEXT() REPRESENTATION_CONTEXT('2D SPACE',''
  ) );
#5434 = PCURVE('',#4312,#5435);
#5435 = DEFINITIONAL_REPRESENTATION('',(#5436),#5467);
#5436 = B_SPLINE_CURVE_WITH_KNOTS('',8,(#5437,#5438,#5439,#5440,#5441,
    #5442,#5443,#5444,#5445,#5446,#5447,#5448,#5449,#5450,#5451,#5452,
    #5453,#5454,#5455,#5456,#5457,#5458,#5459,#5460,#5461,#5462,#5463,
    #5464,#5465,#5466),.UNSPECIFIED.,.F.,.F.,(9,7,7,7,9),(0.,
    0.589048622548,1.178097245096,1.767145867644,2.356194490192),
  .UNSPECIFIED.);
#5437 = CARTESIAN_POINT('',(0.,163.54097245096));
#5438 = CARTESIAN_POINT('',(0.184087089946,163.54097245096));
#5439 = CARTESIAN_POINT('',(0.36816647845,163.54097245096));
#5440 = CARTESIAN_POINT('',(0.552244538413,163.54097245096));
#5441 = CARTESIAN_POINT('',(0.736318800403,163.54097245096));
#5442 = CARTESIAN_POINT('',(0.920393405027,163.54097245096));
#5443 = CARTESIAN_POINT('',(1.1044713499,163.54097245096));
#5444 = CARTESIAN_POINT('',(1.288547048472,163.54097245096));
#5445 = CARTESIAN_POINT('',(1.65669838765,163.54097245096));
#5446 = CARTESIAN_POINT('',(1.84077431029,163.54097245096));
#5447 = CARTESIAN_POINT('',(2.02486103692,163.54097245096));
#5448 = CARTESIAN_POINT('',(2.208925916493,163.54097245095));
#5449 = CARTESIAN_POINT('',(2.393013418395,163.54097245096));
#5450 = CARTESIAN_POINT('',(2.577086915918,163.54097245096));
#5451 = CARTESIAN_POINT('',(2.761165415527,163.54097245096));
#5452 = CARTESIAN_POINT('',(3.129320809954,163.54097245096));
#5453 = CARTESIAN_POINT('',(3.313399309562,163.54097245096));
#5454 = CARTESIAN_POINT('',(3.497472807088,163.54097245096));
#5455 = CARTESIAN_POINT('',(3.681560308983,163.54097245096));
#5456 = CARTESIAN_POINT('',(3.865625188566,163.54097245096));
#5457 = CARTESIAN_POINT('',(4.049711915189,163.54097245096));
#5458 = CARTESIAN_POINT('',(4.23378783783,163.54097245096));
#5459 = CARTESIAN_POINT('',(4.601939177011,163.54097245096));
#5460 = CARTESIAN_POINT('',(4.786014875584,163.54097245096));
#5461 = CARTESIAN_POINT('',(4.970092820454,163.54097245094));
#5462 = CARTESIAN_POINT('',(5.154167425079,163.54097245097));
#5463 = CARTESIAN_POINT('',(5.338241687069,163.54097245095));
#5464 = CARTESIAN_POINT('',(5.522319747034,163.54097245096));
#5465 = CARTESIAN_POINT('',(5.706399135535,163.54097245096));
#5466 = CARTESIAN_POINT('',(5.890486225481,163.54097245096));
#5467 = ( GEOMETRIC_REPRESENTATION_CONTEXT(2) 
PARAMETRIC_REPRESENTATION_CONTEXT() REPRESENTATION_CONTEXT('2D SPACE',''
  ) );
#5468 = ORIENTED_EDGE('',*,*,#5469,.F.);
#5469 = EDGE_CURVE('',#3935,#5419,#5470,.T.);
#5470 = SURFACE_CURVE('',#5471,(#5475,#5482),.PCURVE_S1.);
#5471 = LINE('',#5472,#5473);
#5472 = CARTESIAN_POINT('',(37.94,41.519289321881,25.824289321881));
#5473 = VECTOR('',#5474,1.);
#5474 = DIRECTION('',(-1.,9.743057409101E-16,9.743057409101E-16));
#5475 = PCURVE('',#3158,#5476);
#5476 = DEFINITIONAL_REPRESENTATION('',(#5477),#5481);
#5477 = LINE('',#5478,#5479);
#5478 = CARTESIAN_POINT('',(0.,0.));
#5479 = VECTOR('',#5480,1.);
#5480 = DIRECTION('',(0.,1.));
#5481 = ( GEOMETRIC_REPRESENTATION_CONTEXT(2) 
PARAMETRIC_REPRESENTATION_CONTEXT() REPRESENTATION_CONTEXT('2D SPACE',''
  ) );
#5482 = PCURVE('',#5483,#5488);
#5483 = PLANE('',#5484);
#5484 = AXIS2_PLACEMENT_3D('',#5485,#5486,#5487);
#5485 = CARTESIAN_POINT('',(41.69,41.69,25.995));
#5486 = DIRECTION('',(0.,0.707106781187,-0.707106781187));
#5487 = DIRECTION('',(-1.377876392693E-15,-0.707106781187,
    -0.707106781187));
#5488 = DEFINITIONAL_REPRESENTATION('',(#5489),#5493);
#5489 = LINE('',#5490,#5491);
#5490 = CARTESIAN_POINT('',(0.241421356237,3.75));
#5491 = VECTOR('',#5492,1.);
#5492 = DIRECTION('',(1.972152263053E-31,1.));
#5493 = ( GEOMETRIC_REPRESENTATION_CONTEXT(2) 
PARAMETRIC_REPRESENTATION_CONTEXT() REPRESENTATION_CONTEXT('2D SPACE',''
  ) );
#5494 = ADVANCED_FACE('',(#5495),#3259,.T.);
#5495 = FACE_BOUND('',#5496,.T.);
#5496 = EDGE_LOOP('',(#5497,#5498,#5521,#5550));
#5497 = ORIENTED_EDGE('',*,*,#3242,.F.);
#5498 = ORIENTED_EDGE('',*,*,#5499,.T.);
#5499 = EDGE_CURVE('',#3220,#5500,#5502,.T.);
#5500 = VERTEX_POINT('',#5501);
#5501 = CARTESIAN_POINT('',(4.06,39.54,0.8));
#5502 = SURFACE_CURVE('',#5503,(#5507,#5514),.PCURVE_S1.);
#5503 = LINE('',#5504,#5505);
#5504 = CARTESIAN_POINT('',(4.06,39.54,2.6));
#5505 = VECTOR('',#5506,1.);
#5506 = DIRECTION('',(-2.264309857544E-28,2.264309857544E-28,-1.));
#5507 = PCURVE('',#3259,#5508);
#5508 = DEFINITIONAL_REPRESENTATION('',(#5509),#5513);
#5509 = LINE('',#5510,#5511);
#5510 = CARTESIAN_POINT('',(0.,0.));
#5511 = VECTOR('',#5512,1.);
#5512 = DIRECTION('',(-0.,-1.));
#5513 = ( GEOMETRIC_REPRESENTATION_CONTEXT(2) 
PARAMETRIC_REPRESENTATION_CONTEXT() REPRESENTATION_CONTEXT('2D SPACE',''
  ) );
#5514 = PCURVE('',#5400,#5515);
#5515 = DEFINITIONAL_REPRESENTATION('',(#5516),#5520);
#5516 = LINE('',#5517,#5518);
#5517 = CARTESIAN_POINT('',(8.520597993939E-27,37.63));
#5518 = VECTOR('',#5519,1.);
#5519 = DIRECTION('',(1.,0.));
#5520 = ( GEOMETRIC_REPRESENTATION_CONTEXT(2) 
PARAMETRIC_REPRESENTATION_CONTEXT() REPRESENTATION_CONTEXT('2D SPACE',''
  ) );
#5521 = ORIENTED_EDGE('',*,*,#5522,.T.);
#5522 = EDGE_CURVE('',#5500,#5523,#5525,.T.);
#5523 = VERTEX_POINT('',#5524);
#5524 = CARTESIAN_POINT('',(2.46,37.94,0.8));
#5525 = SURFACE_CURVE('',#5526,(#5531,#5538),.PCURVE_S1.);
#5526 = CIRCLE('',#5527,1.6);
#5527 = AXIS2_PLACEMENT_3D('',#5528,#5529,#5530);
#5528 = CARTESIAN_POINT('',(4.06,37.94,0.8));
#5529 = DIRECTION('',(0.,-0.,1.));
#5530 = DIRECTION('',(2.22044604925E-15,1.,0.));
#5531 = PCURVE('',#3259,#5532);
#5532 = DEFINITIONAL_REPRESENTATION('',(#5533),#5537);
#5533 = LINE('',#5534,#5535);
#5534 = CARTESIAN_POINT('',(0.,-1.8));
#5535 = VECTOR('',#5536,1.);
#5536 = DIRECTION('',(1.,0.));
#5537 = ( GEOMETRIC_REPRESENTATION_CONTEXT(2) 
PARAMETRIC_REPRESENTATION_CONTEXT() REPRESENTATION_CONTEXT('2D SPACE',''
  ) );
#5538 = PCURVE('',#5539,#5544);
#5539 = CONICAL_SURFACE('',#5540,1.6,0.785398163397);
#5540 = AXIS2_PLACEMENT_3D('',#5541,#5542,#5543);
#5541 = CARTESIAN_POINT('',(4.06,37.94,0.8));
#5542 = DIRECTION('',(0.,-0.,1.));
#5543 = DIRECTION('',(2.22044604925E-15,1.,0.));
#5544 = DEFINITIONAL_REPRESENTATION('',(#5545),#5549);
#5545 = LINE('',#5546,#5547);
#5546 = CARTESIAN_POINT('',(0.,-0.));
#5547 = VECTOR('',#5548,1.);
#5548 = DIRECTION('',(1.,0.));
#5549 = ( GEOMETRIC_REPRESENTATION_CONTEXT(2) 
PARAMETRIC_REPRESENTATION_CONTEXT() REPRESENTATION_CONTEXT('2D SPACE',''
  ) );
#5550 = ORIENTED_EDGE('',*,*,#5551,.T.);
#5551 = EDGE_CURVE('',#5523,#3243,#5552,.T.);
#5552 = SURFACE_CURVE('',#5553,(#5557,#5564),.PCURVE_S1.);
#5553 = LINE('',#5554,#5555);
#5554 = CARTESIAN_POINT('',(2.46,37.94,2.6));
#5555 = VECTOR('',#5556,1.);
#5556 = DIRECTION('',(0.,-0.,1.));
#5557 = PCURVE('',#3259,#5558);
#5558 = DEFINITIONAL_REPRESENTATION('',(#5559),#5563);
#5559 = LINE('',#5560,#5561);
#5560 = CARTESIAN_POINT('',(1.570796326795,0.));
#5561 = VECTOR('',#5562,1.);
#5562 = DIRECTION('',(0.,1.));
#5563 = ( GEOMETRIC_REPRESENTATION_CONTEXT(2) 
PARAMETRIC_REPRESENTATION_CONTEXT() REPRESENTATION_CONTEXT('2D SPACE',''
  ) );
#5564 = PCURVE('',#3313,#5565);
#5565 = DEFINITIONAL_REPRESENTATION('',(#5566),#5570);
#5566 = LINE('',#5567,#5568);
#5567 = CARTESIAN_POINT('',(8.491161965791E-28,3.75));
#5568 = VECTOR('',#5569,1.);
#5569 = DIRECTION('',(-1.,2.264309857544E-28));
#5570 = ( GEOMETRIC_REPRESENTATION_CONTEXT(2) 
PARAMETRIC_REPRESENTATION_CONTEXT() REPRESENTATION_CONTEXT('2D SPACE',''
  ) );
#5571 = ADVANCED_FACE('',(#5572),#3313,.T.);
#5572 = FACE_BOUND('',#5573,.T.);
#5573 = EDGE_LOOP('',(#5574,#5575,#5576,#5604));
#5574 = ORIENTED_EDGE('',*,*,#3297,.F.);
#5575 = ORIENTED_EDGE('',*,*,#5551,.F.);
#5576 = ORIENTED_EDGE('',*,*,#5577,.T.);
#5577 = EDGE_CURVE('',#5523,#5578,#5580,.T.);
#5578 = VERTEX_POINT('',#5579);
#5579 = CARTESIAN_POINT('',(2.46,4.06,0.8));
#5580 = SURFACE_CURVE('',#5581,(#5585,#5592),.PCURVE_S1.);
#5581 = LINE('',#5582,#5583);
#5582 = CARTESIAN_POINT('',(2.46,41.69,0.8));
#5583 = VECTOR('',#5584,1.);
#5584 = DIRECTION('',(5.127099130972E-56,-1.,2.264309857544E-28));
#5585 = PCURVE('',#3313,#5586);
#5586 = DEFINITIONAL_REPRESENTATION('',(#5587),#5591);
#5587 = LINE('',#5588,#5589);
#5588 = CARTESIAN_POINT('',(1.8,-4.075757743579E-28));
#5589 = VECTOR('',#5590,1.);
#5590 = DIRECTION('',(0.,1.));
#5591 = ( GEOMETRIC_REPRESENTATION_CONTEXT(2) 
PARAMETRIC_REPRESENTATION_CONTEXT() REPRESENTATION_CONTEXT('2D SPACE',''
  ) );
#5592 = PCURVE('',#5593,#5598);
#5593 = PLANE('',#5594);
#5594 = AXIS2_PLACEMENT_3D('',#5595,#5596,#5597);
#5595 = CARTESIAN_POINT('',(2.46,41.69,0.8));
#5596 = DIRECTION('',(-0.707106781187,-0.,-0.707106781187));
#5597 = DIRECTION('',(0.707106781187,-5.928301633513E-16,-0.707106781187
    ));
#5598 = DEFINITIONAL_REPRESENTATION('',(#5599),#5603);
#5599 = LINE('',#5600,#5601);
#5600 = CARTESIAN_POINT('',(0.,0.));
#5601 = VECTOR('',#5602,1.);
#5602 = DIRECTION('',(5.928301633511E-16,1.));
#5603 = ( GEOMETRIC_REPRESENTATION_CONTEXT(2) 
PARAMETRIC_REPRESENTATION_CONTEXT() REPRESENTATION_CONTEXT('2D SPACE',''
  ) );
#5604 = ORIENTED_EDGE('',*,*,#5605,.F.);
#5605 = EDGE_CURVE('',#3298,#5578,#5606,.T.);
#5606 = SURFACE_CURVE('',#5607,(#5611,#5618),.PCURVE_S1.);
#5607 = LINE('',#5608,#5609);
#5608 = CARTESIAN_POINT('',(2.46,4.06,2.6));
#5609 = VECTOR('',#5610,1.);
#5610 = DIRECTION('',(-2.264309857544E-28,-2.264309857544E-28,-1.));
#5611 = PCURVE('',#3313,#5612);
#5612 = DEFINITIONAL_REPRESENTATION('',(#5613),#5617);
#5613 = LINE('',#5614,#5615);
#5614 = CARTESIAN_POINT('',(8.520597993939E-27,37.63));
#5615 = VECTOR('',#5616,1.);
#5616 = DIRECTION('',(1.,0.));
#5617 = ( GEOMETRIC_REPRESENTATION_CONTEXT(2) 
PARAMETRIC_REPRESENTATION_CONTEXT() REPRESENTATION_CONTEXT('2D SPACE',''
  ) );
#5618 = PCURVE('',#3368,#5619);
#5619 = DEFINITIONAL_REPRESENTATION('',(#5620),#5624);
#5620 = LINE('',#5621,#5622);
#5621 = CARTESIAN_POINT('',(0.,0.));
#5622 = VECTOR('',#5623,1.);
#5623 = DIRECTION('',(-0.,-1.));
#5624 = ( GEOMETRIC_REPRESENTATION_CONTEXT(2) 
PARAMETRIC_REPRESENTATION_CONTEXT() REPRESENTATION_CONTEXT('2D SPACE',''
  ) );
#5625 = ADVANCED_FACE('',(#5626),#3368,.T.);
#5626 = FACE_BOUND('',#5627,.T.);
#5627 = EDGE_LOOP('',(#5628,#5629,#5630,#5659));
#5628 = ORIENTED_EDGE('',*,*,#3351,.F.);
#5629 = ORIENTED_EDGE('',*,*,#5605,.T.);
#5630 = ORIENTED_EDGE('',*,*,#5631,.T.);
#5631 = EDGE_CURVE('',#5578,#5632,#5634,.T.);
#5632 = VERTEX_POINT('',#5633);
#5633 = CARTESIAN_POINT('',(4.06,2.46,0.8));
#5634 = SURFACE_CURVE('',#5635,(#5640,#5647),.PCURVE_S1.);
#5635 = CIRCLE('',#5636,1.6);
#5636 = AXIS2_PLACEMENT_3D('',#5637,#5638,#5639);
#5637 = CARTESIAN_POINT('',(4.06,4.06,0.8));
#5638 = DIRECTION('',(0.,0.,1.));
#5639 = DIRECTION('',(-1.,2.22044604925E-15,0.));
#5640 = PCURVE('',#3368,#5641);
#5641 = DEFINITIONAL_REPRESENTATION('',(#5642),#5646);
#5642 = LINE('',#5643,#5644);
#5643 = CARTESIAN_POINT('',(0.,-1.8));
#5644 = VECTOR('',#5645,1.);
#5645 = DIRECTION('',(1.,0.));
#5646 = ( GEOMETRIC_REPRESENTATION_CONTEXT(2) 
PARAMETRIC_REPRESENTATION_CONTEXT() REPRESENTATION_CONTEXT('2D SPACE',''
  ) );
#5647 = PCURVE('',#5648,#5653);
#5648 = CONICAL_SURFACE('',#5649,1.6,0.785398163397);
#5649 = AXIS2_PLACEMENT_3D('',#5650,#5651,#5652);
#5650 = CARTESIAN_POINT('',(4.06,4.06,0.8));
#5651 = DIRECTION('',(0.,0.,1.));
#5652 = DIRECTION('',(-1.,2.22044604925E-15,0.));
#5653 = DEFINITIONAL_REPRESENTATION('',(#5654),#5658);
#5654 = LINE('',#5655,#5656);
#5655 = CARTESIAN_POINT('',(0.,-0.));
#5656 = VECTOR('',#5657,1.);
#5657 = DIRECTION('',(1.,0.));
#5658 = ( GEOMETRIC_REPRESENTATION_CONTEXT(2) 
PARAMETRIC_REPRESENTATION_CONTEXT() REPRESENTATION_CONTEXT('2D SPACE',''
  ) );
#5659 = ORIENTED_EDGE('',*,*,#5660,.T.);
#5660 = EDGE_CURVE('',#5632,#3352,#5661,.T.);
#5661 = SURFACE_CURVE('',#5662,(#5666,#5673),.PCURVE_S1.);
#5662 = LINE('',#5663,#5664);
#5663 = CARTESIAN_POINT('',(4.06,2.46,2.6));
#5664 = VECTOR('',#5665,1.);
#5665 = DIRECTION('',(0.,0.,1.));
#5666 = PCURVE('',#3368,#5667);
#5667 = DEFINITIONAL_REPRESENTATION('',(#5668),#5672);
#5668 = LINE('',#5669,#5670);
#5669 = CARTESIAN_POINT('',(1.570796326795,0.));
#5670 = VECTOR('',#5671,1.);
#5671 = DIRECTION('',(0.,1.));
#5672 = ( GEOMETRIC_REPRESENTATION_CONTEXT(2) 
PARAMETRIC_REPRESENTATION_CONTEXT() REPRESENTATION_CONTEXT('2D SPACE',''
  ) );
#5673 = PCURVE('',#3422,#5674);
#5674 = DEFINITIONAL_REPRESENTATION('',(#5675),#5679);
#5675 = LINE('',#5676,#5677);
#5676 = CARTESIAN_POINT('',(8.491161965791E-28,3.75));
#5677 = VECTOR('',#5678,1.);
#5678 = DIRECTION('',(-1.,2.264309857544E-28));
#5679 = ( GEOMETRIC_REPRESENTATION_CONTEXT(2) 
PARAMETRIC_REPRESENTATION_CONTEXT() REPRESENTATION_CONTEXT('2D SPACE',''
  ) );
#5680 = ADVANCED_FACE('',(#5681),#3422,.T.);
#5681 = FACE_BOUND('',#5682,.T.);
#5682 = EDGE_LOOP('',(#5683,#5684,#5685,#5713));
#5683 = ORIENTED_EDGE('',*,*,#3406,.F.);
#5684 = ORIENTED_EDGE('',*,*,#5660,.F.);
#5685 = ORIENTED_EDGE('',*,*,#5686,.T.);
#5686 = EDGE_CURVE('',#5632,#5687,#5689,.T.);
#5687 = VERTEX_POINT('',#5688);
#5688 = CARTESIAN_POINT('',(37.94,2.46,0.8));
#5689 = SURFACE_CURVE('',#5690,(#5694,#5701),.PCURVE_S1.);
#5690 = LINE('',#5691,#5692);
#5691 = CARTESIAN_POINT('',(0.31,2.46,0.8));
#5692 = VECTOR('',#5693,1.);
#5693 = DIRECTION('',(1.,5.127099130972E-56,2.264309857544E-28));
#5694 = PCURVE('',#3422,#5695);
#5695 = DEFINITIONAL_REPRESENTATION('',(#5696),#5700);
#5696 = LINE('',#5697,#5698);
#5697 = CARTESIAN_POINT('',(1.8,-4.075757743579E-28));
#5698 = VECTOR('',#5699,1.);
#5699 = DIRECTION('',(0.,1.));
#5700 = ( GEOMETRIC_REPRESENTATION_CONTEXT(2) 
PARAMETRIC_REPRESENTATION_CONTEXT() REPRESENTATION_CONTEXT('2D SPACE',''
  ) );
#5701 = PCURVE('',#5702,#5707);
#5702 = PLANE('',#5703);
#5703 = AXIS2_PLACEMENT_3D('',#5704,#5705,#5706);
#5704 = CARTESIAN_POINT('',(0.31,2.46,0.8));
#5705 = DIRECTION('',(0.,-0.707106781187,-0.707106781187));
#5706 = DIRECTION('',(5.928301633513E-16,0.707106781187,-0.707106781187)
  );
#5707 = DEFINITIONAL_REPRESENTATION('',(#5708),#5712);
#5708 = LINE('',#5709,#5710);
#5709 = CARTESIAN_POINT('',(0.,0.));
#5710 = VECTOR('',#5711,1.);
#5711 = DIRECTION('',(5.928301633511E-16,1.));
#5712 = ( GEOMETRIC_REPRESENTATION_CONTEXT(2) 
PARAMETRIC_REPRESENTATION_CONTEXT() REPRESENTATION_CONTEXT('2D SPACE',''
  ) );
#5713 = ORIENTED_EDGE('',*,*,#5714,.T.);
#5714 = EDGE_CURVE('',#5687,#3407,#5715,.T.);
#5715 = SURFACE_CURVE('',#5716,(#5720,#5727),.PCURVE_S1.);
#5716 = LINE('',#5717,#5718);
#5717 = CARTESIAN_POINT('',(37.94,2.46,2.6));
#5718 = VECTOR('',#5719,1.);
#5719 = DIRECTION('',(-0.,0.,1.));
#5720 = PCURVE('',#3422,#5721);
#5721 = DEFINITIONAL_REPRESENTATION('',(#5722),#5726);
#5722 = LINE('',#5723,#5724);
#5723 = CARTESIAN_POINT('',(8.520597993939E-27,37.63));
#5724 = VECTOR('',#5725,1.);
#5725 = DIRECTION('',(-1.,2.264309857544E-28));
#5726 = ( GEOMETRIC_REPRESENTATION_CONTEXT(2) 
PARAMETRIC_REPRESENTATION_CONTEXT() REPRESENTATION_CONTEXT('2D SPACE',''
  ) );
#5727 = PCURVE('',#3475,#5728);
#5728 = DEFINITIONAL_REPRESENTATION('',(#5729),#5733);
#5729 = LINE('',#5730,#5731);
#5730 = CARTESIAN_POINT('',(0.,0.));
#5731 = VECTOR('',#5732,1.);
#5732 = DIRECTION('',(0.,1.));
#5733 = ( GEOMETRIC_REPRESENTATION_CONTEXT(2) 
PARAMETRIC_REPRESENTATION_CONTEXT() REPRESENTATION_CONTEXT('2D SPACE',''
  ) );
#5734 = ADVANCED_FACE('',(#5735),#3475,.T.);
#5735 = FACE_BOUND('',#5736,.T.);
#5736 = EDGE_LOOP('',(#5737,#5738,#5739,#5766));
#5737 = ORIENTED_EDGE('',*,*,#3460,.F.);
#5738 = ORIENTED_EDGE('',*,*,#5714,.F.);
#5739 = ORIENTED_EDGE('',*,*,#5740,.T.);
#5740 = EDGE_CURVE('',#5687,#4110,#5741,.T.);
#5741 = SURFACE_CURVE('',#5742,(#5747,#5754),.PCURVE_S1.);
#5742 = CIRCLE('',#5743,1.6);
#5743 = AXIS2_PLACEMENT_3D('',#5744,#5745,#5746);
#5744 = CARTESIAN_POINT('',(37.94,4.06,0.8));
#5745 = DIRECTION('',(0.,0.,1.));
#5746 = DIRECTION('',(-2.22044604925E-15,-1.,0.));
#5747 = PCURVE('',#3475,#5748);
#5748 = DEFINITIONAL_REPRESENTATION('',(#5749),#5753);
#5749 = LINE('',#5750,#5751);
#5750 = CARTESIAN_POINT('',(0.,-1.8));
#5751 = VECTOR('',#5752,1.);
#5752 = DIRECTION('',(1.,0.));
#5753 = ( GEOMETRIC_REPRESENTATION_CONTEXT(2) 
PARAMETRIC_REPRESENTATION_CONTEXT() REPRESENTATION_CONTEXT('2D SPACE',''
  ) );
#5754 = PCURVE('',#5755,#5760);
#5755 = CONICAL_SURFACE('',#5756,1.6,0.785398163397);
#5756 = AXIS2_PLACEMENT_3D('',#5757,#5758,#5759);
#5757 = CARTESIAN_POINT('',(37.94,4.06,0.8));
#5758 = DIRECTION('',(-0.,0.,1.));
#5759 = DIRECTION('',(-2.22044604925E-15,-1.,0.));
#5760 = DEFINITIONAL_REPRESENTATION('',(#5761),#5765);
#5761 = LINE('',#5762,#5763);
#5762 = CARTESIAN_POINT('',(0.,-0.));
#5763 = VECTOR('',#5764,1.);
#5764 = DIRECTION('',(1.,0.));
#5765 = ( GEOMETRIC_REPRESENTATION_CONTEXT(2) 
PARAMETRIC_REPRESENTATION_CONTEXT() REPRESENTATION_CONTEXT('2D SPACE',''
  ) );
#5766 = ORIENTED_EDGE('',*,*,#4109,.T.);
#5767 = ADVANCED_FACE('',(#5768),#3510,.T.);
#5768 = FACE_BOUND('',#5769,.T.);
#5769 = EDGE_LOOP('',(#5770,#5771,#5772,#5801));
#5770 = ORIENTED_EDGE('',*,*,#3493,.F.);
#5771 = ORIENTED_EDGE('',*,*,#4084,.T.);
#5772 = ORIENTED_EDGE('',*,*,#5773,.T.);
#5773 = EDGE_CURVE('',#4057,#5774,#5776,.T.);
#5774 = VERTEX_POINT('',#5775);
#5775 = CARTESIAN_POINT('',(37.94,-2.46,0.8));
#5776 = SURFACE_CURVE('',#5777,(#5782,#5789),.PCURVE_S1.);
#5777 = CIRCLE('',#5778,1.6);
#5778 = AXIS2_PLACEMENT_3D('',#5779,#5780,#5781);
#5779 = CARTESIAN_POINT('',(37.94,-4.06,0.8));
#5780 = DIRECTION('',(0.,-0.,1.));
#5781 = DIRECTION('',(1.,-2.22044604925E-15,-0.));
#5782 = PCURVE('',#3510,#5783);
#5783 = DEFINITIONAL_REPRESENTATION('',(#5784),#5788);
#5784 = LINE('',#5785,#5786);
#5785 = CARTESIAN_POINT('',(0.,-1.8));
#5786 = VECTOR('',#5787,1.);
#5787 = DIRECTION('',(1.,0.));
#5788 = ( GEOMETRIC_REPRESENTATION_CONTEXT(2) 
PARAMETRIC_REPRESENTATION_CONTEXT() REPRESENTATION_CONTEXT('2D SPACE',''
  ) );
#5789 = PCURVE('',#5790,#5795);
#5790 = CONICAL_SURFACE('',#5791,1.6,0.785398163397);
#5791 = AXIS2_PLACEMENT_3D('',#5792,#5793,#5794);
#5792 = CARTESIAN_POINT('',(37.94,-4.06,0.8));
#5793 = DIRECTION('',(0.,-0.,1.));
#5794 = DIRECTION('',(1.,-2.22044604925E-15,-0.));
#5795 = DEFINITIONAL_REPRESENTATION('',(#5796),#5800);
#5796 = LINE('',#5797,#5798);
#5797 = CARTESIAN_POINT('',(0.,-0.));
#5798 = VECTOR('',#5799,1.);
#5799 = DIRECTION('',(1.,0.));
#5800 = ( GEOMETRIC_REPRESENTATION_CONTEXT(2) 
PARAMETRIC_REPRESENTATION_CONTEXT() REPRESENTATION_CONTEXT('2D SPACE',''
  ) );
#5801 = ORIENTED_EDGE('',*,*,#5802,.T.);
#5802 = EDGE_CURVE('',#5774,#3494,#5803,.T.);
#5803 = SURFACE_CURVE('',#5804,(#5808,#5815),.PCURVE_S1.);
#5804 = LINE('',#5805,#5806);
#5805 = CARTESIAN_POINT('',(37.94,-2.46,2.6));
#5806 = VECTOR('',#5807,1.);
#5807 = DIRECTION('',(0.,-0.,1.));
#5808 = PCURVE('',#3510,#5809);
#5809 = DEFINITIONAL_REPRESENTATION('',(#5810),#5814);
#5810 = LINE('',#5811,#5812);
#5811 = CARTESIAN_POINT('',(1.570796326795,0.));
#5812 = VECTOR('',#5813,1.);
#5813 = DIRECTION('',(0.,1.));
#5814 = ( GEOMETRIC_REPRESENTATION_CONTEXT(2) 
PARAMETRIC_REPRESENTATION_CONTEXT() REPRESENTATION_CONTEXT('2D SPACE',''
  ) );
#5815 = PCURVE('',#3564,#5816);
#5816 = DEFINITIONAL_REPRESENTATION('',(#5817),#5821);
#5817 = LINE('',#5818,#5819);
#5818 = CARTESIAN_POINT('',(8.491161965791E-28,3.75));
#5819 = VECTOR('',#5820,1.);
#5820 = DIRECTION('',(-1.,2.264309857544E-28));
#5821 = ( GEOMETRIC_REPRESENTATION_CONTEXT(2) 
PARAMETRIC_REPRESENTATION_CONTEXT() REPRESENTATION_CONTEXT('2D SPACE',''
  ) );
#5822 = ADVANCED_FACE('',(#5823),#3564,.T.);
#5823 = FACE_BOUND('',#5824,.T.);
#5824 = EDGE_LOOP('',(#5825,#5826,#5827,#5855));
#5825 = ORIENTED_EDGE('',*,*,#3548,.F.);
#5826 = ORIENTED_EDGE('',*,*,#5802,.F.);
#5827 = ORIENTED_EDGE('',*,*,#5828,.T.);
#5828 = EDGE_CURVE('',#5774,#5829,#5831,.T.);
#5829 = VERTEX_POINT('',#5830);
#5830 = CARTESIAN_POINT('',(4.06,-2.46,0.8));
#5831 = SURFACE_CURVE('',#5832,(#5836,#5843),.PCURVE_S1.);
#5832 = LINE('',#5833,#5834);
#5833 = CARTESIAN_POINT('',(41.69,-2.46,0.8));
#5834 = VECTOR('',#5835,1.);
#5835 = DIRECTION('',(-1.,-5.127099130972E-56,2.264309857544E-28));
#5836 = PCURVE('',#3564,#5837);
#5837 = DEFINITIONAL_REPRESENTATION('',(#5838),#5842);
#5838 = LINE('',#5839,#5840);
#5839 = CARTESIAN_POINT('',(1.8,-4.075757743579E-28));
#5840 = VECTOR('',#5841,1.);
#5841 = DIRECTION('',(0.,1.));
#5842 = ( GEOMETRIC_REPRESENTATION_CONTEXT(2) 
PARAMETRIC_REPRESENTATION_CONTEXT() REPRESENTATION_CONTEXT('2D SPACE',''
  ) );
#5843 = PCURVE('',#5844,#5849);
#5844 = PLANE('',#5845);
#5845 = AXIS2_PLACEMENT_3D('',#5846,#5847,#5848);
#5846 = CARTESIAN_POINT('',(41.69,-2.46,0.8));
#5847 = DIRECTION('',(0.,0.707106781187,-0.707106781187));
#5848 = DIRECTION('',(-5.928301633513E-16,-0.707106781187,
    -0.707106781187));
#5849 = DEFINITIONAL_REPRESENTATION('',(#5850),#5854);
#5850 = LINE('',#5851,#5852);
#5851 = CARTESIAN_POINT('',(-0.,0.));
#5852 = VECTOR('',#5853,1.);
#5853 = DIRECTION('',(5.928301633511E-16,1.));
#5854 = ( GEOMETRIC_REPRESENTATION_CONTEXT(2) 
PARAMETRIC_REPRESENTATION_CONTEXT() REPRESENTATION_CONTEXT('2D SPACE',''
  ) );
#5855 = ORIENTED_EDGE('',*,*,#5856,.F.);
#5856 = EDGE_CURVE('',#3549,#5829,#5857,.T.);
#5857 = SURFACE_CURVE('',#5858,(#5862,#5869),.PCURVE_S1.);
#5858 = LINE('',#5859,#5860);
#5859 = CARTESIAN_POINT('',(4.06,-2.46,2.6));
#5860 = VECTOR('',#5861,1.);
#5861 = DIRECTION('',(-2.264309857544E-28,2.264309857544E-28,-1.));
#5862 = PCURVE('',#3564,#5863);
#5863 = DEFINITIONAL_REPRESENTATION('',(#5864),#5868);
#5864 = LINE('',#5865,#5866);
#5865 = CARTESIAN_POINT('',(8.520597993939E-27,37.63));
#5866 = VECTOR('',#5867,1.);
#5867 = DIRECTION('',(1.,0.));
#5868 = ( GEOMETRIC_REPRESENTATION_CONTEXT(2) 
PARAMETRIC_REPRESENTATION_CONTEXT() REPRESENTATION_CONTEXT('2D SPACE',''
  ) );
#5869 = PCURVE('',#3619,#5870);
#5870 = DEFINITIONAL_REPRESENTATION('',(#5871),#5875);
#5871 = LINE('',#5872,#5873);
#5872 = CARTESIAN_POINT('',(0.,0.));
#5873 = VECTOR('',#5874,1.);
#5874 = DIRECTION('',(-0.,-1.));
#5875 = ( GEOMETRIC_REPRESENTATION_CONTEXT(2) 
PARAMETRIC_REPRESENTATION_CONTEXT() REPRESENTATION_CONTEXT('2D SPACE',''
  ) );
#5876 = ADVANCED_FACE('',(#5877),#3619,.T.);
#5877 = FACE_BOUND('',#5878,.T.);
#5878 = EDGE_LOOP('',(#5879,#5880,#5881,#5910));
#5879 = ORIENTED_EDGE('',*,*,#3602,.F.);
#5880 = ORIENTED_EDGE('',*,*,#5856,.T.);
#5881 = ORIENTED_EDGE('',*,*,#5882,.T.);
#5882 = EDGE_CURVE('',#5829,#5883,#5885,.T.);
#5883 = VERTEX_POINT('',#5884);
#5884 = CARTESIAN_POINT('',(2.46,-4.06,0.8));
#5885 = SURFACE_CURVE('',#5886,(#5891,#5898),.PCURVE_S1.);
#5886 = CIRCLE('',#5887,1.6);
#5887 = AXIS2_PLACEMENT_3D('',#5888,#5889,#5890);
#5888 = CARTESIAN_POINT('',(4.06,-4.06,0.8));
#5889 = DIRECTION('',(0.,-0.,1.));
#5890 = DIRECTION('',(2.22044604925E-15,1.,0.));
#5891 = PCURVE('',#3619,#5892);
#5892 = DEFINITIONAL_REPRESENTATION('',(#5893),#5897);
#5893 = LINE('',#5894,#5895);
#5894 = CARTESIAN_POINT('',(0.,-1.8));
#5895 = VECTOR('',#5896,1.);
#5896 = DIRECTION('',(1.,0.));
#5897 = ( GEOMETRIC_REPRESENTATION_CONTEXT(2) 
PARAMETRIC_REPRESENTATION_CONTEXT() REPRESENTATION_CONTEXT('2D SPACE',''
  ) );
#5898 = PCURVE('',#5899,#5904);
#5899 = CONICAL_SURFACE('',#5900,1.6,0.785398163397);
#5900 = AXIS2_PLACEMENT_3D('',#5901,#5902,#5903);
#5901 = CARTESIAN_POINT('',(4.06,-4.06,0.8));
#5902 = DIRECTION('',(0.,-0.,1.));
#5903 = DIRECTION('',(2.22044604925E-15,1.,0.));
#5904 = DEFINITIONAL_REPRESENTATION('',(#5905),#5909);
#5905 = LINE('',#5906,#5907);
#5906 = CARTESIAN_POINT('',(0.,-0.));
#5907 = VECTOR('',#5908,1.);
#5908 = DIRECTION('',(1.,0.));
#5909 = ( GEOMETRIC_REPRESENTATION_CONTEXT(2) 
PARAMETRIC_REPRESENTATION_CONTEXT() REPRESENTATION_CONTEXT('2D SPACE',''
  ) );
#5910 = ORIENTED_EDGE('',*,*,#5911,.T.);
#5911 = EDGE_CURVE('',#5883,#3603,#5912,.T.);
#5912 = SURFACE_CURVE('',#5913,(#5917,#5924),.PCURVE_S1.);
#5913 = LINE('',#5914,#5915);
#5914 = CARTESIAN_POINT('',(2.46,-4.06,2.6));
#5915 = VECTOR('',#5916,1.);
#5916 = DIRECTION('',(0.,-0.,1.));
#5917 = PCURVE('',#3619,#5918);
#5918 = DEFINITIONAL_REPRESENTATION('',(#5919),#5923);
#5919 = LINE('',#5920,#5921);
#5920 = CARTESIAN_POINT('',(1.570796326795,0.));
#5921 = VECTOR('',#5922,1.);
#5922 = DIRECTION('',(0.,1.));
#5923 = ( GEOMETRIC_REPRESENTATION_CONTEXT(2) 
PARAMETRIC_REPRESENTATION_CONTEXT() REPRESENTATION_CONTEXT('2D SPACE',''
  ) );
#5924 = PCURVE('',#3673,#5925);
#5925 = DEFINITIONAL_REPRESENTATION('',(#5926),#5930);
#5926 = LINE('',#5927,#5928);
#5927 = CARTESIAN_POINT('',(8.491161965791E-28,3.75));
#5928 = VECTOR('',#5929,1.);
#5929 = DIRECTION('',(-1.,2.264309857544E-28));
#5930 = ( GEOMETRIC_REPRESENTATION_CONTEXT(2) 
PARAMETRIC_REPRESENTATION_CONTEXT() REPRESENTATION_CONTEXT('2D SPACE',''
  ) );
#5931 = ADVANCED_FACE('',(#5932),#3673,.T.);
#5932 = FACE_BOUND('',#5933,.T.);
#5933 = EDGE_LOOP('',(#5934,#5935,#5936,#5964));
#5934 = ORIENTED_EDGE('',*,*,#3657,.F.);
#5935 = ORIENTED_EDGE('',*,*,#5911,.F.);
#5936 = ORIENTED_EDGE('',*,*,#5937,.T.);
#5937 = EDGE_CURVE('',#5883,#5938,#5940,.T.);
#5938 = VERTEX_POINT('',#5939);
#5939 = CARTESIAN_POINT('',(2.46,-37.94,0.8));
#5940 = SURFACE_CURVE('',#5941,(#5945,#5952),.PCURVE_S1.);
#5941 = LINE('',#5942,#5943);
#5942 = CARTESIAN_POINT('',(2.46,-0.31,0.8));
#5943 = VECTOR('',#5944,1.);
#5944 = DIRECTION('',(5.127099130972E-56,-1.,2.264309857544E-28));
#5945 = PCURVE('',#3673,#5946);
#5946 = DEFINITIONAL_REPRESENTATION('',(#5947),#5951);
#5947 = LINE('',#5948,#5949);
#5948 = CARTESIAN_POINT('',(1.8,-4.075757743579E-28));
#5949 = VECTOR('',#5950,1.);
#5950 = DIRECTION('',(0.,1.));
#5951 = ( GEOMETRIC_REPRESENTATION_CONTEXT(2) 
PARAMETRIC_REPRESENTATION_CONTEXT() REPRESENTATION_CONTEXT('2D SPACE',''
  ) );
#5952 = PCURVE('',#5953,#5958);
#5953 = PLANE('',#5954);
#5954 = AXIS2_PLACEMENT_3D('',#5955,#5956,#5957);
#5955 = CARTESIAN_POINT('',(2.46,-0.31,0.8));
#5956 = DIRECTION('',(-0.707106781187,-0.,-0.707106781187));
#5957 = DIRECTION('',(0.707106781187,-5.928301633513E-16,-0.707106781187
    ));
#5958 = DEFINITIONAL_REPRESENTATION('',(#5959),#5963);
#5959 = LINE('',#5960,#5961);
#5960 = CARTESIAN_POINT('',(0.,0.));
#5961 = VECTOR('',#5962,1.);
#5962 = DIRECTION('',(5.928301633511E-16,1.));
#5963 = ( GEOMETRIC_REPRESENTATION_CONTEXT(2) 
PARAMETRIC_REPRESENTATION_CONTEXT() REPRESENTATION_CONTEXT('2D SPACE',''
  ) );
#5964 = ORIENTED_EDGE('',*,*,#5965,.F.);
#5965 = EDGE_CURVE('',#3658,#5938,#5966,.T.);
#5966 = SURFACE_CURVE('',#5967,(#5971,#5978),.PCURVE_S1.);
#5967 = LINE('',#5968,#5969);
#5968 = CARTESIAN_POINT('',(2.46,-37.94,2.6));
#5969 = VECTOR('',#5970,1.);
#5970 = DIRECTION('',(-2.264309857544E-28,-2.264309857544E-28,-1.));
#5971 = PCURVE('',#3673,#5972);
#5972 = DEFINITIONAL_REPRESENTATION('',(#5973),#5977);
#5973 = LINE('',#5974,#5975);
#5974 = CARTESIAN_POINT('',(8.520597993939E-27,37.63));
#5975 = VECTOR('',#5976,1.);
#5976 = DIRECTION('',(1.,0.));
#5977 = ( GEOMETRIC_REPRESENTATION_CONTEXT(2) 
PARAMETRIC_REPRESENTATION_CONTEXT() REPRESENTATION_CONTEXT('2D SPACE',''
  ) );
#5978 = PCURVE('',#3726,#5979);
#5979 = DEFINITIONAL_REPRESENTATION('',(#5980),#5984);
#5980 = LINE('',#5981,#5982);
#5981 = CARTESIAN_POINT('',(0.,0.));
#5982 = VECTOR('',#5983,1.);
#5983 = DIRECTION('',(-0.,-1.));
#5984 = ( GEOMETRIC_REPRESENTATION_CONTEXT(2) 
PARAMETRIC_REPRESENTATION_CONTEXT() REPRESENTATION_CONTEXT('2D SPACE',''
  ) );
#5985 = ADVANCED_FACE('',(#5986),#3726,.T.);
#5986 = FACE_BOUND('',#5987,.T.);
#5987 = EDGE_LOOP('',(#5988,#5989,#5990,#6017));
#5988 = ORIENTED_EDGE('',*,*,#3711,.F.);
#5989 = ORIENTED_EDGE('',*,*,#5965,.T.);
#5990 = ORIENTED_EDGE('',*,*,#5991,.T.);
#5991 = EDGE_CURVE('',#5938,#3744,#5992,.T.);
#5992 = SURFACE_CURVE('',#5993,(#5998,#6005),.PCURVE_S1.);
#5993 = CIRCLE('',#5994,1.6);
#5994 = AXIS2_PLACEMENT_3D('',#5995,#5996,#5997);
#5995 = CARTESIAN_POINT('',(4.06,-37.94,0.8));
#5996 = DIRECTION('',(0.,0.,1.));
#5997 = DIRECTION('',(-1.,2.22044604925E-15,0.));
#5998 = PCURVE('',#3726,#5999);
#5999 = DEFINITIONAL_REPRESENTATION('',(#6000),#6004);
#6000 = LINE('',#6001,#6002);
#6001 = CARTESIAN_POINT('',(0.,-1.8));
#6002 = VECTOR('',#6003,1.);
#6003 = DIRECTION('',(1.,0.));
#6004 = ( GEOMETRIC_REPRESENTATION_CONTEXT(2) 
PARAMETRIC_REPRESENTATION_CONTEXT() REPRESENTATION_CONTEXT('2D SPACE',''
  ) );
#6005 = PCURVE('',#6006,#6011);
#6006 = CONICAL_SURFACE('',#6007,1.6,0.785398163397);
#6007 = AXIS2_PLACEMENT_3D('',#6008,#6009,#6010);
#6008 = CARTESIAN_POINT('',(4.06,-37.94,0.8));
#6009 = DIRECTION('',(0.,0.,1.));
#6010 = DIRECTION('',(-1.,2.22044604925E-15,0.));
#6011 = DEFINITIONAL_REPRESENTATION('',(#6012),#6016);
#6012 = LINE('',#6013,#6014);
#6013 = CARTESIAN_POINT('',(0.,-0.));
#6014 = VECTOR('',#6015,1.);
#6015 = DIRECTION('',(1.,0.));
#6016 = ( GEOMETRIC_REPRESENTATION_CONTEXT(2) 
PARAMETRIC_REPRESENTATION_CONTEXT() REPRESENTATION_CONTEXT('2D SPACE',''
  ) );
#6017 = ORIENTED_EDGE('',*,*,#3743,.T.);
#6018 = ADVANCED_FACE('',(#6019),#3780,.T.);
#6019 = FACE_BOUND('',#6020,.T.);
#6020 = EDGE_LOOP('',(#6021,#6022,#6045,#6066));
#6021 = ORIENTED_EDGE('',*,*,#3766,.F.);
#6022 = ORIENTED_EDGE('',*,*,#6023,.F.);
#6023 = EDGE_CURVE('',#6024,#3744,#6026,.T.);
#6024 = VERTEX_POINT('',#6025);
#6025 = CARTESIAN_POINT('',(4.06,-38.74,0.));
#6026 = SURFACE_CURVE('',#6027,(#6031,#6038),.PCURVE_S1.);
#6027 = LINE('',#6028,#6029);
#6028 = CARTESIAN_POINT('',(4.06,-39.54,0.8));
#6029 = VECTOR('',#6030,1.);
#6030 = DIRECTION('',(-2.241427244969E-15,-0.707106781187,0.707106781187
    ));
#6031 = PCURVE('',#3780,#6032);
#6032 = DEFINITIONAL_REPRESENTATION('',(#6033),#6037);
#6033 = LINE('',#6034,#6035);
#6034 = CARTESIAN_POINT('',(-5.313330689115E-15,3.75));
#6035 = VECTOR('',#6036,1.);
#6036 = DIRECTION('',(-1.,-1.648597081618E-15));
#6037 = ( GEOMETRIC_REPRESENTATION_CONTEXT(2) 
PARAMETRIC_REPRESENTATION_CONTEXT() REPRESENTATION_CONTEXT('2D SPACE',''
  ) );
#6038 = PCURVE('',#6006,#6039);
#6039 = DEFINITIONAL_REPRESENTATION('',(#6040),#6044);
#6040 = LINE('',#6041,#6042);
#6041 = CARTESIAN_POINT('',(1.570796326795,0.));
#6042 = VECTOR('',#6043,1.);
#6043 = DIRECTION('',(0.,1.));
#6044 = ( GEOMETRIC_REPRESENTATION_CONTEXT(2) 
PARAMETRIC_REPRESENTATION_CONTEXT() REPRESENTATION_CONTEXT('2D SPACE',''
  ) );
#6045 = ORIENTED_EDGE('',*,*,#6046,.T.);
#6046 = EDGE_CURVE('',#6024,#4186,#6047,.T.);
#6047 = SURFACE_CURVE('',#6048,(#6052,#6059),.PCURVE_S1.);
#6048 = LINE('',#6049,#6050);
#6049 = CARTESIAN_POINT('',(0.31,-38.74,0.));
#6050 = VECTOR('',#6051,1.);
#6051 = DIRECTION('',(1.,-4.191942285976E-16,4.191942285976E-16));
#6052 = PCURVE('',#3780,#6053);
#6053 = DEFINITIONAL_REPRESENTATION('',(#6054),#6058);
#6054 = LINE('',#6055,#6056);
#6055 = CARTESIAN_POINT('',(1.131370849898,-6.707107657562E-16));
#6056 = VECTOR('',#6057,1.);
#6057 = DIRECTION('',(-9.860761315263E-32,1.));
#6058 = ( GEOMETRIC_REPRESENTATION_CONTEXT(2) 
PARAMETRIC_REPRESENTATION_CONTEXT() REPRESENTATION_CONTEXT('2D SPACE',''
  ) );
#6059 = PCURVE('',#4225,#6060);
#6060 = DEFINITIONAL_REPRESENTATION('',(#6061),#6065);
#6061 = LINE('',#6062,#6063);
#6062 = CARTESIAN_POINT('',(-20.69,-17.74));
#6063 = VECTOR('',#6064,1.);
#6064 = DIRECTION('',(1.,-4.191942285976E-16));
#6065 = ( GEOMETRIC_REPRESENTATION_CONTEXT(2) 
PARAMETRIC_REPRESENTATION_CONTEXT() REPRESENTATION_CONTEXT('2D SPACE',''
  ) );
#6066 = ORIENTED_EDGE('',*,*,#4185,.T.);
#6067 = ADVANCED_FACE('',(#6068),#3837,.F.);
#6068 = FACE_BOUND('',#6069,.F.);
#6069 = EDGE_LOOP('',(#6070,#6071,#6094,#6123));
#6070 = ORIENTED_EDGE('',*,*,#3820,.F.);
#6071 = ORIENTED_EDGE('',*,*,#6072,.F.);
#6072 = EDGE_CURVE('',#6073,#3798,#6075,.T.);
#6073 = VERTEX_POINT('',#6074);
#6074 = CARTESIAN_POINT('',(37.94,-38.74,21.245));
#6075 = SURFACE_CURVE('',#6076,(#6080,#6087),.PCURVE_S1.);
#6076 = LINE('',#6077,#6078);
#6077 = CARTESIAN_POINT('',(37.94,-39.54,22.045));
#6078 = VECTOR('',#6079,1.);
#6079 = DIRECTION('',(-3.140184917368E-15,-0.707106781187,0.707106781187
    ));
#6080 = PCURVE('',#3837,#6081);
#6081 = DEFINITIONAL_REPRESENTATION('',(#6082),#6086);
#6082 = LINE('',#6083,#6084);
#6083 = CARTESIAN_POINT('',(0.,0.));
#6084 = VECTOR('',#6085,1.);
#6085 = DIRECTION('',(0.,1.));
#6086 = ( GEOMETRIC_REPRESENTATION_CONTEXT(2) 
PARAMETRIC_REPRESENTATION_CONTEXT() REPRESENTATION_CONTEXT('2D SPACE',''
  ) );
#6087 = PCURVE('',#4670,#6088);
#6088 = DEFINITIONAL_REPRESENTATION('',(#6089),#6093);
#6089 = LINE('',#6090,#6091);
#6090 = CARTESIAN_POINT('',(1.097202971501E-13,79.63));
#6091 = VECTOR('',#6092,1.);
#6092 = DIRECTION('',(-1.,-1.762308524675E-15));
#6093 = ( GEOMETRIC_REPRESENTATION_CONTEXT(2) 
PARAMETRIC_REPRESENTATION_CONTEXT() REPRESENTATION_CONTEXT('2D SPACE',''
  ) );
#6094 = ORIENTED_EDGE('',*,*,#6095,.T.);
#6095 = EDGE_CURVE('',#6073,#6096,#6098,.T.);
#6096 = VERTEX_POINT('',#6097);
#6097 = CARTESIAN_POINT('',(38.74,-37.94,21.245));
#6098 = SURFACE_CURVE('',#6099,(#6104,#6111),.PCURVE_S1.);
#6099 = CIRCLE('',#6100,0.8);
#6100 = AXIS2_PLACEMENT_3D('',#6101,#6102,#6103);
#6101 = CARTESIAN_POINT('',(37.94,-37.94,21.245));
#6102 = DIRECTION('',(0.,0.,1.));
#6103 = DIRECTION('',(-4.440892098501E-15,-1.,0.));
#6104 = PCURVE('',#3837,#6105);
#6105 = DEFINITIONAL_REPRESENTATION('',(#6106),#6110);
#6106 = LINE('',#6107,#6108);
#6107 = CARTESIAN_POINT('',(0.,-0.8));
#6108 = VECTOR('',#6109,1.);
#6109 = DIRECTION('',(1.,0.));
#6110 = ( GEOMETRIC_REPRESENTATION_CONTEXT(2) 
PARAMETRIC_REPRESENTATION_CONTEXT() REPRESENTATION_CONTEXT('2D SPACE',''
  ) );
#6111 = PCURVE('',#6112,#6117);
#6112 = CYLINDRICAL_SURFACE('',#6113,0.8);
#6113 = AXIS2_PLACEMENT_3D('',#6114,#6115,#6116);
#6114 = CARTESIAN_POINT('',(37.94,-37.94,21.245));
#6115 = DIRECTION('',(-0.,0.,1.));
#6116 = DIRECTION('',(-8.881784197001E-15,-1.,0.));
#6117 = DEFINITIONAL_REPRESENTATION('',(#6118),#6122);
#6118 = LINE('',#6119,#6120);
#6119 = CARTESIAN_POINT('',(0.,-0.));
#6120 = VECTOR('',#6121,1.);
#6121 = DIRECTION('',(1.,0.));
#6122 = ( GEOMETRIC_REPRESENTATION_CONTEXT(2) 
PARAMETRIC_REPRESENTATION_CONTEXT() REPRESENTATION_CONTEXT('2D SPACE',''
  ) );
#6123 = ORIENTED_EDGE('',*,*,#6124,.T.);
#6124 = EDGE_CURVE('',#6096,#3821,#6125,.T.);
#6125 = SURFACE_CURVE('',#6126,(#6130,#6137),.PCURVE_S1.);
#6126 = LINE('',#6127,#6128);
#6127 = CARTESIAN_POINT('',(39.54,-37.94,22.045));
#6128 = VECTOR('',#6129,1.);
#6129 = DIRECTION('',(0.707106781187,-5.852639899942E-15,0.707106781187)
  );
#6130 = PCURVE('',#3837,#6131);
#6131 = DEFINITIONAL_REPRESENTATION('',(#6132),#6136);
#6132 = LINE('',#6133,#6134);
#6133 = CARTESIAN_POINT('',(1.570796326795,0.));
#6134 = VECTOR('',#6135,1.);
#6135 = DIRECTION('',(0.,1.));
#6136 = ( GEOMETRIC_REPRESENTATION_CONTEXT(2) 
PARAMETRIC_REPRESENTATION_CONTEXT() REPRESENTATION_CONTEXT('2D SPACE',''
  ) );
#6137 = PCURVE('',#6138,#6143);
#6138 = PLANE('',#6139);
#6139 = AXIS2_PLACEMENT_3D('',#6140,#6141,#6142);
#6140 = CARTESIAN_POINT('',(39.54,-41.69,22.045));
#6141 = DIRECTION('',(0.707106781187,0.,-0.707106781187));
#6142 = DIRECTION('',(-0.707106781187,1.377876392693E-15,-0.707106781187
    ));
#6143 = DEFINITIONAL_REPRESENTATION('',(#6144),#6148);
#6144 = LINE('',#6145,#6146);
#6145 = CARTESIAN_POINT('',(5.167036472599E-15,3.75));
#6146 = VECTOR('',#6147,1.);
#6147 = DIRECTION('',(-1.,-4.474763507249E-15));
#6148 = ( GEOMETRIC_REPRESENTATION_CONTEXT(2) 
PARAMETRIC_REPRESENTATION_CONTEXT() REPRESENTATION_CONTEXT('2D SPACE',''
  ) );
#6149 = ADVANCED_FACE('',(#6150),#3863,.F.);
#6150 = FACE_BOUND('',#6151,.F.);
#6151 = EDGE_LOOP('',(#6152,#6153,#6154,#6177));
#6152 = ORIENTED_EDGE('',*,*,#3879,.F.);
#6153 = ORIENTED_EDGE('',*,*,#3849,.F.);
#6154 = ORIENTED_EDGE('',*,*,#6155,.T.);
#6155 = EDGE_CURVE('',#3821,#6156,#6158,.T.);
#6156 = VERTEX_POINT('',#6157);
#6157 = CARTESIAN_POINT('',(39.54,37.94,22.045));
#6158 = SURFACE_CURVE('',#6159,(#6163,#6170),.PCURVE_S1.);
#6159 = LINE('',#6160,#6161);
#6160 = CARTESIAN_POINT('',(39.54,-41.69,22.045));
#6161 = VECTOR('',#6162,1.);
#6162 = DIRECTION('',(-9.977848717208E-61,1.,9.98891821831E-31));
#6163 = PCURVE('',#3863,#6164);
#6164 = DEFINITIONAL_REPRESENTATION('',(#6165),#6169);
#6165 = LINE('',#6166,#6167);
#6166 = CARTESIAN_POINT('',(1.8,-1.798005279296E-30));
#6167 = VECTOR('',#6168,1.);
#6168 = DIRECTION('',(0.,1.));
#6169 = ( GEOMETRIC_REPRESENTATION_CONTEXT(2) 
PARAMETRIC_REPRESENTATION_CONTEXT() REPRESENTATION_CONTEXT('2D SPACE',''
  ) );
#6170 = PCURVE('',#6138,#6171);
#6171 = DEFINITIONAL_REPRESENTATION('',(#6172),#6176);
#6172 = LINE('',#6173,#6174);
#6173 = CARTESIAN_POINT('',(0.,0.));
#6174 = VECTOR('',#6175,1.);
#6175 = DIRECTION('',(1.377876392693E-15,1.));
#6176 = ( GEOMETRIC_REPRESENTATION_CONTEXT(2) 
PARAMETRIC_REPRESENTATION_CONTEXT() REPRESENTATION_CONTEXT('2D SPACE',''
  ) );
#6177 = ORIENTED_EDGE('',*,*,#6178,.F.);
#6178 = EDGE_CURVE('',#3880,#6156,#6179,.T.);
#6179 = SURFACE_CURVE('',#6180,(#6184,#6191),.PCURVE_S1.);
#6180 = LINE('',#6181,#6182);
#6181 = CARTESIAN_POINT('',(39.54,37.94,23.845));
#6182 = VECTOR('',#6183,1.);
#6183 = DIRECTION('',(9.98891821831E-31,9.98891821831E-31,-1.));
#6184 = PCURVE('',#3863,#6185);
#6185 = DEFINITIONAL_REPRESENTATION('',(#6186),#6190);
#6186 = LINE('',#6187,#6188);
#6187 = CARTESIAN_POINT('',(7.95417557724E-29,79.63));
#6188 = VECTOR('',#6189,1.);
#6189 = DIRECTION('',(1.,0.));
#6190 = ( GEOMETRIC_REPRESENTATION_CONTEXT(2) 
PARAMETRIC_REPRESENTATION_CONTEXT() REPRESENTATION_CONTEXT('2D SPACE',''
  ) );
#6191 = PCURVE('',#6192,#6197);
#6192 = CYLINDRICAL_SURFACE('',#6193,1.6);
#6193 = AXIS2_PLACEMENT_3D('',#6194,#6195,#6196);
#6194 = CARTESIAN_POINT('',(37.94,37.94,23.845));
#6195 = DIRECTION('',(0.,-0.,1.));
#6196 = DIRECTION('',(1.,-4.440892098501E-15,-0.));
#6197 = DEFINITIONAL_REPRESENTATION('',(#6198),#6202);
#6198 = LINE('',#6199,#6200);
#6199 = CARTESIAN_POINT('',(0.,0.));
#6200 = VECTOR('',#6201,1.);
#6201 = DIRECTION('',(-0.,-1.));
#6202 = ( GEOMETRIC_REPRESENTATION_CONTEXT(2) 
PARAMETRIC_REPRESENTATION_CONTEXT() REPRESENTATION_CONTEXT('2D SPACE',''
  ) );
#6203 = ADVANCED_FACE('',(#6204),#3916,.F.);
#6204 = FACE_BOUND('',#6205,.F.);
#6205 = EDGE_LOOP('',(#6206,#6207,#6231,#6252));
#6206 = ORIENTED_EDGE('',*,*,#3902,.T.);
#6207 = ORIENTED_EDGE('',*,*,#6208,.T.);
#6208 = EDGE_CURVE('',#3880,#6209,#6211,.T.);
#6209 = VERTEX_POINT('',#6210);
#6210 = CARTESIAN_POINT('',(37.94,39.54,23.845));
#6211 = SURFACE_CURVE('',#6212,(#6217,#6224),.PCURVE_S1.);
#6212 = CIRCLE('',#6213,1.6);
#6213 = AXIS2_PLACEMENT_3D('',#6214,#6215,#6216);
#6214 = CARTESIAN_POINT('',(37.94,37.94,23.845));
#6215 = DIRECTION('',(0.,-0.,1.));
#6216 = DIRECTION('',(1.,0.,0.));
#6217 = PCURVE('',#3916,#6218);
#6218 = DEFINITIONAL_REPRESENTATION('',(#6219),#6223);
#6219 = LINE('',#6220,#6221);
#6220 = CARTESIAN_POINT('',(0.,-2.15));
#6221 = VECTOR('',#6222,1.);
#6222 = DIRECTION('',(1.,0.));
#6223 = ( GEOMETRIC_REPRESENTATION_CONTEXT(2) 
PARAMETRIC_REPRESENTATION_CONTEXT() REPRESENTATION_CONTEXT('2D SPACE',''
  ) );
#6224 = PCURVE('',#6192,#6225);
#6225 = DEFINITIONAL_REPRESENTATION('',(#6226),#6230);
#6226 = LINE('',#6227,#6228);
#6227 = CARTESIAN_POINT('',(0.,-0.));
#6228 = VECTOR('',#6229,1.);
#6229 = DIRECTION('',(1.,0.));
#6230 = ( GEOMETRIC_REPRESENTATION_CONTEXT(2) 
PARAMETRIC_REPRESENTATION_CONTEXT() REPRESENTATION_CONTEXT('2D SPACE',''
  ) );
#6231 = ORIENTED_EDGE('',*,*,#6232,.T.);
#6232 = EDGE_CURVE('',#6209,#3935,#6233,.T.);
#6233 = SURFACE_CURVE('',#6234,(#6238,#6245),.PCURVE_S1.);
#6234 = LINE('',#6235,#6236);
#6235 = CARTESIAN_POINT('',(37.94,41.69,25.995));
#6236 = VECTOR('',#6237,1.);
#6237 = DIRECTION('',(2.712454982574E-15,0.707106781187,0.707106781187)
  );
#6238 = PCURVE('',#3916,#6239);
#6239 = DEFINITIONAL_REPRESENTATION('',(#6240),#6244);
#6240 = LINE('',#6241,#6242);
#6241 = CARTESIAN_POINT('',(1.570796326795,0.));
#6242 = VECTOR('',#6243,1.);
#6243 = DIRECTION('',(0.,1.));
#6244 = ( GEOMETRIC_REPRESENTATION_CONTEXT(2) 
PARAMETRIC_REPRESENTATION_CONTEXT() REPRESENTATION_CONTEXT('2D SPACE',''
  ) );
#6245 = PCURVE('',#5483,#6246);
#6246 = DEFINITIONAL_REPRESENTATION('',(#6247),#6251);
#6247 = LINE('',#6248,#6249);
#6248 = CARTESIAN_POINT('',(5.167036472599E-15,3.75));
#6249 = VECTOR('',#6250,1.);
#6250 = DIRECTION('',(-1.,-1.334578589881E-15));
#6251 = ( GEOMETRIC_REPRESENTATION_CONTEXT(2) 
PARAMETRIC_REPRESENTATION_CONTEXT() REPRESENTATION_CONTEXT('2D SPACE',''
  ) );
#6252 = ORIENTED_EDGE('',*,*,#3966,.F.);
#6253 = ADVANCED_FACE('',(#6254),#4018,.T.);
#6254 = FACE_BOUND('',#6255,.T.);
#6255 = EDGE_LOOP('',(#6256,#6257,#6258,#6287));
#6256 = ORIENTED_EDGE('',*,*,#4001,.F.);
#6257 = ORIENTED_EDGE('',*,*,#4160,.T.);
#6258 = ORIENTED_EDGE('',*,*,#6259,.T.);
#6259 = EDGE_CURVE('',#4133,#6260,#6262,.T.);
#6260 = VERTEX_POINT('',#6261);
#6261 = CARTESIAN_POINT('',(37.94,39.54,0.8));
#6262 = SURFACE_CURVE('',#6263,(#6268,#6275),.PCURVE_S1.);
#6263 = CIRCLE('',#6264,1.6);
#6264 = AXIS2_PLACEMENT_3D('',#6265,#6266,#6267);
#6265 = CARTESIAN_POINT('',(37.94,37.94,0.8));
#6266 = DIRECTION('',(0.,-0.,1.));
#6267 = DIRECTION('',(1.,-2.22044604925E-15,-0.));
#6268 = PCURVE('',#4018,#6269);
#6269 = DEFINITIONAL_REPRESENTATION('',(#6270),#6274);
#6270 = LINE('',#6271,#6272);
#6271 = CARTESIAN_POINT('',(0.,-1.8));
#6272 = VECTOR('',#6273,1.);
#6273 = DIRECTION('',(1.,0.));
#6274 = ( GEOMETRIC_REPRESENTATION_CONTEXT(2) 
PARAMETRIC_REPRESENTATION_CONTEXT() REPRESENTATION_CONTEXT('2D SPACE',''
  ) );
#6275 = PCURVE('',#6276,#6281);
#6276 = CONICAL_SURFACE('',#6277,1.6,0.785398163397);
#6277 = AXIS2_PLACEMENT_3D('',#6278,#6279,#6280);
#6278 = CARTESIAN_POINT('',(37.94,37.94,0.8));
#6279 = DIRECTION('',(0.,-0.,1.));
#6280 = DIRECTION('',(1.,-2.22044604925E-15,-0.));
#6281 = DEFINITIONAL_REPRESENTATION('',(#6282),#6286);
#6282 = LINE('',#6283,#6284);
#6283 = CARTESIAN_POINT('',(0.,-0.));
#6284 = VECTOR('',#6285,1.);
#6285 = DIRECTION('',(1.,0.));
#6286 = ( GEOMETRIC_REPRESENTATION_CONTEXT(2) 
PARAMETRIC_REPRESENTATION_CONTEXT() REPRESENTATION_CONTEXT('2D SPACE',''
  ) );
#6287 = ORIENTED_EDGE('',*,*,#6288,.T.);
#6288 = EDGE_CURVE('',#6260,#4002,#6289,.T.);
#6289 = SURFACE_CURVE('',#6290,(#6294,#6301),.PCURVE_S1.);
#6290 = LINE('',#6291,#6292);
#6291 = CARTESIAN_POINT('',(37.94,39.54,2.6));
#6292 = VECTOR('',#6293,1.);
#6293 = DIRECTION('',(0.,-0.,1.));
#6294 = PCURVE('',#4018,#6295);
#6295 = DEFINITIONAL_REPRESENTATION('',(#6296),#6300);
#6296 = LINE('',#6297,#6298);
#6297 = CARTESIAN_POINT('',(1.570796326795,0.));
#6298 = VECTOR('',#6299,1.);
#6299 = DIRECTION('',(0.,1.));
#6300 = ( GEOMETRIC_REPRESENTATION_CONTEXT(2) 
PARAMETRIC_REPRESENTATION_CONTEXT() REPRESENTATION_CONTEXT('2D SPACE',''
  ) );
#6301 = PCURVE('',#5400,#6302);
#6302 = DEFINITIONAL_REPRESENTATION('',(#6303),#6307);
#6303 = LINE('',#6304,#6305);
#6304 = CARTESIAN_POINT('',(8.491161965791E-28,3.75));
#6305 = VECTOR('',#6306,1.);
#6306 = DIRECTION('',(-1.,2.264309857544E-28));
#6307 = ( GEOMETRIC_REPRESENTATION_CONTEXT(2) 
PARAMETRIC_REPRESENTATION_CONTEXT() REPRESENTATION_CONTEXT('2D SPACE',''
  ) );
#6308 = ADVANCED_FACE('',(#6309),#4072,.T.);
#6309 = FACE_BOUND('',#6310,.T.);
#6310 = EDGE_LOOP('',(#6311,#6312,#6313,#6336));
#6311 = ORIENTED_EDGE('',*,*,#4056,.F.);
#6312 = ORIENTED_EDGE('',*,*,#4237,.F.);
#6313 = ORIENTED_EDGE('',*,*,#6314,.T.);
#6314 = EDGE_CURVE('',#4209,#6315,#6317,.T.);
#6315 = VERTEX_POINT('',#6316);
#6316 = CARTESIAN_POINT('',(38.74,-4.06,0.));
#6317 = SURFACE_CURVE('',#6318,(#6322,#6329),.PCURVE_S1.);
#6318 = LINE('',#6319,#6320);
#6319 = CARTESIAN_POINT('',(38.74,-41.69,0.));
#6320 = VECTOR('',#6321,1.);
#6321 = DIRECTION('',(4.191942285976E-16,1.,4.191942285976E-16));
#6322 = PCURVE('',#4072,#6323);
#6323 = DEFINITIONAL_REPRESENTATION('',(#6324),#6328);
#6324 = LINE('',#6325,#6326);
#6325 = CARTESIAN_POINT('',(1.131370849898,-6.707107657562E-16));
#6326 = VECTOR('',#6327,1.);
#6327 = DIRECTION('',(-9.860761315263E-32,1.));
#6328 = ( GEOMETRIC_REPRESENTATION_CONTEXT(2) 
PARAMETRIC_REPRESENTATION_CONTEXT() REPRESENTATION_CONTEXT('2D SPACE',''
  ) );
#6329 = PCURVE('',#4225,#6330);
#6330 = DEFINITIONAL_REPRESENTATION('',(#6331),#6335);
#6331 = LINE('',#6332,#6333);
#6332 = CARTESIAN_POINT('',(17.74,-20.69));
#6333 = VECTOR('',#6334,1.);
#6334 = DIRECTION('',(4.191942285976E-16,1.));
#6335 = ( GEOMETRIC_REPRESENTATION_CONTEXT(2) 
PARAMETRIC_REPRESENTATION_CONTEXT() REPRESENTATION_CONTEXT('2D SPACE',''
  ) );
#6336 = ORIENTED_EDGE('',*,*,#6337,.F.);
#6337 = EDGE_CURVE('',#4057,#6315,#6338,.T.);
#6338 = SURFACE_CURVE('',#6339,(#6343,#6350),.PCURVE_S1.);
#6339 = LINE('',#6340,#6341);
#6340 = CARTESIAN_POINT('',(39.54,-4.06,0.8));
#6341 = VECTOR('',#6342,1.);
#6342 = DIRECTION('',(-0.707106781187,5.928301633513E-16,-0.707106781187
    ));
#6343 = PCURVE('',#4072,#6344);
#6344 = DEFINITIONAL_REPRESENTATION('',(#6345),#6349);
#6345 = LINE('',#6346,#6347);
#6346 = CARTESIAN_POINT('',(1.582978592282E-15,37.63));
#6347 = VECTOR('',#6348,1.);
#6348 = DIRECTION('',(1.,-9.860761315263E-32));
#6349 = ( GEOMETRIC_REPRESENTATION_CONTEXT(2) 
PARAMETRIC_REPRESENTATION_CONTEXT() REPRESENTATION_CONTEXT('2D SPACE',''
  ) );
#6350 = PCURVE('',#5790,#6351);
#6351 = DEFINITIONAL_REPRESENTATION('',(#6352),#6356);
#6352 = LINE('',#6353,#6354);
#6353 = CARTESIAN_POINT('',(0.,0.));
#6354 = VECTOR('',#6355,1.);
#6355 = DIRECTION('',(-0.,-1.));
#6356 = ( GEOMETRIC_REPRESENTATION_CONTEXT(2) 
PARAMETRIC_REPRESENTATION_CONTEXT() REPRESENTATION_CONTEXT('2D SPACE',''
  ) );
#6357 = ADVANCED_FACE('',(#6358),#4148,.T.);
#6358 = FACE_BOUND('',#6359,.T.);
#6359 = EDGE_LOOP('',(#6360,#6361,#6384,#6412));
#6360 = ORIENTED_EDGE('',*,*,#4132,.F.);
#6361 = ORIENTED_EDGE('',*,*,#6362,.F.);
#6362 = EDGE_CURVE('',#6363,#4110,#6365,.T.);
#6363 = VERTEX_POINT('',#6364);
#6364 = CARTESIAN_POINT('',(38.74,4.06,0.));
#6365 = SURFACE_CURVE('',#6366,(#6370,#6377),.PCURVE_S1.);
#6366 = LINE('',#6367,#6368);
#6367 = CARTESIAN_POINT('',(39.54,4.06,0.8));
#6368 = VECTOR('',#6369,1.);
#6369 = DIRECTION('',(0.707106781187,-2.241427244969E-15,0.707106781187)
  );
#6370 = PCURVE('',#4148,#6371);
#6371 = DEFINITIONAL_REPRESENTATION('',(#6372),#6376);
#6372 = LINE('',#6373,#6374);
#6373 = CARTESIAN_POINT('',(-5.313330689115E-15,3.75));
#6374 = VECTOR('',#6375,1.);
#6375 = DIRECTION('',(-1.,-1.648597081618E-15));
#6376 = ( GEOMETRIC_REPRESENTATION_CONTEXT(2) 
PARAMETRIC_REPRESENTATION_CONTEXT() REPRESENTATION_CONTEXT('2D SPACE',''
  ) );
#6377 = PCURVE('',#5755,#6378);
#6378 = DEFINITIONAL_REPRESENTATION('',(#6379),#6383);
#6379 = LINE('',#6380,#6381);
#6380 = CARTESIAN_POINT('',(1.570796326795,0.));
#6381 = VECTOR('',#6382,1.);
#6382 = DIRECTION('',(0.,1.));
#6383 = ( GEOMETRIC_REPRESENTATION_CONTEXT(2) 
PARAMETRIC_REPRESENTATION_CONTEXT() REPRESENTATION_CONTEXT('2D SPACE',''
  ) );
#6384 = ORIENTED_EDGE('',*,*,#6385,.T.);
#6385 = EDGE_CURVE('',#6363,#6386,#6388,.T.);
#6386 = VERTEX_POINT('',#6387);
#6387 = CARTESIAN_POINT('',(38.74,37.94,0.));
#6388 = SURFACE_CURVE('',#6389,(#6393,#6400),.PCURVE_S1.);
#6389 = LINE('',#6390,#6391);
#6390 = CARTESIAN_POINT('',(38.74,0.31,0.));
#6391 = VECTOR('',#6392,1.);
#6392 = DIRECTION('',(4.191942285976E-16,1.,4.191942285976E-16));
#6393 = PCURVE('',#4148,#6394);
#6394 = DEFINITIONAL_REPRESENTATION('',(#6395),#6399);
#6395 = LINE('',#6396,#6397);
#6396 = CARTESIAN_POINT('',(1.131370849898,-6.707107657562E-16));
#6397 = VECTOR('',#6398,1.);
#6398 = DIRECTION('',(-9.860761315263E-32,1.));
#6399 = ( GEOMETRIC_REPRESENTATION_CONTEXT(2) 
PARAMETRIC_REPRESENTATION_CONTEXT() REPRESENTATION_CONTEXT('2D SPACE',''
  ) );
#6400 = PCURVE('',#6401,#6406);
#6401 = PLANE('',#6402);
#6402 = AXIS2_PLACEMENT_3D('',#6403,#6404,#6405);
#6403 = CARTESIAN_POINT('',(21.,21.,8.881784197001E-15));
#6404 = DIRECTION('',(2.022797592717E-32,-2.022797592717E-32,1.));
#6405 = DIRECTION('',(1.,0.,-2.022797592717E-32));
#6406 = DEFINITIONAL_REPRESENTATION('',(#6407),#6411);
#6407 = LINE('',#6408,#6409);
#6408 = CARTESIAN_POINT('',(17.74,-20.69));
#6409 = VECTOR('',#6410,1.);
#6410 = DIRECTION('',(4.191942285976E-16,1.));
#6411 = ( GEOMETRIC_REPRESENTATION_CONTEXT(2) 
PARAMETRIC_REPRESENTATION_CONTEXT() REPRESENTATION_CONTEXT('2D SPACE',''
  ) );
#6412 = ORIENTED_EDGE('',*,*,#6413,.F.);
#6413 = EDGE_CURVE('',#4133,#6386,#6414,.T.);
#6414 = SURFACE_CURVE('',#6415,(#6419,#6426),.PCURVE_S1.);
#6415 = LINE('',#6416,#6417);
#6416 = CARTESIAN_POINT('',(39.54,37.94,0.8));
#6417 = VECTOR('',#6418,1.);
#6418 = DIRECTION('',(-0.707106781187,5.928301633513E-16,-0.707106781187
    ));
#6419 = PCURVE('',#4148,#6420);
#6420 = DEFINITIONAL_REPRESENTATION('',(#6421),#6425);
#6421 = LINE('',#6422,#6423);
#6422 = CARTESIAN_POINT('',(1.582978592282E-15,37.63));
#6423 = VECTOR('',#6424,1.);
#6424 = DIRECTION('',(1.,-9.860761315263E-32));
#6425 = ( GEOMETRIC_REPRESENTATION_CONTEXT(2) 
PARAMETRIC_REPRESENTATION_CONTEXT() REPRESENTATION_CONTEXT('2D SPACE',''
  ) );
#6426 = PCURVE('',#6276,#6427);
#6427 = DEFINITIONAL_REPRESENTATION('',(#6428),#6432);
#6428 = LINE('',#6429,#6430);
#6429 = CARTESIAN_POINT('',(0.,0.));
#6430 = VECTOR('',#6431,1.);
#6431 = DIRECTION('',(-0.,-1.));
#6432 = ( GEOMETRIC_REPRESENTATION_CONTEXT(2) 
PARAMETRIC_REPRESENTATION_CONTEXT() REPRESENTATION_CONTEXT('2D SPACE',''
  ) );
#6433 = ADVANCED_FACE('',(#6434),#4225,.F.);
#6434 = FACE_BOUND('',#6435,.F.);
#6435 = EDGE_LOOP('',(#6436,#6437,#6438,#6462,#6485,#6509,#6532,#6554));
#6436 = ORIENTED_EDGE('',*,*,#4208,.T.);
#6437 = ORIENTED_EDGE('',*,*,#6314,.T.);
#6438 = ORIENTED_EDGE('',*,*,#6439,.T.);
#6439 = EDGE_CURVE('',#6315,#6440,#6442,.T.);
#6440 = VERTEX_POINT('',#6441);
#6441 = CARTESIAN_POINT('',(37.94,-3.26,0.));
#6442 = SURFACE_CURVE('',#6443,(#6448,#6455),.PCURVE_S1.);
#6443 = CIRCLE('',#6444,0.8);
#6444 = AXIS2_PLACEMENT_3D('',#6445,#6446,#6447);
#6445 = CARTESIAN_POINT('',(37.94,-4.06,0.));
#6446 = DIRECTION('',(0.,-0.,1.));
#6447 = DIRECTION('',(1.,-2.22044604925E-15,-0.));
#6448 = PCURVE('',#4225,#6449);
#6449 = DEFINITIONAL_REPRESENTATION('',(#6450),#6454);
#6450 = CIRCLE('',#6451,0.8);
#6451 = AXIS2_PLACEMENT_2D('',#6452,#6453);
#6452 = CARTESIAN_POINT('',(16.94,16.94));
#6453 = DIRECTION('',(1.,-2.22044604925E-15));
#6454 = ( GEOMETRIC_REPRESENTATION_CONTEXT(2) 
PARAMETRIC_REPRESENTATION_CONTEXT() REPRESENTATION_CONTEXT('2D SPACE',''
  ) );
#6455 = PCURVE('',#5790,#6456);
#6456 = DEFINITIONAL_REPRESENTATION('',(#6457),#6461);
#6457 = LINE('',#6458,#6459);
#6458 = CARTESIAN_POINT('',(0.,-0.8));
#6459 = VECTOR('',#6460,1.);
#6460 = DIRECTION('',(1.,0.));
#6461 = ( GEOMETRIC_REPRESENTATION_CONTEXT(2) 
PARAMETRIC_REPRESENTATION_CONTEXT() REPRESENTATION_CONTEXT('2D SPACE',''
  ) );
#6462 = ORIENTED_EDGE('',*,*,#6463,.T.);
#6463 = EDGE_CURVE('',#6440,#6464,#6466,.T.);
#6464 = VERTEX_POINT('',#6465);
#6465 = CARTESIAN_POINT('',(4.06,-3.26,0.));
#6466 = SURFACE_CURVE('',#6467,(#6471,#6478),.PCURVE_S1.);
#6467 = LINE('',#6468,#6469);
#6468 = CARTESIAN_POINT('',(41.69,-3.26,0.));
#6469 = VECTOR('',#6470,1.);
#6470 = DIRECTION('',(-1.,4.191942285976E-16,4.191942285976E-16));
#6471 = PCURVE('',#4225,#6472);
#6472 = DEFINITIONAL_REPRESENTATION('',(#6473),#6477);
#6473 = LINE('',#6474,#6475);
#6474 = CARTESIAN_POINT('',(20.69,17.74));
#6475 = VECTOR('',#6476,1.);
#6476 = DIRECTION('',(-1.,4.191942285976E-16));
#6477 = ( GEOMETRIC_REPRESENTATION_CONTEXT(2) 
PARAMETRIC_REPRESENTATION_CONTEXT() REPRESENTATION_CONTEXT('2D SPACE',''
  ) );
#6478 = PCURVE('',#5844,#6479);
#6479 = DEFINITIONAL_REPRESENTATION('',(#6480),#6484);
#6480 = LINE('',#6481,#6482);
#6481 = CARTESIAN_POINT('',(1.131370849898,-6.707107657562E-16));
#6482 = VECTOR('',#6483,1.);
#6483 = DIRECTION('',(-9.860761315263E-32,1.));
#6484 = ( GEOMETRIC_REPRESENTATION_CONTEXT(2) 
PARAMETRIC_REPRESENTATION_CONTEXT() REPRESENTATION_CONTEXT('2D SPACE',''
  ) );
#6485 = ORIENTED_EDGE('',*,*,#6486,.T.);
#6486 = EDGE_CURVE('',#6464,#6487,#6489,.T.);
#6487 = VERTEX_POINT('',#6488);
#6488 = CARTESIAN_POINT('',(3.26,-4.06,0.));
#6489 = SURFACE_CURVE('',#6490,(#6495,#6502),.PCURVE_S1.);
#6490 = CIRCLE('',#6491,0.8);
#6491 = AXIS2_PLACEMENT_3D('',#6492,#6493,#6494);
#6492 = CARTESIAN_POINT('',(4.06,-4.06,0.));
#6493 = DIRECTION('',(0.,-0.,1.));
#6494 = DIRECTION('',(2.22044604925E-15,1.,0.));
#6495 = PCURVE('',#4225,#6496);
#6496 = DEFINITIONAL_REPRESENTATION('',(#6497),#6501);
#6497 = CIRCLE('',#6498,0.8);
#6498 = AXIS2_PLACEMENT_2D('',#6499,#6500);
#6499 = CARTESIAN_POINT('',(-16.94,16.94));
#6500 = DIRECTION('',(2.22044604925E-15,1.));
#6501 = ( GEOMETRIC_REPRESENTATION_CONTEXT(2) 
PARAMETRIC_REPRESENTATION_CONTEXT() REPRESENTATION_CONTEXT('2D SPACE',''
  ) );
#6502 = PCURVE('',#5899,#6503);
#6503 = DEFINITIONAL_REPRESENTATION('',(#6504),#6508);
#6504 = LINE('',#6505,#6506);
#6505 = CARTESIAN_POINT('',(0.,-0.8));
#6506 = VECTOR('',#6507,1.);
#6507 = DIRECTION('',(1.,0.));
#6508 = ( GEOMETRIC_REPRESENTATION_CONTEXT(2) 
PARAMETRIC_REPRESENTATION_CONTEXT() REPRESENTATION_CONTEXT('2D SPACE',''
  ) );
#6509 = ORIENTED_EDGE('',*,*,#6510,.T.);
#6510 = EDGE_CURVE('',#6487,#6511,#6513,.T.);
#6511 = VERTEX_POINT('',#6512);
#6512 = CARTESIAN_POINT('',(3.26,-37.94,0.));
#6513 = SURFACE_CURVE('',#6514,(#6518,#6525),.PCURVE_S1.);
#6514 = LINE('',#6515,#6516);
#6515 = CARTESIAN_POINT('',(3.26,-0.31,0.));
#6516 = VECTOR('',#6517,1.);
#6517 = DIRECTION('',(-4.191942285976E-16,-1.,4.191942285976E-16));
#6518 = PCURVE('',#4225,#6519);
#6519 = DEFINITIONAL_REPRESENTATION('',(#6520),#6524);
#6520 = LINE('',#6521,#6522);
#6521 = CARTESIAN_POINT('',(-17.74,20.69));
#6522 = VECTOR('',#6523,1.);
#6523 = DIRECTION('',(-4.191942285976E-16,-1.));
#6524 = ( GEOMETRIC_REPRESENTATION_CONTEXT(2) 
PARAMETRIC_REPRESENTATION_CONTEXT() REPRESENTATION_CONTEXT('2D SPACE',''
  ) );
#6525 = PCURVE('',#5953,#6526);
#6526 = DEFINITIONAL_REPRESENTATION('',(#6527),#6531);
#6527 = LINE('',#6528,#6529);
#6528 = CARTESIAN_POINT('',(1.131370849898,-6.707107657562E-16));
#6529 = VECTOR('',#6530,1.);
#6530 = DIRECTION('',(-9.860761315263E-32,1.));
#6531 = ( GEOMETRIC_REPRESENTATION_CONTEXT(2) 
PARAMETRIC_REPRESENTATION_CONTEXT() REPRESENTATION_CONTEXT('2D SPACE',''
  ) );
#6532 = ORIENTED_EDGE('',*,*,#6533,.T.);
#6533 = EDGE_CURVE('',#6511,#6024,#6534,.T.);
#6534 = SURFACE_CURVE('',#6535,(#6540,#6547),.PCURVE_S1.);
#6535 = CIRCLE('',#6536,0.8);
#6536 = AXIS2_PLACEMENT_3D('',#6537,#6538,#6539);
#6537 = CARTESIAN_POINT('',(4.06,-37.94,0.));
#6538 = DIRECTION('',(0.,0.,1.));
#6539 = DIRECTION('',(-1.,2.22044604925E-15,0.));
#6540 = PCURVE('',#4225,#6541);
#6541 = DEFINITIONAL_REPRESENTATION('',(#6542),#6546);
#6542 = CIRCLE('',#6543,0.8);
#6543 = AXIS2_PLACEMENT_2D('',#6544,#6545);
#6544 = CARTESIAN_POINT('',(-16.94,-16.94));
#6545 = DIRECTION('',(-1.,2.22044604925E-15));
#6546 = ( GEOMETRIC_REPRESENTATION_CONTEXT(2) 
PARAMETRIC_REPRESENTATION_CONTEXT() REPRESENTATION_CONTEXT('2D SPACE',''
  ) );
#6547 = PCURVE('',#6006,#6548);
#6548 = DEFINITIONAL_REPRESENTATION('',(#6549),#6553);
#6549 = LINE('',#6550,#6551);
#6550 = CARTESIAN_POINT('',(0.,-0.8));
#6551 = VECTOR('',#6552,1.);
#6552 = DIRECTION('',(1.,0.));
#6553 = ( GEOMETRIC_REPRESENTATION_CONTEXT(2) 
PARAMETRIC_REPRESENTATION_CONTEXT() REPRESENTATION_CONTEXT('2D SPACE',''
  ) );
#6554 = ORIENTED_EDGE('',*,*,#6046,.T.);
#6555 = ADVANCED_FACE('',(#6556),#4276,.T.);
#6556 = FACE_BOUND('',#6557,.T.);
#6557 = EDGE_LOOP('',(#6558,#6559,#6560,#6587));
#6558 = ORIENTED_EDGE('',*,*,#4261,.F.);
#6559 = ORIENTED_EDGE('',*,*,#5360,.T.);
#6560 = ORIENTED_EDGE('',*,*,#6561,.T.);
#6561 = EDGE_CURVE('',#5338,#4438,#6562,.T.);
#6562 = SURFACE_CURVE('',#6563,(#6568,#6575),.PCURVE_S1.);
#6563 = CIRCLE('',#6564,1.6);
#6564 = AXIS2_PLACEMENT_3D('',#6565,#6566,#6567);
#6565 = CARTESIAN_POINT('',(-37.94,37.94,2.6));
#6566 = DIRECTION('',(0.,-0.,1.));
#6567 = DIRECTION('',(0.,1.,0.));
#6568 = PCURVE('',#4276,#6569);
#6569 = DEFINITIONAL_REPRESENTATION('',(#6570),#6574);
#6570 = LINE('',#6571,#6572);
#6571 = CARTESIAN_POINT('',(0.,-2.15));
#6572 = VECTOR('',#6573,1.);
#6573 = DIRECTION('',(1.,0.));
#6574 = ( GEOMETRIC_REPRESENTATION_CONTEXT(2) 
PARAMETRIC_REPRESENTATION_CONTEXT() REPRESENTATION_CONTEXT('2D SPACE',''
  ) );
#6575 = PCURVE('',#6576,#6581);
#6576 = CYLINDRICAL_SURFACE('',#6577,1.6);
#6577 = AXIS2_PLACEMENT_3D('',#6578,#6579,#6580);
#6578 = CARTESIAN_POINT('',(-37.94,37.94,2.6));
#6579 = DIRECTION('',(0.,-0.,1.));
#6580 = DIRECTION('',(2.22044604925E-15,1.,0.));
#6581 = DEFINITIONAL_REPRESENTATION('',(#6582),#6586);
#6582 = LINE('',#6583,#6584);
#6583 = CARTESIAN_POINT('',(0.,-0.));
#6584 = VECTOR('',#6585,1.);
#6585 = DIRECTION('',(1.,0.));
#6586 = ( GEOMETRIC_REPRESENTATION_CONTEXT(2) 
PARAMETRIC_REPRESENTATION_CONTEXT() REPRESENTATION_CONTEXT('2D SPACE',''
  ) );
#6587 = ORIENTED_EDGE('',*,*,#4437,.T.);
#6588 = ADVANCED_FACE('',(#6589),#4312,.T.);
#6589 = FACE_BOUND('',#6590,.T.);
#6590 = EDGE_LOOP('',(#6591,#6592,#6593,#6594));
#6591 = ORIENTED_EDGE('',*,*,#5418,.T.);
#6592 = ORIENTED_EDGE('',*,*,#4289,.T.);
#6593 = ORIENTED_EDGE('',*,*,#4373,.F.);
#6594 = ORIENTED_EDGE('',*,*,#6595,.F.);
#6595 = EDGE_CURVE('',#5419,#4374,#6596,.T.);
#6596 = SURFACE_CURVE('',#6597,(#6605,#6612),.PCURVE_S1.);
#6597 = ( BOUNDED_CURVE() B_SPLINE_CURVE(6,(#6598,#6599,#6600,#6601,
#6602,#6603,#6604),.UNSPECIFIED.,.F.,.F.) B_SPLINE_CURVE_WITH_KNOTS((7,7
),(163.54097245096,169.43145867644),.PIECEWISE_BEZIER_KNOTS.) CURVE() 
GEOMETRIC_REPRESENTATION_ITEM() RATIONAL_B_SPLINE_CURVE((1.072232817804,
    1.072232817804,1.072232817804,1.072232817804,1.072232817804,
1.072232817804,1.072232817804)) REPRESENTATION_ITEM('') );
#6598 = CARTESIAN_POINT('',(-37.94,41.519289321881,25.824289321881));
#6599 = CARTESIAN_POINT('',(-38.8770514635,41.519289321881,
    25.824289321881));
#6600 = CARTESIAN_POINT('',(-39.81403884543,41.224974924762,
    25.824289321881));
#6601 = CARTESIAN_POINT('',(-40.63587958946,40.635879589467,
    25.824289321881));
#6602 = CARTESIAN_POINT('',(-41.22497492476,39.814038845432,
    25.824289321881));
#6603 = CARTESIAN_POINT('',(-41.51928932188,38.877051463509,
    25.824289321881));
#6604 = CARTESIAN_POINT('',(-41.51928932188,37.94,25.824289321881));
#6605 = PCURVE('',#4312,#6606);
#6606 = DEFINITIONAL_REPRESENTATION('',(#6607),#6611);
#6607 = LINE('',#6608,#6609);
#6608 = CARTESIAN_POINT('',(0.,0.));
#6609 = VECTOR('',#6610,1.);
#6610 = DIRECTION('',(0.,1.));
#6611 = ( GEOMETRIC_REPRESENTATION_CONTEXT(2) 
PARAMETRIC_REPRESENTATION_CONTEXT() REPRESENTATION_CONTEXT('2D SPACE',''
  ) );
#6612 = PCURVE('',#6613,#6618);
#6613 = CONICAL_SURFACE('',#6614,3.75,0.785398163397);
#6614 = AXIS2_PLACEMENT_3D('',#6615,#6616,#6617);
#6615 = CARTESIAN_POINT('',(-37.94,37.94,25.995));
#6616 = DIRECTION('',(0.,0.,1.));
#6617 = DIRECTION('',(0.,1.,0.));
#6618 = DEFINITIONAL_REPRESENTATION('',(#6619),#6628);
#6619 = B_SPLINE_CURVE_WITH_KNOTS('',7,(#6620,#6621,#6622,#6623,#6624,
    #6625,#6626,#6627),.UNSPECIFIED.,.F.,.F.,(8,8),(163.54097245096,
    169.43145867644),.PIECEWISE_BEZIER_KNOTS.);
#6620 = CARTESIAN_POINT('',(2.957125111478E-17,-0.170710678119));
#6621 = CARTESIAN_POINT('',(0.224398447986,-0.170710678119));
#6622 = CARTESIAN_POINT('',(0.448781245183,-0.170710678119));
#6623 = CARTESIAN_POINT('',(0.673245917337,-0.170710678119));
#6624 = CARTESIAN_POINT('',(0.897550409458,-0.170710678119));
#6625 = CARTESIAN_POINT('',(1.122015081612,-0.170710678119));
#6626 = CARTESIAN_POINT('',(1.346397878809,-0.170710678119));
#6627 = CARTESIAN_POINT('',(1.570796326795,-0.170710678119));
#6628 = ( GEOMETRIC_REPRESENTATION_CONTEXT(2) 
PARAMETRIC_REPRESENTATION_CONTEXT() REPRESENTATION_CONTEXT('2D SPACE',''
  ) );
#6629 = ADVANCED_FACE('',(#6630),#4421,.F.);
#6630 = FACE_BOUND('',#6631,.F.);
#6631 = EDGE_LOOP('',(#6632,#6655,#6681,#6682));
#6632 = ORIENTED_EDGE('',*,*,#6633,.F.);
#6633 = EDGE_CURVE('',#6634,#4374,#6636,.T.);
#6634 = VERTEX_POINT('',#6635);
#6635 = CARTESIAN_POINT('',(-39.54,37.94,23.845));
#6636 = SURFACE_CURVE('',#6637,(#6641,#6648),.PCURVE_S1.);
#6637 = LINE('',#6638,#6639);
#6638 = CARTESIAN_POINT('',(-41.69,37.94,25.995));
#6639 = VECTOR('',#6640,1.);
#6640 = DIRECTION('',(-0.707106781187,2.712454982574E-15,0.707106781187)
  );
#6641 = PCURVE('',#4421,#6642);
#6642 = DEFINITIONAL_REPRESENTATION('',(#6643),#6647);
#6643 = LINE('',#6644,#6645);
#6644 = CARTESIAN_POINT('',(5.167036472599E-15,3.75));
#6645 = VECTOR('',#6646,1.);
#6646 = DIRECTION('',(-1.,-1.334578589881E-15));
#6647 = ( GEOMETRIC_REPRESENTATION_CONTEXT(2) 
PARAMETRIC_REPRESENTATION_CONTEXT() REPRESENTATION_CONTEXT('2D SPACE',''
  ) );
#6648 = PCURVE('',#6613,#6649);
#6649 = DEFINITIONAL_REPRESENTATION('',(#6650),#6654);
#6650 = LINE('',#6651,#6652);
#6651 = CARTESIAN_POINT('',(1.570796326795,0.));
#6652 = VECTOR('',#6653,1.);
#6653 = DIRECTION('',(0.,1.));
#6654 = ( GEOMETRIC_REPRESENTATION_CONTEXT(2) 
PARAMETRIC_REPRESENTATION_CONTEXT() REPRESENTATION_CONTEXT('2D SPACE',''
  ) );
#6655 = ORIENTED_EDGE('',*,*,#6656,.T.);
#6656 = EDGE_CURVE('',#6634,#4523,#6657,.T.);
#6657 = SURFACE_CURVE('',#6658,(#6662,#6669),.PCURVE_S1.);
#6658 = LINE('',#6659,#6660);
#6659 = CARTESIAN_POINT('',(-39.54,41.69,23.845));
#6660 = VECTOR('',#6661,1.);
#6661 = DIRECTION('',(-9.743057409101E-16,-1.,9.743057409101E-16));
#6662 = PCURVE('',#4421,#6663);
#6663 = DEFINITIONAL_REPRESENTATION('',(#6664),#6668);
#6664 = LINE('',#6665,#6666);
#6665 = CARTESIAN_POINT('',(3.040559159102,2.915912671688E-15));
#6666 = VECTOR('',#6667,1.);
#6667 = DIRECTION('',(1.972152263053E-31,1.));
#6668 = ( GEOMETRIC_REPRESENTATION_CONTEXT(2) 
PARAMETRIC_REPRESENTATION_CONTEXT() REPRESENTATION_CONTEXT('2D SPACE',''
  ) );
#6669 = PCURVE('',#6670,#6675);
#6670 = PLANE('',#6671);
#6671 = AXIS2_PLACEMENT_3D('',#6672,#6673,#6674);
#6672 = CARTESIAN_POINT('',(-39.54,41.69,23.845));
#6673 = DIRECTION('',(-1.,0.,9.98891821831E-31));
#6674 = DIRECTION('',(-9.98891821831E-31,-9.98891821831E-31,-1.));
#6675 = DEFINITIONAL_REPRESENTATION('',(#6676),#6680);
#6676 = LINE('',#6677,#6678);
#6677 = CARTESIAN_POINT('',(-0.,0.));
#6678 = VECTOR('',#6679,1.);
#6679 = DIRECTION('',(-9.743057409101E-16,1.));
#6680 = ( GEOMETRIC_REPRESENTATION_CONTEXT(2) 
PARAMETRIC_REPRESENTATION_CONTEXT() REPRESENTATION_CONTEXT('2D SPACE',''
  ) );
#6681 = ORIENTED_EDGE('',*,*,#4522,.F.);
#6682 = ORIENTED_EDGE('',*,*,#4407,.F.);
#6683 = ADVANCED_FACE('',(#6684),#4474,.T.);
#6684 = FACE_BOUND('',#6685,.T.);
#6685 = EDGE_LOOP('',(#6686,#6687,#6710,#6736));
#6686 = ORIENTED_EDGE('',*,*,#4460,.F.);
#6687 = ORIENTED_EDGE('',*,*,#6688,.F.);
#6688 = EDGE_CURVE('',#6689,#4438,#6691,.T.);
#6689 = VERTEX_POINT('',#6690);
#6690 = CARTESIAN_POINT('',(-39.54,37.94,0.8));
#6691 = SURFACE_CURVE('',#6692,(#6696,#6703),.PCURVE_S1.);
#6692 = LINE('',#6693,#6694);
#6693 = CARTESIAN_POINT('',(-39.54,37.94,2.6));
#6694 = VECTOR('',#6695,1.);
#6695 = DIRECTION('',(0.,-0.,1.));
#6696 = PCURVE('',#4474,#6697);
#6697 = DEFINITIONAL_REPRESENTATION('',(#6698),#6702);
#6698 = LINE('',#6699,#6700);
#6699 = CARTESIAN_POINT('',(8.491161965791E-28,3.75));
#6700 = VECTOR('',#6701,1.);
#6701 = DIRECTION('',(-1.,2.264309857544E-28));
#6702 = ( GEOMETRIC_REPRESENTATION_CONTEXT(2) 
PARAMETRIC_REPRESENTATION_CONTEXT() REPRESENTATION_CONTEXT('2D SPACE',''
  ) );
#6703 = PCURVE('',#6576,#6704);
#6704 = DEFINITIONAL_REPRESENTATION('',(#6705),#6709);
#6705 = LINE('',#6706,#6707);
#6706 = CARTESIAN_POINT('',(1.570796326795,0.));
#6707 = VECTOR('',#6708,1.);
#6708 = DIRECTION('',(0.,1.));
#6709 = ( GEOMETRIC_REPRESENTATION_CONTEXT(2) 
PARAMETRIC_REPRESENTATION_CONTEXT() REPRESENTATION_CONTEXT('2D SPACE',''
  ) );
#6710 = ORIENTED_EDGE('',*,*,#6711,.T.);
#6711 = EDGE_CURVE('',#6689,#5037,#6712,.T.);
#6712 = SURFACE_CURVE('',#6713,(#6717,#6724),.PCURVE_S1.);
#6713 = LINE('',#6714,#6715);
#6714 = CARTESIAN_POINT('',(-39.54,41.69,0.8));
#6715 = VECTOR('',#6716,1.);
#6716 = DIRECTION('',(5.127099130972E-56,-1.,2.264309857544E-28));
#6717 = PCURVE('',#4474,#6718);
#6718 = DEFINITIONAL_REPRESENTATION('',(#6719),#6723);
#6719 = LINE('',#6720,#6721);
#6720 = CARTESIAN_POINT('',(1.8,-4.075757743579E-28));
#6721 = VECTOR('',#6722,1.);
#6722 = DIRECTION('',(0.,1.));
#6723 = ( GEOMETRIC_REPRESENTATION_CONTEXT(2) 
PARAMETRIC_REPRESENTATION_CONTEXT() REPRESENTATION_CONTEXT('2D SPACE',''
  ) );
#6724 = PCURVE('',#6725,#6730);
#6725 = PLANE('',#6726);
#6726 = AXIS2_PLACEMENT_3D('',#6727,#6728,#6729);
#6727 = CARTESIAN_POINT('',(-39.54,41.69,0.8));
#6728 = DIRECTION('',(-0.707106781187,-0.,-0.707106781187));
#6729 = DIRECTION('',(0.707106781187,-5.928301633513E-16,-0.707106781187
    ));
#6730 = DEFINITIONAL_REPRESENTATION('',(#6731),#6735);
#6731 = LINE('',#6732,#6733);
#6732 = CARTESIAN_POINT('',(0.,0.));
#6733 = VECTOR('',#6734,1.);
#6734 = DIRECTION('',(5.928301633511E-16,1.));
#6735 = ( GEOMETRIC_REPRESENTATION_CONTEXT(2) 
PARAMETRIC_REPRESENTATION_CONTEXT() REPRESENTATION_CONTEXT('2D SPACE',''
  ) );
#6736 = ORIENTED_EDGE('',*,*,#5036,.F.);
#6737 = ADVANCED_FACE('',(#6738),#4506,.T.);
#6738 = FACE_BOUND('',#6739,.T.);
#6739 = EDGE_LOOP('',(#6740,#6741,#6742,#6768));
#6740 = ORIENTED_EDGE('',*,*,#4492,.F.);
#6741 = ORIENTED_EDGE('',*,*,#5011,.F.);
#6742 = ORIENTED_EDGE('',*,*,#6743,.T.);
#6743 = EDGE_CURVE('',#4983,#4579,#6744,.T.);
#6744 = SURFACE_CURVE('',#6745,(#6749,#6756),.PCURVE_S1.);
#6745 = LINE('',#6746,#6747);
#6746 = CARTESIAN_POINT('',(-39.54,-0.31,0.8));
#6747 = VECTOR('',#6748,1.);
#6748 = DIRECTION('',(5.127099130972E-56,-1.,2.264309857544E-28));
#6749 = PCURVE('',#4506,#6750);
#6750 = DEFINITIONAL_REPRESENTATION('',(#6751),#6755);
#6751 = LINE('',#6752,#6753);
#6752 = CARTESIAN_POINT('',(1.8,-4.075757743579E-28));
#6753 = VECTOR('',#6754,1.);
#6754 = DIRECTION('',(0.,1.));
#6755 = ( GEOMETRIC_REPRESENTATION_CONTEXT(2) 
PARAMETRIC_REPRESENTATION_CONTEXT() REPRESENTATION_CONTEXT('2D SPACE',''
  ) );
#6756 = PCURVE('',#6757,#6762);
#6757 = PLANE('',#6758);
#6758 = AXIS2_PLACEMENT_3D('',#6759,#6760,#6761);
#6759 = CARTESIAN_POINT('',(-39.54,-0.31,0.8));
#6760 = DIRECTION('',(-0.707106781187,-0.,-0.707106781187));
#6761 = DIRECTION('',(0.707106781187,-5.928301633513E-16,-0.707106781187
    ));
#6762 = DEFINITIONAL_REPRESENTATION('',(#6763),#6767);
#6763 = LINE('',#6764,#6765);
#6764 = CARTESIAN_POINT('',(0.,0.));
#6765 = VECTOR('',#6766,1.);
#6766 = DIRECTION('',(5.928301633511E-16,1.));
#6767 = ( GEOMETRIC_REPRESENTATION_CONTEXT(2) 
PARAMETRIC_REPRESENTATION_CONTEXT() REPRESENTATION_CONTEXT('2D SPACE',''
  ) );
#6768 = ORIENTED_EDGE('',*,*,#4578,.F.);
#6769 = ADVANCED_FACE('',(#6770),#4560,.F.);
#6770 = FACE_BOUND('',#6771,.F.);
#6771 = EDGE_LOOP('',(#6772,#6773,#6796,#6823));
#6772 = ORIENTED_EDGE('',*,*,#4545,.F.);
#6773 = ORIENTED_EDGE('',*,*,#6774,.T.);
#6774 = EDGE_CURVE('',#4523,#6775,#6777,.T.);
#6775 = VERTEX_POINT('',#6776);
#6776 = CARTESIAN_POINT('',(-39.54,-37.94,22.045));
#6777 = SURFACE_CURVE('',#6778,(#6782,#6789),.PCURVE_S1.);
#6778 = LINE('',#6779,#6780);
#6779 = CARTESIAN_POINT('',(-39.54,-37.94,23.845));
#6780 = VECTOR('',#6781,1.);
#6781 = DIRECTION('',(-9.98891821831E-31,-9.98891821831E-31,-1.));
#6782 = PCURVE('',#4560,#6783);
#6783 = DEFINITIONAL_REPRESENTATION('',(#6784),#6788);
#6784 = LINE('',#6785,#6786);
#6785 = CARTESIAN_POINT('',(0.,0.));
#6786 = VECTOR('',#6787,1.);
#6787 = DIRECTION('',(-0.,-1.));
#6788 = ( GEOMETRIC_REPRESENTATION_CONTEXT(2) 
PARAMETRIC_REPRESENTATION_CONTEXT() REPRESENTATION_CONTEXT('2D SPACE',''
  ) );
#6789 = PCURVE('',#6670,#6790);
#6790 = DEFINITIONAL_REPRESENTATION('',(#6791),#6795);
#6791 = LINE('',#6792,#6793);
#6792 = CARTESIAN_POINT('',(7.95417557724E-29,79.63));
#6793 = VECTOR('',#6794,1.);
#6794 = DIRECTION('',(1.,0.));
#6795 = ( GEOMETRIC_REPRESENTATION_CONTEXT(2) 
PARAMETRIC_REPRESENTATION_CONTEXT() REPRESENTATION_CONTEXT('2D SPACE',''
  ) );
#6796 = ORIENTED_EDGE('',*,*,#6797,.T.);
#6797 = EDGE_CURVE('',#6775,#4634,#6798,.T.);
#6798 = SURFACE_CURVE('',#6799,(#6804,#6811),.PCURVE_S1.);
#6799 = CIRCLE('',#6800,1.6);
#6800 = AXIS2_PLACEMENT_3D('',#6801,#6802,#6803);
#6801 = CARTESIAN_POINT('',(-37.94,-37.94,22.045));
#6802 = DIRECTION('',(0.,0.,1.));
#6803 = DIRECTION('',(-1.,4.440892098501E-15,0.));
#6804 = PCURVE('',#4560,#6805);
#6805 = DEFINITIONAL_REPRESENTATION('',(#6806),#6810);
#6806 = LINE('',#6807,#6808);
#6807 = CARTESIAN_POINT('',(0.,-1.8));
#6808 = VECTOR('',#6809,1.);
#6809 = DIRECTION('',(1.,0.));
#6810 = ( GEOMETRIC_REPRESENTATION_CONTEXT(2) 
PARAMETRIC_REPRESENTATION_CONTEXT() REPRESENTATION_CONTEXT('2D SPACE',''
  ) );
#6811 = PCURVE('',#6812,#6817);
#6812 = CONICAL_SURFACE('',#6813,1.6,0.785398163397);
#6813 = AXIS2_PLACEMENT_3D('',#6814,#6815,#6816);
#6814 = CARTESIAN_POINT('',(-37.94,-37.94,22.045));
#6815 = DIRECTION('',(0.,0.,1.));
#6816 = DIRECTION('',(-1.,4.440892098501E-15,0.));
#6817 = DEFINITIONAL_REPRESENTATION('',(#6818),#6822);
#6818 = LINE('',#6819,#6820);
#6819 = CARTESIAN_POINT('',(0.,-0.));
#6820 = VECTOR('',#6821,1.);
#6821 = DIRECTION('',(1.,0.));
#6822 = ( GEOMETRIC_REPRESENTATION_CONTEXT(2) 
PARAMETRIC_REPRESENTATION_CONTEXT() REPRESENTATION_CONTEXT('2D SPACE',''
  ) );
#6823 = ORIENTED_EDGE('',*,*,#4633,.T.);
#6824 = ADVANCED_FACE('',(#6825),#4616,.T.);
#6825 = FACE_BOUND('',#6826,.T.);
#6826 = EDGE_LOOP('',(#6827,#6828,#6851,#6873));
#6827 = ORIENTED_EDGE('',*,*,#4601,.F.);
#6828 = ORIENTED_EDGE('',*,*,#6829,.T.);
#6829 = EDGE_CURVE('',#4579,#6830,#6832,.T.);
#6830 = VERTEX_POINT('',#6831);
#6831 = CARTESIAN_POINT('',(-38.74,-37.94,0.));
#6832 = SURFACE_CURVE('',#6833,(#6837,#6844),.PCURVE_S1.);
#6833 = LINE('',#6834,#6835);
#6834 = CARTESIAN_POINT('',(-39.54,-37.94,0.8));
#6835 = VECTOR('',#6836,1.);
#6836 = DIRECTION('',(0.707106781187,-5.928301633513E-16,-0.707106781187
    ));
#6837 = PCURVE('',#4616,#6838);
#6838 = DEFINITIONAL_REPRESENTATION('',(#6839),#6843);
#6839 = LINE('',#6840,#6841);
#6840 = CARTESIAN_POINT('',(0.,0.));
#6841 = VECTOR('',#6842,1.);
#6842 = DIRECTION('',(-0.,-1.));
#6843 = ( GEOMETRIC_REPRESENTATION_CONTEXT(2) 
PARAMETRIC_REPRESENTATION_CONTEXT() REPRESENTATION_CONTEXT('2D SPACE',''
  ) );
#6844 = PCURVE('',#6757,#6845);
#6845 = DEFINITIONAL_REPRESENTATION('',(#6846),#6850);
#6846 = LINE('',#6847,#6848);
#6847 = CARTESIAN_POINT('',(1.582978592282E-15,37.63));
#6848 = VECTOR('',#6849,1.);
#6849 = DIRECTION('',(1.,-9.860761315263E-32));
#6850 = ( GEOMETRIC_REPRESENTATION_CONTEXT(2) 
PARAMETRIC_REPRESENTATION_CONTEXT() REPRESENTATION_CONTEXT('2D SPACE',''
  ) );
#6851 = ORIENTED_EDGE('',*,*,#6852,.T.);
#6852 = EDGE_CURVE('',#6830,#4688,#6853,.T.);
#6853 = SURFACE_CURVE('',#6854,(#6859,#6866),.PCURVE_S1.);
#6854 = CIRCLE('',#6855,0.8);
#6855 = AXIS2_PLACEMENT_3D('',#6856,#6857,#6858);
#6856 = CARTESIAN_POINT('',(-37.94,-37.94,0.));
#6857 = DIRECTION('',(0.,0.,1.));
#6858 = DIRECTION('',(-1.,2.22044604925E-15,0.));
#6859 = PCURVE('',#4616,#6860);
#6860 = DEFINITIONAL_REPRESENTATION('',(#6861),#6865);
#6861 = LINE('',#6862,#6863);
#6862 = CARTESIAN_POINT('',(0.,-0.8));
#6863 = VECTOR('',#6864,1.);
#6864 = DIRECTION('',(1.,0.));
#6865 = ( GEOMETRIC_REPRESENTATION_CONTEXT(2) 
PARAMETRIC_REPRESENTATION_CONTEXT() REPRESENTATION_CONTEXT('2D SPACE',''
  ) );
#6866 = PCURVE('',#4726,#6867);
#6867 = DEFINITIONAL_REPRESENTATION('',(#6868),#6872);
#6868 = CIRCLE('',#6869,0.8);
#6869 = AXIS2_PLACEMENT_2D('',#6870,#6871);
#6870 = CARTESIAN_POINT('',(-16.94,-16.94));
#6871 = DIRECTION('',(-1.,2.22044604925E-15));
#6872 = ( GEOMETRIC_REPRESENTATION_CONTEXT(2) 
PARAMETRIC_REPRESENTATION_CONTEXT() REPRESENTATION_CONTEXT('2D SPACE',''
  ) );
#6873 = ORIENTED_EDGE('',*,*,#4687,.T.);
#6874 = ADVANCED_FACE('',(#6875),#4670,.F.);
#6875 = FACE_BOUND('',#6876,.F.);
#6876 = EDGE_LOOP('',(#6877,#6878,#6901,#6927));
#6877 = ORIENTED_EDGE('',*,*,#4656,.F.);
#6878 = ORIENTED_EDGE('',*,*,#6879,.F.);
#6879 = EDGE_CURVE('',#6880,#4634,#6882,.T.);
#6880 = VERTEX_POINT('',#6881);
#6881 = CARTESIAN_POINT('',(-37.94,-38.74,21.245));
#6882 = SURFACE_CURVE('',#6883,(#6887,#6894),.PCURVE_S1.);
#6883 = LINE('',#6884,#6885);
#6884 = CARTESIAN_POINT('',(-37.94,-39.54,22.045));
#6885 = VECTOR('',#6886,1.);
#6886 = DIRECTION('',(-5.852639899942E-15,-0.707106781187,0.707106781187
    ));
#6887 = PCURVE('',#4670,#6888);
#6888 = DEFINITIONAL_REPRESENTATION('',(#6889),#6893);
#6889 = LINE('',#6890,#6891);
#6890 = CARTESIAN_POINT('',(5.167036472599E-15,3.75));
#6891 = VECTOR('',#6892,1.);
#6892 = DIRECTION('',(-1.,-4.474763507249E-15));
#6893 = ( GEOMETRIC_REPRESENTATION_CONTEXT(2) 
PARAMETRIC_REPRESENTATION_CONTEXT() REPRESENTATION_CONTEXT('2D SPACE',''
  ) );
#6894 = PCURVE('',#6812,#6895);
#6895 = DEFINITIONAL_REPRESENTATION('',(#6896),#6900);
#6896 = LINE('',#6897,#6898);
#6897 = CARTESIAN_POINT('',(1.570796326795,0.));
#6898 = VECTOR('',#6899,1.);
#6899 = DIRECTION('',(0.,1.));
#6900 = ( GEOMETRIC_REPRESENTATION_CONTEXT(2) 
PARAMETRIC_REPRESENTATION_CONTEXT() REPRESENTATION_CONTEXT('2D SPACE',''
  ) );
#6901 = ORIENTED_EDGE('',*,*,#6902,.T.);
#6902 = EDGE_CURVE('',#6880,#6073,#6903,.T.);
#6903 = SURFACE_CURVE('',#6904,(#6908,#6915),.PCURVE_S1.);
#6904 = LINE('',#6905,#6906);
#6905 = CARTESIAN_POINT('',(-41.69,-38.74,21.245));
#6906 = VECTOR('',#6907,1.);
#6907 = DIRECTION('',(1.,-9.743057409101E-16,9.743057409101E-16));
#6908 = PCURVE('',#4670,#6909);
#6909 = DEFINITIONAL_REPRESENTATION('',(#6910),#6914);
#6910 = LINE('',#6911,#6912);
#6911 = CARTESIAN_POINT('',(1.131370849898,-1.558889185456E-15));
#6912 = VECTOR('',#6913,1.);
#6913 = DIRECTION('',(-2.958228394579E-31,1.));
#6914 = ( GEOMETRIC_REPRESENTATION_CONTEXT(2) 
PARAMETRIC_REPRESENTATION_CONTEXT() REPRESENTATION_CONTEXT('2D SPACE',''
  ) );
#6915 = PCURVE('',#6916,#6921);
#6916 = PLANE('',#6917);
#6917 = AXIS2_PLACEMENT_3D('',#6918,#6919,#6920);
#6918 = CARTESIAN_POINT('',(-41.69,-38.74,21.245));
#6919 = DIRECTION('',(0.,-1.,9.98891821831E-31));
#6920 = DIRECTION('',(9.98891821831E-31,-9.98891821831E-31,-1.));
#6921 = DEFINITIONAL_REPRESENTATION('',(#6922),#6926);
#6922 = LINE('',#6923,#6924);
#6923 = CARTESIAN_POINT('',(0.,0.));
#6924 = VECTOR('',#6925,1.);
#6925 = DIRECTION('',(-9.743057409101E-16,1.));
#6926 = ( GEOMETRIC_REPRESENTATION_CONTEXT(2) 
PARAMETRIC_REPRESENTATION_CONTEXT() REPRESENTATION_CONTEXT('2D SPACE',''
  ) );
#6927 = ORIENTED_EDGE('',*,*,#6072,.T.);
#6928 = ADVANCED_FACE('',(#6929),#4726,.F.);
#6929 = FACE_BOUND('',#6930,.F.);
#6930 = EDGE_LOOP('',(#6931,#6955,#6978,#7002,#7025,#7049,#7070,#7071));
#6931 = ORIENTED_EDGE('',*,*,#6932,.T.);
#6932 = EDGE_CURVE('',#4711,#6933,#6935,.T.);
#6933 = VERTEX_POINT('',#6934);
#6934 = CARTESIAN_POINT('',(-3.26,-37.94,0.));
#6935 = SURFACE_CURVE('',#6936,(#6941,#6948),.PCURVE_S1.);
#6936 = CIRCLE('',#6937,0.8);
#6937 = AXIS2_PLACEMENT_3D('',#6938,#6939,#6940);
#6938 = CARTESIAN_POINT('',(-4.06,-37.94,0.));
#6939 = DIRECTION('',(0.,0.,1.));
#6940 = DIRECTION('',(-2.22044604925E-15,-1.,0.));
#6941 = PCURVE('',#4726,#6942);
#6942 = DEFINITIONAL_REPRESENTATION('',(#6943),#6947);
#6943 = CIRCLE('',#6944,0.8);
#6944 = AXIS2_PLACEMENT_2D('',#6945,#6946);
#6945 = CARTESIAN_POINT('',(16.94,-16.94));
#6946 = DIRECTION('',(-2.22044604925E-15,-1.));
#6947 = ( GEOMETRIC_REPRESENTATION_CONTEXT(2) 
PARAMETRIC_REPRESENTATION_CONTEXT() REPRESENTATION_CONTEXT('2D SPACE',''
  ) );
#6948 = PCURVE('',#4752,#6949);
#6949 = DEFINITIONAL_REPRESENTATION('',(#6950),#6954);
#6950 = LINE('',#6951,#6952);
#6951 = CARTESIAN_POINT('',(0.,-0.8));
#6952 = VECTOR('',#6953,1.);
#6953 = DIRECTION('',(1.,0.));
#6954 = ( GEOMETRIC_REPRESENTATION_CONTEXT(2) 
PARAMETRIC_REPRESENTATION_CONTEXT() REPRESENTATION_CONTEXT('2D SPACE',''
  ) );
#6955 = ORIENTED_EDGE('',*,*,#6956,.T.);
#6956 = EDGE_CURVE('',#6933,#6957,#6959,.T.);
#6957 = VERTEX_POINT('',#6958);
#6958 = CARTESIAN_POINT('',(-3.26,-4.06,0.));
#6959 = SURFACE_CURVE('',#6960,(#6964,#6971),.PCURVE_S1.);
#6960 = LINE('',#6961,#6962);
#6961 = CARTESIAN_POINT('',(-3.26,-41.69,0.));
#6962 = VECTOR('',#6963,1.);
#6963 = DIRECTION('',(4.191942285976E-16,1.,4.191942285976E-16));
#6964 = PCURVE('',#4726,#6965);
#6965 = DEFINITIONAL_REPRESENTATION('',(#6966),#6970);
#6966 = LINE('',#6967,#6968);
#6967 = CARTESIAN_POINT('',(17.74,-20.69));
#6968 = VECTOR('',#6969,1.);
#6969 = DIRECTION('',(4.191942285976E-16,1.));
#6970 = ( GEOMETRIC_REPRESENTATION_CONTEXT(2) 
PARAMETRIC_REPRESENTATION_CONTEXT() REPRESENTATION_CONTEXT('2D SPACE',''
  ) );
#6971 = PCURVE('',#4835,#6972);
#6972 = DEFINITIONAL_REPRESENTATION('',(#6973),#6977);
#6973 = LINE('',#6974,#6975);
#6974 = CARTESIAN_POINT('',(1.131370849898,-6.707107657562E-16));
#6975 = VECTOR('',#6976,1.);
#6976 = DIRECTION('',(-9.860761315263E-32,1.));
#6977 = ( GEOMETRIC_REPRESENTATION_CONTEXT(2) 
PARAMETRIC_REPRESENTATION_CONTEXT() REPRESENTATION_CONTEXT('2D SPACE',''
  ) );
#6978 = ORIENTED_EDGE('',*,*,#6979,.T.);
#6979 = EDGE_CURVE('',#6957,#6980,#6982,.T.);
#6980 = VERTEX_POINT('',#6981);
#6981 = CARTESIAN_POINT('',(-4.06,-3.26,0.));
#6982 = SURFACE_CURVE('',#6983,(#6988,#6995),.PCURVE_S1.);
#6983 = CIRCLE('',#6984,0.8);
#6984 = AXIS2_PLACEMENT_3D('',#6985,#6986,#6987);
#6985 = CARTESIAN_POINT('',(-4.06,-4.06,0.));
#6986 = DIRECTION('',(0.,-0.,1.));
#6987 = DIRECTION('',(1.,-2.22044604925E-15,-0.));
#6988 = PCURVE('',#4726,#6989);
#6989 = DEFINITIONAL_REPRESENTATION('',(#6990),#6994);
#6990 = CIRCLE('',#6991,0.8);
#6991 = AXIS2_PLACEMENT_2D('',#6992,#6993);
#6992 = CARTESIAN_POINT('',(16.94,16.94));
#6993 = DIRECTION('',(1.,-2.22044604925E-15));
#6994 = ( GEOMETRIC_REPRESENTATION_CONTEXT(2) 
PARAMETRIC_REPRESENTATION_CONTEXT() REPRESENTATION_CONTEXT('2D SPACE',''
  ) );
#6995 = PCURVE('',#4890,#6996);
#6996 = DEFINITIONAL_REPRESENTATION('',(#6997),#7001);
#6997 = LINE('',#6998,#6999);
#6998 = CARTESIAN_POINT('',(0.,-0.8));
#6999 = VECTOR('',#7000,1.);
#7000 = DIRECTION('',(1.,0.));
#7001 = ( GEOMETRIC_REPRESENTATION_CONTEXT(2) 
PARAMETRIC_REPRESENTATION_CONTEXT() REPRESENTATION_CONTEXT('2D SPACE',''
  ) );
#7002 = ORIENTED_EDGE('',*,*,#7003,.T.);
#7003 = EDGE_CURVE('',#6980,#7004,#7006,.T.);
#7004 = VERTEX_POINT('',#7005);
#7005 = CARTESIAN_POINT('',(-37.94,-3.26,0.));
#7006 = SURFACE_CURVE('',#7007,(#7011,#7018),.PCURVE_S1.);
#7007 = LINE('',#7008,#7009);
#7008 = CARTESIAN_POINT('',(-0.31,-3.26,0.));
#7009 = VECTOR('',#7010,1.);
#7010 = DIRECTION('',(-1.,4.191942285976E-16,4.191942285976E-16));
#7011 = PCURVE('',#4726,#7012);
#7012 = DEFINITIONAL_REPRESENTATION('',(#7013),#7017);
#7013 = LINE('',#7014,#7015);
#7014 = CARTESIAN_POINT('',(20.69,17.74));
#7015 = VECTOR('',#7016,1.);
#7016 = DIRECTION('',(-1.,4.191942285976E-16));
#7017 = ( GEOMETRIC_REPRESENTATION_CONTEXT(2) 
PARAMETRIC_REPRESENTATION_CONTEXT() REPRESENTATION_CONTEXT('2D SPACE',''
  ) );
#7018 = PCURVE('',#4944,#7019);
#7019 = DEFINITIONAL_REPRESENTATION('',(#7020),#7024);
#7020 = LINE('',#7021,#7022);
#7021 = CARTESIAN_POINT('',(1.131370849898,-6.707107657562E-16));
#7022 = VECTOR('',#7023,1.);
#7023 = DIRECTION('',(-9.860761315263E-32,1.));
#7024 = ( GEOMETRIC_REPRESENTATION_CONTEXT(2) 
PARAMETRIC_REPRESENTATION_CONTEXT() REPRESENTATION_CONTEXT('2D SPACE',''
  ) );
#7025 = ORIENTED_EDGE('',*,*,#7026,.T.);
#7026 = EDGE_CURVE('',#7004,#7027,#7029,.T.);
#7027 = VERTEX_POINT('',#7028);
#7028 = CARTESIAN_POINT('',(-38.74,-4.06,0.));
#7029 = SURFACE_CURVE('',#7030,(#7035,#7042),.PCURVE_S1.);
#7030 = CIRCLE('',#7031,0.8);
#7031 = AXIS2_PLACEMENT_3D('',#7032,#7033,#7034);
#7032 = CARTESIAN_POINT('',(-37.94,-4.06,0.));
#7033 = DIRECTION('',(0.,-0.,1.));
#7034 = DIRECTION('',(2.22044604925E-15,1.,0.));
#7035 = PCURVE('',#4726,#7036);
#7036 = DEFINITIONAL_REPRESENTATION('',(#7037),#7041);
#7037 = CIRCLE('',#7038,0.8);
#7038 = AXIS2_PLACEMENT_2D('',#7039,#7040);
#7039 = CARTESIAN_POINT('',(-16.94,16.94));
#7040 = DIRECTION('',(2.22044604925E-15,1.));
#7041 = ( GEOMETRIC_REPRESENTATION_CONTEXT(2) 
PARAMETRIC_REPRESENTATION_CONTEXT() REPRESENTATION_CONTEXT('2D SPACE',''
  ) );
#7042 = PCURVE('',#4999,#7043);
#7043 = DEFINITIONAL_REPRESENTATION('',(#7044),#7048);
#7044 = LINE('',#7045,#7046);
#7045 = CARTESIAN_POINT('',(0.,-0.8));
#7046 = VECTOR('',#7047,1.);
#7047 = DIRECTION('',(1.,0.));
#7048 = ( GEOMETRIC_REPRESENTATION_CONTEXT(2) 
PARAMETRIC_REPRESENTATION_CONTEXT() REPRESENTATION_CONTEXT('2D SPACE',''
  ) );
#7049 = ORIENTED_EDGE('',*,*,#7050,.T.);
#7050 = EDGE_CURVE('',#7027,#6830,#7051,.T.);
#7051 = SURFACE_CURVE('',#7052,(#7056,#7063),.PCURVE_S1.);
#7052 = LINE('',#7053,#7054);
#7053 = CARTESIAN_POINT('',(-38.74,-0.31,0.));
#7054 = VECTOR('',#7055,1.);
#7055 = DIRECTION('',(-4.191942285976E-16,-1.,4.191942285976E-16));
#7056 = PCURVE('',#4726,#7057);
#7057 = DEFINITIONAL_REPRESENTATION('',(#7058),#7062);
#7058 = LINE('',#7059,#7060);
#7059 = CARTESIAN_POINT('',(-17.74,20.69));
#7060 = VECTOR('',#7061,1.);
#7061 = DIRECTION('',(-4.191942285976E-16,-1.));
#7062 = ( GEOMETRIC_REPRESENTATION_CONTEXT(2) 
PARAMETRIC_REPRESENTATION_CONTEXT() REPRESENTATION_CONTEXT('2D SPACE',''
  ) );
#7063 = PCURVE('',#6757,#7064);
#7064 = DEFINITIONAL_REPRESENTATION('',(#7065),#7069);
#7065 = LINE('',#7066,#7067);
#7066 = CARTESIAN_POINT('',(1.131370849898,-6.707107657562E-16));
#7067 = VECTOR('',#7068,1.);
#7068 = DIRECTION('',(-9.860761315263E-32,1.));
#7069 = ( GEOMETRIC_REPRESENTATION_CONTEXT(2) 
PARAMETRIC_REPRESENTATION_CONTEXT() REPRESENTATION_CONTEXT('2D SPACE',''
  ) );
#7070 = ORIENTED_EDGE('',*,*,#6852,.T.);
#7071 = ORIENTED_EDGE('',*,*,#4710,.T.);
#7072 = ADVANCED_FACE('',(#7073),#4752,.T.);
#7073 = FACE_BOUND('',#7074,.T.);
#7074 = EDGE_LOOP('',(#7075,#7076,#7077,#7078));
#7075 = ORIENTED_EDGE('',*,*,#4769,.F.);
#7076 = ORIENTED_EDGE('',*,*,#4738,.F.);
#7077 = ORIENTED_EDGE('',*,*,#6932,.T.);
#7078 = ORIENTED_EDGE('',*,*,#7079,.T.);
#7079 = EDGE_CURVE('',#6933,#4770,#7080,.T.);
#7080 = SURFACE_CURVE('',#7081,(#7085,#7092),.PCURVE_S1.);
#7081 = LINE('',#7082,#7083);
#7082 = CARTESIAN_POINT('',(-2.46,-37.94,0.8));
#7083 = VECTOR('',#7084,1.);
#7084 = DIRECTION('',(0.707106781187,-2.241427244969E-15,0.707106781187)
  );
#7085 = PCURVE('',#4752,#7086);
#7086 = DEFINITIONAL_REPRESENTATION('',(#7087),#7091);
#7087 = LINE('',#7088,#7089);
#7088 = CARTESIAN_POINT('',(1.570796326795,0.));
#7089 = VECTOR('',#7090,1.);
#7090 = DIRECTION('',(0.,1.));
#7091 = ( GEOMETRIC_REPRESENTATION_CONTEXT(2) 
PARAMETRIC_REPRESENTATION_CONTEXT() REPRESENTATION_CONTEXT('2D SPACE',''
  ) );
#7092 = PCURVE('',#4835,#7093);
#7093 = DEFINITIONAL_REPRESENTATION('',(#7094),#7098);
#7094 = LINE('',#7095,#7096);
#7095 = CARTESIAN_POINT('',(-2.890348213268E-16,3.75));
#7096 = VECTOR('',#7097,1.);
#7097 = DIRECTION('',(-1.,-1.648597081618E-15));
#7098 = ( GEOMETRIC_REPRESENTATION_CONTEXT(2) 
PARAMETRIC_REPRESENTATION_CONTEXT() REPRESENTATION_CONTEXT('2D SPACE',''
  ) );
#7099 = ADVANCED_FACE('',(#7100),#4835,.T.);
#7100 = FACE_BOUND('',#7101,.T.);
#7101 = EDGE_LOOP('',(#7102,#7103,#7104,#7105));
#7102 = ORIENTED_EDGE('',*,*,#4819,.F.);
#7103 = ORIENTED_EDGE('',*,*,#7079,.F.);
#7104 = ORIENTED_EDGE('',*,*,#6956,.T.);
#7105 = ORIENTED_EDGE('',*,*,#7106,.F.);
#7106 = EDGE_CURVE('',#4820,#6957,#7107,.T.);
#7107 = SURFACE_CURVE('',#7108,(#7112,#7119),.PCURVE_S1.);
#7108 = LINE('',#7109,#7110);
#7109 = CARTESIAN_POINT('',(-2.46,-4.06,0.8));
#7110 = VECTOR('',#7111,1.);
#7111 = DIRECTION('',(-0.707106781187,5.928301633513E-16,-0.707106781187
    ));
#7112 = PCURVE('',#4835,#7113);
#7113 = DEFINITIONAL_REPRESENTATION('',(#7114),#7118);
#7114 = LINE('',#7115,#7116);
#7115 = CARTESIAN_POINT('',(9.549416088084E-16,37.63));
#7116 = VECTOR('',#7117,1.);
#7117 = DIRECTION('',(1.,-9.860761315263E-32));
#7118 = ( GEOMETRIC_REPRESENTATION_CONTEXT(2) 
PARAMETRIC_REPRESENTATION_CONTEXT() REPRESENTATION_CONTEXT('2D SPACE',''
  ) );
#7119 = PCURVE('',#4890,#7120);
#7120 = DEFINITIONAL_REPRESENTATION('',(#7121),#7125);
#7121 = LINE('',#7122,#7123);
#7122 = CARTESIAN_POINT('',(0.,0.));
#7123 = VECTOR('',#7124,1.);
#7124 = DIRECTION('',(-0.,-1.));
#7125 = ( GEOMETRIC_REPRESENTATION_CONTEXT(2) 
PARAMETRIC_REPRESENTATION_CONTEXT() REPRESENTATION_CONTEXT('2D SPACE',''
  ) );
#7126 = ADVANCED_FACE('',(#7127),#4890,.T.);
#7127 = FACE_BOUND('',#7128,.T.);
#7128 = EDGE_LOOP('',(#7129,#7130,#7131,#7132));
#7129 = ORIENTED_EDGE('',*,*,#4873,.F.);
#7130 = ORIENTED_EDGE('',*,*,#7106,.T.);
#7131 = ORIENTED_EDGE('',*,*,#6979,.T.);
#7132 = ORIENTED_EDGE('',*,*,#7133,.T.);
#7133 = EDGE_CURVE('',#6980,#4874,#7134,.T.);
#7134 = SURFACE_CURVE('',#7135,(#7139,#7146),.PCURVE_S1.);
#7135 = LINE('',#7136,#7137);
#7136 = CARTESIAN_POINT('',(-4.06,-2.46,0.8));
#7137 = VECTOR('',#7138,1.);
#7138 = DIRECTION('',(2.241427244969E-15,0.707106781187,0.707106781187)
  );
#7139 = PCURVE('',#4890,#7140);
#7140 = DEFINITIONAL_REPRESENTATION('',(#7141),#7145);
#7141 = LINE('',#7142,#7143);
#7142 = CARTESIAN_POINT('',(1.570796326795,0.));
#7143 = VECTOR('',#7144,1.);
#7144 = DIRECTION('',(0.,1.));
#7145 = ( GEOMETRIC_REPRESENTATION_CONTEXT(2) 
PARAMETRIC_REPRESENTATION_CONTEXT() REPRESENTATION_CONTEXT('2D SPACE',''
  ) );
#7146 = PCURVE('',#4944,#7147);
#7147 = DEFINITIONAL_REPRESENTATION('',(#7148),#7152);
#7148 = LINE('',#7149,#7150);
#7149 = CARTESIAN_POINT('',(-2.890348213268E-16,3.75));
#7150 = VECTOR('',#7151,1.);
#7151 = DIRECTION('',(-1.,-1.648597081618E-15));
#7152 = ( GEOMETRIC_REPRESENTATION_CONTEXT(2) 
PARAMETRIC_REPRESENTATION_CONTEXT() REPRESENTATION_CONTEXT('2D SPACE',''
  ) );
#7153 = ADVANCED_FACE('',(#7154),#4944,.T.);
#7154 = FACE_BOUND('',#7155,.T.);
#7155 = EDGE_LOOP('',(#7156,#7157,#7158,#7159));
#7156 = ORIENTED_EDGE('',*,*,#4928,.F.);
#7157 = ORIENTED_EDGE('',*,*,#7133,.F.);
#7158 = ORIENTED_EDGE('',*,*,#7003,.T.);
#7159 = ORIENTED_EDGE('',*,*,#7160,.F.);
#7160 = EDGE_CURVE('',#4929,#7004,#7161,.T.);
#7161 = SURFACE_CURVE('',#7162,(#7166,#7173),.PCURVE_S1.);
#7162 = LINE('',#7163,#7164);
#7163 = CARTESIAN_POINT('',(-37.94,-2.46,0.8));
#7164 = VECTOR('',#7165,1.);
#7165 = DIRECTION('',(-5.928301633513E-16,-0.707106781187,
    -0.707106781187));
#7166 = PCURVE('',#4944,#7167);
#7167 = DEFINITIONAL_REPRESENTATION('',(#7168),#7172);
#7168 = LINE('',#7169,#7170);
#7169 = CARTESIAN_POINT('',(9.549416088084E-16,37.63));
#7170 = VECTOR('',#7171,1.);
#7171 = DIRECTION('',(1.,-9.860761315263E-32));
#7172 = ( GEOMETRIC_REPRESENTATION_CONTEXT(2) 
PARAMETRIC_REPRESENTATION_CONTEXT() REPRESENTATION_CONTEXT('2D SPACE',''
  ) );
#7173 = PCURVE('',#4999,#7174);
#7174 = DEFINITIONAL_REPRESENTATION('',(#7175),#7179);
#7175 = LINE('',#7176,#7177);
#7176 = CARTESIAN_POINT('',(0.,0.));
#7177 = VECTOR('',#7178,1.);
#7178 = DIRECTION('',(-0.,-1.));
#7179 = ( GEOMETRIC_REPRESENTATION_CONTEXT(2) 
PARAMETRIC_REPRESENTATION_CONTEXT() REPRESENTATION_CONTEXT('2D SPACE',''
  ) );
#7180 = ADVANCED_FACE('',(#7181),#4999,.T.);
#7181 = FACE_BOUND('',#7182,.T.);
#7182 = EDGE_LOOP('',(#7183,#7184,#7185,#7186));
#7183 = ORIENTED_EDGE('',*,*,#4982,.F.);
#7184 = ORIENTED_EDGE('',*,*,#7160,.T.);
#7185 = ORIENTED_EDGE('',*,*,#7026,.T.);
#7186 = ORIENTED_EDGE('',*,*,#7187,.T.);
#7187 = EDGE_CURVE('',#7027,#4983,#7188,.T.);
#7188 = SURFACE_CURVE('',#7189,(#7193,#7200),.PCURVE_S1.);
#7189 = LINE('',#7190,#7191);
#7190 = CARTESIAN_POINT('',(-39.54,-4.06,0.8));
#7191 = VECTOR('',#7192,1.);
#7192 = DIRECTION('',(-0.707106781187,2.241427244969E-15,0.707106781187)
  );
#7193 = PCURVE('',#4999,#7194);
#7194 = DEFINITIONAL_REPRESENTATION('',(#7195),#7199);
#7195 = LINE('',#7196,#7197);
#7196 = CARTESIAN_POINT('',(1.570796326795,0.));
#7197 = VECTOR('',#7198,1.);
#7198 = DIRECTION('',(0.,1.));
#7199 = ( GEOMETRIC_REPRESENTATION_CONTEXT(2) 
PARAMETRIC_REPRESENTATION_CONTEXT() REPRESENTATION_CONTEXT('2D SPACE',''
  ) );
#7200 = PCURVE('',#6757,#7201);
#7201 = DEFINITIONAL_REPRESENTATION('',(#7202),#7206);
#7202 = LINE('',#7203,#7204);
#7203 = CARTESIAN_POINT('',(-5.313330689115E-15,3.75));
#7204 = VECTOR('',#7205,1.);
#7205 = DIRECTION('',(-1.,-1.648597081618E-15));
#7206 = ( GEOMETRIC_REPRESENTATION_CONTEXT(2) 
PARAMETRIC_REPRESENTATION_CONTEXT() REPRESENTATION_CONTEXT('2D SPACE',''
  ) );
#7207 = ADVANCED_FACE('',(#7208),#5076,.T.);
#7208 = FACE_BOUND('',#7209,.T.);
#7209 = EDGE_LOOP('',(#7210,#7211,#7234,#7263));
#7210 = ORIENTED_EDGE('',*,*,#5059,.F.);
#7211 = ORIENTED_EDGE('',*,*,#7212,.T.);
#7212 = EDGE_CURVE('',#5037,#7213,#7215,.T.);
#7213 = VERTEX_POINT('',#7214);
#7214 = CARTESIAN_POINT('',(-38.74,4.06,0.));
#7215 = SURFACE_CURVE('',#7216,(#7220,#7227),.PCURVE_S1.);
#7216 = LINE('',#7217,#7218);
#7217 = CARTESIAN_POINT('',(-39.54,4.06,0.8));
#7218 = VECTOR('',#7219,1.);
#7219 = DIRECTION('',(0.707106781187,-5.928301633513E-16,-0.707106781187
    ));
#7220 = PCURVE('',#5076,#7221);
#7221 = DEFINITIONAL_REPRESENTATION('',(#7222),#7226);
#7222 = LINE('',#7223,#7224);
#7223 = CARTESIAN_POINT('',(0.,0.));
#7224 = VECTOR('',#7225,1.);
#7225 = DIRECTION('',(-0.,-1.));
#7226 = ( GEOMETRIC_REPRESENTATION_CONTEXT(2) 
PARAMETRIC_REPRESENTATION_CONTEXT() REPRESENTATION_CONTEXT('2D SPACE',''
  ) );
#7227 = PCURVE('',#6725,#7228);
#7228 = DEFINITIONAL_REPRESENTATION('',(#7229),#7233);
#7229 = LINE('',#7230,#7231);
#7230 = CARTESIAN_POINT('',(1.582978592282E-15,37.63));
#7231 = VECTOR('',#7232,1.);
#7232 = DIRECTION('',(1.,-9.860761315263E-32));
#7233 = ( GEOMETRIC_REPRESENTATION_CONTEXT(2) 
PARAMETRIC_REPRESENTATION_CONTEXT() REPRESENTATION_CONTEXT('2D SPACE',''
  ) );
#7234 = ORIENTED_EDGE('',*,*,#7235,.T.);
#7235 = EDGE_CURVE('',#7213,#7236,#7238,.T.);
#7236 = VERTEX_POINT('',#7237);
#7237 = CARTESIAN_POINT('',(-37.94,3.26,0.));
#7238 = SURFACE_CURVE('',#7239,(#7244,#7251),.PCURVE_S1.);
#7239 = CIRCLE('',#7240,0.8);
#7240 = AXIS2_PLACEMENT_3D('',#7241,#7242,#7243);
#7241 = CARTESIAN_POINT('',(-37.94,4.06,0.));
#7242 = DIRECTION('',(0.,0.,1.));
#7243 = DIRECTION('',(-1.,2.22044604925E-15,0.));
#7244 = PCURVE('',#5076,#7245);
#7245 = DEFINITIONAL_REPRESENTATION('',(#7246),#7250);
#7246 = LINE('',#7247,#7248);
#7247 = CARTESIAN_POINT('',(0.,-0.8));
#7248 = VECTOR('',#7249,1.);
#7249 = DIRECTION('',(1.,0.));
#7250 = ( GEOMETRIC_REPRESENTATION_CONTEXT(2) 
PARAMETRIC_REPRESENTATION_CONTEXT() REPRESENTATION_CONTEXT('2D SPACE',''
  ) );
#7251 = PCURVE('',#7252,#7257);
#7252 = PLANE('',#7253);
#7253 = AXIS2_PLACEMENT_3D('',#7254,#7255,#7256);
#7254 = CARTESIAN_POINT('',(-21.,21.,8.881784197001E-15));
#7255 = DIRECTION('',(2.022797592717E-32,-2.022797592717E-32,1.));
#7256 = DIRECTION('',(1.,0.,-2.022797592717E-32));
#7257 = DEFINITIONAL_REPRESENTATION('',(#7258),#7262);
#7258 = CIRCLE('',#7259,0.8);
#7259 = AXIS2_PLACEMENT_2D('',#7260,#7261);
#7260 = CARTESIAN_POINT('',(-16.94,-16.94));
#7261 = DIRECTION('',(-1.,2.22044604925E-15));
#7262 = ( GEOMETRIC_REPRESENTATION_CONTEXT(2) 
PARAMETRIC_REPRESENTATION_CONTEXT() REPRESENTATION_CONTEXT('2D SPACE',''
  ) );
#7263 = ORIENTED_EDGE('',*,*,#7264,.T.);
#7264 = EDGE_CURVE('',#7236,#5060,#7265,.T.);
#7265 = SURFACE_CURVE('',#7266,(#7270,#7277),.PCURVE_S1.);
#7266 = LINE('',#7267,#7268);
#7267 = CARTESIAN_POINT('',(-37.94,2.46,0.8));
#7268 = VECTOR('',#7269,1.);
#7269 = DIRECTION('',(-2.241427244969E-15,-0.707106781187,0.707106781187
    ));
#7270 = PCURVE('',#5076,#7271);
#7271 = DEFINITIONAL_REPRESENTATION('',(#7272),#7276);
#7272 = LINE('',#7273,#7274);
#7273 = CARTESIAN_POINT('',(1.570796326795,0.));
#7274 = VECTOR('',#7275,1.);
#7275 = DIRECTION('',(0.,1.));
#7276 = ( GEOMETRIC_REPRESENTATION_CONTEXT(2) 
PARAMETRIC_REPRESENTATION_CONTEXT() REPRESENTATION_CONTEXT('2D SPACE',''
  ) );
#7277 = PCURVE('',#5130,#7278);
#7278 = DEFINITIONAL_REPRESENTATION('',(#7279),#7283);
#7279 = LINE('',#7280,#7281);
#7280 = CARTESIAN_POINT('',(-2.890348213268E-16,3.75));
#7281 = VECTOR('',#7282,1.);
#7282 = DIRECTION('',(-1.,-1.648597081618E-15));
#7283 = ( GEOMETRIC_REPRESENTATION_CONTEXT(2) 
PARAMETRIC_REPRESENTATION_CONTEXT() REPRESENTATION_CONTEXT('2D SPACE',''
  ) );
#7284 = ADVANCED_FACE('',(#7285),#5130,.T.);
#7285 = FACE_BOUND('',#7286,.T.);
#7286 = EDGE_LOOP('',(#7287,#7288,#7289,#7312));
#7287 = ORIENTED_EDGE('',*,*,#5114,.F.);
#7288 = ORIENTED_EDGE('',*,*,#7264,.F.);
#7289 = ORIENTED_EDGE('',*,*,#7290,.T.);
#7290 = EDGE_CURVE('',#7236,#7291,#7293,.T.);
#7291 = VERTEX_POINT('',#7292);
#7292 = CARTESIAN_POINT('',(-4.06,3.26,1.59872115546E-14));
#7293 = SURFACE_CURVE('',#7294,(#7298,#7305),.PCURVE_S1.);
#7294 = LINE('',#7295,#7296);
#7295 = CARTESIAN_POINT('',(-41.69,3.26,0.));
#7296 = VECTOR('',#7297,1.);
#7297 = DIRECTION('',(1.,-4.191942285976E-16,4.191942285976E-16));
#7298 = PCURVE('',#5130,#7299);
#7299 = DEFINITIONAL_REPRESENTATION('',(#7300),#7304);
#7300 = LINE('',#7301,#7302);
#7301 = CARTESIAN_POINT('',(1.131370849898,-6.707107657562E-16));
#7302 = VECTOR('',#7303,1.);
#7303 = DIRECTION('',(-9.860761315263E-32,1.));
#7304 = ( GEOMETRIC_REPRESENTATION_CONTEXT(2) 
PARAMETRIC_REPRESENTATION_CONTEXT() REPRESENTATION_CONTEXT('2D SPACE',''
  ) );
#7305 = PCURVE('',#7252,#7306);
#7306 = DEFINITIONAL_REPRESENTATION('',(#7307),#7311);
#7307 = LINE('',#7308,#7309);
#7308 = CARTESIAN_POINT('',(-20.69,-17.74));
#7309 = VECTOR('',#7310,1.);
#7310 = DIRECTION('',(1.,-4.191942285976E-16));
#7311 = ( GEOMETRIC_REPRESENTATION_CONTEXT(2) 
PARAMETRIC_REPRESENTATION_CONTEXT() REPRESENTATION_CONTEXT('2D SPACE',''
  ) );
#7312 = ORIENTED_EDGE('',*,*,#7313,.T.);
#7313 = EDGE_CURVE('',#7291,#5115,#7314,.T.);
#7314 = SURFACE_CURVE('',#7315,(#7319,#7326),.PCURVE_S1.);
#7315 = LINE('',#7316,#7317);
#7316 = CARTESIAN_POINT('',(-4.06,2.46,0.8));
#7317 = VECTOR('',#7318,1.);
#7318 = DIRECTION('',(-1.570092458684E-15,-0.707106781187,0.707106781187
    ));
#7319 = PCURVE('',#5130,#7320);
#7320 = DEFINITIONAL_REPRESENTATION('',(#7321),#7325);
#7321 = LINE('',#7322,#7323);
#7322 = CARTESIAN_POINT('',(2.230819904691E-14,37.63));
#7323 = VECTOR('',#7324,1.);
#7324 = DIRECTION('',(-1.,-9.772622953325E-16));
#7325 = ( GEOMETRIC_REPRESENTATION_CONTEXT(2) 
PARAMETRIC_REPRESENTATION_CONTEXT() REPRESENTATION_CONTEXT('2D SPACE',''
  ) );
#7326 = PCURVE('',#5185,#7327);
#7327 = DEFINITIONAL_REPRESENTATION('',(#7328),#7332);
#7328 = LINE('',#7329,#7330);
#7329 = CARTESIAN_POINT('',(0.,0.));
#7330 = VECTOR('',#7331,1.);
#7331 = DIRECTION('',(0.,1.));
#7332 = ( GEOMETRIC_REPRESENTATION_CONTEXT(2) 
PARAMETRIC_REPRESENTATION_CONTEXT() REPRESENTATION_CONTEXT('2D SPACE',''
  ) );
#7333 = ADVANCED_FACE('',(#7334),#5185,.T.);
#7334 = FACE_BOUND('',#7335,.T.);
#7335 = EDGE_LOOP('',(#7336,#7337,#7338,#7362));
#7336 = ORIENTED_EDGE('',*,*,#5168,.F.);
#7337 = ORIENTED_EDGE('',*,*,#7313,.F.);
#7338 = ORIENTED_EDGE('',*,*,#7339,.T.);
#7339 = EDGE_CURVE('',#7291,#7340,#7342,.T.);
#7340 = VERTEX_POINT('',#7341);
#7341 = CARTESIAN_POINT('',(-3.26,4.06,0.));
#7342 = SURFACE_CURVE('',#7343,(#7348,#7355),.PCURVE_S1.);
#7343 = CIRCLE('',#7344,0.8);
#7344 = AXIS2_PLACEMENT_3D('',#7345,#7346,#7347);
#7345 = CARTESIAN_POINT('',(-4.06,4.06,0.));
#7346 = DIRECTION('',(0.,0.,1.));
#7347 = DIRECTION('',(-2.22044604925E-15,-1.,0.));
#7348 = PCURVE('',#5185,#7349);
#7349 = DEFINITIONAL_REPRESENTATION('',(#7350),#7354);
#7350 = LINE('',#7351,#7352);
#7351 = CARTESIAN_POINT('',(0.,-0.8));
#7352 = VECTOR('',#7353,1.);
#7353 = DIRECTION('',(1.,0.));
#7354 = ( GEOMETRIC_REPRESENTATION_CONTEXT(2) 
PARAMETRIC_REPRESENTATION_CONTEXT() REPRESENTATION_CONTEXT('2D SPACE',''
  ) );
#7355 = PCURVE('',#7252,#7356);
#7356 = DEFINITIONAL_REPRESENTATION('',(#7357),#7361);
#7357 = CIRCLE('',#7358,0.8);
#7358 = AXIS2_PLACEMENT_2D('',#7359,#7360);
#7359 = CARTESIAN_POINT('',(16.94,-16.94));
#7360 = DIRECTION('',(-2.22044604925E-15,-1.));
#7361 = ( GEOMETRIC_REPRESENTATION_CONTEXT(2) 
PARAMETRIC_REPRESENTATION_CONTEXT() REPRESENTATION_CONTEXT('2D SPACE',''
  ) );
#7362 = ORIENTED_EDGE('',*,*,#7363,.T.);
#7363 = EDGE_CURVE('',#7340,#5169,#7364,.T.);
#7364 = SURFACE_CURVE('',#7365,(#7369,#7376),.PCURVE_S1.);
#7365 = LINE('',#7366,#7367);
#7366 = CARTESIAN_POINT('',(-2.46,4.06,0.8));
#7367 = VECTOR('',#7368,1.);
#7368 = DIRECTION('',(0.707106781187,-2.241427244969E-15,0.707106781187)
  );
#7369 = PCURVE('',#5185,#7370);
#7370 = DEFINITIONAL_REPRESENTATION('',(#7371),#7375);
#7371 = LINE('',#7372,#7373);
#7372 = CARTESIAN_POINT('',(1.570796326795,0.));
#7373 = VECTOR('',#7374,1.);
#7374 = DIRECTION('',(0.,1.));
#7375 = ( GEOMETRIC_REPRESENTATION_CONTEXT(2) 
PARAMETRIC_REPRESENTATION_CONTEXT() REPRESENTATION_CONTEXT('2D SPACE',''
  ) );
#7376 = PCURVE('',#5239,#7377);
#7377 = DEFINITIONAL_REPRESENTATION('',(#7378),#7382);
#7378 = LINE('',#7379,#7380);
#7379 = CARTESIAN_POINT('',(-2.890348213268E-16,3.75));
#7380 = VECTOR('',#7381,1.);
#7381 = DIRECTION('',(-1.,-1.648597081618E-15));
#7382 = ( GEOMETRIC_REPRESENTATION_CONTEXT(2) 
PARAMETRIC_REPRESENTATION_CONTEXT() REPRESENTATION_CONTEXT('2D SPACE',''
  ) );
#7383 = ADVANCED_FACE('',(#7384),#5239,.T.);
#7384 = FACE_BOUND('',#7385,.T.);
#7385 = EDGE_LOOP('',(#7386,#7387,#7388,#7411));
#7386 = ORIENTED_EDGE('',*,*,#5223,.F.);
#7387 = ORIENTED_EDGE('',*,*,#7363,.F.);
#7388 = ORIENTED_EDGE('',*,*,#7389,.T.);
#7389 = EDGE_CURVE('',#7340,#7390,#7392,.T.);
#7390 = VERTEX_POINT('',#7391);
#7391 = CARTESIAN_POINT('',(-3.26,37.94,0.));
#7392 = SURFACE_CURVE('',#7393,(#7397,#7404),.PCURVE_S1.);
#7393 = LINE('',#7394,#7395);
#7394 = CARTESIAN_POINT('',(-3.26,0.31,0.));
#7395 = VECTOR('',#7396,1.);
#7396 = DIRECTION('',(4.191942285976E-16,1.,4.191942285976E-16));
#7397 = PCURVE('',#5239,#7398);
#7398 = DEFINITIONAL_REPRESENTATION('',(#7399),#7403);
#7399 = LINE('',#7400,#7401);
#7400 = CARTESIAN_POINT('',(1.131370849898,-6.707107657562E-16));
#7401 = VECTOR('',#7402,1.);
#7402 = DIRECTION('',(-9.860761315263E-32,1.));
#7403 = ( GEOMETRIC_REPRESENTATION_CONTEXT(2) 
PARAMETRIC_REPRESENTATION_CONTEXT() REPRESENTATION_CONTEXT('2D SPACE',''
  ) );
#7404 = PCURVE('',#7252,#7405);
#7405 = DEFINITIONAL_REPRESENTATION('',(#7406),#7410);
#7406 = LINE('',#7407,#7408);
#7407 = CARTESIAN_POINT('',(17.74,-20.69));
#7408 = VECTOR('',#7409,1.);
#7409 = DIRECTION('',(4.191942285976E-16,1.));
#7410 = ( GEOMETRIC_REPRESENTATION_CONTEXT(2) 
PARAMETRIC_REPRESENTATION_CONTEXT() REPRESENTATION_CONTEXT('2D SPACE',''
  ) );
#7411 = ORIENTED_EDGE('',*,*,#7412,.F.);
#7412 = EDGE_CURVE('',#5224,#7390,#7413,.T.);
#7413 = SURFACE_CURVE('',#7414,(#7418,#7425),.PCURVE_S1.);
#7414 = LINE('',#7415,#7416);
#7415 = CARTESIAN_POINT('',(-2.46,37.94,0.8));
#7416 = VECTOR('',#7417,1.);
#7417 = DIRECTION('',(-0.707106781187,5.928301633513E-16,-0.707106781187
    ));
#7418 = PCURVE('',#5239,#7419);
#7419 = DEFINITIONAL_REPRESENTATION('',(#7420),#7424);
#7420 = LINE('',#7421,#7422);
#7421 = CARTESIAN_POINT('',(9.549416088084E-16,37.63));
#7422 = VECTOR('',#7423,1.);
#7423 = DIRECTION('',(1.,-9.860761315263E-32));
#7424 = ( GEOMETRIC_REPRESENTATION_CONTEXT(2) 
PARAMETRIC_REPRESENTATION_CONTEXT() REPRESENTATION_CONTEXT('2D SPACE',''
  ) );
#7425 = PCURVE('',#5294,#7426);
#7426 = DEFINITIONAL_REPRESENTATION('',(#7427),#7431);
#7427 = LINE('',#7428,#7429);
#7428 = CARTESIAN_POINT('',(0.,0.));
#7429 = VECTOR('',#7430,1.);
#7430 = DIRECTION('',(-0.,-1.));
#7431 = ( GEOMETRIC_REPRESENTATION_CONTEXT(2) 
PARAMETRIC_REPRESENTATION_CONTEXT() REPRESENTATION_CONTEXT('2D SPACE',''
  ) );
#7432 = ADVANCED_FACE('',(#7433),#5294,.T.);
#7433 = FACE_BOUND('',#7434,.T.);
#7434 = EDGE_LOOP('',(#7435,#7436,#7437,#7461));
#7435 = ORIENTED_EDGE('',*,*,#5277,.F.);
#7436 = ORIENTED_EDGE('',*,*,#7412,.T.);
#7437 = ORIENTED_EDGE('',*,*,#7438,.T.);
#7438 = EDGE_CURVE('',#7390,#7439,#7441,.T.);
#7439 = VERTEX_POINT('',#7440);
#7440 = CARTESIAN_POINT('',(-4.06,38.74,0.));
#7441 = SURFACE_CURVE('',#7442,(#7447,#7454),.PCURVE_S1.);
#7442 = CIRCLE('',#7443,0.8);
#7443 = AXIS2_PLACEMENT_3D('',#7444,#7445,#7446);
#7444 = CARTESIAN_POINT('',(-4.06,37.94,0.));
#7445 = DIRECTION('',(0.,-0.,1.));
#7446 = DIRECTION('',(1.,-2.22044604925E-15,-0.));
#7447 = PCURVE('',#5294,#7448);
#7448 = DEFINITIONAL_REPRESENTATION('',(#7449),#7453);
#7449 = LINE('',#7450,#7451);
#7450 = CARTESIAN_POINT('',(0.,-0.8));
#7451 = VECTOR('',#7452,1.);
#7452 = DIRECTION('',(1.,0.));
#7453 = ( GEOMETRIC_REPRESENTATION_CONTEXT(2) 
PARAMETRIC_REPRESENTATION_CONTEXT() REPRESENTATION_CONTEXT('2D SPACE',''
  ) );
#7454 = PCURVE('',#7252,#7455);
#7455 = DEFINITIONAL_REPRESENTATION('',(#7456),#7460);
#7456 = CIRCLE('',#7457,0.8);
#7457 = AXIS2_PLACEMENT_2D('',#7458,#7459);
#7458 = CARTESIAN_POINT('',(16.94,16.94));
#7459 = DIRECTION('',(1.,-2.22044604925E-15));
#7460 = ( GEOMETRIC_REPRESENTATION_CONTEXT(2) 
PARAMETRIC_REPRESENTATION_CONTEXT() REPRESENTATION_CONTEXT('2D SPACE',''
  ) );
#7461 = ORIENTED_EDGE('',*,*,#7462,.T.);
#7462 = EDGE_CURVE('',#7439,#5278,#7463,.T.);
#7463 = SURFACE_CURVE('',#7464,(#7468,#7475),.PCURVE_S1.);
#7464 = LINE('',#7465,#7466);
#7465 = CARTESIAN_POINT('',(-4.06,39.54,0.8));
#7466 = VECTOR('',#7467,1.);
#7467 = DIRECTION('',(2.241427244969E-15,0.707106781187,0.707106781187)
  );
#7468 = PCURVE('',#5294,#7469);
#7469 = DEFINITIONAL_REPRESENTATION('',(#7470),#7474);
#7470 = LINE('',#7471,#7472);
#7471 = CARTESIAN_POINT('',(1.570796326795,0.));
#7472 = VECTOR('',#7473,1.);
#7473 = DIRECTION('',(0.,1.));
#7474 = ( GEOMETRIC_REPRESENTATION_CONTEXT(2) 
PARAMETRIC_REPRESENTATION_CONTEXT() REPRESENTATION_CONTEXT('2D SPACE',''
  ) );
#7475 = PCURVE('',#7476,#7481);
#7476 = PLANE('',#7477);
#7477 = AXIS2_PLACEMENT_3D('',#7478,#7479,#7480);
#7478 = CARTESIAN_POINT('',(-0.31,39.54,0.8));
#7479 = DIRECTION('',(0.,0.707106781187,-0.707106781187));
#7480 = DIRECTION('',(-5.928301633513E-16,-0.707106781187,
    -0.707106781187));
#7481 = DEFINITIONAL_REPRESENTATION('',(#7482),#7486);
#7482 = LINE('',#7483,#7484);
#7483 = CARTESIAN_POINT('',(-5.313330689115E-15,3.75));
#7484 = VECTOR('',#7485,1.);
#7485 = DIRECTION('',(-1.,-1.648597081618E-15));
#7486 = ( GEOMETRIC_REPRESENTATION_CONTEXT(2) 
PARAMETRIC_REPRESENTATION_CONTEXT() REPRESENTATION_CONTEXT('2D SPACE',''
  ) );
#7487 = ADVANCED_FACE('',(#7488),#5320,.T.);
#7488 = FACE_BOUND('',#7489,.T.);
#7489 = EDGE_LOOP('',(#7490,#7491,#7492,#7515));
#7490 = ORIENTED_EDGE('',*,*,#5337,.F.);
#7491 = ORIENTED_EDGE('',*,*,#5306,.F.);
#7492 = ORIENTED_EDGE('',*,*,#7493,.T.);
#7493 = EDGE_CURVE('',#5278,#7494,#7496,.T.);
#7494 = VERTEX_POINT('',#7495);
#7495 = CARTESIAN_POINT('',(-37.94,39.54,0.8));
#7496 = SURFACE_CURVE('',#7497,(#7501,#7508),.PCURVE_S1.);
#7497 = LINE('',#7498,#7499);
#7498 = CARTESIAN_POINT('',(-0.31,39.54,0.8));
#7499 = VECTOR('',#7500,1.);
#7500 = DIRECTION('',(-1.,-5.127099130972E-56,2.264309857544E-28));
#7501 = PCURVE('',#5320,#7502);
#7502 = DEFINITIONAL_REPRESENTATION('',(#7503),#7507);
#7503 = LINE('',#7504,#7505);
#7504 = CARTESIAN_POINT('',(1.8,-4.075757743579E-28));
#7505 = VECTOR('',#7506,1.);
#7506 = DIRECTION('',(0.,1.));
#7507 = ( GEOMETRIC_REPRESENTATION_CONTEXT(2) 
PARAMETRIC_REPRESENTATION_CONTEXT() REPRESENTATION_CONTEXT('2D SPACE',''
  ) );
#7508 = PCURVE('',#7476,#7509);
#7509 = DEFINITIONAL_REPRESENTATION('',(#7510),#7514);
#7510 = LINE('',#7511,#7512);
#7511 = CARTESIAN_POINT('',(-0.,0.));
#7512 = VECTOR('',#7513,1.);
#7513 = DIRECTION('',(5.928301633511E-16,1.));
#7514 = ( GEOMETRIC_REPRESENTATION_CONTEXT(2) 
PARAMETRIC_REPRESENTATION_CONTEXT() REPRESENTATION_CONTEXT('2D SPACE',''
  ) );
#7515 = ORIENTED_EDGE('',*,*,#7516,.F.);
#7516 = EDGE_CURVE('',#5338,#7494,#7517,.T.);
#7517 = SURFACE_CURVE('',#7518,(#7522,#7529),.PCURVE_S1.);
#7518 = LINE('',#7519,#7520);
#7519 = CARTESIAN_POINT('',(-37.94,39.54,2.6));
#7520 = VECTOR('',#7521,1.);
#7521 = DIRECTION('',(-2.264309857544E-28,2.264309857544E-28,-1.));
#7522 = PCURVE('',#5320,#7523);
#7523 = DEFINITIONAL_REPRESENTATION('',(#7524),#7528);
#7524 = LINE('',#7525,#7526);
#7525 = CARTESIAN_POINT('',(8.520597993939E-27,37.63));
#7526 = VECTOR('',#7527,1.);
#7527 = DIRECTION('',(1.,0.));
#7528 = ( GEOMETRIC_REPRESENTATION_CONTEXT(2) 
PARAMETRIC_REPRESENTATION_CONTEXT() REPRESENTATION_CONTEXT('2D SPACE',''
  ) );
#7529 = PCURVE('',#6576,#7530);
#7530 = DEFINITIONAL_REPRESENTATION('',(#7531),#7535);
#7531 = LINE('',#7532,#7533);
#7532 = CARTESIAN_POINT('',(0.,0.));
#7533 = VECTOR('',#7534,1.);
#7534 = DIRECTION('',(-0.,-1.));
#7535 = ( GEOMETRIC_REPRESENTATION_CONTEXT(2) 
PARAMETRIC_REPRESENTATION_CONTEXT() REPRESENTATION_CONTEXT('2D SPACE',''
  ) );
#7536 = ADVANCED_FACE('',(#7537),#5400,.T.);
#7537 = FACE_BOUND('',#7538,.T.);
#7538 = EDGE_LOOP('',(#7539,#7540,#7541,#7567));
#7539 = ORIENTED_EDGE('',*,*,#5386,.F.);
#7540 = ORIENTED_EDGE('',*,*,#6288,.F.);
#7541 = ORIENTED_EDGE('',*,*,#7542,.T.);
#7542 = EDGE_CURVE('',#6260,#5500,#7543,.T.);
#7543 = SURFACE_CURVE('',#7544,(#7548,#7555),.PCURVE_S1.);
#7544 = LINE('',#7545,#7546);
#7545 = CARTESIAN_POINT('',(41.69,39.54,0.8));
#7546 = VECTOR('',#7547,1.);
#7547 = DIRECTION('',(-1.,-5.127099130972E-56,2.264309857544E-28));
#7548 = PCURVE('',#5400,#7549);
#7549 = DEFINITIONAL_REPRESENTATION('',(#7550),#7554);
#7550 = LINE('',#7551,#7552);
#7551 = CARTESIAN_POINT('',(1.8,-4.075757743579E-28));
#7552 = VECTOR('',#7553,1.);
#7553 = DIRECTION('',(0.,1.));
#7554 = ( GEOMETRIC_REPRESENTATION_CONTEXT(2) 
PARAMETRIC_REPRESENTATION_CONTEXT() REPRESENTATION_CONTEXT('2D SPACE',''
  ) );
#7555 = PCURVE('',#7556,#7561);
#7556 = PLANE('',#7557);
#7557 = AXIS2_PLACEMENT_3D('',#7558,#7559,#7560);
#7558 = CARTESIAN_POINT('',(41.69,39.54,0.8));
#7559 = DIRECTION('',(0.,0.707106781187,-0.707106781187));
#7560 = DIRECTION('',(-5.928301633513E-16,-0.707106781187,
    -0.707106781187));
#7561 = DEFINITIONAL_REPRESENTATION('',(#7562),#7566);
#7562 = LINE('',#7563,#7564);
#7563 = CARTESIAN_POINT('',(-0.,0.));
#7564 = VECTOR('',#7565,1.);
#7565 = DIRECTION('',(5.928301633511E-16,1.));
#7566 = ( GEOMETRIC_REPRESENTATION_CONTEXT(2) 
PARAMETRIC_REPRESENTATION_CONTEXT() REPRESENTATION_CONTEXT('2D SPACE',''
  ) );
#7567 = ORIENTED_EDGE('',*,*,#5499,.F.);
#7568 = ADVANCED_FACE('',(#7569),#5483,.F.);
#7569 = FACE_BOUND('',#7570,.F.);
#7570 = EDGE_LOOP('',(#7571,#7572,#7600,#7621));
#7571 = ORIENTED_EDGE('',*,*,#6232,.F.);
#7572 = ORIENTED_EDGE('',*,*,#7573,.T.);
#7573 = EDGE_CURVE('',#6209,#7574,#7576,.T.);
#7574 = VERTEX_POINT('',#7575);
#7575 = CARTESIAN_POINT('',(-37.94,39.54,23.845));
#7576 = SURFACE_CURVE('',#7577,(#7581,#7588),.PCURVE_S1.);
#7577 = LINE('',#7578,#7579);
#7578 = CARTESIAN_POINT('',(41.69,39.54,23.845));
#7579 = VECTOR('',#7580,1.);
#7580 = DIRECTION('',(-1.,9.743057409101E-16,9.743057409101E-16));
#7581 = PCURVE('',#5483,#7582);
#7582 = DEFINITIONAL_REPRESENTATION('',(#7583),#7587);
#7583 = LINE('',#7584,#7585);
#7584 = CARTESIAN_POINT('',(3.040559159102,2.915912671688E-15));
#7585 = VECTOR('',#7586,1.);
#7586 = DIRECTION('',(1.972152263053E-31,1.));
#7587 = ( GEOMETRIC_REPRESENTATION_CONTEXT(2) 
PARAMETRIC_REPRESENTATION_CONTEXT() REPRESENTATION_CONTEXT('2D SPACE',''
  ) );
#7588 = PCURVE('',#7589,#7594);
#7589 = PLANE('',#7590);
#7590 = AXIS2_PLACEMENT_3D('',#7591,#7592,#7593);
#7591 = CARTESIAN_POINT('',(41.69,39.54,23.845));
#7592 = DIRECTION('',(0.,1.,9.98891821831E-31));
#7593 = DIRECTION('',(-9.98891821831E-31,9.98891821831E-31,-1.));
#7594 = DEFINITIONAL_REPRESENTATION('',(#7595),#7599);
#7595 = LINE('',#7596,#7597);
#7596 = CARTESIAN_POINT('',(0.,0.));
#7597 = VECTOR('',#7598,1.);
#7598 = DIRECTION('',(-9.743057409101E-16,1.));
#7599 = ( GEOMETRIC_REPRESENTATION_CONTEXT(2) 
PARAMETRIC_REPRESENTATION_CONTEXT() REPRESENTATION_CONTEXT('2D SPACE',''
  ) );
#7600 = ORIENTED_EDGE('',*,*,#7601,.F.);
#7601 = EDGE_CURVE('',#5419,#7574,#7602,.T.);
#7602 = SURFACE_CURVE('',#7603,(#7607,#7614),.PCURVE_S1.);
#7603 = LINE('',#7604,#7605);
#7604 = CARTESIAN_POINT('',(-37.94,41.69,25.995));
#7605 = VECTOR('',#7606,1.);
#7606 = DIRECTION('',(-1.377876392693E-15,-0.707106781187,
    -0.707106781187));
#7607 = PCURVE('',#5483,#7608);
#7608 = DEFINITIONAL_REPRESENTATION('',(#7609),#7613);
#7609 = LINE('',#7610,#7611);
#7610 = CARTESIAN_POINT('',(-8.142119411955E-16,79.63));
#7611 = VECTOR('',#7612,1.);
#7612 = DIRECTION('',(1.,1.972152263053E-31));
#7613 = ( GEOMETRIC_REPRESENTATION_CONTEXT(2) 
PARAMETRIC_REPRESENTATION_CONTEXT() REPRESENTATION_CONTEXT('2D SPACE',''
  ) );
#7614 = PCURVE('',#6613,#7615);
#7615 = DEFINITIONAL_REPRESENTATION('',(#7616),#7620);
#7616 = LINE('',#7617,#7618);
#7617 = CARTESIAN_POINT('',(0.,0.));
#7618 = VECTOR('',#7619,1.);
#7619 = DIRECTION('',(-0.,-1.));
#7620 = ( GEOMETRIC_REPRESENTATION_CONTEXT(2) 
PARAMETRIC_REPRESENTATION_CONTEXT() REPRESENTATION_CONTEXT('2D SPACE',''
  ) );
#7621 = ORIENTED_EDGE('',*,*,#5469,.F.);
#7622 = ADVANCED_FACE('',(#7623),#5539,.T.);
#7623 = FACE_BOUND('',#7624,.T.);
#7624 = EDGE_LOOP('',(#7625,#7626,#7649,#7673));
#7625 = ORIENTED_EDGE('',*,*,#5522,.F.);
#7626 = ORIENTED_EDGE('',*,*,#7627,.T.);
#7627 = EDGE_CURVE('',#5500,#7628,#7630,.T.);
#7628 = VERTEX_POINT('',#7629);
#7629 = CARTESIAN_POINT('',(4.06,38.74,0.));
#7630 = SURFACE_CURVE('',#7631,(#7635,#7642),.PCURVE_S1.);
#7631 = LINE('',#7632,#7633);
#7632 = CARTESIAN_POINT('',(4.06,39.54,0.8));
#7633 = VECTOR('',#7634,1.);
#7634 = DIRECTION('',(-5.928301633513E-16,-0.707106781187,
    -0.707106781187));
#7635 = PCURVE('',#5539,#7636);
#7636 = DEFINITIONAL_REPRESENTATION('',(#7637),#7641);
#7637 = LINE('',#7638,#7639);
#7638 = CARTESIAN_POINT('',(0.,0.));
#7639 = VECTOR('',#7640,1.);
#7640 = DIRECTION('',(-0.,-1.));
#7641 = ( GEOMETRIC_REPRESENTATION_CONTEXT(2) 
PARAMETRIC_REPRESENTATION_CONTEXT() REPRESENTATION_CONTEXT('2D SPACE',''
  ) );
#7642 = PCURVE('',#7556,#7643);
#7643 = DEFINITIONAL_REPRESENTATION('',(#7644),#7648);
#7644 = LINE('',#7645,#7646);
#7645 = CARTESIAN_POINT('',(1.582978592282E-15,37.63));
#7646 = VECTOR('',#7647,1.);
#7647 = DIRECTION('',(1.,-9.860761315263E-32));
#7648 = ( GEOMETRIC_REPRESENTATION_CONTEXT(2) 
PARAMETRIC_REPRESENTATION_CONTEXT() REPRESENTATION_CONTEXT('2D SPACE',''
  ) );
#7649 = ORIENTED_EDGE('',*,*,#7650,.T.);
#7650 = EDGE_CURVE('',#7628,#7651,#7653,.T.);
#7651 = VERTEX_POINT('',#7652);
#7652 = CARTESIAN_POINT('',(3.26,37.94,0.));
#7653 = SURFACE_CURVE('',#7654,(#7659,#7666),.PCURVE_S1.);
#7654 = CIRCLE('',#7655,0.8);
#7655 = AXIS2_PLACEMENT_3D('',#7656,#7657,#7658);
#7656 = CARTESIAN_POINT('',(4.06,37.94,0.));
#7657 = DIRECTION('',(0.,-0.,1.));
#7658 = DIRECTION('',(2.22044604925E-15,1.,0.));
#7659 = PCURVE('',#5539,#7660);
#7660 = DEFINITIONAL_REPRESENTATION('',(#7661),#7665);
#7661 = LINE('',#7662,#7663);
#7662 = CARTESIAN_POINT('',(0.,-0.8));
#7663 = VECTOR('',#7664,1.);
#7664 = DIRECTION('',(1.,0.));
#7665 = ( GEOMETRIC_REPRESENTATION_CONTEXT(2) 
PARAMETRIC_REPRESENTATION_CONTEXT() REPRESENTATION_CONTEXT('2D SPACE',''
  ) );
#7666 = PCURVE('',#6401,#7667);
#7667 = DEFINITIONAL_REPRESENTATION('',(#7668),#7672);
#7668 = CIRCLE('',#7669,0.8);
#7669 = AXIS2_PLACEMENT_2D('',#7670,#7671);
#7670 = CARTESIAN_POINT('',(-16.94,16.94));
#7671 = DIRECTION('',(2.22044604925E-15,1.));
#7672 = ( GEOMETRIC_REPRESENTATION_CONTEXT(2) 
PARAMETRIC_REPRESENTATION_CONTEXT() REPRESENTATION_CONTEXT('2D SPACE',''
  ) );
#7673 = ORIENTED_EDGE('',*,*,#7674,.T.);
#7674 = EDGE_CURVE('',#7651,#5523,#7675,.T.);
#7675 = SURFACE_CURVE('',#7676,(#7680,#7687),.PCURVE_S1.);
#7676 = LINE('',#7677,#7678);
#7677 = CARTESIAN_POINT('',(2.46,37.94,0.8));
#7678 = VECTOR('',#7679,1.);
#7679 = DIRECTION('',(-0.707106781187,2.241427244969E-15,0.707106781187)
  );
#7680 = PCURVE('',#5539,#7681);
#7681 = DEFINITIONAL_REPRESENTATION('',(#7682),#7686);
#7682 = LINE('',#7683,#7684);
#7683 = CARTESIAN_POINT('',(1.570796326795,0.));
#7684 = VECTOR('',#7685,1.);
#7685 = DIRECTION('',(0.,1.));
#7686 = ( GEOMETRIC_REPRESENTATION_CONTEXT(2) 
PARAMETRIC_REPRESENTATION_CONTEXT() REPRESENTATION_CONTEXT('2D SPACE',''
  ) );
#7687 = PCURVE('',#5593,#7688);
#7688 = DEFINITIONAL_REPRESENTATION('',(#7689),#7693);
#7689 = LINE('',#7690,#7691);
#7690 = CARTESIAN_POINT('',(-2.890348213268E-16,3.75));
#7691 = VECTOR('',#7692,1.);
#7692 = DIRECTION('',(-1.,-1.648597081618E-15));
#7693 = ( GEOMETRIC_REPRESENTATION_CONTEXT(2) 
PARAMETRIC_REPRESENTATION_CONTEXT() REPRESENTATION_CONTEXT('2D SPACE',''
  ) );
#7694 = ADVANCED_FACE('',(#7695),#5593,.T.);
#7695 = FACE_BOUND('',#7696,.T.);
#7696 = EDGE_LOOP('',(#7697,#7698,#7699,#7722));
#7697 = ORIENTED_EDGE('',*,*,#5577,.F.);
#7698 = ORIENTED_EDGE('',*,*,#7674,.F.);
#7699 = ORIENTED_EDGE('',*,*,#7700,.T.);
#7700 = EDGE_CURVE('',#7651,#7701,#7703,.T.);
#7701 = VERTEX_POINT('',#7702);
#7702 = CARTESIAN_POINT('',(3.26,4.06,0.));
#7703 = SURFACE_CURVE('',#7704,(#7708,#7715),.PCURVE_S1.);
#7704 = LINE('',#7705,#7706);
#7705 = CARTESIAN_POINT('',(3.26,41.69,0.));
#7706 = VECTOR('',#7707,1.);
#7707 = DIRECTION('',(-4.191942285976E-16,-1.,4.191942285976E-16));
#7708 = PCURVE('',#5593,#7709);
#7709 = DEFINITIONAL_REPRESENTATION('',(#7710),#7714);
#7710 = LINE('',#7711,#7712);
#7711 = CARTESIAN_POINT('',(1.131370849898,-6.707107657562E-16));
#7712 = VECTOR('',#7713,1.);
#7713 = DIRECTION('',(-9.860761315263E-32,1.));
#7714 = ( GEOMETRIC_REPRESENTATION_CONTEXT(2) 
PARAMETRIC_REPRESENTATION_CONTEXT() REPRESENTATION_CONTEXT('2D SPACE',''
  ) );
#7715 = PCURVE('',#6401,#7716);
#7716 = DEFINITIONAL_REPRESENTATION('',(#7717),#7721);
#7717 = LINE('',#7718,#7719);
#7718 = CARTESIAN_POINT('',(-17.74,20.69));
#7719 = VECTOR('',#7720,1.);
#7720 = DIRECTION('',(-4.191942285976E-16,-1.));
#7721 = ( GEOMETRIC_REPRESENTATION_CONTEXT(2) 
PARAMETRIC_REPRESENTATION_CONTEXT() REPRESENTATION_CONTEXT('2D SPACE',''
  ) );
#7722 = ORIENTED_EDGE('',*,*,#7723,.F.);
#7723 = EDGE_CURVE('',#5578,#7701,#7724,.T.);
#7724 = SURFACE_CURVE('',#7725,(#7729,#7736),.PCURVE_S1.);
#7725 = LINE('',#7726,#7727);
#7726 = CARTESIAN_POINT('',(2.46,4.06,0.8));
#7727 = VECTOR('',#7728,1.);
#7728 = DIRECTION('',(0.707106781187,-5.928301633513E-16,-0.707106781187
    ));
#7729 = PCURVE('',#5593,#7730);
#7730 = DEFINITIONAL_REPRESENTATION('',(#7731),#7735);
#7731 = LINE('',#7732,#7733);
#7732 = CARTESIAN_POINT('',(9.549416088084E-16,37.63));
#7733 = VECTOR('',#7734,1.);
#7734 = DIRECTION('',(1.,-9.860761315263E-32));
#7735 = ( GEOMETRIC_REPRESENTATION_CONTEXT(2) 
PARAMETRIC_REPRESENTATION_CONTEXT() REPRESENTATION_CONTEXT('2D SPACE',''
  ) );
#7736 = PCURVE('',#5648,#7737);
#7737 = DEFINITIONAL_REPRESENTATION('',(#7738),#7742);
#7738 = LINE('',#7739,#7740);
#7739 = CARTESIAN_POINT('',(0.,0.));
#7740 = VECTOR('',#7741,1.);
#7741 = DIRECTION('',(-0.,-1.));
#7742 = ( GEOMETRIC_REPRESENTATION_CONTEXT(2) 
PARAMETRIC_REPRESENTATION_CONTEXT() REPRESENTATION_CONTEXT('2D SPACE',''
  ) );
#7743 = ADVANCED_FACE('',(#7744),#5648,.T.);
#7744 = FACE_BOUND('',#7745,.T.);
#7745 = EDGE_LOOP('',(#7746,#7747,#7748,#7772));
#7746 = ORIENTED_EDGE('',*,*,#5631,.F.);
#7747 = ORIENTED_EDGE('',*,*,#7723,.T.);
#7748 = ORIENTED_EDGE('',*,*,#7749,.T.);
#7749 = EDGE_CURVE('',#7701,#7750,#7752,.T.);
#7750 = VERTEX_POINT('',#7751);
#7751 = CARTESIAN_POINT('',(4.06,3.26,0.));
#7752 = SURFACE_CURVE('',#7753,(#7758,#7765),.PCURVE_S1.);
#7753 = CIRCLE('',#7754,0.8);
#7754 = AXIS2_PLACEMENT_3D('',#7755,#7756,#7757);
#7755 = CARTESIAN_POINT('',(4.06,4.06,0.));
#7756 = DIRECTION('',(0.,0.,1.));
#7757 = DIRECTION('',(-1.,2.22044604925E-15,0.));
#7758 = PCURVE('',#5648,#7759);
#7759 = DEFINITIONAL_REPRESENTATION('',(#7760),#7764);
#7760 = LINE('',#7761,#7762);
#7761 = CARTESIAN_POINT('',(0.,-0.8));
#7762 = VECTOR('',#7763,1.);
#7763 = DIRECTION('',(1.,0.));
#7764 = ( GEOMETRIC_REPRESENTATION_CONTEXT(2) 
PARAMETRIC_REPRESENTATION_CONTEXT() REPRESENTATION_CONTEXT('2D SPACE',''
  ) );
#7765 = PCURVE('',#6401,#7766);
#7766 = DEFINITIONAL_REPRESENTATION('',(#7767),#7771);
#7767 = CIRCLE('',#7768,0.8);
#7768 = AXIS2_PLACEMENT_2D('',#7769,#7770);
#7769 = CARTESIAN_POINT('',(-16.94,-16.94));
#7770 = DIRECTION('',(-1.,2.22044604925E-15));
#7771 = ( GEOMETRIC_REPRESENTATION_CONTEXT(2) 
PARAMETRIC_REPRESENTATION_CONTEXT() REPRESENTATION_CONTEXT('2D SPACE',''
  ) );
#7772 = ORIENTED_EDGE('',*,*,#7773,.T.);
#7773 = EDGE_CURVE('',#7750,#5632,#7774,.T.);
#7774 = SURFACE_CURVE('',#7775,(#7779,#7786),.PCURVE_S1.);
#7775 = LINE('',#7776,#7777);
#7776 = CARTESIAN_POINT('',(4.06,2.46,0.8));
#7777 = VECTOR('',#7778,1.);
#7778 = DIRECTION('',(-2.241427244969E-15,-0.707106781187,0.707106781187
    ));
#7779 = PCURVE('',#5648,#7780);
#7780 = DEFINITIONAL_REPRESENTATION('',(#7781),#7785);
#7781 = LINE('',#7782,#7783);
#7782 = CARTESIAN_POINT('',(1.570796326795,0.));
#7783 = VECTOR('',#7784,1.);
#7784 = DIRECTION('',(0.,1.));
#7785 = ( GEOMETRIC_REPRESENTATION_CONTEXT(2) 
PARAMETRIC_REPRESENTATION_CONTEXT() REPRESENTATION_CONTEXT('2D SPACE',''
  ) );
#7786 = PCURVE('',#5702,#7787);
#7787 = DEFINITIONAL_REPRESENTATION('',(#7788),#7792);
#7788 = LINE('',#7789,#7790);
#7789 = CARTESIAN_POINT('',(-2.890348213268E-16,3.75));
#7790 = VECTOR('',#7791,1.);
#7791 = DIRECTION('',(-1.,-1.648597081618E-15));
#7792 = ( GEOMETRIC_REPRESENTATION_CONTEXT(2) 
PARAMETRIC_REPRESENTATION_CONTEXT() REPRESENTATION_CONTEXT('2D SPACE',''
  ) );
#7793 = ADVANCED_FACE('',(#7794),#5702,.T.);
#7794 = FACE_BOUND('',#7795,.T.);
#7795 = EDGE_LOOP('',(#7796,#7797,#7798,#7821));
#7796 = ORIENTED_EDGE('',*,*,#5686,.F.);
#7797 = ORIENTED_EDGE('',*,*,#7773,.F.);
#7798 = ORIENTED_EDGE('',*,*,#7799,.T.);
#7799 = EDGE_CURVE('',#7750,#7800,#7802,.T.);
#7800 = VERTEX_POINT('',#7801);
#7801 = CARTESIAN_POINT('',(37.94,3.26,1.59872115546E-14));
#7802 = SURFACE_CURVE('',#7803,(#7807,#7814),.PCURVE_S1.);
#7803 = LINE('',#7804,#7805);
#7804 = CARTESIAN_POINT('',(0.31,3.26,0.));
#7805 = VECTOR('',#7806,1.);
#7806 = DIRECTION('',(1.,-4.191942285976E-16,4.191942285976E-16));
#7807 = PCURVE('',#5702,#7808);
#7808 = DEFINITIONAL_REPRESENTATION('',(#7809),#7813);
#7809 = LINE('',#7810,#7811);
#7810 = CARTESIAN_POINT('',(1.131370849898,-6.707107657562E-16));
#7811 = VECTOR('',#7812,1.);
#7812 = DIRECTION('',(-9.860761315263E-32,1.));
#7813 = ( GEOMETRIC_REPRESENTATION_CONTEXT(2) 
PARAMETRIC_REPRESENTATION_CONTEXT() REPRESENTATION_CONTEXT('2D SPACE',''
  ) );
#7814 = PCURVE('',#6401,#7815);
#7815 = DEFINITIONAL_REPRESENTATION('',(#7816),#7820);
#7816 = LINE('',#7817,#7818);
#7817 = CARTESIAN_POINT('',(-20.69,-17.74));
#7818 = VECTOR('',#7819,1.);
#7819 = DIRECTION('',(1.,-4.191942285976E-16));
#7820 = ( GEOMETRIC_REPRESENTATION_CONTEXT(2) 
PARAMETRIC_REPRESENTATION_CONTEXT() REPRESENTATION_CONTEXT('2D SPACE',''
  ) );
#7821 = ORIENTED_EDGE('',*,*,#7822,.T.);
#7822 = EDGE_CURVE('',#7800,#5687,#7823,.T.);
#7823 = SURFACE_CURVE('',#7824,(#7828,#7835),.PCURVE_S1.);
#7824 = LINE('',#7825,#7826);
#7825 = CARTESIAN_POINT('',(37.94,2.46,0.8));
#7826 = VECTOR('',#7827,1.);
#7827 = DIRECTION('',(-1.570092458684E-15,-0.707106781187,0.707106781187
    ));
#7828 = PCURVE('',#5702,#7829);
#7829 = DEFINITIONAL_REPRESENTATION('',(#7830),#7834);
#7830 = LINE('',#7831,#7832);
#7831 = CARTESIAN_POINT('',(2.230819904691E-14,37.63));
#7832 = VECTOR('',#7833,1.);
#7833 = DIRECTION('',(-1.,-9.772622953325E-16));
#7834 = ( GEOMETRIC_REPRESENTATION_CONTEXT(2) 
PARAMETRIC_REPRESENTATION_CONTEXT() REPRESENTATION_CONTEXT('2D SPACE',''
  ) );
#7835 = PCURVE('',#5755,#7836);
#7836 = DEFINITIONAL_REPRESENTATION('',(#7837),#7841);
#7837 = LINE('',#7838,#7839);
#7838 = CARTESIAN_POINT('',(0.,0.));
#7839 = VECTOR('',#7840,1.);
#7840 = DIRECTION('',(0.,1.));
#7841 = ( GEOMETRIC_REPRESENTATION_CONTEXT(2) 
PARAMETRIC_REPRESENTATION_CONTEXT() REPRESENTATION_CONTEXT('2D SPACE',''
  ) );
#7842 = ADVANCED_FACE('',(#7843),#5755,.T.);
#7843 = FACE_BOUND('',#7844,.T.);
#7844 = EDGE_LOOP('',(#7845,#7846,#7847,#7869));
#7845 = ORIENTED_EDGE('',*,*,#5740,.F.);
#7846 = ORIENTED_EDGE('',*,*,#7822,.F.);
#7847 = ORIENTED_EDGE('',*,*,#7848,.T.);
#7848 = EDGE_CURVE('',#7800,#6363,#7849,.T.);
#7849 = SURFACE_CURVE('',#7850,(#7855,#7862),.PCURVE_S1.);
#7850 = CIRCLE('',#7851,0.8);
#7851 = AXIS2_PLACEMENT_3D('',#7852,#7853,#7854);
#7852 = CARTESIAN_POINT('',(37.94,4.06,0.));
#7853 = DIRECTION('',(0.,0.,1.));
#7854 = DIRECTION('',(-2.22044604925E-15,-1.,0.));
#7855 = PCURVE('',#5755,#7856);
#7856 = DEFINITIONAL_REPRESENTATION('',(#7857),#7861);
#7857 = LINE('',#7858,#7859);
#7858 = CARTESIAN_POINT('',(0.,-0.8));
#7859 = VECTOR('',#7860,1.);
#7860 = DIRECTION('',(1.,0.));
#7861 = ( GEOMETRIC_REPRESENTATION_CONTEXT(2) 
PARAMETRIC_REPRESENTATION_CONTEXT() REPRESENTATION_CONTEXT('2D SPACE',''
  ) );
#7862 = PCURVE('',#6401,#7863);
#7863 = DEFINITIONAL_REPRESENTATION('',(#7864),#7868);
#7864 = CIRCLE('',#7865,0.8);
#7865 = AXIS2_PLACEMENT_2D('',#7866,#7867);
#7866 = CARTESIAN_POINT('',(16.94,-16.94));
#7867 = DIRECTION('',(-2.22044604925E-15,-1.));
#7868 = ( GEOMETRIC_REPRESENTATION_CONTEXT(2) 
PARAMETRIC_REPRESENTATION_CONTEXT() REPRESENTATION_CONTEXT('2D SPACE',''
  ) );
#7869 = ORIENTED_EDGE('',*,*,#6362,.T.);
#7870 = ADVANCED_FACE('',(#7871),#5790,.T.);
#7871 = FACE_BOUND('',#7872,.T.);
#7872 = EDGE_LOOP('',(#7873,#7874,#7875,#7876));
#7873 = ORIENTED_EDGE('',*,*,#5773,.F.);
#7874 = ORIENTED_EDGE('',*,*,#6337,.T.);
#7875 = ORIENTED_EDGE('',*,*,#6439,.T.);
#7876 = ORIENTED_EDGE('',*,*,#7877,.T.);
#7877 = EDGE_CURVE('',#6440,#5774,#7878,.T.);
#7878 = SURFACE_CURVE('',#7879,(#7883,#7890),.PCURVE_S1.);
#7879 = LINE('',#7880,#7881);
#7880 = CARTESIAN_POINT('',(37.94,-2.46,0.8));
#7881 = VECTOR('',#7882,1.);
#7882 = DIRECTION('',(2.241427244969E-15,0.707106781187,0.707106781187)
  );
#7883 = PCURVE('',#5790,#7884);
#7884 = DEFINITIONAL_REPRESENTATION('',(#7885),#7889);
#7885 = LINE('',#7886,#7887);
#7886 = CARTESIAN_POINT('',(1.570796326795,0.));
#7887 = VECTOR('',#7888,1.);
#7888 = DIRECTION('',(0.,1.));
#7889 = ( GEOMETRIC_REPRESENTATION_CONTEXT(2) 
PARAMETRIC_REPRESENTATION_CONTEXT() REPRESENTATION_CONTEXT('2D SPACE',''
  ) );
#7890 = PCURVE('',#5844,#7891);
#7891 = DEFINITIONAL_REPRESENTATION('',(#7892),#7896);
#7892 = LINE('',#7893,#7894);
#7893 = CARTESIAN_POINT('',(-2.890348213268E-16,3.75));
#7894 = VECTOR('',#7895,1.);
#7895 = DIRECTION('',(-1.,-1.648597081618E-15));
#7896 = ( GEOMETRIC_REPRESENTATION_CONTEXT(2) 
PARAMETRIC_REPRESENTATION_CONTEXT() REPRESENTATION_CONTEXT('2D SPACE',''
  ) );
#7897 = ADVANCED_FACE('',(#7898),#5844,.T.);
#7898 = FACE_BOUND('',#7899,.T.);
#7899 = EDGE_LOOP('',(#7900,#7901,#7902,#7903));
#7900 = ORIENTED_EDGE('',*,*,#5828,.F.);
#7901 = ORIENTED_EDGE('',*,*,#7877,.F.);
#7902 = ORIENTED_EDGE('',*,*,#6463,.T.);
#7903 = ORIENTED_EDGE('',*,*,#7904,.F.);
#7904 = EDGE_CURVE('',#5829,#6464,#7905,.T.);
#7905 = SURFACE_CURVE('',#7906,(#7910,#7917),.PCURVE_S1.);
#7906 = LINE('',#7907,#7908);
#7907 = CARTESIAN_POINT('',(4.06,-2.46,0.8));
#7908 = VECTOR('',#7909,1.);
#7909 = DIRECTION('',(-5.928301633513E-16,-0.707106781187,
    -0.707106781187));
#7910 = PCURVE('',#5844,#7911);
#7911 = DEFINITIONAL_REPRESENTATION('',(#7912),#7916);
#7912 = LINE('',#7913,#7914);
#7913 = CARTESIAN_POINT('',(9.549416088084E-16,37.63));
#7914 = VECTOR('',#7915,1.);
#7915 = DIRECTION('',(1.,-9.860761315263E-32));
#7916 = ( GEOMETRIC_REPRESENTATION_CONTEXT(2) 
PARAMETRIC_REPRESENTATION_CONTEXT() REPRESENTATION_CONTEXT('2D SPACE',''
  ) );
#7917 = PCURVE('',#5899,#7918);
#7918 = DEFINITIONAL_REPRESENTATION('',(#7919),#7923);
#7919 = LINE('',#7920,#7921);
#7920 = CARTESIAN_POINT('',(0.,0.));
#7921 = VECTOR('',#7922,1.);
#7922 = DIRECTION('',(-0.,-1.));
#7923 = ( GEOMETRIC_REPRESENTATION_CONTEXT(2) 
PARAMETRIC_REPRESENTATION_CONTEXT() REPRESENTATION_CONTEXT('2D SPACE',''
  ) );
#7924 = ADVANCED_FACE('',(#7925),#5899,.T.);
#7925 = FACE_BOUND('',#7926,.T.);
#7926 = EDGE_LOOP('',(#7927,#7928,#7929,#7930));
#7927 = ORIENTED_EDGE('',*,*,#5882,.F.);
#7928 = ORIENTED_EDGE('',*,*,#7904,.T.);
#7929 = ORIENTED_EDGE('',*,*,#6486,.T.);
#7930 = ORIENTED_EDGE('',*,*,#7931,.T.);
#7931 = EDGE_CURVE('',#6487,#5883,#7932,.T.);
#7932 = SURFACE_CURVE('',#7933,(#7937,#7944),.PCURVE_S1.);
#7933 = LINE('',#7934,#7935);
#7934 = CARTESIAN_POINT('',(2.46,-4.06,0.8));
#7935 = VECTOR('',#7936,1.);
#7936 = DIRECTION('',(-0.707106781187,2.241427244969E-15,0.707106781187)
  );
#7937 = PCURVE('',#5899,#7938);
#7938 = DEFINITIONAL_REPRESENTATION('',(#7939),#7943);
#7939 = LINE('',#7940,#7941);
#7940 = CARTESIAN_POINT('',(1.570796326795,0.));
#7941 = VECTOR('',#7942,1.);
#7942 = DIRECTION('',(0.,1.));
#7943 = ( GEOMETRIC_REPRESENTATION_CONTEXT(2) 
PARAMETRIC_REPRESENTATION_CONTEXT() REPRESENTATION_CONTEXT('2D SPACE',''
  ) );
#7944 = PCURVE('',#5953,#7945);
#7945 = DEFINITIONAL_REPRESENTATION('',(#7946),#7950);
#7946 = LINE('',#7947,#7948);
#7947 = CARTESIAN_POINT('',(-2.890348213268E-16,3.75));
#7948 = VECTOR('',#7949,1.);
#7949 = DIRECTION('',(-1.,-1.648597081618E-15));
#7950 = ( GEOMETRIC_REPRESENTATION_CONTEXT(2) 
PARAMETRIC_REPRESENTATION_CONTEXT() REPRESENTATION_CONTEXT('2D SPACE',''
  ) );
#7951 = ADVANCED_FACE('',(#7952),#5953,.T.);
#7952 = FACE_BOUND('',#7953,.T.);
#7953 = EDGE_LOOP('',(#7954,#7955,#7956,#7957));
#7954 = ORIENTED_EDGE('',*,*,#5937,.F.);
#7955 = ORIENTED_EDGE('',*,*,#7931,.F.);
#7956 = ORIENTED_EDGE('',*,*,#6510,.T.);
#7957 = ORIENTED_EDGE('',*,*,#7958,.F.);
#7958 = EDGE_CURVE('',#5938,#6511,#7959,.T.);
#7959 = SURFACE_CURVE('',#7960,(#7964,#7971),.PCURVE_S1.);
#7960 = LINE('',#7961,#7962);
#7961 = CARTESIAN_POINT('',(2.46,-37.94,0.8));
#7962 = VECTOR('',#7963,1.);
#7963 = DIRECTION('',(0.707106781187,-5.928301633513E-16,-0.707106781187
    ));
#7964 = PCURVE('',#5953,#7965);
#7965 = DEFINITIONAL_REPRESENTATION('',(#7966),#7970);
#7966 = LINE('',#7967,#7968);
#7967 = CARTESIAN_POINT('',(9.549416088084E-16,37.63));
#7968 = VECTOR('',#7969,1.);
#7969 = DIRECTION('',(1.,-9.860761315263E-32));
#7970 = ( GEOMETRIC_REPRESENTATION_CONTEXT(2) 
PARAMETRIC_REPRESENTATION_CONTEXT() REPRESENTATION_CONTEXT('2D SPACE',''
  ) );
#7971 = PCURVE('',#6006,#7972);
#7972 = DEFINITIONAL_REPRESENTATION('',(#7973),#7977);
#7973 = LINE('',#7974,#7975);
#7974 = CARTESIAN_POINT('',(0.,0.));
#7975 = VECTOR('',#7976,1.);
#7976 = DIRECTION('',(-0.,-1.));
#7977 = ( GEOMETRIC_REPRESENTATION_CONTEXT(2) 
PARAMETRIC_REPRESENTATION_CONTEXT() REPRESENTATION_CONTEXT('2D SPACE',''
  ) );
#7978 = ADVANCED_FACE('',(#7979),#6006,.T.);
#7979 = FACE_BOUND('',#7980,.T.);
#7980 = EDGE_LOOP('',(#7981,#7982,#7983,#7984));
#7981 = ORIENTED_EDGE('',*,*,#5991,.F.);
#7982 = ORIENTED_EDGE('',*,*,#7958,.T.);
#7983 = ORIENTED_EDGE('',*,*,#6533,.T.);
#7984 = ORIENTED_EDGE('',*,*,#6023,.T.);
#7985 = ADVANCED_FACE('',(#7986),#6112,.F.);
#7986 = FACE_BOUND('',#7987,.F.);
#7987 = EDGE_LOOP('',(#7988,#7989,#8012,#8041));
#7988 = ORIENTED_EDGE('',*,*,#6095,.F.);
#7989 = ORIENTED_EDGE('',*,*,#7990,.F.);
#7990 = EDGE_CURVE('',#7991,#6073,#7993,.T.);
#7991 = VERTEX_POINT('',#7992);
#7992 = CARTESIAN_POINT('',(37.94,-38.74,20.045));
#7993 = SURFACE_CURVE('',#7994,(#7998,#8005),.PCURVE_S1.);
#7994 = LINE('',#7995,#7996);
#7995 = CARTESIAN_POINT('',(37.94,-38.74,21.245));
#7996 = VECTOR('',#7997,1.);
#7997 = DIRECTION('',(-0.,0.,1.));
#7998 = PCURVE('',#6112,#7999);
#7999 = DEFINITIONAL_REPRESENTATION('',(#8000),#8004);
#8000 = LINE('',#8001,#8002);
#8001 = CARTESIAN_POINT('',(0.,0.));
#8002 = VECTOR('',#8003,1.);
#8003 = DIRECTION('',(0.,1.));
#8004 = ( GEOMETRIC_REPRESENTATION_CONTEXT(2) 
PARAMETRIC_REPRESENTATION_CONTEXT() REPRESENTATION_CONTEXT('2D SPACE',''
  ) );
#8005 = PCURVE('',#6916,#8006);
#8006 = DEFINITIONAL_REPRESENTATION('',(#8007),#8011);
#8007 = LINE('',#8008,#8009);
#8008 = CARTESIAN_POINT('',(7.95417557724E-29,79.63));
#8009 = VECTOR('',#8010,1.);
#8010 = DIRECTION('',(-1.,9.98891821831E-31));
#8011 = ( GEOMETRIC_REPRESENTATION_CONTEXT(2) 
PARAMETRIC_REPRESENTATION_CONTEXT() REPRESENTATION_CONTEXT('2D SPACE',''
  ) );
#8012 = ORIENTED_EDGE('',*,*,#8013,.T.);
#8013 = EDGE_CURVE('',#7991,#8014,#8016,.T.);
#8014 = VERTEX_POINT('',#8015);
#8015 = CARTESIAN_POINT('',(38.74,-37.94,20.045));
#8016 = SURFACE_CURVE('',#8017,(#8022,#8029),.PCURVE_S1.);
#8017 = CIRCLE('',#8018,0.8);
#8018 = AXIS2_PLACEMENT_3D('',#8019,#8020,#8021);
#8019 = CARTESIAN_POINT('',(37.94,-37.94,20.045));
#8020 = DIRECTION('',(0.,0.,1.));
#8021 = DIRECTION('',(-8.881784197001E-15,-1.,0.));
#8022 = PCURVE('',#6112,#8023);
#8023 = DEFINITIONAL_REPRESENTATION('',(#8024),#8028);
#8024 = LINE('',#8025,#8026);
#8025 = CARTESIAN_POINT('',(0.,-1.2));
#8026 = VECTOR('',#8027,1.);
#8027 = DIRECTION('',(1.,0.));
#8028 = ( GEOMETRIC_REPRESENTATION_CONTEXT(2) 
PARAMETRIC_REPRESENTATION_CONTEXT() REPRESENTATION_CONTEXT('2D SPACE',''
  ) );
#8029 = PCURVE('',#8030,#8035);
#8030 = CONICAL_SURFACE('',#8031,0.8,0.785398163397);
#8031 = AXIS2_PLACEMENT_3D('',#8032,#8033,#8034);
#8032 = CARTESIAN_POINT('',(37.94,-37.94,20.045));
#8033 = DIRECTION('',(0.,-0.,-1.));
#8034 = DIRECTION('',(-8.881784197001E-15,-1.,0.));
#8035 = DEFINITIONAL_REPRESENTATION('',(#8036),#8040);
#8036 = LINE('',#8037,#8038);
#8037 = CARTESIAN_POINT('',(0.,-0.));
#8038 = VECTOR('',#8039,1.);
#8039 = DIRECTION('',(-1.,-0.));
#8040 = ( GEOMETRIC_REPRESENTATION_CONTEXT(2) 
PARAMETRIC_REPRESENTATION_CONTEXT() REPRESENTATION_CONTEXT('2D SPACE',''
  ) );
#8041 = ORIENTED_EDGE('',*,*,#8042,.T.);
#8042 = EDGE_CURVE('',#8014,#6096,#8043,.T.);
#8043 = SURFACE_CURVE('',#8044,(#8048,#8055),.PCURVE_S1.);
#8044 = LINE('',#8045,#8046);
#8045 = CARTESIAN_POINT('',(38.74,-37.94,21.245));
#8046 = VECTOR('',#8047,1.);
#8047 = DIRECTION('',(-0.,0.,1.));
#8048 = PCURVE('',#6112,#8049);
#8049 = DEFINITIONAL_REPRESENTATION('',(#8050),#8054);
#8050 = LINE('',#8051,#8052);
#8051 = CARTESIAN_POINT('',(1.570796326795,0.));
#8052 = VECTOR('',#8053,1.);
#8053 = DIRECTION('',(0.,1.));
#8054 = ( GEOMETRIC_REPRESENTATION_CONTEXT(2) 
PARAMETRIC_REPRESENTATION_CONTEXT() REPRESENTATION_CONTEXT('2D SPACE',''
  ) );
#8055 = PCURVE('',#8056,#8061);
#8056 = PLANE('',#8057);
#8057 = AXIS2_PLACEMENT_3D('',#8058,#8059,#8060);
#8058 = CARTESIAN_POINT('',(38.74,-41.69,21.245));
#8059 = DIRECTION('',(1.,-0.,9.98891821831E-31));
#8060 = DIRECTION('',(9.98891821831E-31,9.98891821831E-31,-1.));
#8061 = DEFINITIONAL_REPRESENTATION('',(#8062),#8066);
#8062 = LINE('',#8063,#8064);
#8063 = CARTESIAN_POINT('',(3.745844331866E-30,3.75));
#8064 = VECTOR('',#8065,1.);
#8065 = DIRECTION('',(-1.,9.98891821831E-31));
#8066 = ( GEOMETRIC_REPRESENTATION_CONTEXT(2) 
PARAMETRIC_REPRESENTATION_CONTEXT() REPRESENTATION_CONTEXT('2D SPACE',''
  ) );
#8067 = ADVANCED_FACE('',(#8068),#6138,.F.);
#8068 = FACE_BOUND('',#8069,.F.);
#8069 = EDGE_LOOP('',(#8070,#8071,#8072,#8095));
#8070 = ORIENTED_EDGE('',*,*,#6155,.F.);
#8071 = ORIENTED_EDGE('',*,*,#6124,.F.);
#8072 = ORIENTED_EDGE('',*,*,#8073,.T.);
#8073 = EDGE_CURVE('',#6096,#8074,#8076,.T.);
#8074 = VERTEX_POINT('',#8075);
#8075 = CARTESIAN_POINT('',(38.74,37.94,21.245));
#8076 = SURFACE_CURVE('',#8077,(#8081,#8088),.PCURVE_S1.);
#8077 = LINE('',#8078,#8079);
#8078 = CARTESIAN_POINT('',(38.74,-41.69,21.245));
#8079 = VECTOR('',#8080,1.);
#8080 = DIRECTION('',(9.743057409101E-16,1.,9.743057409101E-16));
#8081 = PCURVE('',#6138,#8082);
#8082 = DEFINITIONAL_REPRESENTATION('',(#8083),#8087);
#8083 = LINE('',#8084,#8085);
#8084 = CARTESIAN_POINT('',(1.131370849898,-1.558889185456E-15));
#8085 = VECTOR('',#8086,1.);
#8086 = DIRECTION('',(-2.958228394579E-31,1.));
#8087 = ( GEOMETRIC_REPRESENTATION_CONTEXT(2) 
PARAMETRIC_REPRESENTATION_CONTEXT() REPRESENTATION_CONTEXT('2D SPACE',''
  ) );
#8088 = PCURVE('',#8056,#8089);
#8089 = DEFINITIONAL_REPRESENTATION('',(#8090),#8094);
#8090 = LINE('',#8091,#8092);
#8091 = CARTESIAN_POINT('',(0.,0.));
#8092 = VECTOR('',#8093,1.);
#8093 = DIRECTION('',(-9.743057409101E-16,1.));
#8094 = ( GEOMETRIC_REPRESENTATION_CONTEXT(2) 
PARAMETRIC_REPRESENTATION_CONTEXT() REPRESENTATION_CONTEXT('2D SPACE',''
  ) );
#8095 = ORIENTED_EDGE('',*,*,#8096,.F.);
#8096 = EDGE_CURVE('',#6156,#8074,#8097,.T.);
#8097 = SURFACE_CURVE('',#8098,(#8102,#8109),.PCURVE_S1.);
#8098 = LINE('',#8099,#8100);
#8099 = CARTESIAN_POINT('',(39.54,37.94,22.045));
#8100 = VECTOR('',#8101,1.);
#8101 = DIRECTION('',(-0.707106781187,1.377876392693E-15,-0.707106781187
    ));
#8102 = PCURVE('',#6138,#8103);
#8103 = DEFINITIONAL_REPRESENTATION('',(#8104),#8108);
#8104 = LINE('',#8105,#8106);
#8105 = CARTESIAN_POINT('',(-8.142119411954E-16,79.63));
#8106 = VECTOR('',#8107,1.);
#8107 = DIRECTION('',(1.,-2.958228394579E-31));
#8108 = ( GEOMETRIC_REPRESENTATION_CONTEXT(2) 
PARAMETRIC_REPRESENTATION_CONTEXT() REPRESENTATION_CONTEXT('2D SPACE',''
  ) );
#8109 = PCURVE('',#8110,#8115);
#8110 = CONICAL_SURFACE('',#8111,1.6,0.785398163397);
#8111 = AXIS2_PLACEMENT_3D('',#8112,#8113,#8114);
#8112 = CARTESIAN_POINT('',(37.94,37.94,22.045));
#8113 = DIRECTION('',(0.,-0.,1.));
#8114 = DIRECTION('',(1.,-4.440892098501E-15,-0.));
#8115 = DEFINITIONAL_REPRESENTATION('',(#8116),#8120);
#8116 = LINE('',#8117,#8118);
#8117 = CARTESIAN_POINT('',(0.,0.));
#8118 = VECTOR('',#8119,1.);
#8119 = DIRECTION('',(-0.,-1.));
#8120 = ( GEOMETRIC_REPRESENTATION_CONTEXT(2) 
PARAMETRIC_REPRESENTATION_CONTEXT() REPRESENTATION_CONTEXT('2D SPACE',''
  ) );
#8121 = ADVANCED_FACE('',(#8122),#6192,.F.);
#8122 = FACE_BOUND('',#8123,.F.);
#8123 = EDGE_LOOP('',(#8124,#8125,#8126,#8150));
#8124 = ORIENTED_EDGE('',*,*,#6208,.F.);
#8125 = ORIENTED_EDGE('',*,*,#6178,.T.);
#8126 = ORIENTED_EDGE('',*,*,#8127,.T.);
#8127 = EDGE_CURVE('',#6156,#8128,#8130,.T.);
#8128 = VERTEX_POINT('',#8129);
#8129 = CARTESIAN_POINT('',(37.94,39.54,22.045));
#8130 = SURFACE_CURVE('',#8131,(#8136,#8143),.PCURVE_S1.);
#8131 = CIRCLE('',#8132,1.6);
#8132 = AXIS2_PLACEMENT_3D('',#8133,#8134,#8135);
#8133 = CARTESIAN_POINT('',(37.94,37.94,22.045));
#8134 = DIRECTION('',(0.,-0.,1.));
#8135 = DIRECTION('',(1.,-4.440892098501E-15,-0.));
#8136 = PCURVE('',#6192,#8137);
#8137 = DEFINITIONAL_REPRESENTATION('',(#8138),#8142);
#8138 = LINE('',#8139,#8140);
#8139 = CARTESIAN_POINT('',(0.,-1.8));
#8140 = VECTOR('',#8141,1.);
#8141 = DIRECTION('',(1.,0.));
#8142 = ( GEOMETRIC_REPRESENTATION_CONTEXT(2) 
PARAMETRIC_REPRESENTATION_CONTEXT() REPRESENTATION_CONTEXT('2D SPACE',''
  ) );
#8143 = PCURVE('',#8110,#8144);
#8144 = DEFINITIONAL_REPRESENTATION('',(#8145),#8149);
#8145 = LINE('',#8146,#8147);
#8146 = CARTESIAN_POINT('',(0.,-0.));
#8147 = VECTOR('',#8148,1.);
#8148 = DIRECTION('',(1.,0.));
#8149 = ( GEOMETRIC_REPRESENTATION_CONTEXT(2) 
PARAMETRIC_REPRESENTATION_CONTEXT() REPRESENTATION_CONTEXT('2D SPACE',''
  ) );
#8150 = ORIENTED_EDGE('',*,*,#8151,.T.);
#8151 = EDGE_CURVE('',#8128,#6209,#8152,.T.);
#8152 = SURFACE_CURVE('',#8153,(#8157,#8164),.PCURVE_S1.);
#8153 = LINE('',#8154,#8155);
#8154 = CARTESIAN_POINT('',(37.94,39.54,23.845));
#8155 = VECTOR('',#8156,1.);
#8156 = DIRECTION('',(0.,-0.,1.));
#8157 = PCURVE('',#6192,#8158);
#8158 = DEFINITIONAL_REPRESENTATION('',(#8159),#8163);
#8159 = LINE('',#8160,#8161);
#8160 = CARTESIAN_POINT('',(1.570796326795,0.));
#8161 = VECTOR('',#8162,1.);
#8162 = DIRECTION('',(0.,1.));
#8163 = ( GEOMETRIC_REPRESENTATION_CONTEXT(2) 
PARAMETRIC_REPRESENTATION_CONTEXT() REPRESENTATION_CONTEXT('2D SPACE',''
  ) );
#8164 = PCURVE('',#7589,#8165);
#8165 = DEFINITIONAL_REPRESENTATION('',(#8166),#8170);
#8166 = LINE('',#8167,#8168);
#8167 = CARTESIAN_POINT('',(3.745844331866E-30,3.75));
#8168 = VECTOR('',#8169,1.);
#8169 = DIRECTION('',(-1.,9.98891821831E-31));
#8170 = ( GEOMETRIC_REPRESENTATION_CONTEXT(2) 
PARAMETRIC_REPRESENTATION_CONTEXT() REPRESENTATION_CONTEXT('2D SPACE',''
  ) );
#8171 = ADVANCED_FACE('',(#8172),#6276,.T.);
#8172 = FACE_BOUND('',#8173,.T.);
#8173 = EDGE_LOOP('',(#8174,#8175,#8176,#8200));
#8174 = ORIENTED_EDGE('',*,*,#6259,.F.);
#8175 = ORIENTED_EDGE('',*,*,#6413,.T.);
#8176 = ORIENTED_EDGE('',*,*,#8177,.T.);
#8177 = EDGE_CURVE('',#6386,#8178,#8180,.T.);
#8178 = VERTEX_POINT('',#8179);
#8179 = CARTESIAN_POINT('',(37.94,38.74,0.));
#8180 = SURFACE_CURVE('',#8181,(#8186,#8193),.PCURVE_S1.);
#8181 = CIRCLE('',#8182,0.8);
#8182 = AXIS2_PLACEMENT_3D('',#8183,#8184,#8185);
#8183 = CARTESIAN_POINT('',(37.94,37.94,0.));
#8184 = DIRECTION('',(0.,-0.,1.));
#8185 = DIRECTION('',(1.,-2.22044604925E-15,-0.));
#8186 = PCURVE('',#6276,#8187);
#8187 = DEFINITIONAL_REPRESENTATION('',(#8188),#8192);
#8188 = LINE('',#8189,#8190);
#8189 = CARTESIAN_POINT('',(0.,-0.8));
#8190 = VECTOR('',#8191,1.);
#8191 = DIRECTION('',(1.,0.));
#8192 = ( GEOMETRIC_REPRESENTATION_CONTEXT(2) 
PARAMETRIC_REPRESENTATION_CONTEXT() REPRESENTATION_CONTEXT('2D SPACE',''
  ) );
#8193 = PCURVE('',#6401,#8194);
#8194 = DEFINITIONAL_REPRESENTATION('',(#8195),#8199);
#8195 = CIRCLE('',#8196,0.8);
#8196 = AXIS2_PLACEMENT_2D('',#8197,#8198);
#8197 = CARTESIAN_POINT('',(16.94,16.94));
#8198 = DIRECTION('',(1.,-2.22044604925E-15));
#8199 = ( GEOMETRIC_REPRESENTATION_CONTEXT(2) 
PARAMETRIC_REPRESENTATION_CONTEXT() REPRESENTATION_CONTEXT('2D SPACE',''
  ) );
#8200 = ORIENTED_EDGE('',*,*,#8201,.T.);
#8201 = EDGE_CURVE('',#8178,#6260,#8202,.T.);
#8202 = SURFACE_CURVE('',#8203,(#8207,#8214),.PCURVE_S1.);
#8203 = LINE('',#8204,#8205);
#8204 = CARTESIAN_POINT('',(37.94,39.54,0.8));
#8205 = VECTOR('',#8206,1.);
#8206 = DIRECTION('',(2.241427244969E-15,0.707106781187,0.707106781187)
  );
#8207 = PCURVE('',#6276,#8208);
#8208 = DEFINITIONAL_REPRESENTATION('',(#8209),#8213);
#8209 = LINE('',#8210,#8211);
#8210 = CARTESIAN_POINT('',(1.570796326795,0.));
#8211 = VECTOR('',#8212,1.);
#8212 = DIRECTION('',(0.,1.));
#8213 = ( GEOMETRIC_REPRESENTATION_CONTEXT(2) 
PARAMETRIC_REPRESENTATION_CONTEXT() REPRESENTATION_CONTEXT('2D SPACE',''
  ) );
#8214 = PCURVE('',#7556,#8215);
#8215 = DEFINITIONAL_REPRESENTATION('',(#8216),#8220);
#8216 = LINE('',#8217,#8218);
#8217 = CARTESIAN_POINT('',(-5.313330689115E-15,3.75));
#8218 = VECTOR('',#8219,1.);
#8219 = DIRECTION('',(-1.,-1.648597081618E-15));
#8220 = ( GEOMETRIC_REPRESENTATION_CONTEXT(2) 
PARAMETRIC_REPRESENTATION_CONTEXT() REPRESENTATION_CONTEXT('2D SPACE',''
  ) );
#8221 = ADVANCED_FACE('',(#8222),#6401,.F.);
#8222 = FACE_BOUND('',#8223,.F.);
#8223 = EDGE_LOOP('',(#8224,#8225,#8226,#8227,#8248,#8249,#8250,#8251));
#8224 = ORIENTED_EDGE('',*,*,#7848,.T.);
#8225 = ORIENTED_EDGE('',*,*,#6385,.T.);
#8226 = ORIENTED_EDGE('',*,*,#8177,.T.);
#8227 = ORIENTED_EDGE('',*,*,#8228,.T.);
#8228 = EDGE_CURVE('',#8178,#7628,#8229,.T.);
#8229 = SURFACE_CURVE('',#8230,(#8234,#8241),.PCURVE_S1.);
#8230 = LINE('',#8231,#8232);
#8231 = CARTESIAN_POINT('',(41.69,38.74,0.));
#8232 = VECTOR('',#8233,1.);
#8233 = DIRECTION('',(-1.,4.191942285976E-16,4.191942285976E-16));
#8234 = PCURVE('',#6401,#8235);
#8235 = DEFINITIONAL_REPRESENTATION('',(#8236),#8240);
#8236 = LINE('',#8237,#8238);
#8237 = CARTESIAN_POINT('',(20.69,17.74));
#8238 = VECTOR('',#8239,1.);
#8239 = DIRECTION('',(-1.,4.191942285976E-16));
#8240 = ( GEOMETRIC_REPRESENTATION_CONTEXT(2) 
PARAMETRIC_REPRESENTATION_CONTEXT() REPRESENTATION_CONTEXT('2D SPACE',''
  ) );
#8241 = PCURVE('',#7556,#8242);
#8242 = DEFINITIONAL_REPRESENTATION('',(#8243),#8247);
#8243 = LINE('',#8244,#8245);
#8244 = CARTESIAN_POINT('',(1.131370849898,-6.707107657562E-16));
#8245 = VECTOR('',#8246,1.);
#8246 = DIRECTION('',(-9.860761315263E-32,1.));
#8247 = ( GEOMETRIC_REPRESENTATION_CONTEXT(2) 
PARAMETRIC_REPRESENTATION_CONTEXT() REPRESENTATION_CONTEXT('2D SPACE',''
  ) );
#8248 = ORIENTED_EDGE('',*,*,#7650,.T.);
#8249 = ORIENTED_EDGE('',*,*,#7700,.T.);
#8250 = ORIENTED_EDGE('',*,*,#7749,.T.);
#8251 = ORIENTED_EDGE('',*,*,#7799,.T.);
#8252 = ADVANCED_FACE('',(#8253),#6576,.T.);
#8253 = FACE_BOUND('',#8254,.T.);
#8254 = EDGE_LOOP('',(#8255,#8256,#8257,#8284));
#8255 = ORIENTED_EDGE('',*,*,#6561,.F.);
#8256 = ORIENTED_EDGE('',*,*,#7516,.T.);
#8257 = ORIENTED_EDGE('',*,*,#8258,.T.);
#8258 = EDGE_CURVE('',#7494,#6689,#8259,.T.);
#8259 = SURFACE_CURVE('',#8260,(#8265,#8272),.PCURVE_S1.);
#8260 = CIRCLE('',#8261,1.6);
#8261 = AXIS2_PLACEMENT_3D('',#8262,#8263,#8264);
#8262 = CARTESIAN_POINT('',(-37.94,37.94,0.8));
#8263 = DIRECTION('',(0.,-0.,1.));
#8264 = DIRECTION('',(2.22044604925E-15,1.,0.));
#8265 = PCURVE('',#6576,#8266);
#8266 = DEFINITIONAL_REPRESENTATION('',(#8267),#8271);
#8267 = LINE('',#8268,#8269);
#8268 = CARTESIAN_POINT('',(0.,-1.8));
#8269 = VECTOR('',#8270,1.);
#8270 = DIRECTION('',(1.,0.));
#8271 = ( GEOMETRIC_REPRESENTATION_CONTEXT(2) 
PARAMETRIC_REPRESENTATION_CONTEXT() REPRESENTATION_CONTEXT('2D SPACE',''
  ) );
#8272 = PCURVE('',#8273,#8278);
#8273 = CONICAL_SURFACE('',#8274,1.6,0.785398163397);
#8274 = AXIS2_PLACEMENT_3D('',#8275,#8276,#8277);
#8275 = CARTESIAN_POINT('',(-37.94,37.94,0.8));
#8276 = DIRECTION('',(0.,-0.,1.));
#8277 = DIRECTION('',(2.22044604925E-15,1.,0.));
#8278 = DEFINITIONAL_REPRESENTATION('',(#8279),#8283);
#8279 = LINE('',#8280,#8281);
#8280 = CARTESIAN_POINT('',(0.,-0.));
#8281 = VECTOR('',#8282,1.);
#8282 = DIRECTION('',(1.,0.));
#8283 = ( GEOMETRIC_REPRESENTATION_CONTEXT(2) 
PARAMETRIC_REPRESENTATION_CONTEXT() REPRESENTATION_CONTEXT('2D SPACE',''
  ) );
#8284 = ORIENTED_EDGE('',*,*,#6688,.T.);
#8285 = ADVANCED_FACE('',(#8286),#6613,.F.);
#8286 = FACE_BOUND('',#8287,.F.);
#8287 = EDGE_LOOP('',(#8288,#8289,#8316,#8317));
#8288 = ORIENTED_EDGE('',*,*,#7601,.T.);
#8289 = ORIENTED_EDGE('',*,*,#8290,.T.);
#8290 = EDGE_CURVE('',#7574,#6634,#8291,.T.);
#8291 = SURFACE_CURVE('',#8292,(#8297,#8304),.PCURVE_S1.);
#8292 = CIRCLE('',#8293,1.6);
#8293 = AXIS2_PLACEMENT_3D('',#8294,#8295,#8296);
#8294 = CARTESIAN_POINT('',(-37.94,37.94,23.845));
#8295 = DIRECTION('',(0.,-0.,1.));
#8296 = DIRECTION('',(0.,1.,0.));
#8297 = PCURVE('',#6613,#8298);
#8298 = DEFINITIONAL_REPRESENTATION('',(#8299),#8303);
#8299 = LINE('',#8300,#8301);
#8300 = CARTESIAN_POINT('',(0.,-2.15));
#8301 = VECTOR('',#8302,1.);
#8302 = DIRECTION('',(1.,0.));
#8303 = ( GEOMETRIC_REPRESENTATION_CONTEXT(2) 
PARAMETRIC_REPRESENTATION_CONTEXT() REPRESENTATION_CONTEXT('2D SPACE',''
  ) );
#8304 = PCURVE('',#8305,#8310);
#8305 = CYLINDRICAL_SURFACE('',#8306,1.6);
#8306 = AXIS2_PLACEMENT_3D('',#8307,#8308,#8309);
#8307 = CARTESIAN_POINT('',(-37.94,37.94,23.845));
#8308 = DIRECTION('',(0.,0.,1.));
#8309 = DIRECTION('',(4.440892098501E-15,1.,-0.));
#8310 = DEFINITIONAL_REPRESENTATION('',(#8311),#8315);
#8311 = LINE('',#8312,#8313);
#8312 = CARTESIAN_POINT('',(0.,-0.));
#8313 = VECTOR('',#8314,1.);
#8314 = DIRECTION('',(1.,0.));
#8315 = ( GEOMETRIC_REPRESENTATION_CONTEXT(2) 
PARAMETRIC_REPRESENTATION_CONTEXT() REPRESENTATION_CONTEXT('2D SPACE',''
  ) );
#8316 = ORIENTED_EDGE('',*,*,#6633,.T.);
#8317 = ORIENTED_EDGE('',*,*,#6595,.F.);
#8318 = ADVANCED_FACE('',(#8319),#6670,.F.);
#8319 = FACE_BOUND('',#8320,.F.);
#8320 = EDGE_LOOP('',(#8321,#8322,#8345,#8371));
#8321 = ORIENTED_EDGE('',*,*,#6656,.F.);
#8322 = ORIENTED_EDGE('',*,*,#8323,.F.);
#8323 = EDGE_CURVE('',#8324,#6634,#8326,.T.);
#8324 = VERTEX_POINT('',#8325);
#8325 = CARTESIAN_POINT('',(-39.54,37.94,22.045));
#8326 = SURFACE_CURVE('',#8327,(#8331,#8338),.PCURVE_S1.);
#8327 = LINE('',#8328,#8329);
#8328 = CARTESIAN_POINT('',(-39.54,37.94,23.845));
#8329 = VECTOR('',#8330,1.);
#8330 = DIRECTION('',(0.,0.,1.));
#8331 = PCURVE('',#6670,#8332);
#8332 = DEFINITIONAL_REPRESENTATION('',(#8333),#8337);
#8333 = LINE('',#8334,#8335);
#8334 = CARTESIAN_POINT('',(3.745844331866E-30,3.75));
#8335 = VECTOR('',#8336,1.);
#8336 = DIRECTION('',(-1.,9.98891821831E-31));
#8337 = ( GEOMETRIC_REPRESENTATION_CONTEXT(2) 
PARAMETRIC_REPRESENTATION_CONTEXT() REPRESENTATION_CONTEXT('2D SPACE',''
  ) );
#8338 = PCURVE('',#8305,#8339);
#8339 = DEFINITIONAL_REPRESENTATION('',(#8340),#8344);
#8340 = LINE('',#8341,#8342);
#8341 = CARTESIAN_POINT('',(1.570796326795,0.));
#8342 = VECTOR('',#8343,1.);
#8343 = DIRECTION('',(0.,1.));
#8344 = ( GEOMETRIC_REPRESENTATION_CONTEXT(2) 
PARAMETRIC_REPRESENTATION_CONTEXT() REPRESENTATION_CONTEXT('2D SPACE',''
  ) );
#8345 = ORIENTED_EDGE('',*,*,#8346,.T.);
#8346 = EDGE_CURVE('',#8324,#6775,#8347,.T.);
#8347 = SURFACE_CURVE('',#8348,(#8352,#8359),.PCURVE_S1.);
#8348 = LINE('',#8349,#8350);
#8349 = CARTESIAN_POINT('',(-39.54,41.69,22.045));
#8350 = VECTOR('',#8351,1.);
#8351 = DIRECTION('',(9.977848717208E-61,-1.,9.98891821831E-31));
#8352 = PCURVE('',#6670,#8353);
#8353 = DEFINITIONAL_REPRESENTATION('',(#8354),#8358);
#8354 = LINE('',#8355,#8356);
#8355 = CARTESIAN_POINT('',(1.8,-1.798005279296E-30));
#8356 = VECTOR('',#8357,1.);
#8357 = DIRECTION('',(0.,1.));
#8358 = ( GEOMETRIC_REPRESENTATION_CONTEXT(2) 
PARAMETRIC_REPRESENTATION_CONTEXT() REPRESENTATION_CONTEXT('2D SPACE',''
  ) );
#8359 = PCURVE('',#8360,#8365);
#8360 = PLANE('',#8361);
#8361 = AXIS2_PLACEMENT_3D('',#8362,#8363,#8364);
#8362 = CARTESIAN_POINT('',(-39.54,41.69,22.045));
#8363 = DIRECTION('',(-0.707106781187,-0.,-0.707106781187));
#8364 = DIRECTION('',(0.707106781187,-1.377876392693E-15,-0.707106781187
    ));
#8365 = DEFINITIONAL_REPRESENTATION('',(#8366),#8370);
#8366 = LINE('',#8367,#8368);
#8367 = CARTESIAN_POINT('',(0.,0.));
#8368 = VECTOR('',#8369,1.);
#8369 = DIRECTION('',(1.377876392693E-15,1.));
#8370 = ( GEOMETRIC_REPRESENTATION_CONTEXT(2) 
PARAMETRIC_REPRESENTATION_CONTEXT() REPRESENTATION_CONTEXT('2D SPACE',''
  ) );
#8371 = ORIENTED_EDGE('',*,*,#6774,.F.);
#8372 = ADVANCED_FACE('',(#8373),#6725,.T.);
#8373 = FACE_BOUND('',#8374,.T.);
#8374 = EDGE_LOOP('',(#8375,#8376,#8399,#8420));
#8375 = ORIENTED_EDGE('',*,*,#6711,.F.);
#8376 = ORIENTED_EDGE('',*,*,#8377,.F.);
#8377 = EDGE_CURVE('',#8378,#6689,#8380,.T.);
#8378 = VERTEX_POINT('',#8379);
#8379 = CARTESIAN_POINT('',(-38.74,37.94,0.));
#8380 = SURFACE_CURVE('',#8381,(#8385,#8392),.PCURVE_S1.);
#8381 = LINE('',#8382,#8383);
#8382 = CARTESIAN_POINT('',(-39.54,37.94,0.8));
#8383 = VECTOR('',#8384,1.);
#8384 = DIRECTION('',(-0.707106781187,2.241427244969E-15,0.707106781187)
  );
#8385 = PCURVE('',#6725,#8386);
#8386 = DEFINITIONAL_REPRESENTATION('',(#8387),#8391);
#8387 = LINE('',#8388,#8389);
#8388 = CARTESIAN_POINT('',(-5.313330689115E-15,3.75));
#8389 = VECTOR('',#8390,1.);
#8390 = DIRECTION('',(-1.,-1.648597081618E-15));
#8391 = ( GEOMETRIC_REPRESENTATION_CONTEXT(2) 
PARAMETRIC_REPRESENTATION_CONTEXT() REPRESENTATION_CONTEXT('2D SPACE',''
  ) );
#8392 = PCURVE('',#8273,#8393);
#8393 = DEFINITIONAL_REPRESENTATION('',(#8394),#8398);
#8394 = LINE('',#8395,#8396);
#8395 = CARTESIAN_POINT('',(1.570796326795,0.));
#8396 = VECTOR('',#8397,1.);
#8397 = DIRECTION('',(0.,1.));
#8398 = ( GEOMETRIC_REPRESENTATION_CONTEXT(2) 
PARAMETRIC_REPRESENTATION_CONTEXT() REPRESENTATION_CONTEXT('2D SPACE',''
  ) );
#8399 = ORIENTED_EDGE('',*,*,#8400,.T.);
#8400 = EDGE_CURVE('',#8378,#7213,#8401,.T.);
#8401 = SURFACE_CURVE('',#8402,(#8406,#8413),.PCURVE_S1.);
#8402 = LINE('',#8403,#8404);
#8403 = CARTESIAN_POINT('',(-38.74,41.69,0.));
#8404 = VECTOR('',#8405,1.);
#8405 = DIRECTION('',(-4.191942285976E-16,-1.,4.191942285976E-16));
#8406 = PCURVE('',#6725,#8407);
#8407 = DEFINITIONAL_REPRESENTATION('',(#8408),#8412);
#8408 = LINE('',#8409,#8410);
#8409 = CARTESIAN_POINT('',(1.131370849898,-6.707107657562E-16));
#8410 = VECTOR('',#8411,1.);
#8411 = DIRECTION('',(-9.860761315263E-32,1.));
#8412 = ( GEOMETRIC_REPRESENTATION_CONTEXT(2) 
PARAMETRIC_REPRESENTATION_CONTEXT() REPRESENTATION_CONTEXT('2D SPACE',''
  ) );
#8413 = PCURVE('',#7252,#8414);
#8414 = DEFINITIONAL_REPRESENTATION('',(#8415),#8419);
#8415 = LINE('',#8416,#8417);
#8416 = CARTESIAN_POINT('',(-17.74,20.69));
#8417 = VECTOR('',#8418,1.);
#8418 = DIRECTION('',(-4.191942285976E-16,-1.));
#8419 = ( GEOMETRIC_REPRESENTATION_CONTEXT(2) 
PARAMETRIC_REPRESENTATION_CONTEXT() REPRESENTATION_CONTEXT('2D SPACE',''
  ) );
#8420 = ORIENTED_EDGE('',*,*,#7212,.F.);
#8421 = ADVANCED_FACE('',(#8422),#6757,.T.);
#8422 = FACE_BOUND('',#8423,.T.);
#8423 = EDGE_LOOP('',(#8424,#8425,#8426,#8427));
#8424 = ORIENTED_EDGE('',*,*,#6743,.F.);
#8425 = ORIENTED_EDGE('',*,*,#7187,.F.);
#8426 = ORIENTED_EDGE('',*,*,#7050,.T.);
#8427 = ORIENTED_EDGE('',*,*,#6829,.F.);
#8428 = ADVANCED_FACE('',(#8429),#6812,.F.);
#8429 = FACE_BOUND('',#8430,.F.);
#8430 = EDGE_LOOP('',(#8431,#8432,#8455,#8482));
#8431 = ORIENTED_EDGE('',*,*,#6797,.F.);
#8432 = ORIENTED_EDGE('',*,*,#8433,.T.);
#8433 = EDGE_CURVE('',#6775,#8434,#8436,.T.);
#8434 = VERTEX_POINT('',#8435);
#8435 = CARTESIAN_POINT('',(-38.74,-37.94,21.245));
#8436 = SURFACE_CURVE('',#8437,(#8441,#8448),.PCURVE_S1.);
#8437 = LINE('',#8438,#8439);
#8438 = CARTESIAN_POINT('',(-39.54,-37.94,22.045));
#8439 = VECTOR('',#8440,1.);
#8440 = DIRECTION('',(0.707106781187,-1.377876392693E-15,-0.707106781187
    ));
#8441 = PCURVE('',#6812,#8442);
#8442 = DEFINITIONAL_REPRESENTATION('',(#8443),#8447);
#8443 = LINE('',#8444,#8445);
#8444 = CARTESIAN_POINT('',(0.,0.));
#8445 = VECTOR('',#8446,1.);
#8446 = DIRECTION('',(-0.,-1.));
#8447 = ( GEOMETRIC_REPRESENTATION_CONTEXT(2) 
PARAMETRIC_REPRESENTATION_CONTEXT() REPRESENTATION_CONTEXT('2D SPACE',''
  ) );
#8448 = PCURVE('',#8360,#8449);
#8449 = DEFINITIONAL_REPRESENTATION('',(#8450),#8454);
#8450 = LINE('',#8451,#8452);
#8451 = CARTESIAN_POINT('',(-8.142119411954E-16,79.63));
#8452 = VECTOR('',#8453,1.);
#8453 = DIRECTION('',(1.,-2.958228394579E-31));
#8454 = ( GEOMETRIC_REPRESENTATION_CONTEXT(2) 
PARAMETRIC_REPRESENTATION_CONTEXT() REPRESENTATION_CONTEXT('2D SPACE',''
  ) );
#8455 = ORIENTED_EDGE('',*,*,#8456,.T.);
#8456 = EDGE_CURVE('',#8434,#6880,#8457,.T.);
#8457 = SURFACE_CURVE('',#8458,(#8463,#8470),.PCURVE_S1.);
#8458 = CIRCLE('',#8459,0.8);
#8459 = AXIS2_PLACEMENT_3D('',#8460,#8461,#8462);
#8460 = CARTESIAN_POINT('',(-37.94,-37.94,21.245));
#8461 = DIRECTION('',(0.,0.,1.));
#8462 = DIRECTION('',(-1.,4.440892098501E-15,0.));
#8463 = PCURVE('',#6812,#8464);
#8464 = DEFINITIONAL_REPRESENTATION('',(#8465),#8469);
#8465 = LINE('',#8466,#8467);
#8466 = CARTESIAN_POINT('',(0.,-0.8));
#8467 = VECTOR('',#8468,1.);
#8468 = DIRECTION('',(1.,0.));
#8469 = ( GEOMETRIC_REPRESENTATION_CONTEXT(2) 
PARAMETRIC_REPRESENTATION_CONTEXT() REPRESENTATION_CONTEXT('2D SPACE',''
  ) );
#8470 = PCURVE('',#8471,#8476);
#8471 = CYLINDRICAL_SURFACE('',#8472,0.8);
#8472 = AXIS2_PLACEMENT_3D('',#8473,#8474,#8475);
#8473 = CARTESIAN_POINT('',(-37.94,-37.94,21.245));
#8474 = DIRECTION('',(0.,0.,1.));
#8475 = DIRECTION('',(-1.,8.881784197001E-15,0.));
#8476 = DEFINITIONAL_REPRESENTATION('',(#8477),#8481);
#8477 = LINE('',#8478,#8479);
#8478 = CARTESIAN_POINT('',(0.,-0.));
#8479 = VECTOR('',#8480,1.);
#8480 = DIRECTION('',(1.,0.));
#8481 = ( GEOMETRIC_REPRESENTATION_CONTEXT(2) 
PARAMETRIC_REPRESENTATION_CONTEXT() REPRESENTATION_CONTEXT('2D SPACE',''
  ) );
#8482 = ORIENTED_EDGE('',*,*,#6879,.T.);
#8483 = ADVANCED_FACE('',(#8484),#6916,.F.);
#8484 = FACE_BOUND('',#8485,.F.);
#8485 = EDGE_LOOP('',(#8486,#8487,#8510,#8536));
#8486 = ORIENTED_EDGE('',*,*,#6902,.F.);
#8487 = ORIENTED_EDGE('',*,*,#8488,.F.);
#8488 = EDGE_CURVE('',#8489,#6880,#8491,.T.);
#8489 = VERTEX_POINT('',#8490);
#8490 = CARTESIAN_POINT('',(-37.94,-38.74,20.045));
#8491 = SURFACE_CURVE('',#8492,(#8496,#8503),.PCURVE_S1.);
#8492 = LINE('',#8493,#8494);
#8493 = CARTESIAN_POINT('',(-37.94,-38.74,21.245));
#8494 = VECTOR('',#8495,1.);
#8495 = DIRECTION('',(0.,0.,1.));
#8496 = PCURVE('',#6916,#8497);
#8497 = DEFINITIONAL_REPRESENTATION('',(#8498),#8502);
#8498 = LINE('',#8499,#8500);
#8499 = CARTESIAN_POINT('',(3.745844331866E-30,3.75));
#8500 = VECTOR('',#8501,1.);
#8501 = DIRECTION('',(-1.,9.98891821831E-31));
#8502 = ( GEOMETRIC_REPRESENTATION_CONTEXT(2) 
PARAMETRIC_REPRESENTATION_CONTEXT() REPRESENTATION_CONTEXT('2D SPACE',''
  ) );
#8503 = PCURVE('',#8471,#8504);
#8504 = DEFINITIONAL_REPRESENTATION('',(#8505),#8509);
#8505 = LINE('',#8506,#8507);
#8506 = CARTESIAN_POINT('',(1.570796326795,0.));
#8507 = VECTOR('',#8508,1.);
#8508 = DIRECTION('',(0.,1.));
#8509 = ( GEOMETRIC_REPRESENTATION_CONTEXT(2) 
PARAMETRIC_REPRESENTATION_CONTEXT() REPRESENTATION_CONTEXT('2D SPACE',''
  ) );
#8510 = ORIENTED_EDGE('',*,*,#8511,.T.);
#8511 = EDGE_CURVE('',#8489,#7991,#8512,.T.);
#8512 = SURFACE_CURVE('',#8513,(#8517,#8524),.PCURVE_S1.);
#8513 = LINE('',#8514,#8515);
#8514 = CARTESIAN_POINT('',(-41.69,-38.74,20.045));
#8515 = VECTOR('',#8516,1.);
#8516 = DIRECTION('',(1.,9.977848717208E-61,9.98891821831E-31));
#8517 = PCURVE('',#6916,#8518);
#8518 = DEFINITIONAL_REPRESENTATION('',(#8519),#8523);
#8519 = LINE('',#8520,#8521);
#8520 = CARTESIAN_POINT('',(1.2,-1.198670186197E-30));
#8521 = VECTOR('',#8522,1.);
#8522 = DIRECTION('',(0.,1.));
#8523 = ( GEOMETRIC_REPRESENTATION_CONTEXT(2) 
PARAMETRIC_REPRESENTATION_CONTEXT() REPRESENTATION_CONTEXT('2D SPACE',''
  ) );
#8524 = PCURVE('',#8525,#8530);
#8525 = PLANE('',#8526);
#8526 = AXIS2_PLACEMENT_3D('',#8527,#8528,#8529);
#8527 = CARTESIAN_POINT('',(-41.69,-38.74,20.045));
#8528 = DIRECTION('',(0.,-0.707106781187,0.707106781187));
#8529 = DIRECTION('',(-1.377876392693E-15,-0.707106781187,
    -0.707106781187));
#8530 = DEFINITIONAL_REPRESENTATION('',(#8531),#8535);
#8531 = LINE('',#8532,#8533);
#8532 = CARTESIAN_POINT('',(-0.,0.));
#8533 = VECTOR('',#8534,1.);
#8534 = DIRECTION('',(-1.377876392693E-15,1.));
#8535 = ( GEOMETRIC_REPRESENTATION_CONTEXT(2) 
PARAMETRIC_REPRESENTATION_CONTEXT() REPRESENTATION_CONTEXT('2D SPACE',''
  ) );
#8536 = ORIENTED_EDGE('',*,*,#7990,.T.);
#8537 = ADVANCED_FACE('',(#8538),#7252,.F.);
#8538 = FACE_BOUND('',#8539,.F.);
#8539 = EDGE_LOOP('',(#8540,#8541,#8542,#8543,#8566,#8588,#8589,#8590));
#8540 = ORIENTED_EDGE('',*,*,#7339,.T.);
#8541 = ORIENTED_EDGE('',*,*,#7389,.T.);
#8542 = ORIENTED_EDGE('',*,*,#7438,.T.);
#8543 = ORIENTED_EDGE('',*,*,#8544,.T.);
#8544 = EDGE_CURVE('',#7439,#8545,#8547,.T.);
#8545 = VERTEX_POINT('',#8546);
#8546 = CARTESIAN_POINT('',(-37.94,38.74,0.));
#8547 = SURFACE_CURVE('',#8548,(#8552,#8559),.PCURVE_S1.);
#8548 = LINE('',#8549,#8550);
#8549 = CARTESIAN_POINT('',(-0.31,38.74,0.));
#8550 = VECTOR('',#8551,1.);
#8551 = DIRECTION('',(-1.,4.191942285976E-16,4.191942285976E-16));
#8552 = PCURVE('',#7252,#8553);
#8553 = DEFINITIONAL_REPRESENTATION('',(#8554),#8558);
#8554 = LINE('',#8555,#8556);
#8555 = CARTESIAN_POINT('',(20.69,17.74));
#8556 = VECTOR('',#8557,1.);
#8557 = DIRECTION('',(-1.,4.191942285976E-16));
#8558 = ( GEOMETRIC_REPRESENTATION_CONTEXT(2) 
PARAMETRIC_REPRESENTATION_CONTEXT() REPRESENTATION_CONTEXT('2D SPACE',''
  ) );
#8559 = PCURVE('',#7476,#8560);
#8560 = DEFINITIONAL_REPRESENTATION('',(#8561),#8565);
#8561 = LINE('',#8562,#8563);
#8562 = CARTESIAN_POINT('',(1.131370849898,-6.707107657562E-16));
#8563 = VECTOR('',#8564,1.);
#8564 = DIRECTION('',(-9.860761315263E-32,1.));
#8565 = ( GEOMETRIC_REPRESENTATION_CONTEXT(2) 
PARAMETRIC_REPRESENTATION_CONTEXT() REPRESENTATION_CONTEXT('2D SPACE',''
  ) );
#8566 = ORIENTED_EDGE('',*,*,#8567,.T.);
#8567 = EDGE_CURVE('',#8545,#8378,#8568,.T.);
#8568 = SURFACE_CURVE('',#8569,(#8574,#8581),.PCURVE_S1.);
#8569 = CIRCLE('',#8570,0.8);
#8570 = AXIS2_PLACEMENT_3D('',#8571,#8572,#8573);
#8571 = CARTESIAN_POINT('',(-37.94,37.94,0.));
#8572 = DIRECTION('',(0.,-0.,1.));
#8573 = DIRECTION('',(2.22044604925E-15,1.,0.));
#8574 = PCURVE('',#7252,#8575);
#8575 = DEFINITIONAL_REPRESENTATION('',(#8576),#8580);
#8576 = CIRCLE('',#8577,0.8);
#8577 = AXIS2_PLACEMENT_2D('',#8578,#8579);
#8578 = CARTESIAN_POINT('',(-16.94,16.94));
#8579 = DIRECTION('',(2.22044604925E-15,1.));
#8580 = ( GEOMETRIC_REPRESENTATION_CONTEXT(2) 
PARAMETRIC_REPRESENTATION_CONTEXT() REPRESENTATION_CONTEXT('2D SPACE',''
  ) );
#8581 = PCURVE('',#8273,#8582);
#8582 = DEFINITIONAL_REPRESENTATION('',(#8583),#8587);
#8583 = LINE('',#8584,#8585);
#8584 = CARTESIAN_POINT('',(0.,-0.8));
#8585 = VECTOR('',#8586,1.);
#8586 = DIRECTION('',(1.,0.));
#8587 = ( GEOMETRIC_REPRESENTATION_CONTEXT(2) 
PARAMETRIC_REPRESENTATION_CONTEXT() REPRESENTATION_CONTEXT('2D SPACE',''
  ) );
#8588 = ORIENTED_EDGE('',*,*,#8400,.T.);
#8589 = ORIENTED_EDGE('',*,*,#7235,.T.);
#8590 = ORIENTED_EDGE('',*,*,#7290,.T.);
#8591 = ADVANCED_FACE('',(#8592),#7476,.T.);
#8592 = FACE_BOUND('',#8593,.T.);
#8593 = EDGE_LOOP('',(#8594,#8595,#8596,#8597));
#8594 = ORIENTED_EDGE('',*,*,#7493,.F.);
#8595 = ORIENTED_EDGE('',*,*,#7462,.F.);
#8596 = ORIENTED_EDGE('',*,*,#8544,.T.);
#8597 = ORIENTED_EDGE('',*,*,#8598,.F.);
#8598 = EDGE_CURVE('',#7494,#8545,#8599,.T.);
#8599 = SURFACE_CURVE('',#8600,(#8604,#8611),.PCURVE_S1.);
#8600 = LINE('',#8601,#8602);
#8601 = CARTESIAN_POINT('',(-37.94,39.54,0.8));
#8602 = VECTOR('',#8603,1.);
#8603 = DIRECTION('',(-5.928301633513E-16,-0.707106781187,
    -0.707106781187));
#8604 = PCURVE('',#7476,#8605);
#8605 = DEFINITIONAL_REPRESENTATION('',(#8606),#8610);
#8606 = LINE('',#8607,#8608);
#8607 = CARTESIAN_POINT('',(1.582978592282E-15,37.63));
#8608 = VECTOR('',#8609,1.);
#8609 = DIRECTION('',(1.,-9.860761315263E-32));
#8610 = ( GEOMETRIC_REPRESENTATION_CONTEXT(2) 
PARAMETRIC_REPRESENTATION_CONTEXT() REPRESENTATION_CONTEXT('2D SPACE',''
  ) );
#8611 = PCURVE('',#8273,#8612);
#8612 = DEFINITIONAL_REPRESENTATION('',(#8613),#8617);
#8613 = LINE('',#8614,#8615);
#8614 = CARTESIAN_POINT('',(0.,0.));
#8615 = VECTOR('',#8616,1.);
#8616 = DIRECTION('',(-0.,-1.));
#8617 = ( GEOMETRIC_REPRESENTATION_CONTEXT(2) 
PARAMETRIC_REPRESENTATION_CONTEXT() REPRESENTATION_CONTEXT('2D SPACE',''
  ) );
#8618 = ADVANCED_FACE('',(#8619),#7556,.T.);
#8619 = FACE_BOUND('',#8620,.T.);
#8620 = EDGE_LOOP('',(#8621,#8622,#8623,#8624));
#8621 = ORIENTED_EDGE('',*,*,#7542,.F.);
#8622 = ORIENTED_EDGE('',*,*,#8201,.F.);
#8623 = ORIENTED_EDGE('',*,*,#8228,.T.);
#8624 = ORIENTED_EDGE('',*,*,#7627,.F.);
#8625 = ADVANCED_FACE('',(#8626),#7589,.F.);
#8626 = FACE_BOUND('',#8627,.F.);
#8627 = EDGE_LOOP('',(#8628,#8629,#8630,#8658));
#8628 = ORIENTED_EDGE('',*,*,#7573,.F.);
#8629 = ORIENTED_EDGE('',*,*,#8151,.F.);
#8630 = ORIENTED_EDGE('',*,*,#8631,.T.);
#8631 = EDGE_CURVE('',#8128,#8632,#8634,.T.);
#8632 = VERTEX_POINT('',#8633);
#8633 = CARTESIAN_POINT('',(-37.94,39.54,22.045));
#8634 = SURFACE_CURVE('',#8635,(#8639,#8646),.PCURVE_S1.);
#8635 = LINE('',#8636,#8637);
#8636 = CARTESIAN_POINT('',(41.69,39.54,22.045));
#8637 = VECTOR('',#8638,1.);
#8638 = DIRECTION('',(-1.,-9.977848717208E-61,9.98891821831E-31));
#8639 = PCURVE('',#7589,#8640);
#8640 = DEFINITIONAL_REPRESENTATION('',(#8641),#8645);
#8641 = LINE('',#8642,#8643);
#8642 = CARTESIAN_POINT('',(1.8,-1.798005279296E-30));
#8643 = VECTOR('',#8644,1.);
#8644 = DIRECTION('',(0.,1.));
#8645 = ( GEOMETRIC_REPRESENTATION_CONTEXT(2) 
PARAMETRIC_REPRESENTATION_CONTEXT() REPRESENTATION_CONTEXT('2D SPACE',''
  ) );
#8646 = PCURVE('',#8647,#8652);
#8647 = PLANE('',#8648);
#8648 = AXIS2_PLACEMENT_3D('',#8649,#8650,#8651);
#8649 = CARTESIAN_POINT('',(41.69,39.54,22.045));
#8650 = DIRECTION('',(0.,0.707106781187,-0.707106781187));
#8651 = DIRECTION('',(-1.377876392693E-15,-0.707106781187,
    -0.707106781187));
#8652 = DEFINITIONAL_REPRESENTATION('',(#8653),#8657);
#8653 = LINE('',#8654,#8655);
#8654 = CARTESIAN_POINT('',(-0.,0.));
#8655 = VECTOR('',#8656,1.);
#8656 = DIRECTION('',(1.377876392693E-15,1.));
#8657 = ( GEOMETRIC_REPRESENTATION_CONTEXT(2) 
PARAMETRIC_REPRESENTATION_CONTEXT() REPRESENTATION_CONTEXT('2D SPACE',''
  ) );
#8658 = ORIENTED_EDGE('',*,*,#8659,.F.);
#8659 = EDGE_CURVE('',#7574,#8632,#8660,.T.);
#8660 = SURFACE_CURVE('',#8661,(#8665,#8672),.PCURVE_S1.);
#8661 = LINE('',#8662,#8663);
#8662 = CARTESIAN_POINT('',(-37.94,39.54,23.845));
#8663 = VECTOR('',#8664,1.);
#8664 = DIRECTION('',(-9.98891821831E-31,9.98891821831E-31,-1.));
#8665 = PCURVE('',#7589,#8666);
#8666 = DEFINITIONAL_REPRESENTATION('',(#8667),#8671);
#8667 = LINE('',#8668,#8669);
#8668 = CARTESIAN_POINT('',(7.95417557724E-29,79.63));
#8669 = VECTOR('',#8670,1.);
#8670 = DIRECTION('',(1.,0.));
#8671 = ( GEOMETRIC_REPRESENTATION_CONTEXT(2) 
PARAMETRIC_REPRESENTATION_CONTEXT() REPRESENTATION_CONTEXT('2D SPACE',''
  ) );
#8672 = PCURVE('',#8305,#8673);
#8673 = DEFINITIONAL_REPRESENTATION('',(#8674),#8678);
#8674 = LINE('',#8675,#8676);
#8675 = CARTESIAN_POINT('',(0.,0.));
#8676 = VECTOR('',#8677,1.);
#8677 = DIRECTION('',(-0.,-1.));
#8678 = ( GEOMETRIC_REPRESENTATION_CONTEXT(2) 
PARAMETRIC_REPRESENTATION_CONTEXT() REPRESENTATION_CONTEXT('2D SPACE',''
  ) );
#8679 = ADVANCED_FACE('',(#8680),#8030,.F.);
#8680 = FACE_BOUND('',#8681,.F.);
#8681 = EDGE_LOOP('',(#8682,#8683,#8706,#8803));
#8682 = ORIENTED_EDGE('',*,*,#8013,.F.);
#8683 = ORIENTED_EDGE('',*,*,#8684,.F.);
#8684 = EDGE_CURVE('',#8685,#7991,#8687,.T.);
#8685 = VERTEX_POINT('',#8686);
#8686 = CARTESIAN_POINT('',(37.94,-40.43232921921,18.352670780787));
#8687 = SURFACE_CURVE('',#8688,(#8692,#8699),.PCURVE_S1.);
#8688 = LINE('',#8689,#8690);
#8689 = CARTESIAN_POINT('',(37.94,-38.74,20.045));
#8690 = VECTOR('',#8691,1.);
#8691 = DIRECTION('',(6.280369834735E-15,0.707106781187,0.707106781187)
  );
#8692 = PCURVE('',#8030,#8693);
#8693 = DEFINITIONAL_REPRESENTATION('',(#8694),#8698);
#8694 = LINE('',#8695,#8696);
#8695 = CARTESIAN_POINT('',(-0.,-0.));
#8696 = VECTOR('',#8697,1.);
#8697 = DIRECTION('',(-0.,-1.));
#8698 = ( GEOMETRIC_REPRESENTATION_CONTEXT(2) 
PARAMETRIC_REPRESENTATION_CONTEXT() REPRESENTATION_CONTEXT('2D SPACE',''
  ) );
#8699 = PCURVE('',#8525,#8700);
#8700 = DEFINITIONAL_REPRESENTATION('',(#8701),#8705);
#8701 = LINE('',#8702,#8703);
#8702 = CARTESIAN_POINT('',(-1.097202971501E-13,79.63));
#8703 = VECTOR('',#8704,1.);
#8704 = DIRECTION('',(-1.,4.902493442042E-15));
#8705 = ( GEOMETRIC_REPRESENTATION_CONTEXT(2) 
PARAMETRIC_REPRESENTATION_CONTEXT() REPRESENTATION_CONTEXT('2D SPACE',''
  ) );
#8706 = ORIENTED_EDGE('',*,*,#8707,.T.);
#8707 = EDGE_CURVE('',#8685,#8708,#8710,.T.);
#8708 = VERTEX_POINT('',#8709);
#8709 = CARTESIAN_POINT('',(40.432329219213,-37.94,18.352670780787));
#8710 = SURFACE_CURVE('',#8711,(#8738,#8768),.PCURVE_S1.);
#8711 = B_SPLINE_CURVE_WITH_KNOTS('',5,(#8712,#8713,#8714,#8715,#8716,
    #8717,#8718,#8719,#8720,#8721,#8722,#8723,#8724,#8725,#8726,#8727,
    #8728,#8729,#8730,#8731,#8732,#8733,#8734,#8735,#8736,#8737),
  .UNSPECIFIED.,.F.,.F.,(6,4,4,4,4,4,6),(0.,0.190950075551,
    0.291343172109,0.500080767507,0.706258467135,0.809214800951,1.),
  .UNSPECIFIED.);
#8712 = CARTESIAN_POINT('',(37.94,-40.43232921921,18.352670780787));
#8713 = CARTESIAN_POINT('',(38.076692252234,-40.40580702654,
    18.379192973453));
#8714 = CARTESIAN_POINT('',(38.212649907998,-40.37159003274,
    18.40403860766));
#8715 = CARTESIAN_POINT('',(38.347331231126,-40.32961645468,
    18.426973657422));
#8716 = CARTESIAN_POINT('',(38.480123339312,-40.27987628122,
    18.447743666364));
#8717 = CARTESIAN_POINT('',(38.678821623233,-40.19230699468,
    18.475772500857));
#8718 = CARTESIAN_POINT('',(38.746582030224,-40.16001634101,
    18.484767721342));
#8719 = CARTESIAN_POINT('',(38.813535199822,-40.12562647901,
    18.493065251033));
#8720 = CARTESIAN_POINT('',(38.879579480774,-40.08916459285,
    18.500633667427));
#8721 = CARTESIAN_POINT('',(39.07982271078,-39.97062840225,
    18.52160610083));
#8722 = CARTESIAN_POINT('',(39.210668425157,-39.88178733098,
    18.532495206389));
#8723 = CARTESIAN_POINT('',(39.336175746454,-39.78451356572,
    18.539856760801));
#8724 = CARTESIAN_POINT('',(39.45542665721,-39.67936791312,
    18.543533833482));
#8725 = CARTESIAN_POINT('',(39.678404549853,-39.45634654864,
    18.543522500254));
#8726 = CARTESIAN_POINT('',(39.782322505976,-39.3386242643,
    18.539923867199));
#8727 = CARTESIAN_POINT('',(39.878569090033,-39.21479002869,
    18.532730854482));
#8728 = CARTESIAN_POINT('',(39.966600925033,-39.08572752064,
    18.522092902895));
#8729 = CARTESIAN_POINT('',(40.085736513371,-38.8857812815,
    18.501343369371));
#8730 = CARTESIAN_POINT('',(40.123278215761,-38.81811600514,
    18.493634097467));
#8731 = CARTESIAN_POINT('',(40.158642035393,-38.74948988864,
    18.485156466182));
#8732 = CARTESIAN_POINT('',(40.191798379224,-38.68001263507,
    18.475944285187));
#8733 = CARTESIAN_POINT('',(40.280047945058,-38.47966494643,
    18.447671961198));
#8734 = CARTESIAN_POINT('',(40.329725103473,-38.34698254688,
    18.426914275133));
#8735 = CARTESIAN_POINT('',(40.371649084019,-38.21241525175,
    18.403995724485));
#8736 = CARTESIAN_POINT('',(40.405829914237,-38.07657429178,
    18.379170085763));
#8737 = CARTESIAN_POINT('',(40.432329219213,-37.94,18.352670780787));
#8738 = PCURVE('',#8030,#8739);
#8739 = DEFINITIONAL_REPRESENTATION('',(#8740),#8767);
#8740 = B_SPLINE_CURVE_WITH_KNOTS('',5,(#8741,#8742,#8743,#8744,#8745,
    #8746,#8747,#8748,#8749,#8750,#8751,#8752,#8753,#8754,#8755,#8756,
    #8757,#8758,#8759,#8760,#8761,#8762,#8763,#8764,#8765,#8766),
  .UNSPECIFIED.,.F.,.F.,(6,4,4,4,4,4,6),(0.,0.190950075551,
    0.291343172109,0.500080767507,0.706258467135,0.809214800951,1.),
  .UNSPECIFIED.);
#8741 = CARTESIAN_POINT('',(8.881784197001E-15,1.692329219213));
#8742 = CARTESIAN_POINT('',(-5.48451830441E-02,1.665807026547));
#8743 = CARTESIAN_POINT('',(-0.110854748516,1.64096139234));
#8744 = CARTESIAN_POINT('',(-0.168032306126,1.618026342578));
#8745 = CARTESIAN_POINT('',(-0.226338006292,1.597256333635));
#8746 = CARTESIAN_POINT('',(-0.316852009957,1.569227499143));
#8747 = CARTESIAN_POINT('',(-0.348323348565,1.560232278658));
#8748 = CARTESIAN_POINT('',(-0.380059915808,1.551934748967));
#8749 = CARTESIAN_POINT('',(-0.412040265017,1.544366332573));
#8750 = CARTESIAN_POINT('',(-0.511182556024,1.52339389917));
#8751 = CARTESIAN_POINT('',(-0.579072611825,1.512504793611));
#8752 = CARTESIAN_POINT('',(-0.6476504069,1.505143239199));
#8753 = CARTESIAN_POINT('',(-0.716594202118,1.501466166518));
#8754 = CARTESIAN_POINT('',(-0.853623511398,1.501477499746));
#8755 = CARTESIAN_POINT('',(-0.921720743749,1.505076132801));
#8756 = CARTESIAN_POINT('',(-0.989464776525,1.512269145518));
#8757 = CARTESIAN_POINT('',(-1.056544906582,1.522907097105));
#8758 = CARTESIAN_POINT('',(-1.15575191182,1.543656630629));
#8759 = CARTESIAN_POINT('',(-1.188566319937,1.551365902533));
#8760 = CARTESIAN_POINT('',(-1.221125376398,1.559843533818));
#8761 = CARTESIAN_POINT('',(-1.253405820619,1.569055714813));
#8762 = CARTESIAN_POINT('',(-1.34465958078,1.597328038802));
#8763 = CARTESIAN_POINT('',(-1.402912046939,1.618085724867));
#8764 = CARTESIAN_POINT('',(-1.46003824702,1.641004275515));
#8765 = CARTESIAN_POINT('',(-1.515998473153,1.665829914237));
#8766 = CARTESIAN_POINT('',(-1.570796326795,1.692329219213));
#8767 = ( GEOMETRIC_REPRESENTATION_CONTEXT(2) 
PARAMETRIC_REPRESENTATION_CONTEXT() REPRESENTATION_CONTEXT('2D SPACE',''
  ) );
#8768 = PCURVE('',#8769,#8774);
#8769 = CYLINDRICAL_SURFACE('',#8770,3.15);
#8770 = AXIS2_PLACEMENT_3D('',#8771,#8772,#8773);
#8771 = CARTESIAN_POINT('',(37.34,-37.34,4.75));
#8772 = DIRECTION('',(-0.,-0.,-1.));
#8773 = DIRECTION('',(-4.51138244927E-15,-1.,0.));
#8774 = DEFINITIONAL_REPRESENTATION('',(#8775),#8802);
#8775 = B_SPLINE_CURVE_WITH_KNOTS('',5,(#8776,#8777,#8778,#8779,#8780,
    #8781,#8782,#8783,#8784,#8785,#8786,#8787,#8788,#8789,#8790,#8791,
    #8792,#8793,#8794,#8795,#8796,#8797,#8798,#8799,#8800,#8801),
  .UNSPECIFIED.,.F.,.F.,(6,4,4,4,4,4,6),(0.,0.190950075551,
    0.291343172109,0.500080767507,0.706258467135,0.809214800951,1.),
  .UNSPECIFIED.);
#8776 = CARTESIAN_POINT('',(-0.191647194975,-13.60267078078));
#8777 = CARTESIAN_POINT('',(-0.23585084942,-13.62919297345));
#8778 = CARTESIAN_POINT('',(-0.280290915872,-13.65403860766));
#8779 = CARTESIAN_POINT('',(-0.324981904993,-13.67697365742));
#8780 = CARTESIAN_POINT('',(-0.369926019435,-13.69774366636));
#8781 = CARTESIAN_POINT('',(-0.43885906649,-13.72577250085));
#8782 = CARTESIAN_POINT('',(-0.462677502357,-13.73476772134));
#8783 = CARTESIAN_POINT('',(-0.48655818932,-13.74306525103));
#8784 = CARTESIAN_POINT('',(-0.510496820956,-13.75063366742));
#8785 = CARTESIAN_POINT('',(-0.584369079425,-13.77160610083));
#8786 = CARTESIAN_POINT('',(-0.634480995412,-13.78249520638));
#8787 = CARTESIAN_POINT('',(-0.6847564032,-13.7898567608));
#8788 = CARTESIAN_POINT('',(-0.735128201048,-13.79353383348));
#8789 = CARTESIAN_POINT('',(-0.835245375847,-13.79352250025));
#8790 = CARTESIAN_POINT('',(-0.884999054354,-13.78992386719));
#8791 = CARTESIAN_POINT('',(-0.934659834917,-13.78273085448));
#8792 = CARTESIAN_POINT('',(-0.984162640348,-13.77209290289));
#8793 = CARTESIAN_POINT('',(-1.058051000333,-13.75134336937));
#8794 = CARTESIAN_POINT('',(-1.082605011812,-13.74363409746));
#8795 = CARTESIAN_POINT('',(-1.107098291244,-13.73515646618));
#8796 = CARTESIAN_POINT('',(-1.131526154623,-13.72594428518));
#8797 = CARTESIAN_POINT('',(-1.201025448855,-13.69767196119));
#8798 = CARTESIAN_POINT('',(-1.24593012296,-13.67691427513));
#8799 = CARTESIAN_POINT('',(-1.29058211216,-13.65399572448));
#8800 = CARTESIAN_POINT('',(-1.334983623525,-13.62917008576));
#8801 = CARTESIAN_POINT('',(-1.379149131819,-13.60267078078));
#8802 = ( GEOMETRIC_REPRESENTATION_CONTEXT(2) 
PARAMETRIC_REPRESENTATION_CONTEXT() REPRESENTATION_CONTEXT('2D SPACE',''
  ) );
#8803 = ORIENTED_EDGE('',*,*,#8804,.T.);
#8804 = EDGE_CURVE('',#8708,#8014,#8805,.T.);
#8805 = SURFACE_CURVE('',#8806,(#8810,#8817),.PCURVE_S1.);
#8806 = LINE('',#8807,#8808);
#8807 = CARTESIAN_POINT('',(38.74,-37.94,20.045));
#8808 = VECTOR('',#8809,1.);
#8809 = DIRECTION('',(-0.707106781187,8.992824817309E-15,0.707106781187)
  );
#8810 = PCURVE('',#8030,#8811);
#8811 = DEFINITIONAL_REPRESENTATION('',(#8812),#8816);
#8812 = LINE('',#8813,#8814);
#8813 = CARTESIAN_POINT('',(-1.570796326795,-0.));
#8814 = VECTOR('',#8815,1.);
#8815 = DIRECTION('',(-0.,-1.));
#8816 = ( GEOMETRIC_REPRESENTATION_CONTEXT(2) 
PARAMETRIC_REPRESENTATION_CONTEXT() REPRESENTATION_CONTEXT('2D SPACE',''
  ) );
#8817 = PCURVE('',#8818,#8823);
#8818 = PLANE('',#8819);
#8819 = AXIS2_PLACEMENT_3D('',#8820,#8821,#8822);
#8820 = CARTESIAN_POINT('',(38.74,-41.69,20.045));
#8821 = DIRECTION('',(0.707106781187,-0.,0.707106781187));
#8822 = DIRECTION('',(0.707106781187,-1.377876392693E-15,-0.707106781187
    ));
#8823 = DEFINITIONAL_REPRESENTATION('',(#8824),#8828);
#8824 = LINE('',#8825,#8826);
#8825 = CARTESIAN_POINT('',(-5.167036472599E-15,3.75));
#8826 = VECTOR('',#8827,1.);
#8827 = DIRECTION('',(-1.,7.614948424616E-15));
#8828 = ( GEOMETRIC_REPRESENTATION_CONTEXT(2) 
PARAMETRIC_REPRESENTATION_CONTEXT() REPRESENTATION_CONTEXT('2D SPACE',''
  ) );
#8829 = ADVANCED_FACE('',(#8830),#8056,.F.);
#8830 = FACE_BOUND('',#8831,.F.);
#8831 = EDGE_LOOP('',(#8832,#8833,#8834,#8857));
#8832 = ORIENTED_EDGE('',*,*,#8073,.F.);
#8833 = ORIENTED_EDGE('',*,*,#8042,.F.);
#8834 = ORIENTED_EDGE('',*,*,#8835,.T.);
#8835 = EDGE_CURVE('',#8014,#8836,#8838,.T.);
#8836 = VERTEX_POINT('',#8837);
#8837 = CARTESIAN_POINT('',(38.74,37.94,20.045));
#8838 = SURFACE_CURVE('',#8839,(#8843,#8850),.PCURVE_S1.);
#8839 = LINE('',#8840,#8841);
#8840 = CARTESIAN_POINT('',(38.74,-41.69,20.045));
#8841 = VECTOR('',#8842,1.);
#8842 = DIRECTION('',(-9.977848717208E-61,1.,9.98891821831E-31));
#8843 = PCURVE('',#8056,#8844);
#8844 = DEFINITIONAL_REPRESENTATION('',(#8845),#8849);
#8845 = LINE('',#8846,#8847);
#8846 = CARTESIAN_POINT('',(1.2,-1.198670186197E-30));
#8847 = VECTOR('',#8848,1.);
#8848 = DIRECTION('',(0.,1.));
#8849 = ( GEOMETRIC_REPRESENTATION_CONTEXT(2) 
PARAMETRIC_REPRESENTATION_CONTEXT() REPRESENTATION_CONTEXT('2D SPACE',''
  ) );
#8850 = PCURVE('',#8818,#8851);
#8851 = DEFINITIONAL_REPRESENTATION('',(#8852),#8856);
#8852 = LINE('',#8853,#8854);
#8853 = CARTESIAN_POINT('',(0.,0.));
#8854 = VECTOR('',#8855,1.);
#8855 = DIRECTION('',(-1.377876392693E-15,1.));
#8856 = ( GEOMETRIC_REPRESENTATION_CONTEXT(2) 
PARAMETRIC_REPRESENTATION_CONTEXT() REPRESENTATION_CONTEXT('2D SPACE',''
  ) );
#8857 = ORIENTED_EDGE('',*,*,#8858,.F.);
#8858 = EDGE_CURVE('',#8074,#8836,#8859,.T.);
#8859 = SURFACE_CURVE('',#8860,(#8864,#8871),.PCURVE_S1.);
#8860 = LINE('',#8861,#8862);
#8861 = CARTESIAN_POINT('',(38.74,37.94,21.245));
#8862 = VECTOR('',#8863,1.);
#8863 = DIRECTION('',(9.98891821831E-31,9.98891821831E-31,-1.));
#8864 = PCURVE('',#8056,#8865);
#8865 = DEFINITIONAL_REPRESENTATION('',(#8866),#8870);
#8866 = LINE('',#8867,#8868);
#8867 = CARTESIAN_POINT('',(7.95417557724E-29,79.63));
#8868 = VECTOR('',#8869,1.);
#8869 = DIRECTION('',(1.,0.));
#8870 = ( GEOMETRIC_REPRESENTATION_CONTEXT(2) 
PARAMETRIC_REPRESENTATION_CONTEXT() REPRESENTATION_CONTEXT('2D SPACE',''
  ) );
#8871 = PCURVE('',#8872,#8877);
#8872 = CYLINDRICAL_SURFACE('',#8873,0.8);
#8873 = AXIS2_PLACEMENT_3D('',#8874,#8875,#8876);
#8874 = CARTESIAN_POINT('',(37.94,37.94,21.245));
#8875 = DIRECTION('',(0.,-0.,1.));
#8876 = DIRECTION('',(1.,-8.881784197001E-15,-0.));
#8877 = DEFINITIONAL_REPRESENTATION('',(#8878),#8882);
#8878 = LINE('',#8879,#8880);
#8879 = CARTESIAN_POINT('',(0.,0.));
#8880 = VECTOR('',#8881,1.);
#8881 = DIRECTION('',(-0.,-1.));
#8882 = ( GEOMETRIC_REPRESENTATION_CONTEXT(2) 
PARAMETRIC_REPRESENTATION_CONTEXT() REPRESENTATION_CONTEXT('2D SPACE',''
  ) );
#8883 = ADVANCED_FACE('',(#8884),#8110,.F.);
#8884 = FACE_BOUND('',#8885,.F.);
#8885 = EDGE_LOOP('',(#8886,#8887,#8888,#8912));
#8886 = ORIENTED_EDGE('',*,*,#8127,.F.);
#8887 = ORIENTED_EDGE('',*,*,#8096,.T.);
#8888 = ORIENTED_EDGE('',*,*,#8889,.T.);
#8889 = EDGE_CURVE('',#8074,#8890,#8892,.T.);
#8890 = VERTEX_POINT('',#8891);
#8891 = CARTESIAN_POINT('',(37.94,38.74,21.245));
#8892 = SURFACE_CURVE('',#8893,(#8898,#8905),.PCURVE_S1.);
#8893 = CIRCLE('',#8894,0.8);
#8894 = AXIS2_PLACEMENT_3D('',#8895,#8896,#8897);
#8895 = CARTESIAN_POINT('',(37.94,37.94,21.245));
#8896 = DIRECTION('',(0.,-0.,1.));
#8897 = DIRECTION('',(1.,-4.440892098501E-15,-0.));
#8898 = PCURVE('',#8110,#8899);
#8899 = DEFINITIONAL_REPRESENTATION('',(#8900),#8904);
#8900 = LINE('',#8901,#8902);
#8901 = CARTESIAN_POINT('',(0.,-0.8));
#8902 = VECTOR('',#8903,1.);
#8903 = DIRECTION('',(1.,0.));
#8904 = ( GEOMETRIC_REPRESENTATION_CONTEXT(2) 
PARAMETRIC_REPRESENTATION_CONTEXT() REPRESENTATION_CONTEXT('2D SPACE',''
  ) );
#8905 = PCURVE('',#8872,#8906);
#8906 = DEFINITIONAL_REPRESENTATION('',(#8907),#8911);
#8907 = LINE('',#8908,#8909);
#8908 = CARTESIAN_POINT('',(0.,-0.));
#8909 = VECTOR('',#8910,1.);
#8910 = DIRECTION('',(1.,0.));
#8911 = ( GEOMETRIC_REPRESENTATION_CONTEXT(2) 
PARAMETRIC_REPRESENTATION_CONTEXT() REPRESENTATION_CONTEXT('2D SPACE',''
  ) );
#8912 = ORIENTED_EDGE('',*,*,#8913,.T.);
#8913 = EDGE_CURVE('',#8890,#8128,#8914,.T.);
#8914 = SURFACE_CURVE('',#8915,(#8919,#8926),.PCURVE_S1.);
#8915 = LINE('',#8916,#8917);
#8916 = CARTESIAN_POINT('',(37.94,39.54,22.045));
#8917 = VECTOR('',#8918,1.);
#8918 = DIRECTION('',(5.852639899942E-15,0.707106781187,0.707106781187)
  );
#8919 = PCURVE('',#8110,#8920);
#8920 = DEFINITIONAL_REPRESENTATION('',(#8921),#8925);
#8921 = LINE('',#8922,#8923);
#8922 = CARTESIAN_POINT('',(1.570796326795,0.));
#8923 = VECTOR('',#8924,1.);
#8924 = DIRECTION('',(0.,1.));
#8925 = ( GEOMETRIC_REPRESENTATION_CONTEXT(2) 
PARAMETRIC_REPRESENTATION_CONTEXT() REPRESENTATION_CONTEXT('2D SPACE',''
  ) );
#8926 = PCURVE('',#8647,#8927);
#8927 = DEFINITIONAL_REPRESENTATION('',(#8928),#8932);
#8928 = LINE('',#8929,#8930);
#8929 = CARTESIAN_POINT('',(5.167036472599E-15,3.75));
#8930 = VECTOR('',#8931,1.);
#8931 = DIRECTION('',(-1.,-4.474763507249E-15));
#8932 = ( GEOMETRIC_REPRESENTATION_CONTEXT(2) 
PARAMETRIC_REPRESENTATION_CONTEXT() REPRESENTATION_CONTEXT('2D SPACE',''
  ) );
#8933 = ADVANCED_FACE('',(#8934),#8273,.T.);
#8934 = FACE_BOUND('',#8935,.T.);
#8935 = EDGE_LOOP('',(#8936,#8937,#8938,#8939));
#8936 = ORIENTED_EDGE('',*,*,#8258,.F.);
#8937 = ORIENTED_EDGE('',*,*,#8598,.T.);
#8938 = ORIENTED_EDGE('',*,*,#8567,.T.);
#8939 = ORIENTED_EDGE('',*,*,#8377,.T.);
#8940 = ADVANCED_FACE('',(#8941),#8305,.F.);
#8941 = FACE_BOUND('',#8942,.F.);
#8942 = EDGE_LOOP('',(#8943,#8944,#8945,#8972));
#8943 = ORIENTED_EDGE('',*,*,#8290,.F.);
#8944 = ORIENTED_EDGE('',*,*,#8659,.T.);
#8945 = ORIENTED_EDGE('',*,*,#8946,.T.);
#8946 = EDGE_CURVE('',#8632,#8324,#8947,.T.);
#8947 = SURFACE_CURVE('',#8948,(#8953,#8960),.PCURVE_S1.);
#8948 = CIRCLE('',#8949,1.6);
#8949 = AXIS2_PLACEMENT_3D('',#8950,#8951,#8952);
#8950 = CARTESIAN_POINT('',(-37.94,37.94,22.045));
#8951 = DIRECTION('',(0.,0.,1.));
#8952 = DIRECTION('',(4.440892098501E-15,1.,-0.));
#8953 = PCURVE('',#8305,#8954);
#8954 = DEFINITIONAL_REPRESENTATION('',(#8955),#8959);
#8955 = LINE('',#8956,#8957);
#8956 = CARTESIAN_POINT('',(0.,-1.8));
#8957 = VECTOR('',#8958,1.);
#8958 = DIRECTION('',(1.,0.));
#8959 = ( GEOMETRIC_REPRESENTATION_CONTEXT(2) 
PARAMETRIC_REPRESENTATION_CONTEXT() REPRESENTATION_CONTEXT('2D SPACE',''
  ) );
#8960 = PCURVE('',#8961,#8966);
#8961 = CONICAL_SURFACE('',#8962,1.6,0.785398163397);
#8962 = AXIS2_PLACEMENT_3D('',#8963,#8964,#8965);
#8963 = CARTESIAN_POINT('',(-37.94,37.94,22.045));
#8964 = DIRECTION('',(0.,0.,1.));
#8965 = DIRECTION('',(4.440892098501E-15,1.,-0.));
#8966 = DEFINITIONAL_REPRESENTATION('',(#8967),#8971);
#8967 = LINE('',#8968,#8969);
#8968 = CARTESIAN_POINT('',(0.,-0.));
#8969 = VECTOR('',#8970,1.);
#8970 = DIRECTION('',(1.,0.));
#8971 = ( GEOMETRIC_REPRESENTATION_CONTEXT(2) 
PARAMETRIC_REPRESENTATION_CONTEXT() REPRESENTATION_CONTEXT('2D SPACE',''
  ) );
#8972 = ORIENTED_EDGE('',*,*,#8323,.T.);
#8973 = ADVANCED_FACE('',(#8974),#8360,.F.);
#8974 = FACE_BOUND('',#8975,.F.);
#8975 = EDGE_LOOP('',(#8976,#8977,#9000,#9026));
#8976 = ORIENTED_EDGE('',*,*,#8346,.F.);
#8977 = ORIENTED_EDGE('',*,*,#8978,.F.);
#8978 = EDGE_CURVE('',#8979,#8324,#8981,.T.);
#8979 = VERTEX_POINT('',#8980);
#8980 = CARTESIAN_POINT('',(-38.74,37.94,21.245));
#8981 = SURFACE_CURVE('',#8982,(#8986,#8993),.PCURVE_S1.);
#8982 = LINE('',#8983,#8984);
#8983 = CARTESIAN_POINT('',(-39.54,37.94,22.045));
#8984 = VECTOR('',#8985,1.);
#8985 = DIRECTION('',(-0.707106781187,5.852639899942E-15,0.707106781187)
  );
#8986 = PCURVE('',#8360,#8987);
#8987 = DEFINITIONAL_REPRESENTATION('',(#8988),#8992);
#8988 = LINE('',#8989,#8990);
#8989 = CARTESIAN_POINT('',(5.167036472599E-15,3.75));
#8990 = VECTOR('',#8991,1.);
#8991 = DIRECTION('',(-1.,-4.474763507249E-15));
#8992 = ( GEOMETRIC_REPRESENTATION_CONTEXT(2) 
PARAMETRIC_REPRESENTATION_CONTEXT() REPRESENTATION_CONTEXT('2D SPACE',''
  ) );
#8993 = PCURVE('',#8961,#8994);
#8994 = DEFINITIONAL_REPRESENTATION('',(#8995),#8999);
#8995 = LINE('',#8996,#8997);
#8996 = CARTESIAN_POINT('',(1.570796326795,0.));
#8997 = VECTOR('',#8998,1.);
#8998 = DIRECTION('',(0.,1.));
#8999 = ( GEOMETRIC_REPRESENTATION_CONTEXT(2) 
PARAMETRIC_REPRESENTATION_CONTEXT() REPRESENTATION_CONTEXT('2D SPACE',''
  ) );
#9000 = ORIENTED_EDGE('',*,*,#9001,.T.);
#9001 = EDGE_CURVE('',#8979,#8434,#9002,.T.);
#9002 = SURFACE_CURVE('',#9003,(#9007,#9014),.PCURVE_S1.);
#9003 = LINE('',#9004,#9005);
#9004 = CARTESIAN_POINT('',(-38.74,41.69,21.245));
#9005 = VECTOR('',#9006,1.);
#9006 = DIRECTION('',(-9.743057409101E-16,-1.,9.743057409101E-16));
#9007 = PCURVE('',#8360,#9008);
#9008 = DEFINITIONAL_REPRESENTATION('',(#9009),#9013);
#9009 = LINE('',#9010,#9011);
#9010 = CARTESIAN_POINT('',(1.131370849898,-1.558889185456E-15));
#9011 = VECTOR('',#9012,1.);
#9012 = DIRECTION('',(-2.958228394579E-31,1.));
#9013 = ( GEOMETRIC_REPRESENTATION_CONTEXT(2) 
PARAMETRIC_REPRESENTATION_CONTEXT() REPRESENTATION_CONTEXT('2D SPACE',''
  ) );
#9014 = PCURVE('',#9015,#9020);
#9015 = PLANE('',#9016);
#9016 = AXIS2_PLACEMENT_3D('',#9017,#9018,#9019);
#9017 = CARTESIAN_POINT('',(-38.74,41.69,21.245));
#9018 = DIRECTION('',(-1.,0.,9.98891821831E-31));
#9019 = DIRECTION('',(-9.98891821831E-31,-9.98891821831E-31,-1.));
#9020 = DEFINITIONAL_REPRESENTATION('',(#9021),#9025);
#9021 = LINE('',#9022,#9023);
#9022 = CARTESIAN_POINT('',(-0.,0.));
#9023 = VECTOR('',#9024,1.);
#9024 = DIRECTION('',(-9.743057409101E-16,1.));
#9025 = ( GEOMETRIC_REPRESENTATION_CONTEXT(2) 
PARAMETRIC_REPRESENTATION_CONTEXT() REPRESENTATION_CONTEXT('2D SPACE',''
  ) );
#9026 = ORIENTED_EDGE('',*,*,#8433,.F.);
#9027 = ADVANCED_FACE('',(#9028),#8471,.F.);
#9028 = FACE_BOUND('',#9029,.F.);
#9029 = EDGE_LOOP('',(#9030,#9031,#9054,#9081));
#9030 = ORIENTED_EDGE('',*,*,#8456,.F.);
#9031 = ORIENTED_EDGE('',*,*,#9032,.T.);
#9032 = EDGE_CURVE('',#8434,#9033,#9035,.T.);
#9033 = VERTEX_POINT('',#9034);
#9034 = CARTESIAN_POINT('',(-38.74,-37.94,20.045));
#9035 = SURFACE_CURVE('',#9036,(#9040,#9047),.PCURVE_S1.);
#9036 = LINE('',#9037,#9038);
#9037 = CARTESIAN_POINT('',(-38.74,-37.94,21.245));
#9038 = VECTOR('',#9039,1.);
#9039 = DIRECTION('',(-9.98891821831E-31,-9.98891821831E-31,-1.));
#9040 = PCURVE('',#8471,#9041);
#9041 = DEFINITIONAL_REPRESENTATION('',(#9042),#9046);
#9042 = LINE('',#9043,#9044);
#9043 = CARTESIAN_POINT('',(0.,0.));
#9044 = VECTOR('',#9045,1.);
#9045 = DIRECTION('',(-0.,-1.));
#9046 = ( GEOMETRIC_REPRESENTATION_CONTEXT(2) 
PARAMETRIC_REPRESENTATION_CONTEXT() REPRESENTATION_CONTEXT('2D SPACE',''
  ) );
#9047 = PCURVE('',#9015,#9048);
#9048 = DEFINITIONAL_REPRESENTATION('',(#9049),#9053);
#9049 = LINE('',#9050,#9051);
#9050 = CARTESIAN_POINT('',(7.95417557724E-29,79.63));
#9051 = VECTOR('',#9052,1.);
#9052 = DIRECTION('',(1.,0.));
#9053 = ( GEOMETRIC_REPRESENTATION_CONTEXT(2) 
PARAMETRIC_REPRESENTATION_CONTEXT() REPRESENTATION_CONTEXT('2D SPACE',''
  ) );
#9054 = ORIENTED_EDGE('',*,*,#9055,.T.);
#9055 = EDGE_CURVE('',#9033,#8489,#9056,.T.);
#9056 = SURFACE_CURVE('',#9057,(#9062,#9069),.PCURVE_S1.);
#9057 = CIRCLE('',#9058,0.8);
#9058 = AXIS2_PLACEMENT_3D('',#9059,#9060,#9061);
#9059 = CARTESIAN_POINT('',(-37.94,-37.94,20.045));
#9060 = DIRECTION('',(0.,0.,1.));
#9061 = DIRECTION('',(-1.,8.881784197001E-15,0.));
#9062 = PCURVE('',#8471,#9063);
#9063 = DEFINITIONAL_REPRESENTATION('',(#9064),#9068);
#9064 = LINE('',#9065,#9066);
#9065 = CARTESIAN_POINT('',(0.,-1.2));
#9066 = VECTOR('',#9067,1.);
#9067 = DIRECTION('',(1.,0.));
#9068 = ( GEOMETRIC_REPRESENTATION_CONTEXT(2) 
PARAMETRIC_REPRESENTATION_CONTEXT() REPRESENTATION_CONTEXT('2D SPACE',''
  ) );
#9069 = PCURVE('',#9070,#9075);
#9070 = CONICAL_SURFACE('',#9071,0.8,0.785398163397);
#9071 = AXIS2_PLACEMENT_3D('',#9072,#9073,#9074);
#9072 = CARTESIAN_POINT('',(-37.94,-37.94,20.045));
#9073 = DIRECTION('',(-0.,-0.,-1.));
#9074 = DIRECTION('',(-1.,8.881784197001E-15,0.));
#9075 = DEFINITIONAL_REPRESENTATION('',(#9076),#9080);
#9076 = LINE('',#9077,#9078);
#9077 = CARTESIAN_POINT('',(0.,-0.));
#9078 = VECTOR('',#9079,1.);
#9079 = DIRECTION('',(-1.,-0.));
#9080 = ( GEOMETRIC_REPRESENTATION_CONTEXT(2) 
PARAMETRIC_REPRESENTATION_CONTEXT() REPRESENTATION_CONTEXT('2D SPACE',''
  ) );
#9081 = ORIENTED_EDGE('',*,*,#8488,.T.);
#9082 = ADVANCED_FACE('',(#9083),#8525,.F.);
#9083 = FACE_BOUND('',#9084,.F.);
#9084 = EDGE_LOOP('',(#9085,#9086,#9109,#9143,#9171,#9198));
#9085 = ORIENTED_EDGE('',*,*,#8511,.F.);
#9086 = ORIENTED_EDGE('',*,*,#9087,.F.);
#9087 = EDGE_CURVE('',#9088,#8489,#9090,.T.);
#9088 = VERTEX_POINT('',#9089);
#9089 = CARTESIAN_POINT('',(-37.94,-40.43232921921,18.352670780787));
#9090 = SURFACE_CURVE('',#9091,(#9095,#9102),.PCURVE_S1.);
#9091 = LINE('',#9092,#9093);
#9092 = CARTESIAN_POINT('',(-37.94,-38.74,20.045));
#9093 = VECTOR('',#9094,1.);
#9094 = DIRECTION('',(8.992824817309E-15,0.707106781187,0.707106781187)
  );
#9095 = PCURVE('',#8525,#9096);
#9096 = DEFINITIONAL_REPRESENTATION('',(#9097),#9101);
#9097 = LINE('',#9098,#9099);
#9098 = CARTESIAN_POINT('',(-5.167036472599E-15,3.75));
#9099 = VECTOR('',#9100,1.);
#9100 = DIRECTION('',(-1.,7.614948424616E-15));
#9101 = ( GEOMETRIC_REPRESENTATION_CONTEXT(2) 
PARAMETRIC_REPRESENTATION_CONTEXT() REPRESENTATION_CONTEXT('2D SPACE',''
  ) );
#9102 = PCURVE('',#9070,#9103);
#9103 = DEFINITIONAL_REPRESENTATION('',(#9104),#9108);
#9104 = LINE('',#9105,#9106);
#9105 = CARTESIAN_POINT('',(-1.570796326795,-0.));
#9106 = VECTOR('',#9107,1.);
#9107 = DIRECTION('',(-0.,-1.));
#9108 = ( GEOMETRIC_REPRESENTATION_CONTEXT(2) 
PARAMETRIC_REPRESENTATION_CONTEXT() REPRESENTATION_CONTEXT('2D SPACE',''
  ) );
#9109 = ORIENTED_EDGE('',*,*,#9110,.T.);
#9110 = EDGE_CURVE('',#9088,#9111,#9113,.T.);
#9111 = VERTEX_POINT('',#9112);
#9112 = CARTESIAN_POINT('',(-37.34,-40.49,18.295));
#9113 = SURFACE_CURVE('',#9114,(#9119,#9126),.PCURVE_S1.);
#9114 = ELLIPSE('',#9115,4.454772721475,3.15);
#9115 = AXIS2_PLACEMENT_3D('',#9116,#9117,#9118);
#9116 = CARTESIAN_POINT('',(-37.34,-37.34,21.445));
#9117 = DIRECTION('',(0.,-0.707106781187,0.707106781187));
#9118 = DIRECTION('',(0.,-0.707106781187,-0.707106781187));
#9119 = PCURVE('',#8525,#9120);
#9120 = DEFINITIONAL_REPRESENTATION('',(#9121),#9125);
#9121 = ELLIPSE('',#9122,4.454772721475,3.15);
#9122 = AXIS2_PLACEMENT_2D('',#9123,#9124);
#9123 = CARTESIAN_POINT('',(-1.979898987322,4.35));
#9124 = DIRECTION('',(1.,1.377876392693E-15));
#9125 = ( GEOMETRIC_REPRESENTATION_CONTEXT(2) 
PARAMETRIC_REPRESENTATION_CONTEXT() REPRESENTATION_CONTEXT('2D SPACE',''
  ) );
#9126 = PCURVE('',#9127,#9132);
#9127 = CYLINDRICAL_SURFACE('',#9128,3.15);
#9128 = AXIS2_PLACEMENT_3D('',#9129,#9130,#9131);
#9129 = CARTESIAN_POINT('',(-37.34,-37.34,4.75));
#9130 = DIRECTION('',(-0.,-0.,-1.));
#9131 = DIRECTION('',(-1.,4.51138244927E-15,0.));
#9132 = DEFINITIONAL_REPRESENTATION('',(#9133),#9142);
#9133 = B_SPLINE_CURVE_WITH_KNOTS('',7,(#9134,#9135,#9136,#9137,#9138,
    #9139,#9140,#9141),.UNSPECIFIED.,.F.,.F.,(8,8),(5.070807457182,
    6.28318530718),.PIECEWISE_BEZIER_KNOTS.);
#9134 = CARTESIAN_POINT('',(-0.358418476798,-15.59));
#9135 = CARTESIAN_POINT('',(-0.531615312512,-15.07909942481));
#9136 = CARTESIAN_POINT('',(-0.704812148225,-14.60687060436));
#9137 = CARTESIAN_POINT('',(-0.87800898394,-14.19834176736));
#9138 = CARTESIAN_POINT('',(-1.051205819652,-13.8757160757));
#9139 = CARTESIAN_POINT('',(-1.224402655367,-13.65523996945));
#9140 = CARTESIAN_POINT('',(-1.397599491081,-13.545));
#9141 = CARTESIAN_POINT('',(-1.570796326795,-13.545));
#9142 = ( GEOMETRIC_REPRESENTATION_CONTEXT(2) 
PARAMETRIC_REPRESENTATION_CONTEXT() REPRESENTATION_CONTEXT('2D SPACE',''
  ) );
#9143 = ORIENTED_EDGE('',*,*,#9144,.T.);
#9144 = EDGE_CURVE('',#9111,#9145,#9147,.T.);
#9145 = VERTEX_POINT('',#9146);
#9146 = CARTESIAN_POINT('',(37.34,-40.49,18.295));
#9147 = SURFACE_CURVE('',#9148,(#9152,#9159),.PCURVE_S1.);
#9148 = LINE('',#9149,#9150);
#9149 = CARTESIAN_POINT('',(-39.515,-40.49,18.295));
#9150 = VECTOR('',#9151,1.);
#9151 = DIRECTION('',(1.,0.,-0.));
#9152 = PCURVE('',#8525,#9153);
#9153 = DEFINITIONAL_REPRESENTATION('',(#9154),#9158);
#9154 = LINE('',#9155,#9156);
#9155 = CARTESIAN_POINT('',(2.474873734153,2.175));
#9156 = VECTOR('',#9157,1.);
#9157 = DIRECTION('',(-1.377876392693E-15,1.));
#9158 = ( GEOMETRIC_REPRESENTATION_CONTEXT(2) 
PARAMETRIC_REPRESENTATION_CONTEXT() REPRESENTATION_CONTEXT('2D SPACE',''
  ) );
#9159 = PCURVE('',#9160,#9165);
#9160 = PLANE('',#9161);
#9161 = AXIS2_PLACEMENT_3D('',#9162,#9163,#9164);
#9162 = CARTESIAN_POINT('',(-37.34,-40.49,4.75));
#9163 = DIRECTION('',(0.,1.,0.));
#9164 = DIRECTION('',(1.,0.,0.));
#9165 = DEFINITIONAL_REPRESENTATION('',(#9166),#9170);
#9166 = LINE('',#9167,#9168);
#9167 = CARTESIAN_POINT('',(-2.175,-13.545));
#9168 = VECTOR('',#9169,1.);
#9169 = DIRECTION('',(1.,0.));
#9170 = ( GEOMETRIC_REPRESENTATION_CONTEXT(2) 
PARAMETRIC_REPRESENTATION_CONTEXT() REPRESENTATION_CONTEXT('2D SPACE',''
  ) );
#9171 = ORIENTED_EDGE('',*,*,#9172,.T.);
#9172 = EDGE_CURVE('',#9145,#8685,#9173,.T.);
#9173 = SURFACE_CURVE('',#9174,(#9179,#9186),.PCURVE_S1.);
#9174 = ELLIPSE('',#9175,4.454772721475,3.15);
#9175 = AXIS2_PLACEMENT_3D('',#9176,#9177,#9178);
#9176 = CARTESIAN_POINT('',(37.34,-37.34,21.445));
#9177 = DIRECTION('',(0.,-0.707106781187,0.707106781187));
#9178 = DIRECTION('',(0.,-0.707106781187,-0.707106781187));
#9179 = PCURVE('',#8525,#9180);
#9180 = DEFINITIONAL_REPRESENTATION('',(#9181),#9185);
#9181 = ELLIPSE('',#9182,4.454772721475,3.15);
#9182 = AXIS2_PLACEMENT_2D('',#9183,#9184);
#9183 = CARTESIAN_POINT('',(-1.979898987322,79.03));
#9184 = DIRECTION('',(1.,1.377876392693E-15));
#9185 = ( GEOMETRIC_REPRESENTATION_CONTEXT(2) 
PARAMETRIC_REPRESENTATION_CONTEXT() REPRESENTATION_CONTEXT('2D SPACE',''
  ) );
#9186 = PCURVE('',#8769,#9187);
#9187 = DEFINITIONAL_REPRESENTATION('',(#9188),#9197);
#9188 = B_SPLINE_CURVE_WITH_KNOTS('',7,(#9189,#9190,#9191,#9192,#9193,
    #9194,#9195,#9196),.UNSPECIFIED.,.F.,.F.,(8,8),(-4.440892098501E-15,
    1.212377849997),.PIECEWISE_BEZIER_KNOTS.);
#9189 = CARTESIAN_POINT('',(0.,-13.545));
#9190 = CARTESIAN_POINT('',(-0.173196835714,-13.545));
#9191 = CARTESIAN_POINT('',(-0.346393671428,-13.65523996946));
#9192 = CARTESIAN_POINT('',(-0.519590507142,-13.8757160757));
#9193 = CARTESIAN_POINT('',(-0.692787342855,-14.19834176736));
#9194 = CARTESIAN_POINT('',(-0.86598417857,-14.60687060436));
#9195 = CARTESIAN_POINT('',(-1.039181014283,-15.07909942481));
#9196 = CARTESIAN_POINT('',(-1.212377849997,-15.59));
#9197 = ( GEOMETRIC_REPRESENTATION_CONTEXT(2) 
PARAMETRIC_REPRESENTATION_CONTEXT() REPRESENTATION_CONTEXT('2D SPACE',''
  ) );
#9198 = ORIENTED_EDGE('',*,*,#8684,.T.);
#9199 = ADVANCED_FACE('',(#9200),#8647,.F.);
#9200 = FACE_BOUND('',#9201,.F.);
#9201 = EDGE_LOOP('',(#9202,#9203,#9204,#9232));
#9202 = ORIENTED_EDGE('',*,*,#8631,.F.);
#9203 = ORIENTED_EDGE('',*,*,#8913,.F.);
#9204 = ORIENTED_EDGE('',*,*,#9205,.T.);
#9205 = EDGE_CURVE('',#8890,#9206,#9208,.T.);
#9206 = VERTEX_POINT('',#9207);
#9207 = CARTESIAN_POINT('',(-37.94,38.74,21.245));
#9208 = SURFACE_CURVE('',#9209,(#9213,#9220),.PCURVE_S1.);
#9209 = LINE('',#9210,#9211);
#9210 = CARTESIAN_POINT('',(41.69,38.74,21.245));
#9211 = VECTOR('',#9212,1.);
#9212 = DIRECTION('',(-1.,9.743057409101E-16,9.743057409101E-16));
#9213 = PCURVE('',#8647,#9214);
#9214 = DEFINITIONAL_REPRESENTATION('',(#9215),#9219);
#9215 = LINE('',#9216,#9217);
#9216 = CARTESIAN_POINT('',(1.131370849898,-1.558889185456E-15));
#9217 = VECTOR('',#9218,1.);
#9218 = DIRECTION('',(-2.958228394579E-31,1.));
#9219 = ( GEOMETRIC_REPRESENTATION_CONTEXT(2) 
PARAMETRIC_REPRESENTATION_CONTEXT() REPRESENTATION_CONTEXT('2D SPACE',''
  ) );
#9220 = PCURVE('',#9221,#9226);
#9221 = PLANE('',#9222);
#9222 = AXIS2_PLACEMENT_3D('',#9223,#9224,#9225);
#9223 = CARTESIAN_POINT('',(41.69,38.74,21.245));
#9224 = DIRECTION('',(0.,1.,9.98891821831E-31));
#9225 = DIRECTION('',(-9.98891821831E-31,9.98891821831E-31,-1.));
#9226 = DEFINITIONAL_REPRESENTATION('',(#9227),#9231);
#9227 = LINE('',#9228,#9229);
#9228 = CARTESIAN_POINT('',(0.,0.));
#9229 = VECTOR('',#9230,1.);
#9230 = DIRECTION('',(-9.743057409101E-16,1.));
#9231 = ( GEOMETRIC_REPRESENTATION_CONTEXT(2) 
PARAMETRIC_REPRESENTATION_CONTEXT() REPRESENTATION_CONTEXT('2D SPACE',''
  ) );
#9232 = ORIENTED_EDGE('',*,*,#9233,.F.);
#9233 = EDGE_CURVE('',#8632,#9206,#9234,.T.);
#9234 = SURFACE_CURVE('',#9235,(#9239,#9246),.PCURVE_S1.);
#9235 = LINE('',#9236,#9237);
#9236 = CARTESIAN_POINT('',(-37.94,39.54,22.045));
#9237 = VECTOR('',#9238,1.);
#9238 = DIRECTION('',(-1.377876392693E-15,-0.707106781187,
    -0.707106781187));
#9239 = PCURVE('',#8647,#9240);
#9240 = DEFINITIONAL_REPRESENTATION('',(#9241),#9245);
#9241 = LINE('',#9242,#9243);
#9242 = CARTESIAN_POINT('',(-8.142119411954E-16,79.63));
#9243 = VECTOR('',#9244,1.);
#9244 = DIRECTION('',(1.,-2.958228394579E-31));
#9245 = ( GEOMETRIC_REPRESENTATION_CONTEXT(2) 
PARAMETRIC_REPRESENTATION_CONTEXT() REPRESENTATION_CONTEXT('2D SPACE',''
  ) );
#9246 = PCURVE('',#8961,#9247);
#9247 = DEFINITIONAL_REPRESENTATION('',(#9248),#9252);
#9248 = LINE('',#9249,#9250);
#9249 = CARTESIAN_POINT('',(0.,0.));
#9250 = VECTOR('',#9251,1.);
#9251 = DIRECTION('',(-0.,-1.));
#9252 = ( GEOMETRIC_REPRESENTATION_CONTEXT(2) 
PARAMETRIC_REPRESENTATION_CONTEXT() REPRESENTATION_CONTEXT('2D SPACE',''
  ) );
#9253 = ADVANCED_FACE('',(#9254),#8818,.F.);
#9254 = FACE_BOUND('',#9255,.F.);
#9255 = EDGE_LOOP('',(#9256,#9257,#9258,#9287,#9315,#9349));
#9256 = ORIENTED_EDGE('',*,*,#8835,.F.);
#9257 = ORIENTED_EDGE('',*,*,#8804,.F.);
#9258 = ORIENTED_EDGE('',*,*,#9259,.T.);
#9259 = EDGE_CURVE('',#8708,#9260,#9262,.T.);
#9260 = VERTEX_POINT('',#9261);
#9261 = CARTESIAN_POINT('',(40.49,-37.34,18.295));
#9262 = SURFACE_CURVE('',#9263,(#9268,#9275),.PCURVE_S1.);
#9263 = ELLIPSE('',#9264,4.454772721475,3.15);
#9264 = AXIS2_PLACEMENT_3D('',#9265,#9266,#9267);
#9265 = CARTESIAN_POINT('',(37.34,-37.34,21.445));
#9266 = DIRECTION('',(0.707106781187,-0.,0.707106781187));
#9267 = DIRECTION('',(0.707106781187,-0.,-0.707106781187));
#9268 = PCURVE('',#8818,#9269);
#9269 = DEFINITIONAL_REPRESENTATION('',(#9270),#9274);
#9270 = ELLIPSE('',#9271,4.454772721475,3.15);
#9271 = AXIS2_PLACEMENT_2D('',#9272,#9273);
#9272 = CARTESIAN_POINT('',(-1.979898987322,4.35));
#9273 = DIRECTION('',(1.,1.377876392693E-15));
#9274 = ( GEOMETRIC_REPRESENTATION_CONTEXT(2) 
PARAMETRIC_REPRESENTATION_CONTEXT() REPRESENTATION_CONTEXT('2D SPACE',''
  ) );
#9275 = PCURVE('',#8769,#9276);
#9276 = DEFINITIONAL_REPRESENTATION('',(#9277),#9286);
#9277 = B_SPLINE_CURVE_WITH_KNOTS('',7,(#9278,#9279,#9280,#9281,#9282,
    #9283,#9284,#9285),.UNSPECIFIED.,.F.,.F.,(8,8),(5.070807457182,
    6.28318530718),.PIECEWISE_BEZIER_KNOTS.);
#9278 = CARTESIAN_POINT('',(-0.358418476798,-15.59));
#9279 = CARTESIAN_POINT('',(-0.531615312512,-15.07909942481));
#9280 = CARTESIAN_POINT('',(-0.704812148225,-14.60687060436));
#9281 = CARTESIAN_POINT('',(-0.878008983939,-14.19834176736));
#9282 = CARTESIAN_POINT('',(-1.051205819653,-13.8757160757));
#9283 = CARTESIAN_POINT('',(-1.224402655367,-13.65523996946));
#9284 = CARTESIAN_POINT('',(-1.397599491081,-13.545));
#9285 = CARTESIAN_POINT('',(-1.570796326795,-13.545));
#9286 = ( GEOMETRIC_REPRESENTATION_CONTEXT(2) 
PARAMETRIC_REPRESENTATION_CONTEXT() REPRESENTATION_CONTEXT('2D SPACE',''
  ) );
#9287 = ORIENTED_EDGE('',*,*,#9288,.T.);
#9288 = EDGE_CURVE('',#9260,#9289,#9291,.T.);
#9289 = VERTEX_POINT('',#9290);
#9290 = CARTESIAN_POINT('',(40.49,37.34,18.295));
#9291 = SURFACE_CURVE('',#9292,(#9296,#9303),.PCURVE_S1.);
#9292 = LINE('',#9293,#9294);
#9293 = CARTESIAN_POINT('',(40.49,-39.515,18.295));
#9294 = VECTOR('',#9295,1.);
#9295 = DIRECTION('',(0.,1.,0.));
#9296 = PCURVE('',#8818,#9297);
#9297 = DEFINITIONAL_REPRESENTATION('',(#9298),#9302);
#9298 = LINE('',#9299,#9300);
#9299 = CARTESIAN_POINT('',(2.474873734153,2.175));
#9300 = VECTOR('',#9301,1.);
#9301 = DIRECTION('',(-1.377876392693E-15,1.));
#9302 = ( GEOMETRIC_REPRESENTATION_CONTEXT(2) 
PARAMETRIC_REPRESENTATION_CONTEXT() REPRESENTATION_CONTEXT('2D SPACE',''
  ) );
#9303 = PCURVE('',#9304,#9309);
#9304 = PLANE('',#9305);
#9305 = AXIS2_PLACEMENT_3D('',#9306,#9307,#9308);
#9306 = CARTESIAN_POINT('',(40.49,-37.34,4.75));
#9307 = DIRECTION('',(-1.,0.,0.));
#9308 = DIRECTION('',(0.,1.,0.));
#9309 = DEFINITIONAL_REPRESENTATION('',(#9310),#9314);
#9310 = LINE('',#9311,#9312);
#9311 = CARTESIAN_POINT('',(-2.175,-13.545));
#9312 = VECTOR('',#9313,1.);
#9313 = DIRECTION('',(1.,0.));
#9314 = ( GEOMETRIC_REPRESENTATION_CONTEXT(2) 
PARAMETRIC_REPRESENTATION_CONTEXT() REPRESENTATION_CONTEXT('2D SPACE',''
  ) );
#9315 = ORIENTED_EDGE('',*,*,#9316,.T.);
#9316 = EDGE_CURVE('',#9289,#9317,#9319,.T.);
#9317 = VERTEX_POINT('',#9318);
#9318 = CARTESIAN_POINT('',(40.432329219213,37.94,18.352670780787));
#9319 = SURFACE_CURVE('',#9320,(#9325,#9332),.PCURVE_S1.);
#9320 = ELLIPSE('',#9321,4.454772721475,3.15);
#9321 = AXIS2_PLACEMENT_3D('',#9322,#9323,#9324);
#9322 = CARTESIAN_POINT('',(37.34,37.34,21.445));
#9323 = DIRECTION('',(0.707106781187,-0.,0.707106781187));
#9324 = DIRECTION('',(0.707106781187,0.,-0.707106781187));
#9325 = PCURVE('',#8818,#9326);
#9326 = DEFINITIONAL_REPRESENTATION('',(#9327),#9331);
#9327 = ELLIPSE('',#9328,4.454772721475,3.15);
#9328 = AXIS2_PLACEMENT_2D('',#9329,#9330);
#9329 = CARTESIAN_POINT('',(-1.979898987322,79.03));
#9330 = DIRECTION('',(1.,1.377876392693E-15));
#9331 = ( GEOMETRIC_REPRESENTATION_CONTEXT(2) 
PARAMETRIC_REPRESENTATION_CONTEXT() REPRESENTATION_CONTEXT('2D SPACE',''
  ) );
#9332 = PCURVE('',#9333,#9338);
#9333 = CYLINDRICAL_SURFACE('',#9334,3.15);
#9334 = AXIS2_PLACEMENT_3D('',#9335,#9336,#9337);
#9335 = CARTESIAN_POINT('',(37.34,37.34,4.75));
#9336 = DIRECTION('',(-0.,0.,-1.));
#9337 = DIRECTION('',(1.,-4.51138244927E-15,-0.));
#9338 = DEFINITIONAL_REPRESENTATION('',(#9339),#9348);
#9339 = B_SPLINE_CURVE_WITH_KNOTS('',7,(#9340,#9341,#9342,#9343,#9344,
    #9345,#9346,#9347),.UNSPECIFIED.,.F.,.F.,(8,8),(-4.440892098501E-15,
    1.212377849997),.PIECEWISE_BEZIER_KNOTS.);
#9340 = CARTESIAN_POINT('',(0.,-13.545));
#9341 = CARTESIAN_POINT('',(-0.173196835714,-13.545));
#9342 = CARTESIAN_POINT('',(-0.346393671428,-13.65523996946));
#9343 = CARTESIAN_POINT('',(-0.519590507142,-13.87571607569));
#9344 = CARTESIAN_POINT('',(-0.692787342855,-14.19834176737));
#9345 = CARTESIAN_POINT('',(-0.865984178569,-14.60687060435));
#9346 = CARTESIAN_POINT('',(-1.039181014283,-15.07909942481));
#9347 = CARTESIAN_POINT('',(-1.212377849997,-15.59));
#9348 = ( GEOMETRIC_REPRESENTATION_CONTEXT(2) 
PARAMETRIC_REPRESENTATION_CONTEXT() REPRESENTATION_CONTEXT('2D SPACE',''
  ) );
#9349 = ORIENTED_EDGE('',*,*,#9350,.F.);
#9350 = EDGE_CURVE('',#8836,#9317,#9351,.T.);
#9351 = SURFACE_CURVE('',#9352,(#9356,#9363),.PCURVE_S1.);
#9352 = LINE('',#9353,#9354);
#9353 = CARTESIAN_POINT('',(38.74,37.94,20.045));
#9354 = VECTOR('',#9355,1.);
#9355 = DIRECTION('',(0.707106781187,-1.377876392693E-15,-0.707106781187
    ));
#9356 = PCURVE('',#8818,#9357);
#9357 = DEFINITIONAL_REPRESENTATION('',(#9358),#9362);
#9358 = LINE('',#9359,#9360);
#9359 = CARTESIAN_POINT('',(8.142119411956E-16,79.63));
#9360 = VECTOR('',#9361,1.);
#9361 = DIRECTION('',(1.,-1.972152263053E-31));
#9362 = ( GEOMETRIC_REPRESENTATION_CONTEXT(2) 
PARAMETRIC_REPRESENTATION_CONTEXT() REPRESENTATION_CONTEXT('2D SPACE',''
  ) );
#9363 = PCURVE('',#9364,#9369);
#9364 = CONICAL_SURFACE('',#9365,0.8,0.785398163397);
#9365 = AXIS2_PLACEMENT_3D('',#9366,#9367,#9368);
#9366 = CARTESIAN_POINT('',(37.94,37.94,20.045));
#9367 = DIRECTION('',(-0.,0.,-1.));
#9368 = DIRECTION('',(1.,-8.881784197001E-15,-0.));
#9369 = DEFINITIONAL_REPRESENTATION('',(#9370),#9374);
#9370 = LINE('',#9371,#9372);
#9371 = CARTESIAN_POINT('',(-0.,-0.));
#9372 = VECTOR('',#9373,1.);
#9373 = DIRECTION('',(0.,1.));
#9374 = ( GEOMETRIC_REPRESENTATION_CONTEXT(2) 
PARAMETRIC_REPRESENTATION_CONTEXT() REPRESENTATION_CONTEXT('2D SPACE',''
  ) );
#9375 = ADVANCED_FACE('',(#9376),#8769,.F.);
#9376 = FACE_BOUND('',#9377,.T.);
#9377 = EDGE_LOOP('',(#9378,#9401,#9434,#9455,#9456,#9457));
#9378 = ORIENTED_EDGE('',*,*,#9379,.F.);
#9379 = EDGE_CURVE('',#9380,#9260,#9382,.T.);
#9380 = VERTEX_POINT('',#9381);
#9381 = CARTESIAN_POINT('',(40.49,-37.34,5.96));
#9382 = SURFACE_CURVE('',#9383,(#9387,#9394),.PCURVE_S1.);
#9383 = LINE('',#9384,#9385);
#9384 = CARTESIAN_POINT('',(40.49,-37.34,4.75));
#9385 = VECTOR('',#9386,1.);
#9386 = DIRECTION('',(0.,0.,1.));
#9387 = PCURVE('',#8769,#9388);
#9388 = DEFINITIONAL_REPRESENTATION('',(#9389),#9393);
#9389 = LINE('',#9390,#9391);
#9390 = CARTESIAN_POINT('',(-1.570796326795,0.));
#9391 = VECTOR('',#9392,1.);
#9392 = DIRECTION('',(-0.,-1.));
#9393 = ( GEOMETRIC_REPRESENTATION_CONTEXT(2) 
PARAMETRIC_REPRESENTATION_CONTEXT() REPRESENTATION_CONTEXT('2D SPACE',''
  ) );
#9394 = PCURVE('',#9304,#9395);
#9395 = DEFINITIONAL_REPRESENTATION('',(#9396),#9400);
#9396 = LINE('',#9397,#9398);
#9397 = CARTESIAN_POINT('',(0.,0.));
#9398 = VECTOR('',#9399,1.);
#9399 = DIRECTION('',(0.,-1.));
#9400 = ( GEOMETRIC_REPRESENTATION_CONTEXT(2) 
PARAMETRIC_REPRESENTATION_CONTEXT() REPRESENTATION_CONTEXT('2D SPACE',''
  ) );
#9401 = ORIENTED_EDGE('',*,*,#9402,.T.);
#9402 = EDGE_CURVE('',#9380,#9403,#9405,.T.);
#9403 = VERTEX_POINT('',#9404);
#9404 = CARTESIAN_POINT('',(37.34,-40.49,5.96));
#9405 = SURFACE_CURVE('',#9406,(#9411,#9418),.PCURVE_S1.);
#9406 = CIRCLE('',#9407,3.15);
#9407 = AXIS2_PLACEMENT_3D('',#9408,#9409,#9410);
#9408 = CARTESIAN_POINT('',(37.34,-37.34,5.96));
#9409 = DIRECTION('',(-0.,0.,-1.));
#9410 = DIRECTION('',(-4.51138244927E-15,-1.,0.));
#9411 = PCURVE('',#8769,#9412);
#9412 = DEFINITIONAL_REPRESENTATION('',(#9413),#9417);
#9413 = LINE('',#9414,#9415);
#9414 = CARTESIAN_POINT('',(-6.28318530718,-1.21));
#9415 = VECTOR('',#9416,1.);
#9416 = DIRECTION('',(1.,-0.));
#9417 = ( GEOMETRIC_REPRESENTATION_CONTEXT(2) 
PARAMETRIC_REPRESENTATION_CONTEXT() REPRESENTATION_CONTEXT('2D SPACE',''
  ) );
#9418 = PCURVE('',#9419,#9424);
#9419 = PLANE('',#9420);
#9420 = AXIS2_PLACEMENT_3D('',#9421,#9422,#9423);
#9421 = CARTESIAN_POINT('',(0.,1.391457369516E-15,5.96));
#9422 = DIRECTION('',(0.,0.,1.));
#9423 = DIRECTION('',(1.,0.,-0.));
#9424 = DEFINITIONAL_REPRESENTATION('',(#9425),#9433);
#9425 = ( BOUNDED_CURVE() B_SPLINE_CURVE(2,(#9426,#9427,#9428,#9429,
#9430,#9431,#9432),.UNSPECIFIED.,.T.,.F.) B_SPLINE_CURVE_WITH_KNOTS((1,2
    ,2,2,2,1),(-2.094395102393,0.,2.094395102393,4.188790204786,
6.28318530718,8.377580409573),.UNSPECIFIED.) CURVE() 
GEOMETRIC_REPRESENTATION_ITEM() RATIONAL_B_SPLINE_CURVE((1.,0.5,1.,0.5,
1.,0.5,1.)) REPRESENTATION_ITEM('') );
#9426 = CARTESIAN_POINT('',(37.34,-40.49));
#9427 = CARTESIAN_POINT('',(31.884039956158,-40.49));
#9428 = CARTESIAN_POINT('',(34.612019978079,-35.765));
#9429 = CARTESIAN_POINT('',(37.34,-31.04));
#9430 = CARTESIAN_POINT('',(40.067980021921,-35.765));
#9431 = CARTESIAN_POINT('',(42.795960043842,-40.49));
#9432 = CARTESIAN_POINT('',(37.34,-40.49));
#9433 = ( GEOMETRIC_REPRESENTATION_CONTEXT(2) 
PARAMETRIC_REPRESENTATION_CONTEXT() REPRESENTATION_CONTEXT('2D SPACE',''
  ) );
#9434 = ORIENTED_EDGE('',*,*,#9435,.T.);
#9435 = EDGE_CURVE('',#9403,#9145,#9436,.T.);
#9436 = SURFACE_CURVE('',#9437,(#9441,#9448),.PCURVE_S1.);
#9437 = LINE('',#9438,#9439);
#9438 = CARTESIAN_POINT('',(37.34,-40.49,4.75));
#9439 = VECTOR('',#9440,1.);
#9440 = DIRECTION('',(0.,0.,1.));
#9441 = PCURVE('',#8769,#9442);
#9442 = DEFINITIONAL_REPRESENTATION('',(#9443),#9447);
#9443 = LINE('',#9444,#9445);
#9444 = CARTESIAN_POINT('',(-0.,0.));
#9445 = VECTOR('',#9446,1.);
#9446 = DIRECTION('',(-0.,-1.));
#9447 = ( GEOMETRIC_REPRESENTATION_CONTEXT(2) 
PARAMETRIC_REPRESENTATION_CONTEXT() REPRESENTATION_CONTEXT('2D SPACE',''
  ) );
#9448 = PCURVE('',#9160,#9449);
#9449 = DEFINITIONAL_REPRESENTATION('',(#9450),#9454);
#9450 = LINE('',#9451,#9452);
#9451 = CARTESIAN_POINT('',(74.68,0.));
#9452 = VECTOR('',#9453,1.);
#9453 = DIRECTION('',(0.,-1.));
#9454 = ( GEOMETRIC_REPRESENTATION_CONTEXT(2) 
PARAMETRIC_REPRESENTATION_CONTEXT() REPRESENTATION_CONTEXT('2D SPACE',''
  ) );
#9455 = ORIENTED_EDGE('',*,*,#9172,.T.);
#9456 = ORIENTED_EDGE('',*,*,#8707,.T.);
#9457 = ORIENTED_EDGE('',*,*,#9259,.T.);
#9458 = ADVANCED_FACE('',(#9459),#8872,.F.);
#9459 = FACE_BOUND('',#9460,.F.);
#9460 = EDGE_LOOP('',(#9461,#9462,#9463,#9487));
#9461 = ORIENTED_EDGE('',*,*,#8889,.F.);
#9462 = ORIENTED_EDGE('',*,*,#8858,.T.);
#9463 = ORIENTED_EDGE('',*,*,#9464,.T.);
#9464 = EDGE_CURVE('',#8836,#9465,#9467,.T.);
#9465 = VERTEX_POINT('',#9466);
#9466 = CARTESIAN_POINT('',(37.94,38.74,20.045));
#9467 = SURFACE_CURVE('',#9468,(#9473,#9480),.PCURVE_S1.);
#9468 = CIRCLE('',#9469,0.8);
#9469 = AXIS2_PLACEMENT_3D('',#9470,#9471,#9472);
#9470 = CARTESIAN_POINT('',(37.94,37.94,20.045));
#9471 = DIRECTION('',(0.,-0.,1.));
#9472 = DIRECTION('',(1.,-8.881784197001E-15,-0.));
#9473 = PCURVE('',#8872,#9474);
#9474 = DEFINITIONAL_REPRESENTATION('',(#9475),#9479);
#9475 = LINE('',#9476,#9477);
#9476 = CARTESIAN_POINT('',(0.,-1.2));
#9477 = VECTOR('',#9478,1.);
#9478 = DIRECTION('',(1.,0.));
#9479 = ( GEOMETRIC_REPRESENTATION_CONTEXT(2) 
PARAMETRIC_REPRESENTATION_CONTEXT() REPRESENTATION_CONTEXT('2D SPACE',''
  ) );
#9480 = PCURVE('',#9364,#9481);
#9481 = DEFINITIONAL_REPRESENTATION('',(#9482),#9486);
#9482 = LINE('',#9483,#9484);
#9483 = CARTESIAN_POINT('',(0.,-0.));
#9484 = VECTOR('',#9485,1.);
#9485 = DIRECTION('',(-1.,-0.));
#9486 = ( GEOMETRIC_REPRESENTATION_CONTEXT(2) 
PARAMETRIC_REPRESENTATION_CONTEXT() REPRESENTATION_CONTEXT('2D SPACE',''
  ) );
#9487 = ORIENTED_EDGE('',*,*,#9488,.T.);
#9488 = EDGE_CURVE('',#9465,#8890,#9489,.T.);
#9489 = SURFACE_CURVE('',#9490,(#9494,#9501),.PCURVE_S1.);
#9490 = LINE('',#9491,#9492);
#9491 = CARTESIAN_POINT('',(37.94,38.74,21.245));
#9492 = VECTOR('',#9493,1.);
#9493 = DIRECTION('',(0.,-0.,1.));
#9494 = PCURVE('',#8872,#9495);
#9495 = DEFINITIONAL_REPRESENTATION('',(#9496),#9500);
#9496 = LINE('',#9497,#9498);
#9497 = CARTESIAN_POINT('',(1.570796326795,0.));
#9498 = VECTOR('',#9499,1.);
#9499 = DIRECTION('',(0.,1.));
#9500 = ( GEOMETRIC_REPRESENTATION_CONTEXT(2) 
PARAMETRIC_REPRESENTATION_CONTEXT() REPRESENTATION_CONTEXT('2D SPACE',''
  ) );
#9501 = PCURVE('',#9221,#9502);
#9502 = DEFINITIONAL_REPRESENTATION('',(#9503),#9507);
#9503 = LINE('',#9504,#9505);
#9504 = CARTESIAN_POINT('',(3.745844331866E-30,3.75));
#9505 = VECTOR('',#9506,1.);
#9506 = DIRECTION('',(-1.,9.98891821831E-31));
#9507 = ( GEOMETRIC_REPRESENTATION_CONTEXT(2) 
PARAMETRIC_REPRESENTATION_CONTEXT() REPRESENTATION_CONTEXT('2D SPACE',''
  ) );
#9508 = ADVANCED_FACE('',(#9509),#8961,.F.);
#9509 = FACE_BOUND('',#9510,.F.);
#9510 = EDGE_LOOP('',(#9511,#9512,#9513,#9540));
#9511 = ORIENTED_EDGE('',*,*,#8946,.F.);
#9512 = ORIENTED_EDGE('',*,*,#9233,.T.);
#9513 = ORIENTED_EDGE('',*,*,#9514,.T.);
#9514 = EDGE_CURVE('',#9206,#8979,#9515,.T.);
#9515 = SURFACE_CURVE('',#9516,(#9521,#9528),.PCURVE_S1.);
#9516 = CIRCLE('',#9517,0.8);
#9517 = AXIS2_PLACEMENT_3D('',#9518,#9519,#9520);
#9518 = CARTESIAN_POINT('',(-37.94,37.94,21.245));
#9519 = DIRECTION('',(0.,0.,1.));
#9520 = DIRECTION('',(4.440892098501E-15,1.,-0.));
#9521 = PCURVE('',#8961,#9522);
#9522 = DEFINITIONAL_REPRESENTATION('',(#9523),#9527);
#9523 = LINE('',#9524,#9525);
#9524 = CARTESIAN_POINT('',(0.,-0.8));
#9525 = VECTOR('',#9526,1.);
#9526 = DIRECTION('',(1.,0.));
#9527 = ( GEOMETRIC_REPRESENTATION_CONTEXT(2) 
PARAMETRIC_REPRESENTATION_CONTEXT() REPRESENTATION_CONTEXT('2D SPACE',''
  ) );
#9528 = PCURVE('',#9529,#9534);
#9529 = CYLINDRICAL_SURFACE('',#9530,0.8);
#9530 = AXIS2_PLACEMENT_3D('',#9531,#9532,#9533);
#9531 = CARTESIAN_POINT('',(-37.94,37.94,21.245));
#9532 = DIRECTION('',(0.,0.,1.));
#9533 = DIRECTION('',(8.881784197001E-15,1.,-0.));
#9534 = DEFINITIONAL_REPRESENTATION('',(#9535),#9539);
#9535 = LINE('',#9536,#9537);
#9536 = CARTESIAN_POINT('',(0.,-0.));
#9537 = VECTOR('',#9538,1.);
#9538 = DIRECTION('',(1.,0.));
#9539 = ( GEOMETRIC_REPRESENTATION_CONTEXT(2) 
PARAMETRIC_REPRESENTATION_CONTEXT() REPRESENTATION_CONTEXT('2D SPACE',''
  ) );
#9540 = ORIENTED_EDGE('',*,*,#8978,.T.);
#9541 = ADVANCED_FACE('',(#9542),#9015,.F.);
#9542 = FACE_BOUND('',#9543,.F.);
#9543 = EDGE_LOOP('',(#9544,#9545,#9568,#9594));
#9544 = ORIENTED_EDGE('',*,*,#9001,.F.);
#9545 = ORIENTED_EDGE('',*,*,#9546,.F.);
#9546 = EDGE_CURVE('',#9547,#8979,#9549,.T.);
#9547 = VERTEX_POINT('',#9548);
#9548 = CARTESIAN_POINT('',(-38.74,37.94,20.045));
#9549 = SURFACE_CURVE('',#9550,(#9554,#9561),.PCURVE_S1.);
#9550 = LINE('',#9551,#9552);
#9551 = CARTESIAN_POINT('',(-38.74,37.94,21.245));
#9552 = VECTOR('',#9553,1.);
#9553 = DIRECTION('',(0.,0.,1.));
#9554 = PCURVE('',#9015,#9555);
#9555 = DEFINITIONAL_REPRESENTATION('',(#9556),#9560);
#9556 = LINE('',#9557,#9558);
#9557 = CARTESIAN_POINT('',(3.745844331866E-30,3.75));
#9558 = VECTOR('',#9559,1.);
#9559 = DIRECTION('',(-1.,9.98891821831E-31));
#9560 = ( GEOMETRIC_REPRESENTATION_CONTEXT(2) 
PARAMETRIC_REPRESENTATION_CONTEXT() REPRESENTATION_CONTEXT('2D SPACE',''
  ) );
#9561 = PCURVE('',#9529,#9562);
#9562 = DEFINITIONAL_REPRESENTATION('',(#9563),#9567);
#9563 = LINE('',#9564,#9565);
#9564 = CARTESIAN_POINT('',(1.570796326795,0.));
#9565 = VECTOR('',#9566,1.);
#9566 = DIRECTION('',(0.,1.));
#9567 = ( GEOMETRIC_REPRESENTATION_CONTEXT(2) 
PARAMETRIC_REPRESENTATION_CONTEXT() REPRESENTATION_CONTEXT('2D SPACE',''
  ) );
#9568 = ORIENTED_EDGE('',*,*,#9569,.T.);
#9569 = EDGE_CURVE('',#9547,#9033,#9570,.T.);
#9570 = SURFACE_CURVE('',#9571,(#9575,#9582),.PCURVE_S1.);
#9571 = LINE('',#9572,#9573);
#9572 = CARTESIAN_POINT('',(-38.74,41.69,20.045));
#9573 = VECTOR('',#9574,1.);
#9574 = DIRECTION('',(9.977848717208E-61,-1.,9.98891821831E-31));
#9575 = PCURVE('',#9015,#9576);
#9576 = DEFINITIONAL_REPRESENTATION('',(#9577),#9581);
#9577 = LINE('',#9578,#9579);
#9578 = CARTESIAN_POINT('',(1.2,-1.198670186197E-30));
#9579 = VECTOR('',#9580,1.);
#9580 = DIRECTION('',(0.,1.));
#9581 = ( GEOMETRIC_REPRESENTATION_CONTEXT(2) 
PARAMETRIC_REPRESENTATION_CONTEXT() REPRESENTATION_CONTEXT('2D SPACE',''
  ) );
#9582 = PCURVE('',#9583,#9588);
#9583 = PLANE('',#9584);
#9584 = AXIS2_PLACEMENT_3D('',#9585,#9586,#9587);
#9585 = CARTESIAN_POINT('',(-38.74,41.69,20.045));
#9586 = DIRECTION('',(-0.707106781187,0.,0.707106781187));
#9587 = DIRECTION('',(-0.707106781187,1.377876392693E-15,-0.707106781187
    ));
#9588 = DEFINITIONAL_REPRESENTATION('',(#9589),#9593);
#9589 = LINE('',#9590,#9591);
#9590 = CARTESIAN_POINT('',(0.,-0.));
#9591 = VECTOR('',#9592,1.);
#9592 = DIRECTION('',(-1.377876392693E-15,1.));
#9593 = ( GEOMETRIC_REPRESENTATION_CONTEXT(2) 
PARAMETRIC_REPRESENTATION_CONTEXT() REPRESENTATION_CONTEXT('2D SPACE',''
  ) );
#9594 = ORIENTED_EDGE('',*,*,#9032,.F.);
#9595 = ADVANCED_FACE('',(#9596),#9070,.F.);
#9596 = FACE_BOUND('',#9597,.F.);
#9597 = EDGE_LOOP('',(#9598,#9599,#9622,#9712));
#9598 = ORIENTED_EDGE('',*,*,#9055,.F.);
#9599 = ORIENTED_EDGE('',*,*,#9600,.T.);
#9600 = EDGE_CURVE('',#9033,#9601,#9603,.T.);
#9601 = VERTEX_POINT('',#9602);
#9602 = CARTESIAN_POINT('',(-40.43232921921,-37.94,18.352670780787));
#9603 = SURFACE_CURVE('',#9604,(#9608,#9615),.PCURVE_S1.);
#9604 = LINE('',#9605,#9606);
#9605 = CARTESIAN_POINT('',(-38.74,-37.94,20.045));
#9606 = VECTOR('',#9607,1.);
#9607 = DIRECTION('',(-0.707106781187,1.377876392693E-15,-0.707106781187
    ));
#9608 = PCURVE('',#9070,#9609);
#9609 = DEFINITIONAL_REPRESENTATION('',(#9610),#9614);
#9610 = LINE('',#9611,#9612);
#9611 = CARTESIAN_POINT('',(-0.,-0.));
#9612 = VECTOR('',#9613,1.);
#9613 = DIRECTION('',(0.,1.));
#9614 = ( GEOMETRIC_REPRESENTATION_CONTEXT(2) 
PARAMETRIC_REPRESENTATION_CONTEXT() REPRESENTATION_CONTEXT('2D SPACE',''
  ) );
#9615 = PCURVE('',#9583,#9616);
#9616 = DEFINITIONAL_REPRESENTATION('',(#9617),#9621);
#9617 = LINE('',#9618,#9619);
#9618 = CARTESIAN_POINT('',(8.142119411956E-16,79.63));
#9619 = VECTOR('',#9620,1.);
#9620 = DIRECTION('',(1.,-1.972152263053E-31));
#9621 = ( GEOMETRIC_REPRESENTATION_CONTEXT(2) 
PARAMETRIC_REPRESENTATION_CONTEXT() REPRESENTATION_CONTEXT('2D SPACE',''
  ) );
#9622 = ORIENTED_EDGE('',*,*,#9623,.T.);
#9623 = EDGE_CURVE('',#9601,#9088,#9624,.T.);
#9624 = SURFACE_CURVE('',#9625,(#9652,#9682),.PCURVE_S1.);
#9625 = B_SPLINE_CURVE_WITH_KNOTS('',5,(#9626,#9627,#9628,#9629,#9630,
    #9631,#9632,#9633,#9634,#9635,#9636,#9637,#9638,#9639,#9640,#9641,
    #9642,#9643,#9644,#9645,#9646,#9647,#9648,#9649,#9650,#9651),
  .UNSPECIFIED.,.F.,.F.,(6,4,4,4,4,4,6),(0.,0.190950075551,
    0.291343172109,0.500080767507,0.706258467135,0.809214800951,1.),
  .UNSPECIFIED.);
#9626 = CARTESIAN_POINT('',(-40.43232921921,-37.94,18.352670780787));
#9627 = CARTESIAN_POINT('',(-40.40580702654,-38.07669225223,
    18.379192973453));
#9628 = CARTESIAN_POINT('',(-40.37159003274,-38.21264990799,
    18.40403860766));
#9629 = CARTESIAN_POINT('',(-40.32961645468,-38.34733123112,
    18.426973657422));
#9630 = CARTESIAN_POINT('',(-40.27987628122,-38.48012333931,
    18.447743666365));
#9631 = CARTESIAN_POINT('',(-40.19230699468,-38.67882162323,
    18.475772500857));
#9632 = CARTESIAN_POINT('',(-40.16001634101,-38.74658203022,
    18.484767721342));
#9633 = CARTESIAN_POINT('',(-40.12562647901,-38.81353519982,
    18.493065251033));
#9634 = CARTESIAN_POINT('',(-40.08916459285,-38.87957948077,
    18.500633667427));
#9635 = CARTESIAN_POINT('',(-39.97062840225,-39.07982271078,
    18.52160610083));
#9636 = CARTESIAN_POINT('',(-39.88178733098,-39.21066842515,
    18.532495206389));
#9637 = CARTESIAN_POINT('',(-39.78451356572,-39.33617574645,
    18.539856760801));
#9638 = CARTESIAN_POINT('',(-39.67936791312,-39.45542665721,
    18.543533833482));
#9639 = CARTESIAN_POINT('',(-39.45634654864,-39.67840454985,
    18.543522500254));
#9640 = CARTESIAN_POINT('',(-39.3386242643,-39.78232250597,
    18.539923867199));
#9641 = CARTESIAN_POINT('',(-39.21479002869,-39.87856909003,
    18.532730854482));
#9642 = CARTESIAN_POINT('',(-39.08572752064,-39.96660092503,
    18.522092902895));
#9643 = CARTESIAN_POINT('',(-38.8857812815,-40.08573651337,
    18.501343369371));
#9644 = CARTESIAN_POINT('',(-38.81811600514,-40.12327821576,
    18.493634097467));
#9645 = CARTESIAN_POINT('',(-38.74948988864,-40.15864203539,
    18.485156466182));
#9646 = CARTESIAN_POINT('',(-38.68001263507,-40.19179837922,
    18.475944285187));
#9647 = CARTESIAN_POINT('',(-38.47966494643,-40.28004794505,
    18.447671961198));
#9648 = CARTESIAN_POINT('',(-38.34698254688,-40.32972510347,
    18.426914275133));
#9649 = CARTESIAN_POINT('',(-38.21241525175,-40.37164908401,
    18.403995724485));
#9650 = CARTESIAN_POINT('',(-38.07657429178,-40.40582991423,
    18.379170085764));
#9651 = CARTESIAN_POINT('',(-37.94,-40.43232921921,18.352670780787));
#9652 = PCURVE('',#9070,#9653);
#9653 = DEFINITIONAL_REPRESENTATION('',(#9654),#9681);
#9654 = B_SPLINE_CURVE_WITH_KNOTS('',5,(#9655,#9656,#9657,#9658,#9659,
    #9660,#9661,#9662,#9663,#9664,#9665,#9666,#9667,#9668,#9669,#9670,
    #9671,#9672,#9673,#9674,#9675,#9676,#9677,#9678,#9679,#9680),
  .UNSPECIFIED.,.F.,.F.,(6,4,4,4,4,4,6),(0.,0.190950075551,
    0.291343172109,0.500080767507,0.706258467135,0.809214800951,1.),
  .UNSPECIFIED.);
#9655 = CARTESIAN_POINT('',(8.881784197001E-15,1.692329219213));
#9656 = CARTESIAN_POINT('',(-5.48451830441E-02,1.665807026547));
#9657 = CARTESIAN_POINT('',(-0.110854748516,1.64096139234));
#9658 = CARTESIAN_POINT('',(-0.168032306126,1.618026342578));
#9659 = CARTESIAN_POINT('',(-0.226338006292,1.597256333635));
#9660 = CARTESIAN_POINT('',(-0.316852009957,1.569227499143));
#9661 = CARTESIAN_POINT('',(-0.348323348565,1.560232278658));
#9662 = CARTESIAN_POINT('',(-0.380059915808,1.551934748967));
#9663 = CARTESIAN_POINT('',(-0.412040265017,1.544366332573));
#9664 = CARTESIAN_POINT('',(-0.511182556024,1.52339389917));
#9665 = CARTESIAN_POINT('',(-0.579072611825,1.512504793611));
#9666 = CARTESIAN_POINT('',(-0.6476504069,1.505143239199));
#9667 = CARTESIAN_POINT('',(-0.716594202118,1.501466166518));
#9668 = CARTESIAN_POINT('',(-0.853623511398,1.501477499746));
#9669 = CARTESIAN_POINT('',(-0.921720743749,1.505076132801));
#9670 = CARTESIAN_POINT('',(-0.989464776525,1.512269145518));
#9671 = CARTESIAN_POINT('',(-1.056544906582,1.522907097105));
#9672 = CARTESIAN_POINT('',(-1.15575191182,1.543656630629));
#9673 = CARTESIAN_POINT('',(-1.188566319937,1.551365902533));
#9674 = CARTESIAN_POINT('',(-1.221125376398,1.559843533818));
#9675 = CARTESIAN_POINT('',(-1.253405820619,1.569055714813));
#9676 = CARTESIAN_POINT('',(-1.34465958078,1.597328038802));
#9677 = CARTESIAN_POINT('',(-1.402912046939,1.618085724867));
#9678 = CARTESIAN_POINT('',(-1.46003824702,1.641004275515));
#9679 = CARTESIAN_POINT('',(-1.515998473153,1.665829914236));
#9680 = CARTESIAN_POINT('',(-1.570796326795,1.692329219213));
#9681 = ( GEOMETRIC_REPRESENTATION_CONTEXT(2) 
PARAMETRIC_REPRESENTATION_CONTEXT() REPRESENTATION_CONTEXT('2D SPACE',''
  ) );
#9682 = PCURVE('',#9127,#9683);
#9683 = DEFINITIONAL_REPRESENTATION('',(#9684),#9711);
#9684 = B_SPLINE_CURVE_WITH_KNOTS('',5,(#9685,#9686,#9687,#9688,#9689,
    #9690,#9691,#9692,#9693,#9694,#9695,#9696,#9697,#9698,#9699,#9700,
    #9701,#9702,#9703,#9704,#9705,#9706,#9707,#9708,#9709,#9710),
  .UNSPECIFIED.,.F.,.F.,(6,4,4,4,4,4,6),(0.,0.190950075551,
    0.291343172109,0.500080767507,0.706258467135,0.809214800951,1.),
  .UNSPECIFIED.);
#9685 = CARTESIAN_POINT('',(-0.191647194975,-13.60267078078));
#9686 = CARTESIAN_POINT('',(-0.23585084942,-13.62919297345));
#9687 = CARTESIAN_POINT('',(-0.280290915872,-13.65403860766));
#9688 = CARTESIAN_POINT('',(-0.324981904993,-13.67697365742));
#9689 = CARTESIAN_POINT('',(-0.369926019435,-13.69774366636));
#9690 = CARTESIAN_POINT('',(-0.43885906649,-13.72577250085));
#9691 = CARTESIAN_POINT('',(-0.462677502357,-13.73476772134));
#9692 = CARTESIAN_POINT('',(-0.48655818932,-13.74306525103));
#9693 = CARTESIAN_POINT('',(-0.510496820956,-13.75063366742));
#9694 = CARTESIAN_POINT('',(-0.584369079425,-13.77160610083));
#9695 = CARTESIAN_POINT('',(-0.634480995412,-13.78249520638));
#9696 = CARTESIAN_POINT('',(-0.6847564032,-13.7898567608));
#9697 = CARTESIAN_POINT('',(-0.735128201048,-13.79353383348));
#9698 = CARTESIAN_POINT('',(-0.835245375847,-13.79352250025));
#9699 = CARTESIAN_POINT('',(-0.884999054354,-13.78992386719));
#9700 = CARTESIAN_POINT('',(-0.934659834917,-13.78273085448));
#9701 = CARTESIAN_POINT('',(-0.984162640348,-13.77209290289));
#9702 = CARTESIAN_POINT('',(-1.058051000333,-13.75134336937));
#9703 = CARTESIAN_POINT('',(-1.082605011812,-13.74363409746));
#9704 = CARTESIAN_POINT('',(-1.107098291244,-13.73515646618));
#9705 = CARTESIAN_POINT('',(-1.131526154623,-13.72594428518));
#9706 = CARTESIAN_POINT('',(-1.201025448855,-13.69767196119));
#9707 = CARTESIAN_POINT('',(-1.24593012296,-13.67691427513));
#9708 = CARTESIAN_POINT('',(-1.29058211216,-13.65399572448));
#9709 = CARTESIAN_POINT('',(-1.334983623525,-13.62917008576));
#9710 = CARTESIAN_POINT('',(-1.379149131819,-13.60267078078));
#9711 = ( GEOMETRIC_REPRESENTATION_CONTEXT(2) 
PARAMETRIC_REPRESENTATION_CONTEXT() REPRESENTATION_CONTEXT('2D SPACE',''
  ) );
#9712 = ORIENTED_EDGE('',*,*,#9087,.T.);
#9713 = ADVANCED_FACE('',(#9714),#9160,.T.);
#9714 = FACE_BOUND('',#9715,.T.);
#9715 = EDGE_LOOP('',(#9716,#9717,#9740,#9761));
#9716 = ORIENTED_EDGE('',*,*,#9435,.F.);
#9717 = ORIENTED_EDGE('',*,*,#9718,.T.);
#9718 = EDGE_CURVE('',#9403,#9719,#9721,.T.);
#9719 = VERTEX_POINT('',#9720);
#9720 = CARTESIAN_POINT('',(-37.34,-40.49,5.96));
#9721 = SURFACE_CURVE('',#9722,(#9726,#9733),.PCURVE_S1.);
#9722 = LINE('',#9723,#9724);
#9723 = CARTESIAN_POINT('',(-18.67,-40.49,5.96));
#9724 = VECTOR('',#9725,1.);
#9725 = DIRECTION('',(-1.,0.,0.));
#9726 = PCURVE('',#9160,#9727);
#9727 = DEFINITIONAL_REPRESENTATION('',(#9728),#9732);
#9728 = LINE('',#9729,#9730);
#9729 = CARTESIAN_POINT('',(18.67,-1.21));
#9730 = VECTOR('',#9731,1.);
#9731 = DIRECTION('',(-1.,0.));
#9732 = ( GEOMETRIC_REPRESENTATION_CONTEXT(2) 
PARAMETRIC_REPRESENTATION_CONTEXT() REPRESENTATION_CONTEXT('2D SPACE',''
  ) );
#9733 = PCURVE('',#9419,#9734);
#9734 = DEFINITIONAL_REPRESENTATION('',(#9735),#9739);
#9735 = LINE('',#9736,#9737);
#9736 = CARTESIAN_POINT('',(-18.67,-40.49));
#9737 = VECTOR('',#9738,1.);
#9738 = DIRECTION('',(-1.,0.));
#9739 = ( GEOMETRIC_REPRESENTATION_CONTEXT(2) 
PARAMETRIC_REPRESENTATION_CONTEXT() REPRESENTATION_CONTEXT('2D SPACE',''
  ) );
#9740 = ORIENTED_EDGE('',*,*,#9741,.T.);
#9741 = EDGE_CURVE('',#9719,#9111,#9742,.T.);
#9742 = SURFACE_CURVE('',#9743,(#9747,#9754),.PCURVE_S1.);
#9743 = LINE('',#9744,#9745);
#9744 = CARTESIAN_POINT('',(-37.34,-40.49,4.75));
#9745 = VECTOR('',#9746,1.);
#9746 = DIRECTION('',(0.,0.,1.));
#9747 = PCURVE('',#9160,#9748);
#9748 = DEFINITIONAL_REPRESENTATION('',(#9749),#9753);
#9749 = LINE('',#9750,#9751);
#9750 = CARTESIAN_POINT('',(0.,0.));
#9751 = VECTOR('',#9752,1.);
#9752 = DIRECTION('',(0.,-1.));
#9753 = ( GEOMETRIC_REPRESENTATION_CONTEXT(2) 
PARAMETRIC_REPRESENTATION_CONTEXT() REPRESENTATION_CONTEXT('2D SPACE',''
  ) );
#9754 = PCURVE('',#9127,#9755);
#9755 = DEFINITIONAL_REPRESENTATION('',(#9756),#9760);
#9756 = LINE('',#9757,#9758);
#9757 = CARTESIAN_POINT('',(-1.570796326795,0.));
#9758 = VECTOR('',#9759,1.);
#9759 = DIRECTION('',(-0.,-1.));
#9760 = ( GEOMETRIC_REPRESENTATION_CONTEXT(2) 
PARAMETRIC_REPRESENTATION_CONTEXT() REPRESENTATION_CONTEXT('2D SPACE',''
  ) );
#9761 = ORIENTED_EDGE('',*,*,#9144,.T.);
#9762 = ADVANCED_FACE('',(#9763),#9127,.F.);
#9763 = FACE_BOUND('',#9764,.T.);
#9764 = EDGE_LOOP('',(#9765,#9766,#9794,#9822,#9849,#9850));
#9765 = ORIENTED_EDGE('',*,*,#9741,.F.);
#9766 = ORIENTED_EDGE('',*,*,#9767,.T.);
#9767 = EDGE_CURVE('',#9719,#9768,#9770,.T.);
#9768 = VERTEX_POINT('',#9769);
#9769 = CARTESIAN_POINT('',(-40.49,-37.34,5.96));
#9770 = SURFACE_CURVE('',#9771,(#9776,#9783),.PCURVE_S1.);
#9771 = CIRCLE('',#9772,3.15);
#9772 = AXIS2_PLACEMENT_3D('',#9773,#9774,#9775);
#9773 = CARTESIAN_POINT('',(-37.34,-37.34,5.96));
#9774 = DIRECTION('',(-0.,0.,-1.));
#9775 = DIRECTION('',(-1.,4.51138244927E-15,0.));
#9776 = PCURVE('',#9127,#9777);
#9777 = DEFINITIONAL_REPRESENTATION('',(#9778),#9782);
#9778 = LINE('',#9779,#9780);
#9779 = CARTESIAN_POINT('',(-6.28318530718,-1.21));
#9780 = VECTOR('',#9781,1.);
#9781 = DIRECTION('',(1.,-0.));
#9782 = ( GEOMETRIC_REPRESENTATION_CONTEXT(2) 
PARAMETRIC_REPRESENTATION_CONTEXT() REPRESENTATION_CONTEXT('2D SPACE',''
  ) );
#9783 = PCURVE('',#9419,#9784);
#9784 = DEFINITIONAL_REPRESENTATION('',(#9785),#9793);
#9785 = ( BOUNDED_CURVE() B_SPLINE_CURVE(2,(#9786,#9787,#9788,#9789,
#9790,#9791,#9792),.UNSPECIFIED.,.T.,.F.) B_SPLINE_CURVE_WITH_KNOTS((1,2
    ,2,2,2,1),(-2.094395102393,0.,2.094395102393,4.188790204786,
6.28318530718,8.377580409573),.UNSPECIFIED.) CURVE() 
GEOMETRIC_REPRESENTATION_ITEM() RATIONAL_B_SPLINE_CURVE((1.,0.5,1.,0.5,
1.,0.5,1.)) REPRESENTATION_ITEM('') );
#9786 = CARTESIAN_POINT('',(-40.49,-37.34));
#9787 = CARTESIAN_POINT('',(-40.49,-31.88403995615));
#9788 = CARTESIAN_POINT('',(-35.765,-34.61201997807));
#9789 = CARTESIAN_POINT('',(-31.04,-37.34));
#9790 = CARTESIAN_POINT('',(-35.765,-40.06798002192));
#9791 = CARTESIAN_POINT('',(-40.49,-42.79596004384));
#9792 = CARTESIAN_POINT('',(-40.49,-37.34));
#9793 = ( GEOMETRIC_REPRESENTATION_CONTEXT(2) 
PARAMETRIC_REPRESENTATION_CONTEXT() REPRESENTATION_CONTEXT('2D SPACE',''
  ) );
#9794 = ORIENTED_EDGE('',*,*,#9795,.T.);
#9795 = EDGE_CURVE('',#9768,#9796,#9798,.T.);
#9796 = VERTEX_POINT('',#9797);
#9797 = CARTESIAN_POINT('',(-40.49,-37.34,18.295));
#9798 = SURFACE_CURVE('',#9799,(#9803,#9810),.PCURVE_S1.);
#9799 = LINE('',#9800,#9801);
#9800 = CARTESIAN_POINT('',(-40.49,-37.34,4.75));
#9801 = VECTOR('',#9802,1.);
#9802 = DIRECTION('',(0.,0.,1.));
#9803 = PCURVE('',#9127,#9804);
#9804 = DEFINITIONAL_REPRESENTATION('',(#9805),#9809);
#9805 = LINE('',#9806,#9807);
#9806 = CARTESIAN_POINT('',(-0.,0.));
#9807 = VECTOR('',#9808,1.);
#9808 = DIRECTION('',(-0.,-1.));
#9809 = ( GEOMETRIC_REPRESENTATION_CONTEXT(2) 
PARAMETRIC_REPRESENTATION_CONTEXT() REPRESENTATION_CONTEXT('2D SPACE',''
  ) );
#9810 = PCURVE('',#9811,#9816);
#9811 = PLANE('',#9812);
#9812 = AXIS2_PLACEMENT_3D('',#9813,#9814,#9815);
#9813 = CARTESIAN_POINT('',(-40.49,37.34,4.75));
#9814 = DIRECTION('',(1.,0.,-0.));
#9815 = DIRECTION('',(0.,-1.,0.));
#9816 = DEFINITIONAL_REPRESENTATION('',(#9817),#9821);
#9817 = LINE('',#9818,#9819);
#9818 = CARTESIAN_POINT('',(74.68,0.));
#9819 = VECTOR('',#9820,1.);
#9820 = DIRECTION('',(0.,-1.));
#9821 = ( GEOMETRIC_REPRESENTATION_CONTEXT(2) 
PARAMETRIC_REPRESENTATION_CONTEXT() REPRESENTATION_CONTEXT('2D SPACE',''
  ) );
#9822 = ORIENTED_EDGE('',*,*,#9823,.T.);
#9823 = EDGE_CURVE('',#9796,#9601,#9824,.T.);
#9824 = SURFACE_CURVE('',#9825,(#9830,#9842),.PCURVE_S1.);
#9825 = ELLIPSE('',#9826,4.454772721475,3.15);
#9826 = AXIS2_PLACEMENT_3D('',#9827,#9828,#9829);
#9827 = CARTESIAN_POINT('',(-37.34,-37.34,21.445));
#9828 = DIRECTION('',(-0.707106781187,0.,0.707106781187));
#9829 = DIRECTION('',(-0.707106781187,0.,-0.707106781187));
#9830 = PCURVE('',#9127,#9831);
#9831 = DEFINITIONAL_REPRESENTATION('',(#9832),#9841);
#9832 = B_SPLINE_CURVE_WITH_KNOTS('',7,(#9833,#9834,#9835,#9836,#9837,
    #9838,#9839,#9840),.UNSPECIFIED.,.F.,.F.,(8,8),(-4.440892098501E-15,
    1.212377849997),.PIECEWISE_BEZIER_KNOTS.);
#9833 = CARTESIAN_POINT('',(0.,-13.545));
#9834 = CARTESIAN_POINT('',(-0.173196835714,-13.545));
#9835 = CARTESIAN_POINT('',(-0.346393671428,-13.65523996946));
#9836 = CARTESIAN_POINT('',(-0.519590507142,-13.87571607569));
#9837 = CARTESIAN_POINT('',(-0.692787342855,-14.19834176737));
#9838 = CARTESIAN_POINT('',(-0.865984178569,-14.60687060435));
#9839 = CARTESIAN_POINT('',(-1.039181014283,-15.07909942481));
#9840 = CARTESIAN_POINT('',(-1.212377849997,-15.59));
#9841 = ( GEOMETRIC_REPRESENTATION_CONTEXT(2) 
PARAMETRIC_REPRESENTATION_CONTEXT() REPRESENTATION_CONTEXT('2D SPACE',''
  ) );
#9842 = PCURVE('',#9583,#9843);
#9843 = DEFINITIONAL_REPRESENTATION('',(#9844),#9848);
#9844 = ELLIPSE('',#9845,4.454772721475,3.15);
#9845 = AXIS2_PLACEMENT_2D('',#9846,#9847);
#9846 = CARTESIAN_POINT('',(-1.979898987322,79.03));
#9847 = DIRECTION('',(1.,1.377876392693E-15));
#9848 = ( GEOMETRIC_REPRESENTATION_CONTEXT(2) 
PARAMETRIC_REPRESENTATION_CONTEXT() REPRESENTATION_CONTEXT('2D SPACE',''
  ) );
#9849 = ORIENTED_EDGE('',*,*,#9623,.T.);
#9850 = ORIENTED_EDGE('',*,*,#9110,.T.);
#9851 = ADVANCED_FACE('',(#9852),#9221,.F.);
#9852 = FACE_BOUND('',#9853,.F.);
#9853 = EDGE_LOOP('',(#9854,#9855,#9856,#9884));
#9854 = ORIENTED_EDGE('',*,*,#9205,.F.);
#9855 = ORIENTED_EDGE('',*,*,#9488,.F.);
#9856 = ORIENTED_EDGE('',*,*,#9857,.T.);
#9857 = EDGE_CURVE('',#9465,#9858,#9860,.T.);
#9858 = VERTEX_POINT('',#9859);
#9859 = CARTESIAN_POINT('',(-37.94,38.74,20.045));
#9860 = SURFACE_CURVE('',#9861,(#9865,#9872),.PCURVE_S1.);
#9861 = LINE('',#9862,#9863);
#9862 = CARTESIAN_POINT('',(41.69,38.74,20.045));
#9863 = VECTOR('',#9864,1.);
#9864 = DIRECTION('',(-1.,-9.977848717208E-61,9.98891821831E-31));
#9865 = PCURVE('',#9221,#9866);
#9866 = DEFINITIONAL_REPRESENTATION('',(#9867),#9871);
#9867 = LINE('',#9868,#9869);
#9868 = CARTESIAN_POINT('',(1.2,-1.198670186197E-30));
#9869 = VECTOR('',#9870,1.);
#9870 = DIRECTION('',(0.,1.));
#9871 = ( GEOMETRIC_REPRESENTATION_CONTEXT(2) 
PARAMETRIC_REPRESENTATION_CONTEXT() REPRESENTATION_CONTEXT('2D SPACE',''
  ) );
#9872 = PCURVE('',#9873,#9878);
#9873 = PLANE('',#9874);
#9874 = AXIS2_PLACEMENT_3D('',#9875,#9876,#9877);
#9875 = CARTESIAN_POINT('',(41.69,38.74,20.045));
#9876 = DIRECTION('',(0.,0.707106781187,0.707106781187));
#9877 = DIRECTION('',(1.377876392693E-15,0.707106781187,-0.707106781187)
  );
#9878 = DEFINITIONAL_REPRESENTATION('',(#9879),#9883);
#9879 = LINE('',#9880,#9881);
#9880 = CARTESIAN_POINT('',(0.,0.));
#9881 = VECTOR('',#9882,1.);
#9882 = DIRECTION('',(-1.377876392693E-15,1.));
#9883 = ( GEOMETRIC_REPRESENTATION_CONTEXT(2) 
PARAMETRIC_REPRESENTATION_CONTEXT() REPRESENTATION_CONTEXT('2D SPACE',''
  ) );
#9884 = ORIENTED_EDGE('',*,*,#9885,.F.);
#9885 = EDGE_CURVE('',#9206,#9858,#9886,.T.);
#9886 = SURFACE_CURVE('',#9887,(#9891,#9898),.PCURVE_S1.);
#9887 = LINE('',#9888,#9889);
#9888 = CARTESIAN_POINT('',(-37.94,38.74,21.245));
#9889 = VECTOR('',#9890,1.);
#9890 = DIRECTION('',(-9.98891821831E-31,9.98891821831E-31,-1.));
#9891 = PCURVE('',#9221,#9892);
#9892 = DEFINITIONAL_REPRESENTATION('',(#9893),#9897);
#9893 = LINE('',#9894,#9895);
#9894 = CARTESIAN_POINT('',(7.95417557724E-29,79.63));
#9895 = VECTOR('',#9896,1.);
#9896 = DIRECTION('',(1.,0.));
#9897 = ( GEOMETRIC_REPRESENTATION_CONTEXT(2) 
PARAMETRIC_REPRESENTATION_CONTEXT() REPRESENTATION_CONTEXT('2D SPACE',''
  ) );
#9898 = PCURVE('',#9529,#9899);
#9899 = DEFINITIONAL_REPRESENTATION('',(#9900),#9904);
#9900 = LINE('',#9901,#9902);
#9901 = CARTESIAN_POINT('',(0.,0.));
#9902 = VECTOR('',#9903,1.);
#9903 = DIRECTION('',(-0.,-1.));
#9904 = ( GEOMETRIC_REPRESENTATION_CONTEXT(2) 
PARAMETRIC_REPRESENTATION_CONTEXT() REPRESENTATION_CONTEXT('2D SPACE',''
  ) );
#9905 = ADVANCED_FACE('',(#9906),#9364,.F.);
#9906 = FACE_BOUND('',#9907,.F.);
#9907 = EDGE_LOOP('',(#9908,#9909,#9910,#10002));
#9908 = ORIENTED_EDGE('',*,*,#9464,.F.);
#9909 = ORIENTED_EDGE('',*,*,#9350,.T.);
#9910 = ORIENTED_EDGE('',*,*,#9911,.T.);
#9911 = EDGE_CURVE('',#9317,#9912,#9914,.T.);
#9912 = VERTEX_POINT('',#9913);
#9913 = CARTESIAN_POINT('',(37.94,40.432329219213,18.352670780787));
#9914 = SURFACE_CURVE('',#9915,(#9942,#9972),.PCURVE_S1.);
#9915 = B_SPLINE_CURVE_WITH_KNOTS('',5,(#9916,#9917,#9918,#9919,#9920,
    #9921,#9922,#9923,#9924,#9925,#9926,#9927,#9928,#9929,#9930,#9931,
    #9932,#9933,#9934,#9935,#9936,#9937,#9938,#9939,#9940,#9941),
  .UNSPECIFIED.,.F.,.F.,(6,4,4,4,4,4,6),(0.,0.190950075551,
    0.291343172109,0.500080767507,0.706258467135,0.809214800951,1.),
  .UNSPECIFIED.);
#9916 = CARTESIAN_POINT('',(40.432329219213,37.94,18.352670780787));
#9917 = CARTESIAN_POINT('',(40.405807026547,38.076692252234,
    18.379192973453));
#9918 = CARTESIAN_POINT('',(40.371590032745,38.212649907998,
    18.40403860766));
#9919 = CARTESIAN_POINT('',(40.329616454689,38.347331231126,
    18.426973657422));
#9920 = CARTESIAN_POINT('',(40.279876281223,38.480123339312,
    18.447743666365));
#9921 = CARTESIAN_POINT('',(40.192306994689,38.678821623233,
    18.475772500857));
#9922 = CARTESIAN_POINT('',(40.160016341012,38.746582030224,
    18.484767721342));
#9923 = CARTESIAN_POINT('',(40.125626479017,38.813535199822,
    18.493065251033));
#9924 = CARTESIAN_POINT('',(40.089164592851,38.879579480774,
    18.500633667427));
#9925 = CARTESIAN_POINT('',(39.970628402257,39.07982271078,
    18.52160610083));
#9926 = CARTESIAN_POINT('',(39.881787330982,39.210668425157,
    18.532495206389));
#9927 = CARTESIAN_POINT('',(39.784513565726,39.336175746454,
    18.539856760801));
#9928 = CARTESIAN_POINT('',(39.679367913128,39.45542665721,
    18.543533833482));
#9929 = CARTESIAN_POINT('',(39.456346548645,39.678404549853,
    18.543522500254));
#9930 = CARTESIAN_POINT('',(39.338624264303,39.782322505976,
    18.539923867199));
#9931 = CARTESIAN_POINT('',(39.214790028699,39.878569090033,
    18.532730854482));
#9932 = CARTESIAN_POINT('',(39.085727520646,39.966600925033,
    18.522092902895));
#9933 = CARTESIAN_POINT('',(38.8857812815,40.085736513371,
    18.501343369371));
#9934 = CARTESIAN_POINT('',(38.818116005143,40.123278215761,
    18.493634097467));
#9935 = CARTESIAN_POINT('',(38.749489888647,40.158642035393,
    18.485156466182));
#9936 = CARTESIAN_POINT('',(38.680012635079,40.191798379224,
    18.475944285187));
#9937 = CARTESIAN_POINT('',(38.479664946433,40.280047945058,
    18.447671961198));
#9938 = CARTESIAN_POINT('',(38.346982546889,40.329725103473,
    18.426914275133));
#9939 = CARTESIAN_POINT('',(38.21241525175,40.371649084019,
    18.403995724485));
#9940 = CARTESIAN_POINT('',(38.076574291781,40.405829914236,
    18.379170085764));
#9941 = CARTESIAN_POINT('',(37.94,40.432329219213,18.352670780787));
#9942 = PCURVE('',#9364,#9943);
#9943 = DEFINITIONAL_REPRESENTATION('',(#9944),#9971);
#9944 = B_SPLINE_CURVE_WITH_KNOTS('',5,(#9945,#9946,#9947,#9948,#9949,
    #9950,#9951,#9952,#9953,#9954,#9955,#9956,#9957,#9958,#9959,#9960,
    #9961,#9962,#9963,#9964,#9965,#9966,#9967,#9968,#9969,#9970),
  .UNSPECIFIED.,.F.,.F.,(6,4,4,4,4,4,6),(0.,0.190950075551,
    0.291343172109,0.500080767507,0.706258467135,0.809214800951,1.),
  .UNSPECIFIED.);
#9945 = CARTESIAN_POINT('',(8.881784197001E-15,1.692329219213));
#9946 = CARTESIAN_POINT('',(-5.48451830441E-02,1.665807026547));
#9947 = CARTESIAN_POINT('',(-0.110854748516,1.64096139234));
#9948 = CARTESIAN_POINT('',(-0.168032306126,1.618026342578));
#9949 = CARTESIAN_POINT('',(-0.226338006292,1.597256333635));
#9950 = CARTESIAN_POINT('',(-0.316852009957,1.569227499143));
#9951 = CARTESIAN_POINT('',(-0.348323348565,1.560232278658));
#9952 = CARTESIAN_POINT('',(-0.380059915808,1.551934748967));
#9953 = CARTESIAN_POINT('',(-0.412040265017,1.544366332573));
#9954 = CARTESIAN_POINT('',(-0.511182556024,1.52339389917));
#9955 = CARTESIAN_POINT('',(-0.579072611825,1.512504793611));
#9956 = CARTESIAN_POINT('',(-0.6476504069,1.505143239199));
#9957 = CARTESIAN_POINT('',(-0.716594202118,1.501466166518));
#9958 = CARTESIAN_POINT('',(-0.853623511398,1.501477499746));
#9959 = CARTESIAN_POINT('',(-0.921720743749,1.505076132801));
#9960 = CARTESIAN_POINT('',(-0.989464776525,1.512269145518));
#9961 = CARTESIAN_POINT('',(-1.056544906582,1.522907097105));
#9962 = CARTESIAN_POINT('',(-1.15575191182,1.543656630629));
#9963 = CARTESIAN_POINT('',(-1.188566319937,1.551365902533));
#9964 = CARTESIAN_POINT('',(-1.221125376398,1.559843533818));
#9965 = CARTESIAN_POINT('',(-1.253405820619,1.569055714813));
#9966 = CARTESIAN_POINT('',(-1.34465958078,1.597328038802));
#9967 = CARTESIAN_POINT('',(-1.402912046939,1.618085724867));
#9968 = CARTESIAN_POINT('',(-1.46003824702,1.641004275515));
#9969 = CARTESIAN_POINT('',(-1.515998473153,1.665829914236));
#9970 = CARTESIAN_POINT('',(-1.570796326795,1.692329219213));
#9971 = ( GEOMETRIC_REPRESENTATION_CONTEXT(2) 
PARAMETRIC_REPRESENTATION_CONTEXT() REPRESENTATION_CONTEXT('2D SPACE',''
  ) );
#9972 = PCURVE('',#9333,#9973);
#9973 = DEFINITIONAL_REPRESENTATION('',(#9974),#10001);
#9974 = B_SPLINE_CURVE_WITH_KNOTS('',5,(#9975,#9976,#9977,#9978,#9979,
    #9980,#9981,#9982,#9983,#9984,#9985,#9986,#9987,#9988,#9989,#9990,
    #9991,#9992,#9993,#9994,#9995,#9996,#9997,#9998,#9999,#10000),
  .UNSPECIFIED.,.F.,.F.,(6,4,4,4,4,4,6),(0.,0.190950075551,
    0.291343172109,0.500080767507,0.706258467135,0.809214800951,1.),
  .UNSPECIFIED.);
#9975 = CARTESIAN_POINT('',(-0.191647194975,-13.60267078078));
#9976 = CARTESIAN_POINT('',(-0.23585084942,-13.62919297345));
#9977 = CARTESIAN_POINT('',(-0.280290915872,-13.65403860766));
#9978 = CARTESIAN_POINT('',(-0.324981904993,-13.67697365742));
#9979 = CARTESIAN_POINT('',(-0.369926019435,-13.69774366636));
#9980 = CARTESIAN_POINT('',(-0.43885906649,-13.72577250085));
#9981 = CARTESIAN_POINT('',(-0.462677502357,-13.73476772134));
#9982 = CARTESIAN_POINT('',(-0.48655818932,-13.74306525103));
#9983 = CARTESIAN_POINT('',(-0.510496820956,-13.75063366742));
#9984 = CARTESIAN_POINT('',(-0.584369079425,-13.77160610083));
#9985 = CARTESIAN_POINT('',(-0.634480995412,-13.78249520638));
#9986 = CARTESIAN_POINT('',(-0.6847564032,-13.7898567608));
#9987 = CARTESIAN_POINT('',(-0.735128201048,-13.79353383348));
#9988 = CARTESIAN_POINT('',(-0.835245375847,-13.79352250025));
#9989 = CARTESIAN_POINT('',(-0.884999054354,-13.78992386719));
#9990 = CARTESIAN_POINT('',(-0.934659834917,-13.78273085448));
#9991 = CARTESIAN_POINT('',(-0.984162640348,-13.77209290289));
#9992 = CARTESIAN_POINT('',(-1.058051000333,-13.75134336937));
#9993 = CARTESIAN_POINT('',(-1.082605011812,-13.74363409746));
#9994 = CARTESIAN_POINT('',(-1.107098291244,-13.73515646618));
#9995 = CARTESIAN_POINT('',(-1.131526154623,-13.72594428518));
#9996 = CARTESIAN_POINT('',(-1.201025448855,-13.69767196119));
#9997 = CARTESIAN_POINT('',(-1.24593012296,-13.67691427513));
#9998 = CARTESIAN_POINT('',(-1.29058211216,-13.65399572448));
#9999 = CARTESIAN_POINT('',(-1.334983623525,-13.62917008576));
#10000 = CARTESIAN_POINT('',(-1.379149131819,-13.60267078078));
#10001 = ( GEOMETRIC_REPRESENTATION_CONTEXT(2) 
PARAMETRIC_REPRESENTATION_CONTEXT() REPRESENTATION_CONTEXT('2D SPACE',''
  ) );
#10002 = ORIENTED_EDGE('',*,*,#10003,.T.);
#10003 = EDGE_CURVE('',#9912,#9465,#10004,.T.);
#10004 = SURFACE_CURVE('',#10005,(#10009,#10016),.PCURVE_S1.);
#10005 = LINE('',#10006,#10007);
#10006 = CARTESIAN_POINT('',(37.94,38.74,20.045));
#10007 = VECTOR('',#10008,1.);
#10008 = DIRECTION('',(-8.992824817309E-15,-0.707106781187,
    0.707106781187));
#10009 = PCURVE('',#9364,#10010);
#10010 = DEFINITIONAL_REPRESENTATION('',(#10011),#10015);
#10011 = LINE('',#10012,#10013);
#10012 = CARTESIAN_POINT('',(-1.570796326795,-0.));
#10013 = VECTOR('',#10014,1.);
#10014 = DIRECTION('',(-0.,-1.));
#10015 = ( GEOMETRIC_REPRESENTATION_CONTEXT(2) 
PARAMETRIC_REPRESENTATION_CONTEXT() REPRESENTATION_CONTEXT('2D SPACE',''
  ) );
#10016 = PCURVE('',#9873,#10017);
#10017 = DEFINITIONAL_REPRESENTATION('',(#10018),#10022);
#10018 = LINE('',#10019,#10020);
#10019 = CARTESIAN_POINT('',(-5.167036472599E-15,3.75));
#10020 = VECTOR('',#10021,1.);
#10021 = DIRECTION('',(-1.,7.614948424616E-15));
#10022 = ( GEOMETRIC_REPRESENTATION_CONTEXT(2) 
PARAMETRIC_REPRESENTATION_CONTEXT() REPRESENTATION_CONTEXT('2D SPACE',''
  ) );
#10023 = ADVANCED_FACE('',(#10024),#9333,.F.);
#10024 = FACE_BOUND('',#10025,.T.);
#10025 = EDGE_LOOP('',(#10026,#10056,#10084,#10105,#10106,#10107));
#10026 = ORIENTED_EDGE('',*,*,#10027,.F.);
#10027 = EDGE_CURVE('',#10028,#10030,#10032,.T.);
#10028 = VERTEX_POINT('',#10029);
#10029 = CARTESIAN_POINT('',(37.34,40.49,5.96));
#10030 = VERTEX_POINT('',#10031);
#10031 = CARTESIAN_POINT('',(37.34,40.49,18.295));
#10032 = SURFACE_CURVE('',#10033,(#10037,#10044),.PCURVE_S1.);
#10033 = LINE('',#10034,#10035);
#10034 = CARTESIAN_POINT('',(37.34,40.49,4.75));
#10035 = VECTOR('',#10036,1.);
#10036 = DIRECTION('',(0.,0.,1.));
#10037 = PCURVE('',#9333,#10038);
#10038 = DEFINITIONAL_REPRESENTATION('',(#10039),#10043);
#10039 = LINE('',#10040,#10041);
#10040 = CARTESIAN_POINT('',(-1.570796326795,0.));
#10041 = VECTOR('',#10042,1.);
#10042 = DIRECTION('',(-0.,-1.));
#10043 = ( GEOMETRIC_REPRESENTATION_CONTEXT(2) 
PARAMETRIC_REPRESENTATION_CONTEXT() REPRESENTATION_CONTEXT('2D SPACE',''
  ) );
#10044 = PCURVE('',#10045,#10050);
#10045 = PLANE('',#10046);
#10046 = AXIS2_PLACEMENT_3D('',#10047,#10048,#10049);
#10047 = CARTESIAN_POINT('',(37.34,40.49,4.75));
#10048 = DIRECTION('',(0.,-1.,0.));
#10049 = DIRECTION('',(-1.,0.,0.));
#10050 = DEFINITIONAL_REPRESENTATION('',(#10051),#10055);
#10051 = LINE('',#10052,#10053);
#10052 = CARTESIAN_POINT('',(0.,-0.));
#10053 = VECTOR('',#10054,1.);
#10054 = DIRECTION('',(0.,-1.));
#10055 = ( GEOMETRIC_REPRESENTATION_CONTEXT(2) 
PARAMETRIC_REPRESENTATION_CONTEXT() REPRESENTATION_CONTEXT('2D SPACE',''
  ) );
#10056 = ORIENTED_EDGE('',*,*,#10057,.T.);
#10057 = EDGE_CURVE('',#10028,#10058,#10060,.T.);
#10058 = VERTEX_POINT('',#10059);
#10059 = CARTESIAN_POINT('',(40.49,37.34,5.96));
#10060 = SURFACE_CURVE('',#10061,(#10066,#10073),.PCURVE_S1.);
#10061 = CIRCLE('',#10062,3.15);
#10062 = AXIS2_PLACEMENT_3D('',#10063,#10064,#10065);
#10063 = CARTESIAN_POINT('',(37.34,37.34,5.96));
#10064 = DIRECTION('',(-0.,0.,-1.));
#10065 = DIRECTION('',(1.,-4.51138244927E-15,-0.));
#10066 = PCURVE('',#9333,#10067);
#10067 = DEFINITIONAL_REPRESENTATION('',(#10068),#10072);
#10068 = LINE('',#10069,#10070);
#10069 = CARTESIAN_POINT('',(-6.28318530718,-1.21));
#10070 = VECTOR('',#10071,1.);
#10071 = DIRECTION('',(1.,-0.));
#10072 = ( GEOMETRIC_REPRESENTATION_CONTEXT(2) 
PARAMETRIC_REPRESENTATION_CONTEXT() REPRESENTATION_CONTEXT('2D SPACE',''
  ) );
#10073 = PCURVE('',#9419,#10074);
#10074 = DEFINITIONAL_REPRESENTATION('',(#10075),#10083);
#10075 = ( BOUNDED_CURVE() B_SPLINE_CURVE(2,(#10076,#10077,#10078,#10079
    ,#10080,#10081,#10082),.UNSPECIFIED.,.T.,.F.) 
B_SPLINE_CURVE_WITH_KNOTS((1,2,2,2,2,1),(-2.094395102393,0.,
    2.094395102393,4.188790204786,6.28318530718,8.377580409573),
.UNSPECIFIED.) CURVE() GEOMETRIC_REPRESENTATION_ITEM() 
RATIONAL_B_SPLINE_CURVE((1.,0.5,1.,0.5,1.,0.5,1.)) REPRESENTATION_ITEM(
  '') );
#10076 = CARTESIAN_POINT('',(40.49,37.34));
#10077 = CARTESIAN_POINT('',(40.49,31.884039956158));
#10078 = CARTESIAN_POINT('',(35.765,34.612019978079));
#10079 = CARTESIAN_POINT('',(31.04,37.34));
#10080 = CARTESIAN_POINT('',(35.765,40.067980021921));
#10081 = CARTESIAN_POINT('',(40.49,42.795960043842));
#10082 = CARTESIAN_POINT('',(40.49,37.34));
#10083 = ( GEOMETRIC_REPRESENTATION_CONTEXT(2) 
PARAMETRIC_REPRESENTATION_CONTEXT() REPRESENTATION_CONTEXT('2D SPACE',''
  ) );
#10084 = ORIENTED_EDGE('',*,*,#10085,.T.);
#10085 = EDGE_CURVE('',#10058,#9289,#10086,.T.);
#10086 = SURFACE_CURVE('',#10087,(#10091,#10098),.PCURVE_S1.);
#10087 = LINE('',#10088,#10089);
#10088 = CARTESIAN_POINT('',(40.49,37.34,4.75));
#10089 = VECTOR('',#10090,1.);
#10090 = DIRECTION('',(0.,0.,1.));
#10091 = PCURVE('',#9333,#10092);
#10092 = DEFINITIONAL_REPRESENTATION('',(#10093),#10097);
#10093 = LINE('',#10094,#10095);
#10094 = CARTESIAN_POINT('',(-0.,0.));
#10095 = VECTOR('',#10096,1.);
#10096 = DIRECTION('',(-0.,-1.));
#10097 = ( GEOMETRIC_REPRESENTATION_CONTEXT(2) 
PARAMETRIC_REPRESENTATION_CONTEXT() REPRESENTATION_CONTEXT('2D SPACE',''
  ) );
#10098 = PCURVE('',#9304,#10099);
#10099 = DEFINITIONAL_REPRESENTATION('',(#10100),#10104);
#10100 = LINE('',#10101,#10102);
#10101 = CARTESIAN_POINT('',(74.68,0.));
#10102 = VECTOR('',#10103,1.);
#10103 = DIRECTION('',(0.,-1.));
#10104 = ( GEOMETRIC_REPRESENTATION_CONTEXT(2) 
PARAMETRIC_REPRESENTATION_CONTEXT() REPRESENTATION_CONTEXT('2D SPACE',''
  ) );
#10105 = ORIENTED_EDGE('',*,*,#9316,.T.);
#10106 = ORIENTED_EDGE('',*,*,#9911,.T.);
#10107 = ORIENTED_EDGE('',*,*,#10108,.T.);
#10108 = EDGE_CURVE('',#9912,#10030,#10109,.T.);
#10109 = SURFACE_CURVE('',#10110,(#10115,#10127),.PCURVE_S1.);
#10110 = ELLIPSE('',#10111,4.454772721475,3.15);
#10111 = AXIS2_PLACEMENT_3D('',#10112,#10113,#10114);
#10112 = CARTESIAN_POINT('',(37.34,37.34,21.445));
#10113 = DIRECTION('',(0.,0.707106781187,0.707106781187));
#10114 = DIRECTION('',(0.,0.707106781187,-0.707106781187));
#10115 = PCURVE('',#9333,#10116);
#10116 = DEFINITIONAL_REPRESENTATION('',(#10117),#10126);
#10117 = B_SPLINE_CURVE_WITH_KNOTS('',7,(#10118,#10119,#10120,#10121,
    #10122,#10123,#10124,#10125),.UNSPECIFIED.,.F.,.F.,(8,8),(
    5.070807457182,6.28318530718),.PIECEWISE_BEZIER_KNOTS.);
#10118 = CARTESIAN_POINT('',(-0.358418476798,-15.59));
#10119 = CARTESIAN_POINT('',(-0.531615312512,-15.07909942481));
#10120 = CARTESIAN_POINT('',(-0.704812148225,-14.60687060436));
#10121 = CARTESIAN_POINT('',(-0.87800898394,-14.19834176736));
#10122 = CARTESIAN_POINT('',(-1.051205819652,-13.8757160757));
#10123 = CARTESIAN_POINT('',(-1.224402655367,-13.65523996945));
#10124 = CARTESIAN_POINT('',(-1.397599491081,-13.545));
#10125 = CARTESIAN_POINT('',(-1.570796326795,-13.545));
#10126 = ( GEOMETRIC_REPRESENTATION_CONTEXT(2) 
PARAMETRIC_REPRESENTATION_CONTEXT() REPRESENTATION_CONTEXT('2D SPACE',''
  ) );
#10127 = PCURVE('',#9873,#10128);
#10128 = DEFINITIONAL_REPRESENTATION('',(#10129),#10133);
#10129 = ELLIPSE('',#10130,4.454772721475,3.15);
#10130 = AXIS2_PLACEMENT_2D('',#10131,#10132);
#10131 = CARTESIAN_POINT('',(-1.979898987322,4.35));
#10132 = DIRECTION('',(1.,1.377876392693E-15));
#10133 = ( GEOMETRIC_REPRESENTATION_CONTEXT(2) 
PARAMETRIC_REPRESENTATION_CONTEXT() REPRESENTATION_CONTEXT('2D SPACE',''
  ) );
#10134 = ADVANCED_FACE('',(#10135),#9304,.T.);
#10135 = FACE_BOUND('',#10136,.T.);
#10136 = EDGE_LOOP('',(#10137,#10138,#10159,#10160));
#10137 = ORIENTED_EDGE('',*,*,#10085,.F.);
#10138 = ORIENTED_EDGE('',*,*,#10139,.T.);
#10139 = EDGE_CURVE('',#10058,#9380,#10140,.T.);
#10140 = SURFACE_CURVE('',#10141,(#10145,#10152),.PCURVE_S1.);
#10141 = LINE('',#10142,#10143);
#10142 = CARTESIAN_POINT('',(40.49,-18.67,5.96));
#10143 = VECTOR('',#10144,1.);
#10144 = DIRECTION('',(0.,-1.,0.));
#10145 = PCURVE('',#9304,#10146);
#10146 = DEFINITIONAL_REPRESENTATION('',(#10147),#10151);
#10147 = LINE('',#10148,#10149);
#10148 = CARTESIAN_POINT('',(18.67,-1.21));
#10149 = VECTOR('',#10150,1.);
#10150 = DIRECTION('',(-1.,0.));
#10151 = ( GEOMETRIC_REPRESENTATION_CONTEXT(2) 
PARAMETRIC_REPRESENTATION_CONTEXT() REPRESENTATION_CONTEXT('2D SPACE',''
  ) );
#10152 = PCURVE('',#9419,#10153);
#10153 = DEFINITIONAL_REPRESENTATION('',(#10154),#10158);
#10154 = LINE('',#10155,#10156);
#10155 = CARTESIAN_POINT('',(40.49,-18.67));
#10156 = VECTOR('',#10157,1.);
#10157 = DIRECTION('',(0.,-1.));
#10158 = ( GEOMETRIC_REPRESENTATION_CONTEXT(2) 
PARAMETRIC_REPRESENTATION_CONTEXT() REPRESENTATION_CONTEXT('2D SPACE',''
  ) );
#10159 = ORIENTED_EDGE('',*,*,#9379,.T.);
#10160 = ORIENTED_EDGE('',*,*,#9288,.T.);
#10161 = ADVANCED_FACE('',(#10162),#9419,.T.);
#10162 = FACE_BOUND('',#10163,.T.);
#10163 = EDGE_LOOP('',(#10164,#10165,#10166,#10167,#10168,#10191,#10224,
    #10245));
#10164 = ORIENTED_EDGE('',*,*,#9718,.F.);
#10165 = ORIENTED_EDGE('',*,*,#9402,.F.);
#10166 = ORIENTED_EDGE('',*,*,#10139,.F.);
#10167 = ORIENTED_EDGE('',*,*,#10057,.F.);
#10168 = ORIENTED_EDGE('',*,*,#10169,.F.);
#10169 = EDGE_CURVE('',#10170,#10028,#10172,.T.);
#10170 = VERTEX_POINT('',#10171);
#10171 = CARTESIAN_POINT('',(-37.34,40.49,5.96));
#10172 = SURFACE_CURVE('',#10173,(#10177,#10184),.PCURVE_S1.);
#10173 = LINE('',#10174,#10175);
#10174 = CARTESIAN_POINT('',(18.67,40.49,5.96));
#10175 = VECTOR('',#10176,1.);
#10176 = DIRECTION('',(1.,0.,-0.));
#10177 = PCURVE('',#9419,#10178);
#10178 = DEFINITIONAL_REPRESENTATION('',(#10179),#10183);
#10179 = LINE('',#10180,#10181);
#10180 = CARTESIAN_POINT('',(18.67,40.49));
#10181 = VECTOR('',#10182,1.);
#10182 = DIRECTION('',(1.,0.));
#10183 = ( GEOMETRIC_REPRESENTATION_CONTEXT(2) 
PARAMETRIC_REPRESENTATION_CONTEXT() REPRESENTATION_CONTEXT('2D SPACE',''
  ) );
#10184 = PCURVE('',#10045,#10185);
#10185 = DEFINITIONAL_REPRESENTATION('',(#10186),#10190);
#10186 = LINE('',#10187,#10188);
#10187 = CARTESIAN_POINT('',(18.67,-1.21));
#10188 = VECTOR('',#10189,1.);
#10189 = DIRECTION('',(-1.,0.));
#10190 = ( GEOMETRIC_REPRESENTATION_CONTEXT(2) 
PARAMETRIC_REPRESENTATION_CONTEXT() REPRESENTATION_CONTEXT('2D SPACE',''
  ) );
#10191 = ORIENTED_EDGE('',*,*,#10192,.F.);
#10192 = EDGE_CURVE('',#10193,#10170,#10195,.T.);
#10193 = VERTEX_POINT('',#10194);
#10194 = CARTESIAN_POINT('',(-40.49,37.34,5.96));
#10195 = SURFACE_CURVE('',#10196,(#10201,#10212),.PCURVE_S1.);
#10196 = CIRCLE('',#10197,3.15);
#10197 = AXIS2_PLACEMENT_3D('',#10198,#10199,#10200);
#10198 = CARTESIAN_POINT('',(-37.34,37.34,5.96));
#10199 = DIRECTION('',(0.,0.,-1.));
#10200 = DIRECTION('',(4.51138244927E-15,1.,0.));
#10201 = PCURVE('',#9419,#10202);
#10202 = DEFINITIONAL_REPRESENTATION('',(#10203),#10211);
#10203 = ( BOUNDED_CURVE() B_SPLINE_CURVE(2,(#10204,#10205,#10206,#10207
    ,#10208,#10209,#10210),.UNSPECIFIED.,.T.,.F.) 
B_SPLINE_CURVE_WITH_KNOTS((1,2,2,2,2,1),(-2.094395102393,0.,
    2.094395102393,4.188790204786,6.28318530718,8.377580409573),
.UNSPECIFIED.) CURVE() GEOMETRIC_REPRESENTATION_ITEM() 
RATIONAL_B_SPLINE_CURVE((1.,0.5,1.,0.5,1.,0.5,1.)) REPRESENTATION_ITEM(
  '') );
#10204 = CARTESIAN_POINT('',(-37.34,40.49));
#10205 = CARTESIAN_POINT('',(-31.88403995615,40.49));
#10206 = CARTESIAN_POINT('',(-34.61201997807,35.765));
#10207 = CARTESIAN_POINT('',(-37.34,31.04));
#10208 = CARTESIAN_POINT('',(-40.06798002192,35.765));
#10209 = CARTESIAN_POINT('',(-42.79596004384,40.49));
#10210 = CARTESIAN_POINT('',(-37.34,40.49));
#10211 = ( GEOMETRIC_REPRESENTATION_CONTEXT(2) 
PARAMETRIC_REPRESENTATION_CONTEXT() REPRESENTATION_CONTEXT('2D SPACE',''
  ) );
#10212 = PCURVE('',#10213,#10218);
#10213 = CYLINDRICAL_SURFACE('',#10214,3.15);
#10214 = AXIS2_PLACEMENT_3D('',#10215,#10216,#10217);
#10215 = CARTESIAN_POINT('',(-37.34,37.34,4.75));
#10216 = DIRECTION('',(-0.,0.,-1.));
#10217 = DIRECTION('',(4.51138244927E-15,1.,0.));
#10218 = DEFINITIONAL_REPRESENTATION('',(#10219),#10223);
#10219 = LINE('',#10220,#10221);
#10220 = CARTESIAN_POINT('',(-6.28318530718,-1.21));
#10221 = VECTOR('',#10222,1.);
#10222 = DIRECTION('',(1.,-0.));
#10223 = ( GEOMETRIC_REPRESENTATION_CONTEXT(2) 
PARAMETRIC_REPRESENTATION_CONTEXT() REPRESENTATION_CONTEXT('2D SPACE',''
  ) );
#10224 = ORIENTED_EDGE('',*,*,#10225,.F.);
#10225 = EDGE_CURVE('',#9768,#10193,#10226,.T.);
#10226 = SURFACE_CURVE('',#10227,(#10231,#10238),.PCURVE_S1.);
#10227 = LINE('',#10228,#10229);
#10228 = CARTESIAN_POINT('',(-40.49,18.67,5.96));
#10229 = VECTOR('',#10230,1.);
#10230 = DIRECTION('',(-0.,1.,0.));
#10231 = PCURVE('',#9419,#10232);
#10232 = DEFINITIONAL_REPRESENTATION('',(#10233),#10237);
#10233 = LINE('',#10234,#10235);
#10234 = CARTESIAN_POINT('',(-40.49,18.67));
#10235 = VECTOR('',#10236,1.);
#10236 = DIRECTION('',(0.,1.));
#10237 = ( GEOMETRIC_REPRESENTATION_CONTEXT(2) 
PARAMETRIC_REPRESENTATION_CONTEXT() REPRESENTATION_CONTEXT('2D SPACE',''
  ) );
#10238 = PCURVE('',#9811,#10239);
#10239 = DEFINITIONAL_REPRESENTATION('',(#10240),#10244);
#10240 = LINE('',#10241,#10242);
#10241 = CARTESIAN_POINT('',(18.67,-1.21));
#10242 = VECTOR('',#10243,1.);
#10243 = DIRECTION('',(-1.,-0.));
#10244 = ( GEOMETRIC_REPRESENTATION_CONTEXT(2) 
PARAMETRIC_REPRESENTATION_CONTEXT() REPRESENTATION_CONTEXT('2D SPACE',''
  ) );
#10245 = ORIENTED_EDGE('',*,*,#9767,.F.);
#10246 = ADVANCED_FACE('',(#10247),#9529,.F.);
#10247 = FACE_BOUND('',#10248,.F.);
#10248 = EDGE_LOOP('',(#10249,#10250,#10251,#10278));
#10249 = ORIENTED_EDGE('',*,*,#9514,.F.);
#10250 = ORIENTED_EDGE('',*,*,#9885,.T.);
#10251 = ORIENTED_EDGE('',*,*,#10252,.T.);
#10252 = EDGE_CURVE('',#9858,#9547,#10253,.T.);
#10253 = SURFACE_CURVE('',#10254,(#10259,#10266),.PCURVE_S1.);
#10254 = CIRCLE('',#10255,0.8);
#10255 = AXIS2_PLACEMENT_3D('',#10256,#10257,#10258);
#10256 = CARTESIAN_POINT('',(-37.94,37.94,20.045));
#10257 = DIRECTION('',(0.,0.,1.));
#10258 = DIRECTION('',(8.881784197001E-15,1.,-0.));
#10259 = PCURVE('',#9529,#10260);
#10260 = DEFINITIONAL_REPRESENTATION('',(#10261),#10265);
#10261 = LINE('',#10262,#10263);
#10262 = CARTESIAN_POINT('',(0.,-1.2));
#10263 = VECTOR('',#10264,1.);
#10264 = DIRECTION('',(1.,0.));
#10265 = ( GEOMETRIC_REPRESENTATION_CONTEXT(2) 
PARAMETRIC_REPRESENTATION_CONTEXT() REPRESENTATION_CONTEXT('2D SPACE',''
  ) );
#10266 = PCURVE('',#10267,#10272);
#10267 = CONICAL_SURFACE('',#10268,0.8,0.785398163397);
#10268 = AXIS2_PLACEMENT_3D('',#10269,#10270,#10271);
#10269 = CARTESIAN_POINT('',(-37.94,37.94,20.045));
#10270 = DIRECTION('',(-0.,-0.,-1.));
#10271 = DIRECTION('',(8.881784197001E-15,1.,-0.));
#10272 = DEFINITIONAL_REPRESENTATION('',(#10273),#10277);
#10273 = LINE('',#10274,#10275);
#10274 = CARTESIAN_POINT('',(0.,-0.));
#10275 = VECTOR('',#10276,1.);
#10276 = DIRECTION('',(-1.,-0.));
#10277 = ( GEOMETRIC_REPRESENTATION_CONTEXT(2) 
PARAMETRIC_REPRESENTATION_CONTEXT() REPRESENTATION_CONTEXT('2D SPACE',''
  ) );
#10278 = ORIENTED_EDGE('',*,*,#9546,.T.);
#10279 = ADVANCED_FACE('',(#10280),#9583,.F.);
#10280 = FACE_BOUND('',#10281,.F.);
#10281 = EDGE_LOOP('',(#10282,#10283,#10306,#10335,#10356,#10357));
#10282 = ORIENTED_EDGE('',*,*,#9569,.F.);
#10283 = ORIENTED_EDGE('',*,*,#10284,.F.);
#10284 = EDGE_CURVE('',#10285,#9547,#10287,.T.);
#10285 = VERTEX_POINT('',#10286);
#10286 = CARTESIAN_POINT('',(-40.43232921921,37.94,18.352670780787));
#10287 = SURFACE_CURVE('',#10288,(#10292,#10299),.PCURVE_S1.);
#10288 = LINE('',#10289,#10290);
#10289 = CARTESIAN_POINT('',(-38.74,37.94,20.045));
#10290 = VECTOR('',#10291,1.);
#10291 = DIRECTION('',(0.707106781187,-8.992824817309E-15,0.707106781187
    ));
#10292 = PCURVE('',#9583,#10293);
#10293 = DEFINITIONAL_REPRESENTATION('',(#10294),#10298);
#10294 = LINE('',#10295,#10296);
#10295 = CARTESIAN_POINT('',(-5.167036472599E-15,3.75));
#10296 = VECTOR('',#10297,1.);
#10297 = DIRECTION('',(-1.,7.614948424616E-15));
#10298 = ( GEOMETRIC_REPRESENTATION_CONTEXT(2) 
PARAMETRIC_REPRESENTATION_CONTEXT() REPRESENTATION_CONTEXT('2D SPACE',''
  ) );
#10299 = PCURVE('',#10267,#10300);
#10300 = DEFINITIONAL_REPRESENTATION('',(#10301),#10305);
#10301 = LINE('',#10302,#10303);
#10302 = CARTESIAN_POINT('',(-1.570796326795,-0.));
#10303 = VECTOR('',#10304,1.);
#10304 = DIRECTION('',(-0.,-1.));
#10305 = ( GEOMETRIC_REPRESENTATION_CONTEXT(2) 
PARAMETRIC_REPRESENTATION_CONTEXT() REPRESENTATION_CONTEXT('2D SPACE',''
  ) );
#10306 = ORIENTED_EDGE('',*,*,#10307,.T.);
#10307 = EDGE_CURVE('',#10285,#10308,#10310,.T.);
#10308 = VERTEX_POINT('',#10309);
#10309 = CARTESIAN_POINT('',(-40.49,37.34,18.295));
#10310 = SURFACE_CURVE('',#10311,(#10316,#10323),.PCURVE_S1.);
#10311 = ELLIPSE('',#10312,4.454772721475,3.15);
#10312 = AXIS2_PLACEMENT_3D('',#10313,#10314,#10315);
#10313 = CARTESIAN_POINT('',(-37.34,37.34,21.445));
#10314 = DIRECTION('',(-0.707106781187,0.,0.707106781187));
#10315 = DIRECTION('',(-0.707106781187,0.,-0.707106781187));
#10316 = PCURVE('',#9583,#10317);
#10317 = DEFINITIONAL_REPRESENTATION('',(#10318),#10322);
#10318 = ELLIPSE('',#10319,4.454772721475,3.15);
#10319 = AXIS2_PLACEMENT_2D('',#10320,#10321);
#10320 = CARTESIAN_POINT('',(-1.979898987322,4.35));
#10321 = DIRECTION('',(1.,1.377876392693E-15));
#10322 = ( GEOMETRIC_REPRESENTATION_CONTEXT(2) 
PARAMETRIC_REPRESENTATION_CONTEXT() REPRESENTATION_CONTEXT('2D SPACE',''
  ) );
#10323 = PCURVE('',#10213,#10324);
#10324 = DEFINITIONAL_REPRESENTATION('',(#10325),#10334);
#10325 = B_SPLINE_CURVE_WITH_KNOTS('',7,(#10326,#10327,#10328,#10329,
    #10330,#10331,#10332,#10333),.UNSPECIFIED.,.F.,.F.,(8,8),(
    5.070807457182,6.28318530718),.PIECEWISE_BEZIER_KNOTS.);
#10326 = CARTESIAN_POINT('',(-0.358418476798,-15.59));
#10327 = CARTESIAN_POINT('',(-0.531615312512,-15.07909942481));
#10328 = CARTESIAN_POINT('',(-0.704812148225,-14.60687060436));
#10329 = CARTESIAN_POINT('',(-0.878008983939,-14.19834176736));
#10330 = CARTESIAN_POINT('',(-1.051205819653,-13.8757160757));
#10331 = CARTESIAN_POINT('',(-1.224402655367,-13.65523996946));
#10332 = CARTESIAN_POINT('',(-1.397599491081,-13.545));
#10333 = CARTESIAN_POINT('',(-1.570796326795,-13.545));
#10334 = ( GEOMETRIC_REPRESENTATION_CONTEXT(2) 
PARAMETRIC_REPRESENTATION_CONTEXT() REPRESENTATION_CONTEXT('2D SPACE',''
  ) );
#10335 = ORIENTED_EDGE('',*,*,#10336,.T.);
#10336 = EDGE_CURVE('',#10308,#9796,#10337,.T.);
#10337 = SURFACE_CURVE('',#10338,(#10342,#10349),.PCURVE_S1.);
#10338 = LINE('',#10339,#10340);
#10339 = CARTESIAN_POINT('',(-40.49,39.515,18.295));
#10340 = VECTOR('',#10341,1.);
#10341 = DIRECTION('',(0.,-1.,0.));
#10342 = PCURVE('',#9583,#10343);
#10343 = DEFINITIONAL_REPRESENTATION('',(#10344),#10348);
#10344 = LINE('',#10345,#10346);
#10345 = CARTESIAN_POINT('',(2.474873734153,2.175));
#10346 = VECTOR('',#10347,1.);
#10347 = DIRECTION('',(-1.377876392693E-15,1.));
#10348 = ( GEOMETRIC_REPRESENTATION_CONTEXT(2) 
PARAMETRIC_REPRESENTATION_CONTEXT() REPRESENTATION_CONTEXT('2D SPACE',''
  ) );
#10349 = PCURVE('',#9811,#10350);
#10350 = DEFINITIONAL_REPRESENTATION('',(#10351),#10355);
#10351 = LINE('',#10352,#10353);
#10352 = CARTESIAN_POINT('',(-2.175,-13.545));
#10353 = VECTOR('',#10354,1.);
#10354 = DIRECTION('',(1.,0.));
#10355 = ( GEOMETRIC_REPRESENTATION_CONTEXT(2) 
PARAMETRIC_REPRESENTATION_CONTEXT() REPRESENTATION_CONTEXT('2D SPACE',''
  ) );
#10356 = ORIENTED_EDGE('',*,*,#9823,.T.);
#10357 = ORIENTED_EDGE('',*,*,#9600,.F.);
#10358 = ADVANCED_FACE('',(#10359),#9811,.T.);
#10359 = FACE_BOUND('',#10360,.T.);
#10360 = EDGE_LOOP('',(#10361,#10362,#10363,#10384));
#10361 = ORIENTED_EDGE('',*,*,#9795,.F.);
#10362 = ORIENTED_EDGE('',*,*,#10225,.T.);
#10363 = ORIENTED_EDGE('',*,*,#10364,.T.);
#10364 = EDGE_CURVE('',#10193,#10308,#10365,.T.);
#10365 = SURFACE_CURVE('',#10366,(#10370,#10377),.PCURVE_S1.);
#10366 = LINE('',#10367,#10368);
#10367 = CARTESIAN_POINT('',(-40.49,37.34,4.75));
#10368 = VECTOR('',#10369,1.);
#10369 = DIRECTION('',(0.,0.,1.));
#10370 = PCURVE('',#9811,#10371);
#10371 = DEFINITIONAL_REPRESENTATION('',(#10372),#10376);
#10372 = LINE('',#10373,#10374);
#10373 = CARTESIAN_POINT('',(0.,0.));
#10374 = VECTOR('',#10375,1.);
#10375 = DIRECTION('',(0.,-1.));
#10376 = ( GEOMETRIC_REPRESENTATION_CONTEXT(2) 
PARAMETRIC_REPRESENTATION_CONTEXT() REPRESENTATION_CONTEXT('2D SPACE',''
  ) );
#10377 = PCURVE('',#10213,#10378);
#10378 = DEFINITIONAL_REPRESENTATION('',(#10379),#10383);
#10379 = LINE('',#10380,#10381);
#10380 = CARTESIAN_POINT('',(-1.570796326795,0.));
#10381 = VECTOR('',#10382,1.);
#10382 = DIRECTION('',(-0.,-1.));
#10383 = ( GEOMETRIC_REPRESENTATION_CONTEXT(2) 
PARAMETRIC_REPRESENTATION_CONTEXT() REPRESENTATION_CONTEXT('2D SPACE',''
  ) );
#10384 = ORIENTED_EDGE('',*,*,#10336,.T.);
#10385 = ADVANCED_FACE('',(#10386),#9873,.F.);
#10386 = FACE_BOUND('',#10387,.F.);
#10387 = EDGE_LOOP('',(#10388,#10389,#10390,#10391,#10414,#10443));
#10388 = ORIENTED_EDGE('',*,*,#9857,.F.);
#10389 = ORIENTED_EDGE('',*,*,#10003,.F.);
#10390 = ORIENTED_EDGE('',*,*,#10108,.T.);
#10391 = ORIENTED_EDGE('',*,*,#10392,.T.);
#10392 = EDGE_CURVE('',#10030,#10393,#10395,.T.);
#10393 = VERTEX_POINT('',#10394);
#10394 = CARTESIAN_POINT('',(-37.34,40.49,18.295));
#10395 = SURFACE_CURVE('',#10396,(#10400,#10407),.PCURVE_S1.);
#10396 = LINE('',#10397,#10398);
#10397 = CARTESIAN_POINT('',(39.515,40.49,18.295));
#10398 = VECTOR('',#10399,1.);
#10399 = DIRECTION('',(-1.,0.,0.));
#10400 = PCURVE('',#9873,#10401);
#10401 = DEFINITIONAL_REPRESENTATION('',(#10402),#10406);
#10402 = LINE('',#10403,#10404);
#10403 = CARTESIAN_POINT('',(2.474873734153,2.175));
#10404 = VECTOR('',#10405,1.);
#10405 = DIRECTION('',(-1.377876392693E-15,1.));
#10406 = ( GEOMETRIC_REPRESENTATION_CONTEXT(2) 
PARAMETRIC_REPRESENTATION_CONTEXT() REPRESENTATION_CONTEXT('2D SPACE',''
  ) );
#10407 = PCURVE('',#10045,#10408);
#10408 = DEFINITIONAL_REPRESENTATION('',(#10409),#10413);
#10409 = LINE('',#10410,#10411);
#10410 = CARTESIAN_POINT('',(-2.175,-13.545));
#10411 = VECTOR('',#10412,1.);
#10412 = DIRECTION('',(1.,0.));
#10413 = ( GEOMETRIC_REPRESENTATION_CONTEXT(2) 
PARAMETRIC_REPRESENTATION_CONTEXT() REPRESENTATION_CONTEXT('2D SPACE',''
  ) );
#10414 = ORIENTED_EDGE('',*,*,#10415,.T.);
#10415 = EDGE_CURVE('',#10393,#10416,#10418,.T.);
#10416 = VERTEX_POINT('',#10417);
#10417 = CARTESIAN_POINT('',(-37.94,40.432329219213,18.352670780787));
#10418 = SURFACE_CURVE('',#10419,(#10424,#10431),.PCURVE_S1.);
#10419 = ELLIPSE('',#10420,4.454772721475,3.15);
#10420 = AXIS2_PLACEMENT_3D('',#10421,#10422,#10423);
#10421 = CARTESIAN_POINT('',(-37.34,37.34,21.445));
#10422 = DIRECTION('',(0.,0.707106781187,0.707106781187));
#10423 = DIRECTION('',(0.,0.707106781187,-0.707106781187));
#10424 = PCURVE('',#9873,#10425);
#10425 = DEFINITIONAL_REPRESENTATION('',(#10426),#10430);
#10426 = ELLIPSE('',#10427,4.454772721475,3.15);
#10427 = AXIS2_PLACEMENT_2D('',#10428,#10429);
#10428 = CARTESIAN_POINT('',(-1.979898987322,79.03));
#10429 = DIRECTION('',(1.,1.377876392693E-15));
#10430 = ( GEOMETRIC_REPRESENTATION_CONTEXT(2) 
PARAMETRIC_REPRESENTATION_CONTEXT() REPRESENTATION_CONTEXT('2D SPACE',''
  ) );
#10431 = PCURVE('',#10213,#10432);
#10432 = DEFINITIONAL_REPRESENTATION('',(#10433),#10442);
#10433 = B_SPLINE_CURVE_WITH_KNOTS('',7,(#10434,#10435,#10436,#10437,
    #10438,#10439,#10440,#10441),.UNSPECIFIED.,.F.,.F.,(8,8),(
    -4.440892098501E-15,1.212377849997),.PIECEWISE_BEZIER_KNOTS.);
#10434 = CARTESIAN_POINT('',(0.,-13.545));
#10435 = CARTESIAN_POINT('',(-0.173196835714,-13.545));
#10436 = CARTESIAN_POINT('',(-0.346393671428,-13.65523996946));
#10437 = CARTESIAN_POINT('',(-0.519590507142,-13.8757160757));
#10438 = CARTESIAN_POINT('',(-0.692787342855,-14.19834176736));
#10439 = CARTESIAN_POINT('',(-0.86598417857,-14.60687060436));
#10440 = CARTESIAN_POINT('',(-1.039181014283,-15.07909942481));
#10441 = CARTESIAN_POINT('',(-1.212377849997,-15.59));
#10442 = ( GEOMETRIC_REPRESENTATION_CONTEXT(2) 
PARAMETRIC_REPRESENTATION_CONTEXT() REPRESENTATION_CONTEXT('2D SPACE',''
  ) );
#10443 = ORIENTED_EDGE('',*,*,#10444,.F.);
#10444 = EDGE_CURVE('',#9858,#10416,#10445,.T.);
#10445 = SURFACE_CURVE('',#10446,(#10450,#10457),.PCURVE_S1.);
#10446 = LINE('',#10447,#10448);
#10447 = CARTESIAN_POINT('',(-37.94,38.74,20.045));
#10448 = VECTOR('',#10449,1.);
#10449 = DIRECTION('',(1.377876392693E-15,0.707106781187,-0.707106781187
    ));
#10450 = PCURVE('',#9873,#10451);
#10451 = DEFINITIONAL_REPRESENTATION('',(#10452),#10456);
#10452 = LINE('',#10453,#10454);
#10453 = CARTESIAN_POINT('',(8.142119411956E-16,79.63));
#10454 = VECTOR('',#10455,1.);
#10455 = DIRECTION('',(1.,-1.972152263053E-31));
#10456 = ( GEOMETRIC_REPRESENTATION_CONTEXT(2) 
PARAMETRIC_REPRESENTATION_CONTEXT() REPRESENTATION_CONTEXT('2D SPACE',''
  ) );
#10457 = PCURVE('',#10267,#10458);
#10458 = DEFINITIONAL_REPRESENTATION('',(#10459),#10463);
#10459 = LINE('',#10460,#10461);
#10460 = CARTESIAN_POINT('',(-0.,-0.));
#10461 = VECTOR('',#10462,1.);
#10462 = DIRECTION('',(0.,1.));
#10463 = ( GEOMETRIC_REPRESENTATION_CONTEXT(2) 
PARAMETRIC_REPRESENTATION_CONTEXT() REPRESENTATION_CONTEXT('2D SPACE',''
  ) );
#10464 = ADVANCED_FACE('',(#10465),#10045,.T.);
#10465 = FACE_BOUND('',#10466,.T.);
#10466 = EDGE_LOOP('',(#10467,#10488,#10489,#10490));
#10467 = ORIENTED_EDGE('',*,*,#10468,.F.);
#10468 = EDGE_CURVE('',#10170,#10393,#10469,.T.);
#10469 = SURFACE_CURVE('',#10470,(#10474,#10481),.PCURVE_S1.);
#10470 = LINE('',#10471,#10472);
#10471 = CARTESIAN_POINT('',(-37.34,40.49,4.75));
#10472 = VECTOR('',#10473,1.);
#10473 = DIRECTION('',(0.,0.,1.));
#10474 = PCURVE('',#10045,#10475);
#10475 = DEFINITIONAL_REPRESENTATION('',(#10476),#10480);
#10476 = LINE('',#10477,#10478);
#10477 = CARTESIAN_POINT('',(74.68,0.));
#10478 = VECTOR('',#10479,1.);
#10479 = DIRECTION('',(0.,-1.));
#10480 = ( GEOMETRIC_REPRESENTATION_CONTEXT(2) 
PARAMETRIC_REPRESENTATION_CONTEXT() REPRESENTATION_CONTEXT('2D SPACE',''
  ) );
#10481 = PCURVE('',#10213,#10482);
#10482 = DEFINITIONAL_REPRESENTATION('',(#10483),#10487);
#10483 = LINE('',#10484,#10485);
#10484 = CARTESIAN_POINT('',(-0.,0.));
#10485 = VECTOR('',#10486,1.);
#10486 = DIRECTION('',(-0.,-1.));
#10487 = ( GEOMETRIC_REPRESENTATION_CONTEXT(2) 
PARAMETRIC_REPRESENTATION_CONTEXT() REPRESENTATION_CONTEXT('2D SPACE',''
  ) );
#10488 = ORIENTED_EDGE('',*,*,#10169,.T.);
#10489 = ORIENTED_EDGE('',*,*,#10027,.T.);
#10490 = ORIENTED_EDGE('',*,*,#10392,.T.);
#10491 = ADVANCED_FACE('',(#10492),#10213,.F.);
#10492 = FACE_BOUND('',#10493,.T.);
#10493 = EDGE_LOOP('',(#10494,#10495,#10496,#10497,#10498,#10588));
#10494 = ORIENTED_EDGE('',*,*,#10364,.F.);
#10495 = ORIENTED_EDGE('',*,*,#10192,.T.);
#10496 = ORIENTED_EDGE('',*,*,#10468,.T.);
#10497 = ORIENTED_EDGE('',*,*,#10415,.T.);
#10498 = ORIENTED_EDGE('',*,*,#10499,.T.);
#10499 = EDGE_CURVE('',#10416,#10285,#10500,.T.);
#10500 = SURFACE_CURVE('',#10501,(#10528,#10558),.PCURVE_S1.);
#10501 = B_SPLINE_CURVE_WITH_KNOTS('',5,(#10502,#10503,#10504,#10505,
    #10506,#10507,#10508,#10509,#10510,#10511,#10512,#10513,#10514,
    #10515,#10516,#10517,#10518,#10519,#10520,#10521,#10522,#10523,
    #10524,#10525,#10526,#10527),.UNSPECIFIED.,.F.,.F.,(6,4,4,4,4,4,6),(
    0.,0.190950075551,0.291343172109,0.500080767507,0.706258467135,
    0.809214800951,1.),.UNSPECIFIED.);
#10502 = CARTESIAN_POINT('',(-37.94,40.432329219213,18.352670780787));
#10503 = CARTESIAN_POINT('',(-38.07669225223,40.405807026547,
    18.379192973453));
#10504 = CARTESIAN_POINT('',(-38.21264990799,40.371590032745,
    18.40403860766));
#10505 = CARTESIAN_POINT('',(-38.34733123112,40.329616454689,
    18.426973657422));
#10506 = CARTESIAN_POINT('',(-38.48012333931,40.279876281223,
    18.447743666364));
#10507 = CARTESIAN_POINT('',(-38.67882162323,40.192306994689,
    18.475772500857));
#10508 = CARTESIAN_POINT('',(-38.74658203022,40.160016341012,
    18.484767721342));
#10509 = CARTESIAN_POINT('',(-38.81353519982,40.125626479017,
    18.493065251033));
#10510 = CARTESIAN_POINT('',(-38.87957948077,40.089164592851,
    18.500633667427));
#10511 = CARTESIAN_POINT('',(-39.07982271078,39.970628402257,
    18.52160610083));
#10512 = CARTESIAN_POINT('',(-39.21066842515,39.881787330982,
    18.532495206389));
#10513 = CARTESIAN_POINT('',(-39.33617574645,39.784513565726,
    18.539856760801));
#10514 = CARTESIAN_POINT('',(-39.45542665721,39.679367913128,
    18.543533833482));
#10515 = CARTESIAN_POINT('',(-39.67840454985,39.456346548645,
    18.543522500254));
#10516 = CARTESIAN_POINT('',(-39.78232250597,39.338624264303,
    18.539923867199));
#10517 = CARTESIAN_POINT('',(-39.87856909003,39.214790028699,
    18.532730854482));
#10518 = CARTESIAN_POINT('',(-39.96660092503,39.085727520646,
    18.522092902895));
#10519 = CARTESIAN_POINT('',(-40.08573651337,38.8857812815,
    18.501343369371));
#10520 = CARTESIAN_POINT('',(-40.12327821576,38.818116005143,
    18.493634097467));
#10521 = CARTESIAN_POINT('',(-40.15864203539,38.749489888647,
    18.485156466182));
#10522 = CARTESIAN_POINT('',(-40.19179837922,38.680012635079,
    18.475944285187));
#10523 = CARTESIAN_POINT('',(-40.28004794505,38.479664946433,
    18.447671961198));
#10524 = CARTESIAN_POINT('',(-40.32972510347,38.346982546889,
    18.426914275133));
#10525 = CARTESIAN_POINT('',(-40.37164908401,38.21241525175,
    18.403995724485));
#10526 = CARTESIAN_POINT('',(-40.40582991423,38.076574291781,
    18.379170085763));
#10527 = CARTESIAN_POINT('',(-40.43232921921,37.94,18.352670780787));
#10528 = PCURVE('',#10213,#10529);
#10529 = DEFINITIONAL_REPRESENTATION('',(#10530),#10557);
#10530 = B_SPLINE_CURVE_WITH_KNOTS('',5,(#10531,#10532,#10533,#10534,
    #10535,#10536,#10537,#10538,#10539,#10540,#10541,#10542,#10543,
    #10544,#10545,#10546,#10547,#10548,#10549,#10550,#10551,#10552,
    #10553,#10554,#10555,#10556),.UNSPECIFIED.,.F.,.F.,(6,4,4,4,4,4,6),(
    0.,0.190950075551,0.291343172109,0.500080767507,0.706258467135,
    0.809214800951,1.),.UNSPECIFIED.);
#10531 = CARTESIAN_POINT('',(-0.191647194975,-13.60267078078));
#10532 = CARTESIAN_POINT('',(-0.23585084942,-13.62919297345));
#10533 = CARTESIAN_POINT('',(-0.280290915872,-13.65403860766));
#10534 = CARTESIAN_POINT('',(-0.324981904993,-13.67697365742));
#10535 = CARTESIAN_POINT('',(-0.369926019435,-13.69774366636));
#10536 = CARTESIAN_POINT('',(-0.43885906649,-13.72577250085));
#10537 = CARTESIAN_POINT('',(-0.462677502357,-13.73476772134));
#10538 = CARTESIAN_POINT('',(-0.48655818932,-13.74306525103));
#10539 = CARTESIAN_POINT('',(-0.510496820956,-13.75063366742));
#10540 = CARTESIAN_POINT('',(-0.584369079425,-13.77160610083));
#10541 = CARTESIAN_POINT('',(-0.634480995412,-13.78249520638));
#10542 = CARTESIAN_POINT('',(-0.6847564032,-13.7898567608));
#10543 = CARTESIAN_POINT('',(-0.735128201048,-13.79353383348));
#10544 = CARTESIAN_POINT('',(-0.835245375847,-13.79352250025));
#10545 = CARTESIAN_POINT('',(-0.884999054354,-13.78992386719));
#10546 = CARTESIAN_POINT('',(-0.934659834917,-13.78273085448));
#10547 = CARTESIAN_POINT('',(-0.984162640348,-13.77209290289));
#10548 = CARTESIAN_POINT('',(-1.058051000333,-13.75134336937));
#10549 = CARTESIAN_POINT('',(-1.082605011812,-13.74363409746));
#10550 = CARTESIAN_POINT('',(-1.107098291244,-13.73515646618));
#10551 = CARTESIAN_POINT('',(-1.131526154623,-13.72594428518));
#10552 = CARTESIAN_POINT('',(-1.201025448855,-13.69767196119));
#10553 = CARTESIAN_POINT('',(-1.24593012296,-13.67691427513));
#10554 = CARTESIAN_POINT('',(-1.29058211216,-13.65399572448));
#10555 = CARTESIAN_POINT('',(-1.334983623525,-13.62917008576));
#10556 = CARTESIAN_POINT('',(-1.379149131819,-13.60267078078));
#10557 = ( GEOMETRIC_REPRESENTATION_CONTEXT(2) 
PARAMETRIC_REPRESENTATION_CONTEXT() REPRESENTATION_CONTEXT('2D SPACE',''
  ) );
#10558 = PCURVE('',#10267,#10559);
#10559 = DEFINITIONAL_REPRESENTATION('',(#10560),#10587);
#10560 = B_SPLINE_CURVE_WITH_KNOTS('',5,(#10561,#10562,#10563,#10564,
    #10565,#10566,#10567,#10568,#10569,#10570,#10571,#10572,#10573,
    #10574,#10575,#10576,#10577,#10578,#10579,#10580,#10581,#10582,
    #10583,#10584,#10585,#10586),.UNSPECIFIED.,.F.,.F.,(6,4,4,4,4,4,6),(
    0.,0.190950075551,0.291343172109,0.500080767507,0.706258467135,
    0.809214800951,1.),.UNSPECIFIED.);
#10561 = CARTESIAN_POINT('',(8.881784197001E-15,1.692329219213));
#10562 = CARTESIAN_POINT('',(-5.484518304411E-02,1.665807026547));
#10563 = CARTESIAN_POINT('',(-0.110854748516,1.64096139234));
#10564 = CARTESIAN_POINT('',(-0.168032306126,1.618026342578));
#10565 = CARTESIAN_POINT('',(-0.226338006292,1.597256333635));
#10566 = CARTESIAN_POINT('',(-0.316852009957,1.569227499143));
#10567 = CARTESIAN_POINT('',(-0.348323348565,1.560232278658));
#10568 = CARTESIAN_POINT('',(-0.380059915808,1.551934748967));
#10569 = CARTESIAN_POINT('',(-0.412040265017,1.544366332573));
#10570 = CARTESIAN_POINT('',(-0.511182556024,1.52339389917));
#10571 = CARTESIAN_POINT('',(-0.579072611825,1.512504793611));
#10572 = CARTESIAN_POINT('',(-0.6476504069,1.505143239199));
#10573 = CARTESIAN_POINT('',(-0.716594202118,1.501466166518));
#10574 = CARTESIAN_POINT('',(-0.853623511398,1.501477499746));
#10575 = CARTESIAN_POINT('',(-0.921720743749,1.505076132801));
#10576 = CARTESIAN_POINT('',(-0.989464776525,1.512269145518));
#10577 = CARTESIAN_POINT('',(-1.056544906582,1.522907097105));
#10578 = CARTESIAN_POINT('',(-1.15575191182,1.543656630629));
#10579 = CARTESIAN_POINT('',(-1.188566319937,1.551365902533));
#10580 = CARTESIAN_POINT('',(-1.221125376398,1.559843533818));
#10581 = CARTESIAN_POINT('',(-1.253405820619,1.569055714813));
#10582 = CARTESIAN_POINT('',(-1.34465958078,1.597328038802));
#10583 = CARTESIAN_POINT('',(-1.402912046939,1.618085724867));
#10584 = CARTESIAN_POINT('',(-1.46003824702,1.641004275515));
#10585 = CARTESIAN_POINT('',(-1.515998473153,1.665829914237));
#10586 = CARTESIAN_POINT('',(-1.570796326795,1.692329219213));
#10587 = ( GEOMETRIC_REPRESENTATION_CONTEXT(2) 
PARAMETRIC_REPRESENTATION_CONTEXT() REPRESENTATION_CONTEXT('2D SPACE',''
  ) );
#10588 = ORIENTED_EDGE('',*,*,#10307,.T.);
#10589 = ADVANCED_FACE('',(#10590),#10267,.F.);
#10590 = FACE_BOUND('',#10591,.F.);
#10591 = EDGE_LOOP('',(#10592,#10593,#10594,#10595));
#10592 = ORIENTED_EDGE('',*,*,#10252,.F.);
#10593 = ORIENTED_EDGE('',*,*,#10444,.T.);
#10594 = ORIENTED_EDGE('',*,*,#10499,.T.);
#10595 = ORIENTED_EDGE('',*,*,#10284,.T.);
#10596 = ( GEOMETRIC_REPRESENTATION_CONTEXT(3) 
GLOBAL_UNCERTAINTY_ASSIGNED_CONTEXT((#10600)) 
GLOBAL_UNIT_ASSIGNED_CONTEXT((#10597,#10598,#10599)) 
REPRESENTATION_CONTEXT('Context #1',
  '3D Context with UNIT and UNCERTAINTY') );
#10597 = ( LENGTH_UNIT() NAMED_UNIT(*) SI_UNIT(.MILLI.,.METRE.) );
#10598 = ( NAMED_UNIT(*) PLANE_ANGLE_UNIT() SI_UNIT($,.RADIAN.) );
#10599 = ( NAMED_UNIT(*) SI_UNIT($,.STERADIAN.) SOLID_ANGLE_UNIT() );
#10600 = UNCERTAINTY_MEASURE_WITH_UNIT(LENGTH_MEASURE(5.E-06),#10597,
  'distance_accuracy_value','confusion accuracy');
#10601 = PRODUCT_RELATED_PRODUCT_CATEGORY('part',$,(#7));
ENDSEC;
END-ISO-10303-21;
